codprov,depto,coddepto,circuito,mesa,electores,blancos,nulos,0003,0038,0047,0105,0109,0513,0529
07,Rawson,001,0001 ,0001,329,11,6,55,6,13,13,9,8,107
07,Rawson,001,0001 ,0002,329,4,9,45,12,25,9,14,10,110
07,Rawson,001,0001 ,0003,329,9,7,30,11,12,6,14,2,145
07,Rawson,001,0001 ,0004,328,6,5,54,7,16,5,15,9,121
07,Rawson,001,0001 ,0600,303,14,7,48,11,18,9,7,5,129
07,Rawson,001,0001 ,0601,302,8,6,45,11,26,9,14,5,103
07,Rawson,001,0001 ,0602,302,1,10,48,7,18,3,12,2,129
07,Rawson,001,0001 ,0603,302,4,7,35,6,13,6,9,8,138
07,Rawson,001,0002 ,0005,341,6,12,49,13,14,7,16,18,109
07,Rawson,001,0002 ,0006,340,0,0,55,6,18,7,14,7,104
07,Rawson,001,0002 ,0007,340,6,8,55,4,18,8,17,11,113
07,Rawson,001,0002 ,0008,340,3,8,51,8,17,12,14,14,122
07,Rawson,001,0002 ,0009,340,39,0,51,5,15,6,18,10,121
07,Rawson,001,0002 ,0604,308,0,11,61,8,21,10,16,7,117
07,Rawson,001,0002 ,0605,308,7,9,57,10,12,11,15,8,97
07,Rawson,001,0002 ,0606,308,12,1,54,6,19,11,12,7,111
07,Rawson,001,0002 ,0607,307,0,0,0,0,0,0,0,0,0
07,Rawson,001,0002 ,0608,307,7,7,47,3,7,9,17,9,137
07,Rawson,001,0003 ,0010,340,2,15,75,11,13,11,15,3,123
07,Rawson,001,0003 ,0011,340,2,6,64,11,20,13,12,18,128
07,Rawson,001,0003 ,0012,339,9,4,63,10,15,16,11,8,132
07,Rawson,001,0003 ,0013,339,6,10,61,8,14,9,9,11,144
07,Rawson,001,0003 ,0014,339,1,7,50,8,19,8,19,11,126
07,Rawson,001,0003 ,0015,339,13,13,52,14,19,10,16,7,120
07,Rawson,001,0003 ,0016,339,10,8,55,8,12,12,11,13,129
07,Rawson,001,0003 ,0017,339,6,12,58,4,7,9,15,18,122
07,Rawson,001,0003 ,0018,339,13,8,55,7,20,9,18,11,116
07,Rawson,001,0003 ,0019,339,11,13,54,10,9,9,12,24,131
07,Rawson,001,0003 ,0020,339,6,5,40,14,15,10,24,11,135
07,Rawson,001,0003 ,0021,339,2,8,54,10,20,7,11,4,138
07,Rawson,001,0003 ,0022,339,7,6,58,5,18,6,22,8,137
07,Rawson,001,0003 ,0023,339,4,10,75,7,13,4,19,11,124
07,Rawson,001,0003 ,0024,339,2,10,54,12,18,9,15,12,139
07,Rawson,001,0003 ,0025,339,5,1,52,13,17,12,12,12,129
07,Rawson,001,0003 ,0609,353,7,9,58,9,19,6,14,12,149
07,Rawson,001,0003 ,0610,353,8,10,61,7,27,6,15,14,144
07,Rawson,001,0003 ,0611,353,7,7,64,3,23,3,15,14,153
07,Rawson,001,0003 ,0612,353,3,17,70,8,15,8,18,7,148
07,Rawson,001,0003 ,0613,353,2,0,70,4,20,8,21,5,152
07,Rawson,001,0003 ,0614,353,5,16,78,4,17,9,17,9,127
07,Rawson,001,0003 ,0615,353,11,11,54,5,15,7,18,10,153
07,Rawson,001,0003 ,0616,352,7,0,56,6,19,13,24,6,129
07,Rawson,001,0003 ,0617,352,7,11,66,9,22,8,15,13,134
07,Rawson,001,0003 ,0618,352,9,7,67,4,21,7,19,4,159
07,Rawson,001,0003 ,0619,352,7,15,72,7,18,5,16,16,133
07,Rawson,001,0003 ,0620,352,3,3,72,7,18,9,22,4,151
07,Rawson,001,0003 ,0621,352,9,12,67,7,14,11,17,11,147
07,Rawson,001,0003 ,0622,352,5,19,57,0,19,13,17,16,136
07,Rawson,001,0003 ,0623,352,4,26,58,6,16,5,16,6,139
07,Rawson,001,0003 ,0624,352,2,11,71,7,19,9,28,9,138
07,Rawson,001,0004 ,0026,253,8,9,37,10,14,6,11,7,103
07,Rawson,001,0004 ,0027,253,4,8,41,14,10,12,13,7,82
07,Rawson,001,0004 ,0028,253,7,0,46,3,11,6,13,10,90
07,Rawson,001,0004 ,0625,251,2,8,36,6,13,10,11,1,104
07,Rawson,001,0004 ,0626,251,6,5,41,12,17,6,7,3,106
07,Rawson,001,0004 ,0627,250,1,11,39,6,17,9,12,7,102
07,Rawson,001,0005 ,0029,343,11,0,53,14,24,11,18,11,110
07,Rawson,001,0005 ,0030,342,9,10,55,6,25,8,18,9,105
07,Rawson,001,0005 ,0031,342,3,1,75,11,19,16,12,10,100
07,Rawson,001,0005 ,0032,342,8,5,60,8,22,16,10,11,100
07,Rawson,001,0005 ,0033,342,3,10,68,8,18,15,18,14,117
07,Rawson,001,0005 ,0628,301,7,3,76,10,22,12,16,7,91
07,Rawson,001,0005 ,0629,301,8,1,54,9,21,14,15,8,95
07,Rawson,001,0005 ,0630,300,3,13,53,8,24,9,18,7,84
07,Rawson,001,0005 ,0631,300,1,7,52,8,24,12,15,4,107
07,Rawson,001,0005 ,0632,300,5,11,53,7,30,8,14,5,99
07,Rawson,001,0005 ,0633,300,12,7,56,8,22,7,18,9,103
07,Rawson,001,0006 ,0034,332,7,12,28,4,8,4,23,7,168
07,Rawson,001,0006 ,0035,332,8,10,30,4,12,7,13,11,155
07,Rawson,001,0006 ,0036,332,10,8,30,9,17,10,7,14,155
07,Rawson,001,0006 ,0037,332,4,4,31,13,12,16,14,8,158
07,Rawson,001,0006 ,0038,331,6,14,41,12,13,7,10,9,155
07,Rawson,001,0006 ,0634,356,4,11,37,4,19,11,21,8,184
07,Rawson,001,0006 ,0635,355,4,9,40,3,16,10,15,11,186
07,Rawson,001,0006 ,0636,355,8,24,30,6,15,15,14,8,169
07,Rawson,001,0006 ,0637,355,6,6,49,8,16,9,11,10,192
07,Rawson,001,0006 ,0638,355,5,13,36,11,13,15,13,11,171
07,Rawson,001,0007 ,0039,342,13,6,38,11,11,10,14,7,142
07,Rawson,001,0007 ,0040,342,7,11,25,11,13,13,11,13,143
07,Rawson,001,0007 ,0041,341,14,6,28,4,0,14,14,0,158
07,Rawson,001,0007 ,0042,341,16,7,29,9,15,9,13,9,146
07,Rawson,001,0007 ,0043,341,2,5,27,10,12,6,15,8,179
07,Rawson,001,0007 ,0639,303,11,6,24,9,16,8,16,8,147
07,Rawson,001,0007 ,0640,303,7,7,26,3,17,8,16,5,160
07,Rawson,001,0007 ,0641,303,8,7,29,5,19,11,13,5,143
07,Rawson,001,0007 ,0642,302,12,8,27,8,16,3,11,5,156
07,Rawson,001,0007 ,0643,302,7,9,25,9,8,5,11,7,155
07,Rawson,001,0007 ,0644,302,3,20,37,4,15,8,14,9,141
07,Rawson,001,0008 ,0044,305,6,3,28,12,8,7,12,9,153
07,Rawson,001,0008 ,0045,305,18,6,29,7,11,13,14,7,146
07,Rawson,001,0008 ,0046,305,8,7,26,4,15,11,16,4,160
07,Rawson,001,0008 ,0047,305,0,0,33,8,5,6,6,8,154
07,Rawson,001,0008 ,0048,305,7,4,24,6,15,7,9,2,169
07,Rawson,001,0008 ,0645,302,2,15,42,6,18,6,13,6,158
07,Rawson,001,0008 ,0646,302,8,8,36,12,14,10,11,10,141
07,Rawson,001,0008 ,0647,302,3,14,36,5,25,17,11,2,149
07,Rawson,001,0008 ,0648,301,9,9,29,4,24,14,16,6,160
07,Rawson,001,0008 ,0649,301,6,3,39,6,14,13,12,7,172
07,Rawson,001,0009 ,0049,344,13,9,25,3,15,8,9,7,176
07,Rawson,001,0009 ,0050,343,4,11,35,5,15,11,15,9,167
07,Rawson,001,0009 ,0051,343,11,7,27,7,18,17,15,15,166
07,Rawson,001,0009 ,0052,343,6,9,27,6,13,4,10,6,205
07,Rawson,001,0009 ,0053,343,4,12,26,8,20,8,14,2,175
07,Rawson,001,0009 ,0054,343,11,4,39,4,19,14,7,11,150
07,Rawson,001,0009 ,0055,343,7,12,37,7,13,10,13,8,171
07,Rawson,001,0009 ,0056,343,6,13,38,4,14,10,11,14,164
07,Rawson,001,0009 ,0057,343,8,12,25,4,13,7,9,7,179
07,Rawson,001,0009 ,0058,343,0,12,28,9,11,10,14,6,183
07,Rawson,001,0009 ,0059,343,5,6,23,6,20,5,6,7,182
07,Rawson,001,0009 ,0060,343,6,12,31,7,13,9,12,12,163
07,Rawson,001,0009 ,0061,343,1,4,31,10,13,4,11,6,180
07,Rawson,001,0009 ,0062,343,6,3,32,8,9,13,19,13,159
07,Rawson,001,0009 ,0063,343,3,10,27,9,18,5,13,13,177
07,Rawson,001,0009 ,0064,343,8,7,25,11,10,10,15,7,153
07,Rawson,001,0009 ,0065,343,14,5,33,5,22,11,18,8,174
07,Rawson,001,0009 ,0650,355,5,14,40,7,14,5,18,11,195
07,Rawson,001,0009 ,0651,355,9,3,34,8,31,6,11,5,183
07,Rawson,001,0009 ,0652,355,11,9,35,4,17,8,12,10,178
07,Rawson,001,0009 ,0653,354,9,17,32,9,13,7,14,8,191
07,Rawson,001,0009 ,0654,354,5,9,36,9,17,11,11,11,196
07,Rawson,001,0009 ,0655,354,6,12,32,9,28,9,13,5,186
07,Rawson,001,0009 ,0656,354,8,4,39,9,20,13,11,6,192
07,Rawson,001,0009 ,0657,354,2,9,42,4,17,10,10,8,204
07,Rawson,001,0009 ,0658,354,0,0,0,0,0,0,0,0,0
07,Rawson,001,0009 ,0659,354,3,10,36,4,14,6,2,10,202
07,Rawson,001,0009 ,0660,354,0,12,29,8,22,13,13,10,188
07,Rawson,001,0009 ,0661,354,3,19,3,6,15,14,11,13,181
07,Rawson,001,0009 ,0662,354,8,11,46,7,12,11,11,6,180
07,Rawson,001,0009 ,0663,354,6,16,46,5,26,10,15,8,179
07,Rawson,001,0009 ,0664,354,2,9,42,6,12,7,17,8,195
07,Rawson,001,0009 ,0665,354,5,11,32,6,18,13,12,12,199
07,Rawson,001,0009 ,0666,354,7,9,41,3,22,10,13,7,195
07,Rawson,001,0010 ,0066,320,3,8,34,15,24,16,10,7,147
07,Rawson,001,0010 ,0067,320,6,7,22,4,12,9,14,9,158
07,Rawson,001,0010 ,0068,320,0,12,33,8,17,13,15,5,153
07,Rawson,001,0010 ,0069,320,4,10,38,12,21,14,12,6,150
07,Rawson,001,0010 ,0070,320,0,0,13,8,20,17,8,4,132
07,Rawson,001,0010 ,0071,320,8,4,33,11,23,14,9,10,146
07,Rawson,001,0010 ,0072,320,11,11,22,12,23,11,13,11,140
07,Rawson,001,0010 ,0667,312,11,9,41,5,14,9,19,6,151
07,Rawson,001,0010 ,0668,312,10,9,35,7,26,11,9,9,150
07,Rawson,001,0010 ,0669,311,9,10,27,7,8,9,12,8,173
07,Rawson,001,0010 ,0670,311,11,10,38,12,16,12,13,8,138
07,Rawson,001,0010 ,0671,311,11,8,28,3,15,10,10,7,169
07,Rawson,001,0010 ,0672,311,6,9,28,7,27,15,6,8,152
07,Rawson,001,0010 ,0673,311,6,10,40,4,17,7,13,8,156
07,Rawson,001,0011 ,0073,314,3,4,46,14,17,11,12,10,138
07,Rawson,001,0011 ,0074,314,9,14,27,9,26,13,15,9,120
07,Rawson,001,0011 ,0075,314,7,2,42,8,16,13,12,8,148
07,Rawson,001,0011 ,0076,314,6,6,34,12,16,8,13,11,131
07,Rawson,001,0011 ,0077,313,10,9,50,4,12,12,11,5,119
07,Rawson,001,0011 ,0078,313,13,2,29,6,16,14,15,3,148
07,Rawson,001,0011 ,0674,334,5,6,52,10,19,10,22,6,148
07,Rawson,001,0011 ,0675,334,1,9,36,9,23,8,14,8,160
07,Rawson,001,0011 ,0676,333,4,7,44,4,22,15,14,8,145
07,Rawson,001,0011 ,0677,333,6,4,37,6,18,6,11,6,161
07,Rawson,001,0011 ,0678,333,6,8,47,5,21,8,18,6,137
07,Rawson,001,0011 ,0679,333,10,10,46,6,25,9,20,7,134
07,Rawson,001,0012 ,0079,342,0,6,55,7,20,10,19,2,108
07,Rawson,001,0012 ,0080,342,9,6,55,5,12,12,13,6,120
07,Rawson,001,0012 ,0081,342,6,4,51,4,29,14,14,11,103
07,Rawson,001,0012 ,0082,342,26,2,51,5,21,20,20,5,114
07,Rawson,001,0012 ,0083,342,7,5,51,8,29,10,17,5,116
07,Rawson,001,0012 ,0084,341,7,7,55,8,28,7,17,8,128
07,Rawson,001,0012 ,0680,334,6,4,53,9,29,7,19,2,113
07,Rawson,001,0012 ,0681,334,11,5,47,7,24,9,20,11,100
07,Rawson,001,0012 ,0682,334,6,5,43,3,36,9,16,3,114
07,Rawson,001,0012 ,0683,334,0,0,52,7,38,6,16,6,115
07,Rawson,001,0012 ,0684,334,6,4,54,5,30,10,19,5,126
07,Rawson,001,0012 ,0685,333,7,3,75,7,30,16,12,11,87
07,Rawson,001,0012 ,0686,333,2,11,53,4,36,9,23,5,95
07,Rawson,001,0013 ,0085,330,7,4,58,4,34,14,14,5,109
07,Rawson,001,0013 ,0086,330,10,1,56,8,37,8,12,4,93
07,Rawson,001,0013 ,0087,329,12,0,63,5,24,8,16,0,95
07,Rawson,001,0013 ,0687,302,8,3,58,2,28,8,16,7,91
07,Rawson,001,0013 ,0688,302,1,5,57,5,34,6,16,8,72
07,Rawson,001,0013 ,0689,301,0,0,53,6,17,5,15,1,88
07,Rawson,001,0013 ,0690,301,1,3,50,2,28,11,16,9,75
07,Rawson,001,0014 ,0088,323,4,9,37,6,17,12,14,9,116
07,Rawson,001,0014 ,0089,322,10,3,41,6,21,9,7,4,118
07,Rawson,001,0014 ,0090,322,5,2,50,8,17,10,17,4,106
07,Rawson,001,0014 ,0091,322,3,7,30,5,19,16,19,10,117
07,Rawson,001,0014 ,0092,322,4,6,52,7,20,10,14,4,109
07,Rawson,001,0014 ,0691,351,4,9,54,6,33,10,13,9,124
07,Rawson,001,0014 ,0692,351,19,5,65,3,21,12,12,5,110
07,Rawson,001,0014 ,0693,351,6,5,48,10,25,12,13,10,137
07,Rawson,001,0014 ,0694,351,7,6,68,6,26,8,15,5,121
07,Rawson,001,0014 ,0695,350,12,9,48,9,27,15,23,8,112
07,Rawson,001,0015 ,0093,353,7,12,42,11,26,16,26,11,147
07,Rawson,001,0015 ,0094,353,6,12,32,10,14,11,11,12,166
07,Rawson,001,0015 ,0696,258,7,14,29,5,16,7,11,5,121
07,Rawson,001,0015 ,0697,258,3,6,25,10,19,10,13,8,120
07,Rawson,001,0015 ,0698,257,5,9,26,5,18,10,18,4,114
07,Rawson,001,0016 ,0095,319,6,8,44,9,19,13,10,12,124
07,Rawson,001,0016 ,0096,319,11,10,37,6,24,14,22,2,115
07,Rawson,001,0016 ,0097,319,2,4,54,15,15,14,18,8,112
07,Rawson,001,0016 ,0098,319,7,5,40,7,15,17,15,6,122
07,Rawson,001,0016 ,0099,319,2,4,33,9,22,12,20,11,138
07,Rawson,001,0016 ,0100,319,4,8,55,7,21,8,18,7,119
07,Rawson,001,0016 ,0101,319,3,11,59,6,15,11,12,12,130
07,Rawson,001,0016 ,0699,341,9,7,49,9,29,11,21,3,144
07,Rawson,001,0016 ,0700,341,4,11,51,6,28,23,20,8,130
07,Rawson,001,0016 ,0701,341,4,9,50,4,30,17,13,3,127
07,Rawson,001,0016 ,0702,341,2,10,49,3,33,9,25,9,132
07,Rawson,001,0016 ,0703,341,3,7,45,15,28,14,32,15,123
07,Rawson,001,0016 ,0704,341,12,10,48,3,25,8,14,5,150
07,Rawson,001,0016 ,0705,341,8,12,47,7,33,12,13,4,133
07,Rawson,001,0017 ,0102,309,4,8,50,5,28,13,19,9,86
07,Rawson,001,0017 ,0103,308,2,6,65,6,23,9,15,6,83
07,Rawson,001,0017 ,0104,308,3,5,55,7,30,12,20,6,74
07,Rawson,001,0017 ,0105,308,6,4,50,7,25,11,18,1,89
07,Rawson,001,0017 ,0706,347,9,5,61,6,36,11,18,4,100
07,Rawson,001,0017 ,0707,346,4,7,61,1,39,11,17,4,100
07,Rawson,001,0017 ,0708,346,11,5,57,6,41,10,22,4,97
07,Rawson,001,0017 ,0709,346,9,4,73,3,35,12,15,5,103
07,Rawson,001,0018 ,0106,322,5,4,50,6,19,13,22,8,115
07,Rawson,001,0018 ,0107,322,15,4,50,3,21,12,11,7,120
07,Rawson,001,0018 ,0108,322,1,10,42,3,18,13,21,8,114
07,Rawson,001,0018 ,0109,322,5,8,52,7,22,12,14,6,109
07,Rawson,001,0018 ,0110,321,9,12,51,0,23,10,18,13,108
07,Rawson,001,0018 ,0111,321,3,14,67,4,36,8,21,6,81
07,Rawson,001,0018 ,0710,315,8,11,46,5,31,12,20,7,98
07,Rawson,001,0018 ,0711,314,6,6,48,6,24,13,20,6,98
07,Rawson,001,0018 ,0712,314,18,4,59,3,33,15,18,5,95
07,Rawson,001,0018 ,0713,314,2,8,48,4,28,12,15,7,112
07,Rawson,001,0018 ,0714,314,11,9,47,3,29,14,15,7,118
07,Rawson,001,0018 ,0715,314,5,0,50,3,26,15,14,7,94
07,Rawson,001,0018 ,0716,314,3,6,55,3,31,7,18,6,89
07,Rawson,001,0019 ,0112,318,6,9,35,9,28,17,28,8,113
07,Rawson,001,0019 ,0113,318,5,4,40,9,22,15,16,10,134
07,Rawson,001,0019 ,0114,317,5,4,45,11,19,5,10,10,117
07,Rawson,001,0019 ,0717,273,4,6,37,10,27,14,18,7,97
07,Rawson,001,0019 ,0718,273,8,8,45,4,24,11,13,7,98
07,Rawson,001,0019 ,0719,273,7,11,37,2,30,10,11,5,98
07,Rawson,001,0019 ,0720,273,1,5,44,5,31,9,16,4,110
07,Rawson,001,0020 ,0115,331,7,6,65,5,25,12,15,11,112
07,Rawson,001,0020 ,0116,331,3,0,61,5,25,14,19,9,123
07,Rawson,001,0020 ,0117,331,5,5,49,9,24,11,14,10,115
07,Rawson,001,0020 ,0118,331,13,0,55,7,32,11,25,10,106
07,Rawson,001,0020 ,0119,331,4,2,61,6,30,12,14,10,111
07,Rawson,001,0020 ,0721,359,8,11,62,8,57,14,16,5,102
07,Rawson,001,0020 ,0722,359,3,10,65,7,43,7,15,7,120
07,Rawson,001,0020 ,0723,359,6,5,73,9,38,9,31,2,108
07,Rawson,001,0020 ,0724,358,2,7,72,6,40,11,17,3,113
07,Rawson,001,0020 ,0725,358,3,8,68,2,47,10,26,5,116
07,Rawson,001,0021 ,0120,322,6,5,50,6,29,10,19,6,128
07,Rawson,001,0021 ,0121,322,3,10,45,7,26,16,13,15,125
07,Rawson,001,0021 ,0122,322,4,0,54,6,17,10,17,6,132
07,Rawson,001,0021 ,0123,322,1,10,39,9,23,12,21,4,139
07,Rawson,001,0021 ,0726,359,7,9,55,6,26,8,21,6,148
07,Rawson,001,0021 ,0727,359,7,6,74,7,33,12,23,3,125
07,Rawson,001,0021 ,0728,358,7,8,56,6,43,11,18,7,137
07,Rawson,001,0021 ,0729,358,3,11,48,7,32,7,13,13,152
07,Rawson,001,0022 ,0124,157,8,0,23,5,9,6,9,5,51
07,Rawson,001,0022 ,0730,135,6,1,18,2,14,7,5,3,48
07,Rawson,001,0023 ,0125,338,15,5,22,11,12,11,8,15,167
07,Rawson,001,0023 ,0126,338,10,8,34,15,14,12,9,4,178
07,Rawson,001,0023 ,0127,338,9,5,16,8,11,10,10,8,196
07,Rawson,001,0023 ,0128,338,2,12,29,7,19,11,7,11,173
07,Rawson,001,0023 ,0129,338,9,5,22,5,8,13,8,7,183
07,Rawson,001,0023 ,0130,338,16,3,28,11,12,9,15,4,167
07,Rawson,001,0023 ,0731,351,0,0,0,0,0,0,0,0,0
07,Rawson,001,0023 ,0732,351,7,10,35,2,13,10,17,8,196
07,Rawson,001,0023 ,0733,351,1,17,23,5,18,13,3,9,224
07,Rawson,001,0023 ,0734,350,11,13,29,3,9,9,7,9,214
07,Rawson,001,0023 ,0735,350,8,15,20,5,8,11,8,3,224
07,Rawson,001,0023 ,0736,350,12,10,22,5,12,10,14,7,225
07,Rawson,001,0024 ,0131,103,1,3,21,0,11,3,6,1,34
07,Rawson,001,0024 ,0737,86,1,1,16,2,7,3,3,1,31
07,Rawson,001,0025 ,0132,351,8,8,42,7,16,21,22,6,149
07,Rawson,001,0025 ,0133,351,12,9,44,11,23,10,15,8,155
07,Rawson,001,0025 ,0134,351,12,8,43,5,19,16,28,11,151
07,Rawson,001,0025 ,0135,350,3,10,38,6,21,18,18,10,165
07,Rawson,001,0025 ,0738,290,1,8,42,9,20,14,14,9,139
07,Rawson,001,0025 ,0739,290,12,7,32,6,28,13,13,7,128
07,Rawson,001,0025 ,0740,290,8,11,32,9,27,8,27,5,123
07,Rawson,001,0025 ,0741,290,6,7,32,5,24,8,19,12,133
07,Rawson,001,0025 ,0742,290,6,14,35,6,22,7,15,11,135
07,Biedma,002,0026 ,0136,336,20,3,32,11,23,11,24,6,93
07,Biedma,002,0026 ,0137,336,15,10,44,2,24,3,25,5,109
07,Biedma,002,0026 ,0138,336,11,14,53,7,28,11,20,3,92
07,Biedma,002,0026 ,0139,336,0,0,55,13,17,9,26,2,75
07,Biedma,002,0026 ,0140,336,6,8,50,3,19,8,34,7,85
07,Biedma,002,0026 ,0141,336,21,0,48,10,24,9,30,4,96
07,Biedma,002,0026 ,0142,336,14,5,47,11,26,8,31,1,108
07,Biedma,002,0026 ,0143,336,13,6,49,11,27,6,25,6,88
07,Biedma,002,0026 ,0144,336,6,7,39,6,30,5,23,9,94
07,Biedma,002,0026 ,0145,336,14,14,46,5,25,6,30,4,85
07,Biedma,002,0026 ,0146,336,3,0,42,10,29,6,26,11,91
07,Biedma,002,0026 ,0743,354,16,5,66,4,29,6,28,3,90
07,Biedma,002,0026 ,0744,354,16,7,53,6,30,7,28,6,109
07,Biedma,002,0026 ,0745,354,9,9,0,11,38,4,26,6,96
07,Biedma,002,0026 ,0746,354,15,8,61,9,29,8,38,4,100
07,Biedma,002,0026 ,0747,353,11,10,55,9,35,6,36,7,87
07,Biedma,002,0026 ,0748,353,9,6,61,2,28,2,39,4,80
07,Biedma,002,0026 ,0749,353,4,16,43,6,37,7,45,9,89
07,Biedma,002,0026 ,0750,353,0,11,53,8,24,7,23,6,98
07,Biedma,002,0026 ,0751,353,16,9,42,7,38,8,37,6,90
07,Biedma,002,0026 ,0752,353,13,5,59,5,25,9,26,5,99
07,Biedma,002,0026 ,0753,353,11,11,44,6,32,7,28,5,96
07,Biedma,002,0027 ,0147,332,12,11,53,3,16,5,25,2,90
07,Biedma,002,0027 ,0148,331,7,7,51,8,20,6,30,7,92
07,Biedma,002,0027 ,0149,331,4,3,42,9,17,5,28,7,108
07,Biedma,002,0027 ,0150,331,14,9,56,7,19,5,13,5,92
07,Biedma,002,0027 ,0151,331,10,0,60,8,15,5,22,4,97
07,Biedma,002,0027 ,0152,331,11,8,50,4,15,5,23,5,92
07,Biedma,002,0027 ,0153,331,7,6,44,7,19,7,23,5,95
07,Biedma,002,0027 ,0754,350,7,4,53,6,21,9,29,7,92
07,Biedma,002,0027 ,0755,350,23,10,58,5,16,3,33,7,96
07,Biedma,002,0027 ,0756,350,10,10,44,8,13,3,34,3,109
07,Biedma,002,0027 ,0757,349,2,4,61,4,17,5,35,4,103
07,Biedma,002,0027 ,0758,349,8,11,48,5,13,6,28,7,116
07,Biedma,002,0027 ,0759,349,2,7,57,6,26,8,32,3,102
07,Biedma,002,0027 ,0760,349,10,5,50,11,18,6,31,5,115
07,Biedma,002,0028 ,0154,353,32,0,26,5,9,7,15,4,161
07,Biedma,002,0028 ,0155,353,12,18,29,4,14,8,18,7,149
07,Biedma,002,0028 ,0156,353,23,9,33,4,15,7,30,3,148
07,Biedma,002,0028 ,0157,353,12,0,25,4,19,7,17,5,158
07,Biedma,002,0028 ,0158,353,22,8,26,7,16,10,28,5,140
07,Biedma,002,0028 ,0159,353,31,3,41,4,7,11,26,9,121
07,Biedma,002,0028 ,0160,353,8,4,32,7,9,10,16,6,141
07,Biedma,002,0028 ,0161,353,14,22,22,8,12,8,16,9,149
07,Biedma,002,0028 ,0162,353,25,12,37,6,7,0,14,9,155
07,Biedma,002,0028 ,0163,353,27,8,28,5,6,6,19,7,171
07,Biedma,002,0028 ,0164,353,11,6,31,8,7,9,23,7,139
07,Biedma,002,0028 ,0165,353,5,4,25,4,14,3,13,2,166
07,Biedma,002,0028 ,0166,353,23,4,19,10,13,3,21,2,152
07,Biedma,002,0028 ,0167,353,7,11,33,6,14,5,14,8,128
07,Biedma,002,0028 ,0168,352,19,3,42,7,11,3,16,9,154
07,Biedma,002,0028 ,0169,352,0,0,37,1,12,8,21,6,159
07,Biedma,002,0028 ,0170,352,8,11,27,6,14,6,11,8,152
07,Biedma,002,0028 ,0171,352,20,11,33,7,12,3,20,11,153
07,Biedma,002,0028 ,0761,358,4,10,28,9,14,6,13,10,190
07,Biedma,002,0028 ,0762,358,16,11,31,4,11,4,31,9,163
07,Biedma,002,0028 ,0763,358,4,8,33,8,16,4,18,4,163
07,Biedma,002,0028 ,0764,358,8,4,26,5,12,8,20,8,162
07,Biedma,002,0028 ,0765,358,4,6,39,4,12,5,22,4,140
07,Biedma,002,0028 ,0766,358,4,9,36,6,12,4,21,10,164
07,Biedma,002,0028 ,0767,358,4,7,33,10,17,7,18,6,162
07,Biedma,002,0028 ,0768,358,5,14,27,4,14,9,14,8,180
07,Biedma,002,0028 ,0769,358,6,7,26,4,15,4,25,4,175
07,Biedma,002,0028 ,0770,358,3,20,22,5,15,8,17,9,175
07,Biedma,002,0028 ,0771,358,11,9,33,2,2,7,17,14,168
07,Biedma,002,0028 ,0772,358,14,6,34,9,11,8,24,5,180
07,Biedma,002,0028 ,0773,357,24,5,33,3,13,7,19,5,179
07,Biedma,002,0028 ,0774,357,18,7,27,3,17,6,20,6,167
07,Biedma,002,0028 ,0775,357,50,17,39,5,18,6,22,3,150
07,Biedma,002,0028 ,0776,357,2,9,43,7,20,10,22,5,155
07,Biedma,002,0028 ,0777,357,15,15,24,5,20,13,23,8,153
07,Biedma,002,0029 ,0172,335,26,7,31,6,13,6,16,6,138
07,Biedma,002,0029 ,0173,335,20,5,52,5,13,6,21,6,105
07,Biedma,002,0029 ,0174,335,19,7,34,5,17,5,11,6,126
07,Biedma,002,0029 ,0175,334,3,17,37,7,17,6,12,5,119
07,Biedma,002,0029 ,0176,334,19,0,28,2,12,5,19,3,138
07,Biedma,002,0029 ,0177,334,7,4,30,9,16,0,18,0,17
07,Biedma,002,0029 ,0178,334,3,5,26,2,12,7,20,8,125
07,Biedma,002,0029 ,0179,334,9,0,31,8,0,4,27,8,139
07,Biedma,002,0029 ,0180,334,22,0,41,7,14,7,19,5,129
07,Biedma,002,0029 ,0181,334,63,5,35,3,15,5,22,7,74
07,Biedma,002,0029 ,0182,334,5,10,31,4,12,4,20,4,131
07,Biedma,002,0029 ,0778,351,11,19,44,0,11,7,21,16,139
07,Biedma,002,0029 ,0779,350,6,14,46,5,17,2,35,3,129
07,Biedma,002,0029 ,0780,350,3,4,33,10,24,8,14,5,130
07,Biedma,002,0029 ,0781,350,7,0,46,5,26,0,31,4,117
07,Biedma,002,0029 ,0782,350,22,5,40,7,19,6,23,6,134
07,Biedma,002,0029 ,0783,350,3,7,41,5,18,7,20,5,128
07,Biedma,002,0029 ,0784,350,22,6,46,3,17,4,18,2,138
07,Biedma,002,0029 ,0785,350,7,7,35,4,18,5,27,7,136
07,Biedma,002,0029 ,0786,350,7,11,43,8,28,0,31,4,135
07,Biedma,002,0029 ,0787,350,7,8,36,3,23,4,22,6,124
07,Biedma,002,0030 ,0183,351,4,2,33,13,9,8,16,3,166
07,Biedma,002,0030 ,0184,351,28,13,34,9,11,4,14,4,147
07,Biedma,002,0030 ,0185,351,6,11,29,5,7,6,19,6,154
07,Biedma,002,0030 ,0186,351,3,14,29,10,9,10,0,10,0
07,Biedma,002,0030 ,0187,351,5,7,19,5,8,5,12,11,176
07,Biedma,002,0030 ,0188,351,6,3,35,6,13,7,18,5,150
07,Biedma,002,0030 ,0189,351,0,0,145,34,7,18,23,7,0
07,Biedma,002,0030 ,0190,351,51,0,34,10,9,7,25,6,160
07,Biedma,002,0030 ,0191,351,6,8,31,9,10,7,18,5,156
07,Biedma,002,0030 ,0192,351,10,0,30,3,9,0,17,8,170
07,Biedma,002,0030 ,0193,351,18,10,29,7,47,4,17,10,166
07,Biedma,002,0030 ,0194,351,2,14,28,10,13,6,18,4,153
07,Biedma,002,0030 ,0195,351,8,15,27,8,8,5,18,7,138
07,Biedma,002,0030 ,0196,351,6,12,28,8,7,5,16,7,149
07,Biedma,002,0030 ,0197,351,8,9,27,9,16,0,9,14,0
07,Biedma,002,0030 ,0198,351,5,4,26,9,8,6,14,6,167
07,Biedma,002,0030 ,0199,351,4,18,24,4,9,6,20,8,156
07,Biedma,002,0030 ,0200,351,8,10,29,8,6,6,15,9,174
07,Biedma,002,0030 ,0201,351,4,9,24,5,8,6,15,8,169
07,Biedma,002,0030 ,0202,350,16,7,29,0,8,6,13,6,158
07,Biedma,002,0030 ,0788,354,6,9,31,9,11,3,16,6,188
07,Biedma,002,0030 ,0789,354,6,27,39,4,11,2,13,5,165
07,Biedma,002,0030 ,0790,354,35,15,29,7,15,5,16,5,173
07,Biedma,002,0030 ,0791,354,32,14,31,2,8,1,15,8,179
07,Biedma,002,0030 ,0792,354,9,5,26,8,17,3,19,5,173
07,Biedma,002,0030 ,0793,354,20,6,33,3,16,4,22,5,166
07,Biedma,002,0030 ,0794,353,7,11,43,3,19,3,21,8,0
07,Biedma,002,0030 ,0795,353,22,8,26,1,19,4,10,7,178
07,Biedma,002,0030 ,0796,353,23,7,27,10,9,4,19,5,174
07,Biedma,002,0030 ,0797,353,24,7,30,9,8,7,11,2,178
07,Biedma,002,0030 ,0798,353,5,14,25,2,11,5,16,7,167
07,Biedma,002,0030 ,0799,353,33,3,35,3,11,5,16,9,172
07,Biedma,002,0030 ,0800,353,6,9,25,2,14,11,20,8,163
07,Biedma,002,0030 ,0801,353,4,8,32,7,15,5,14,8,170
07,Biedma,002,0030 ,0802,353,4,9,40,6,14,5,14,3,183
07,Biedma,002,0030 ,0803,353,21,8,41,6,12,5,18,8,160
07,Biedma,002,0030 ,0804,353,4,11,37,5,15,5,17,7,164
07,Biedma,002,0030 ,0805,353,5,10,14,1,12,7,34,4,177
07,Biedma,002,0031 ,0203,333,25,0,23,5,19,15,15,6,133
07,Biedma,002,0031 ,0204,333,13,8,44,3,14,2,24,6,133
07,Biedma,002,0031 ,0205,333,13,18,26,5,22,5,19,8,128
07,Biedma,002,0031 ,0206,333,25,0,36,7,15,4,28,5,134
07,Biedma,002,0031 ,0207,333,20,2,34,4,17,5,18,9,154
07,Biedma,002,0031 ,0208,333,6,15,28,8,17,9,27,6,125
07,Biedma,002,0031 ,0209,333,8,12,26,3,12,7,22,4,160
07,Biedma,002,0031 ,0210,333,9,9,39,6,15,7,16,4,134
07,Biedma,002,0031 ,0211,332,20,3,41,6,11,5,15,2,132
07,Biedma,002,0031 ,0212,332,2,12,34,2,12,6,19,9,143
07,Biedma,002,0031 ,0806,350,3,12,54,5,16,4,22,7,152
07,Biedma,002,0031 ,0807,350,4,3,42,6,17,6,26,8,147
07,Biedma,002,0031 ,0808,350,2,7,40,6,22,5,25,12,154
07,Biedma,002,0031 ,0809,350,15,8,32,5,18,7,35,11,137
07,Biedma,002,0031 ,0810,350,20,0,35,6,14,8,30,9,131
07,Biedma,002,0031 ,0811,349,20,9,46,3,16,6,22,13,149
07,Biedma,002,0031 ,0812,349,9,16,31,9,21,7,27,3,151
07,Biedma,002,0031 ,0813,349,2,11,45,3,20,3,22,12,146
07,Biedma,002,0031 ,0814,349,3,4,40,3,21,5,18,7,145
07,Biedma,002,0032 ,0213,351,1,5,55,4,8,5,9,3,148
07,Biedma,002,0032 ,0815,248,4,7,36,9,11,6,7,3,91
07,Telsen,003,0033 ,0214,204,1,1,45,2,1,3,9,1,56
07,Telsen,003,0033 ,0215,204,2,2,49,2,5,5,4,2,52
07,Telsen,003,0033 ,0816,239,3,7,57,3,5,2,6,3,78
07,Telsen,003,0034 ,0216,225,0,2,50,0,1,3,5,0,82
07,Telsen,003,0034 ,0217,225,2,3,44,1,6,2,2,1,72
07,Telsen,003,0034 ,0817,342,1,0,88,3,7,2,5,1,141
07,Gastre,004,0035 ,0218,258,1,2,45,8,6,7,9,2,86
07,Gastre,004,0035 ,0219,257,5,3,27,2,4,7,7,4,86
07,Gastre,004,0035 ,0818,351,5,4,52,5,6,14,6,6,113
07,Gastre,004,0036A,0220,227,5,2,18,2,0,0,2,2,71
07,Gastre,004,0036A,0819,124,4,1,9,0,2,1,1,1,55
07,Gastre,004,0036B,0221,72,0,0,0,0,0,0,0,0,0
07,Gastre,004,0036B,0820,41,1,0,13,1,5,4,2,1,23
07,Cushamen,005,0037 ,0222,356,16,1,70,2,5,8,13,7,149
07,Cushamen,005,0037 ,0223,356,7,2,62,5,2,12,10,2,162
07,Cushamen,005,0037 ,0821,283,8,6,60,0,2,3,4,4,133
07,Cushamen,005,0037 ,0822,283,13,0,56,2,0,10,2,0,134
07,Cushamen,005,0039 ,0224,315,12,0,42,5,4,8,11,2,149
07,Cushamen,005,0039 ,0225,315,8,3,35,6,3,10,9,0,151
07,Cushamen,005,0039 ,0226,315,10,0,46,2,5,9,4,9,160
07,Cushamen,005,0039 ,0227,314,3,8,32,4,5,4,7,2,162
07,Cushamen,005,0039 ,0228,314,11,7,35,7,10,7,11,0,149
07,Cushamen,005,0039 ,0823,329,12,0,45,5,10,5,8,0,154
07,Cushamen,005,0039 ,0824,329,13,0,48,5,6,4,11,6,152
07,Cushamen,005,0039 ,0825,329,12,10,42,4,10,4,16,4,171
07,Cushamen,005,0039 ,0826,328,2,6,36,7,7,2,11,1,171
07,Cushamen,005,0039 ,0827,328,11,3,58,7,5,3,14,1,158
07,Cushamen,005,0040 ,0229,249,1,2,51,2,0,2,7,0,117
07,Cushamen,005,0040 ,0230,249,3,2,55,1,0,2,3,0,120
07,Cushamen,005,0040 ,0231,248,6,5,54,0,2,3,5,3,102
07,Cushamen,005,0040 ,0828,309,3,1,58,2,8,2,6,2,148
07,Cushamen,005,0040 ,0829,309,8,1,65,0,3,0,4,3,148
07,Cushamen,005,0041 ,0232,300,4,5,28,6,5,12,8,1,150
07,Cushamen,005,0041 ,0233,300,6,8,40,7,4,6,3,3,143
07,Cushamen,005,0041 ,0234,299,9,9,31,9,2,1,8,1,142
07,Cushamen,005,0041 ,0830,270,4,6,38,2,7,6,3,2,135
07,Cushamen,005,0041 ,0831,269,3,4,26,4,10,2,5,3,141
07,Cushamen,005,0041 ,0832,269,5,10,28,7,3,2,9,2,143
07,Cushamen,005,0042 ,0235,253,3,5,49,6,11,5,7,7,88
07,Cushamen,005,0042 ,0236,253,9,13,36,6,15,10,9,2,95
07,Cushamen,005,0042 ,0237,252,6,14,32,6,8,6,10,5,87
07,Cushamen,005,0042 ,0833,326,11,11,66,9,17,2,4,6,128
07,Cushamen,005,0042 ,0834,325,10,16,66,12,21,10,7,7,108
07,Cushamen,005,0043 ,0238,346,9,6,53,11,9,14,15,8,134
07,Cushamen,005,0043 ,0239,346,4,8,62,5,15,8,16,7,113
07,Cushamen,005,0043 ,0240,346,10,6,36,6,11,4,22,11,130
07,Cushamen,005,0043 ,0241,345,9,4,49,5,11,8,13,6,129
07,Cushamen,005,0043 ,0242,345,0,0,42,10,17,16,11,4,120
07,Cushamen,005,0043 ,0835,353,16,11,65,4,13,12,16,6,123
07,Cushamen,005,0043 ,0836,353,7,6,65,8,11,11,10,8,137
07,Cushamen,005,0043 ,0837,352,7,5,37,11,15,11,12,7,137
07,Cushamen,005,0043 ,0838,352,9,7,54,14,10,3,10,6,140
07,Cushamen,005,0044A,0243,345,5,11,69,11,14,11,7,5,111
07,Cushamen,005,0044A,0244,345,7,12,66,15,11,14,17,4,104
07,Cushamen,005,0044A,0245,345,10,13,55,11,21,17,15,6,94
07,Cushamen,005,0044A,0246,344,2,7,74,15,13,13,13,2,94
07,Cushamen,005,0044A,0247,344,10,9,80,10,15,13,13,3,85
07,Cushamen,005,0044A,0248,344,5,9,72,11,15,18,15,7,91
07,Cushamen,005,0044A,0839,319,4,13,67,13,14,11,12,4,104
07,Cushamen,005,0044A,0840,319,15,0,60,14,10,14,9,5,96
07,Cushamen,005,0044A,0841,319,8,6,68,11,11,19,14,6,82
07,Cushamen,005,0044A,0842,319,6,8,71,23,22,17,6,5,95
07,Cushamen,005,0044A,0843,319,10,7,86,15,13,12,11,3,84
07,Cushamen,005,0044A,0844,319,7,11,59,16,11,16,14,9,94
07,Cushamen,005,0044B,0249,215,4,10,31,5,16,14,3,7,54
07,Cushamen,005,0044B,0250,214,5,13,30,11,18,4,11,3,53
07,Cushamen,005,0044B,0845,192,4,8,24,8,16,8,4,6,48
07,Cushamen,005,0044B,0846,191,5,10,36,9,15,6,4,6,45
07,Cushamen,005,0044C,0251,30,0,0,8,0,2,1,3,2,7
07,Cushamen,005,0044C,0847,14,0,0,2,0,1,0,0,0,1
07,Futaleufú,006,0045 ,0252,37,1,0,1,0,1,2,1,0,21
07,Futaleufú,006,0045 ,0848,34,2,0,2,2,1,0,3,0,14
07,Futaleufú,006,0046 ,0253,311,7,5,38,8,19,4,17,0,99
07,Futaleufú,006,0046 ,0254,311,13,2,34,11,14,4,24,2,120
07,Futaleufú,006,0046 ,0255,311,10,3,38,8,14,9,17,4,109
07,Futaleufú,006,0046 ,0256,311,8,8,24,13,10,4,15,5,125
07,Futaleufú,006,0046 ,0257,311,7,10,26,10,15,6,14,1,135
07,Futaleufú,006,0046 ,0258,311,2,9,28,12,13,8,25,1,120
07,Futaleufú,006,0046 ,0259,311,5,3,36,8,16,8,37,4,99
07,Futaleufú,006,0046 ,0849,316,17,13,34,11,15,5,19,3,126
07,Futaleufú,006,0046 ,0850,316,5,0,37,8,15,9,34,10,127
07,Futaleufú,006,0046 ,0851,316,0,0,36,13,13,8,20,7,120
07,Futaleufú,006,0046 ,0852,316,6,13,27,7,13,4,28,3,142
07,Futaleufú,006,0046 ,0853,316,46,8,32,12,21,5,25,5,135
07,Futaleufú,006,0046 ,0854,316,5,10,40,12,16,4,22,5,126
07,Futaleufú,006,0046 ,0855,315,7,10,40,17,21,5,19,3,124
07,Futaleufú,006,0047 ,0260,349,7,0,34,38,11,6,21,4,157
07,Futaleufú,006,0047 ,0261,349,15,9,29,8,10,10,18,8,154
07,Futaleufú,006,0047 ,0262,349,10,12,57,9,10,5,28,5,127
07,Futaleufú,006,0047 ,0263,349,13,3,49,9,10,6,18,3,137
07,Futaleufú,006,0047 ,0264,349,5,5,29,11,9,9,30,2,152
07,Futaleufú,006,0047 ,0265,349,11,8,40,7,14,7,157,7,131
07,Futaleufú,006,0047 ,0266,349,9,2,33,9,13,6,18,5,157
07,Futaleufú,006,0047 ,0267,349,16,9,28,9,12,8,20,5,161
07,Futaleufú,006,0047 ,0268,349,9,3,36,7,14,6,15,6,160
07,Futaleufú,006,0047 ,0269,348,6,14,44,7,16,3,18,6,137
07,Futaleufú,006,0047 ,0856,340,7,1,37,15,12,5,20,4,157
07,Futaleufú,006,0047 ,0857,340,4,2,45,9,13,11,25,3,150
07,Futaleufú,006,0047 ,0858,340,21,3,45,8,15,8,23,6,144
07,Futaleufú,006,0047 ,0859,340,4,10,37,10,10,7,23,5,144
07,Futaleufú,006,0047 ,0860,340,6,6,43,10,17,4,27,5,133
07,Futaleufú,006,0047 ,0861,340,7,3,47,15,11,6,19,7,142
07,Futaleufú,006,0047 ,0862,339,18,5,39,11,18,9,14,3,137
07,Futaleufú,006,0047 ,0863,339,17,11,36,3,21,5,13,7,158
07,Futaleufú,006,0047 ,0864,339,15,8,42,8,18,4,20,3,136
07,Futaleufú,006,0047 ,0865,339,20,7,45,10,18,8,22,3,138
07,Futaleufú,006,0047 ,0866,339,12,12,39,7,17,3,31,3,150
07,Futaleufú,006,0048 ,0270,357,7,7,38,8,16,8,29,2,144
07,Futaleufú,006,0048 ,0271,357,11,6,54,10,15,6,22,5,115
07,Futaleufú,006,0048 ,0272,357,11,0,40,19,13,12,23,1,136
07,Futaleufú,006,0048 ,0273,357,2,13,46,7,13,11,26,5,112
07,Futaleufú,006,0048 ,0274,357,5,8,48,11,16,10,30,5,119
07,Futaleufú,006,0048 ,0275,357,12,3,43,13,25,10,33,5,113
07,Futaleufú,006,0048 ,0276,357,13,3,44,13,12,7,36,2,119
07,Futaleufú,006,0048 ,0277,357,6,10,44,13,22,4,36,2,101
07,Futaleufú,006,0048 ,0278,357,13,5,58,10,17,7,15,3,124
07,Futaleufú,006,0048 ,0279,357,7,12,37,10,14,7,21,7,147
07,Futaleufú,006,0048 ,0280,357,5,8,43,13,12,12,17,3,143
07,Futaleufú,006,0048 ,0281,357,7,8,44,6,11,8,13,2,130
07,Futaleufú,006,0048 ,0282,357,20,0,47,9,8,6,18,2,135
07,Futaleufú,006,0048 ,0283,356,0,0,56,10,15,8,28,0,128
07,Futaleufú,006,0048 ,0284,356,7,5,44,14,14,5,26,6,124
07,Futaleufú,006,0048 ,0867,350,13,11,48,11,13,8,25,3,144
07,Futaleufú,006,0048 ,0868,350,11,6,56,11,23,11,22,2,106
07,Futaleufú,006,0048 ,0869,350,14,2,44,14,22,6,24,5,126
07,Futaleufú,006,0048 ,0870,350,5,10,45,7,23,8,27,2,116
07,Futaleufú,006,0048 ,0871,350,8,9,50,13,14,8,25,5,121
07,Futaleufú,006,0048 ,0872,350,11,5,46,9,22,6,25,5,108
07,Futaleufú,006,0048 ,0873,350,5,9,51,12,25,8,27,6,115
07,Futaleufú,006,0048 ,0874,350,8,13,46,13,23,11,29,2,121
07,Futaleufú,006,0048 ,0875,349,8,7,52,13,25,5,26,3,122
07,Futaleufú,006,0048 ,0876,349,17,6,32,15,18,4,34,4,119
07,Futaleufú,006,0048 ,0877,349,17,0,55,13,18,2,29,5,123
07,Futaleufú,006,0048 ,0878,349,6,13,49,9,20,11,32,6,128
07,Futaleufú,006,0048 ,0879,349,6,9,59,10,20,6,21,3,133
07,Futaleufú,006,0048 ,0880,349,16,0,50,5,11,8,26,6,118
07,Futaleufú,006,0048 ,0881,349,8,9,57,5,20,8,24,6,127
07,Futaleufú,006,0048 ,0882,349,10,7,30,10,26,9,26,6,122
07,Futaleufú,006,0048 ,0883,349,3,5,51,8,21,8,28,5,131
07,Futaleufú,006,0048A,0285,45,3,0,4,0,2,1,6,2,26
07,Futaleufú,006,0048A,0884,41,0,0,0,1,0,0,3,2,18
07,Futaleufú,006,0049 ,0286,145,2,1,14,5,12,7,13,3,64
07,Futaleufú,006,0049 ,0885,90,1,3,9,0,6,2,2,0,42
07,Futaleufú,006,0050A,0287,319,5,7,29,11,7,4,10,2,169
07,Futaleufú,006,0050A,0288,319,7,8,42,9,5,8,15,9,120
07,Futaleufú,006,0050A,0289,318,4,2,39,1,10,13,18,3,145
07,Futaleufú,006,0050A,0290,318,13,0,42,12,13,6,13,3,130
07,Futaleufú,006,0050A,0291,318,4,0,54,5,8,7,17,8,131
07,Futaleufú,006,0050A,0886,305,9,3,41,12,4,8,13,5,144
07,Futaleufú,006,0050A,0887,305,19,0,35,6,12,7,15,4,139
07,Futaleufú,006,0050A,0888,305,5,7,44,3,8,2,13,4,159
07,Futaleufú,006,0050A,0889,305,9,6,40,6,10,7,11,4,146
07,Futaleufú,006,0050A,0890,304,16,0,45,9,7,3,10,5,146
07,Futaleufú,006,0050B,0292,175,2,6,20,2,4,4,9,6,91
07,Futaleufú,006,0050B,0891,139,3,3,22,4,2,2,4,2,78
07,Futaleufú,006,0051 ,0293,313,9,5,43,10,10,9,15,4,107
07,Futaleufú,006,0051 ,0294,313,17,0,54,5,15,2,12,6,111
07,Futaleufú,006,0051 ,0295,313,1,7,63,10,14,4,16,4,113
07,Futaleufú,006,0051 ,0892,296,6,3,44,8,20,6,13,2,118
07,Futaleufú,006,0051 ,0893,296,9,6,44,10,5,17,19,3,110
07,Futaleufú,006,0051 ,0894,296,6,4,45,11,11,9,22,3,112
07,Futaleufú,006,0052 ,0296,96,0,3,16,1,2,3,2,2,46
07,Futaleufú,006,0052 ,0895,57,1,0,3,0,2,1,0,0,33
07,Futaleufú,006,0053 ,0297,239,4,2,13,9,5,4,10,1,133
07,Futaleufú,006,0053 ,0896,167,7,6,10,1,6,3,4,3,98
07,Futaleufú,006,0054A,0298,258,9,7,30,3,7,6,6,3,114
07,Futaleufú,006,0054A,0299,258,7,0,23,7,1,6,4,0,140
07,Futaleufú,006,0054A,0300,258,6,1,27,7,3,5,5,2,138
07,Futaleufú,006,0054A,0897,328,12,5,15,7,10,3,3,3,204
07,Futaleufú,006,0054A,0898,327,9,5,19,8,9,4,2,1,201
07,Futaleufú,006,0054B,0301,57,0,0,0,0,0,0,0,0,0
07,Futaleufú,006,0054B,0899,50,0,0,0,0,0,0,0,0,0
07,Languiñeo,007,0055 ,0302,130,4,2,19,2,3,2,6,5,78
07,Languiñeo,007,0055 ,0900,124,3,3,11,1,2,1,3,4,65
07,Languiñeo,007,0056 ,0303,345,5,2,31,4,13,6,14,5,161
07,Languiñeo,007,0056 ,0304,344,8,2,30,1,8,8,13,1,159
07,Languiñeo,007,0056 ,0901,247,0,5,21,1,4,7,5,1,132
07,Languiñeo,007,0056 ,0902,246,4,3,22,0,6,3,4,8,153
07,Languiñeo,007,0057 ,0305,169,5,1,40,2,3,0,5,1,81
07,Languiñeo,007,0057 ,0903,164,3,4,24,1,3,2,1,0,95
07,Languiñeo,007,0058 ,0306,255,9,5,64,2,2,3,2,1,80
07,Languiñeo,007,0058 ,0904,162,2,4,38,3,3,1,3,2,61
07,Languiñeo,007,0058A,0307,57,10,2,24,1,0,0,6,1,67
07,Languiñeo,007,0058A,0905,138,0,0,0,0,0,0,0,0,0
07,Tehuelches,008,0059 ,0308,61,2,0,18,4,2,2,9,1,41
07,Tehuelches,008,0059 ,0906,35,0,0,0,0,0,0,0,0,0
07,Tehuelches,008,0060 ,0309,260,6,5,54,9,9,2,8,2,88
07,Tehuelches,008,0060 ,0310,260,3,0,40,1,4,3,8,4,108
07,Tehuelches,008,0060 ,0907,211,0,4,34,0,2,2,12,0,82
07,Tehuelches,008,0060 ,0908,210,4,1,31,3,5,3,4,2,103
07,Tehuelches,008,0061 ,0311,321,8,6,40,2,41,3,8,5,117
07,Tehuelches,008,0061 ,0312,320,6,5,28,0,31,4,12,4,125
07,Tehuelches,008,0061 ,0313,320,5,0,33,3,37,9,0,2,145
07,Tehuelches,008,0061 ,0909,276,4,4,38,2,33,3,6,2,114
07,Tehuelches,008,0061 ,0910,276,3,2,33,3,44,2,7,0,105
07,Tehuelches,008,0061 ,0911,276,2,5,32,3,44,1,3,2,121
07,Tehuelches,008,0062 ,0314,282,1,1,61,1,4,2,3,4,96
07,Tehuelches,008,0062 ,0315,282,1,0,48,2,8,3,1,2,70
07,Tehuelches,008,0062 ,0316,282,0,1,62,3,3,2,0,2,101
07,Tehuelches,008,0062 ,0912,298,0,4,71,2,4,2,6,6,107
07,Tehuelches,008,0062 ,0913,297,4,4,54,3,7,3,0,4,126
07,Paso de Indios,009,0063 ,0317,260,0,2,35,5,5,4,7,3,86
07,Paso de Indios,009,0063 ,0318,260,9,5,36,2,4,5,2,3,84
07,Paso de Indios,009,0063 ,0319,259,8,1,42,4,3,3,9,0,94
07,Paso de Indios,009,0063 ,0914,269,4,3,33,5,3,1,7,3,123
07,Paso de Indios,009,0063 ,0915,269,4,1,56,4,1,2,4,5,129
07,Paso de Indios,009,0063A,0320,46,2,0,20,0,1,0,0,0,41
07,Paso de Indios,009,0063A,0916,29,2,0,20,0,1,0,0,0,41
07,Mártires,010,0065 ,0321,52,3,0,4,1,1,3,2,0,15
07,Mártires,010,0065 ,0917,28,2,0,2,0,0,0,1,0,11
07,Mártires,010,0066 ,0322,345,3,0,55,7,5,1,5,3,104
07,Mártires,010,0066 ,0918,227,1,3,52,3,2,3,6,0,91
07,F. Ameguino,011,0067 ,0323,336,5,5,37,4,8,5,9,5,137
07,F. Ameguino,011,0067 ,0324,335,5,5,39,3,1,11,12,11,120
07,F. Ameguino,011,0067 ,0919,239,6,5,33,3,3,3,1,6,115
07,F. Ameguino,011,0067 ,0920,238,1,6,27,8,2,5,6,3,122
07,Gaiman,012,0068 ,0325,334,17,0,40,10,9,7,11,9,143
07,Gaiman,012,0068 ,0326,334,14,0,46,6,9,5,17,3,158
07,Gaiman,012,0068 ,0327,333,6,0,42,5,10,3,10,10,167
07,Gaiman,012,0068 ,0328,333,10,2,44,6,16,10,17,9,152
07,Gaiman,012,0068 ,0921,308,6,2,45,5,8,5,10,4,157
07,Gaiman,012,0068 ,0922,308,5,6,40,1,15,10,9,3,145
07,Gaiman,012,0068 ,0923,308,3,11,31,7,12,4,9,1,156
07,Gaiman,012,0068 ,0924,307,3,0,49,5,16,7,12,3,127
07,Gaiman,012,0069 ,0329,326,13,2,50,8,14,12,11,7,143
07,Gaiman,012,0069 ,0330,326,10,3,47,9,12,2,9,2,150
07,Gaiman,012,0069 ,0331,325,9,9,47,8,24,5,11,6,136
07,Gaiman,012,0069 ,0925,319,15,5,42,5,15,7,19,8,147
07,Gaiman,012,0069 ,0926,318,8,14,45,7,22,5,13,6,137
07,Gaiman,012,0069 ,0927,318,11,7,34,4,25,7,23,6,144
07,Gaiman,012,0070 ,0332,236,10,8,59,2,10,6,4,2,79
07,Gaiman,012,0070 ,0333,236,2,5,48,1,13,4,12,2,101
07,Gaiman,012,0070 ,0928,215,0,4,40,3,9,2,7,3,100
07,Gaiman,012,0070 ,0929,214,6,7,36,5,15,8,7,2,84
07,Gaiman,012,0071 ,0334,279,6,0,30,9,14,2,13,4,139
07,Gaiman,012,0071 ,0335,279,8,2,45,2,7,5,8,9,137
07,Gaiman,012,0071 ,0336,278,6,3,46,4,7,4,4,6,125
07,Gaiman,012,0071 ,0930,353,10,4,55,2,10,7,10,2,184
07,Gaiman,012,0071 ,0931,352,5,7,58,4,11,4,14,4,176
07,Gaiman,012,0072 ,0337,272,8,0,98,2,8,1,5,2,92
07,Gaiman,012,0072 ,0932,218,2,6,71,0,11,4,8,1,75
07,Gaiman,012,0073 ,0338,130,1,0,28,4,3,1,0,0,37
07,Gaiman,012,0073 ,0933,65,1,0,13,0,2,4,1,0,32
07,Río Senguer,013,0074 ,0339,42,0,0,4,1,1,1,0,1,33
07,Río Senguer,013,0074 ,0934,35,0,1,5,0,0,0,0,0,23
07,Río Senguer,013,0075 ,0340,346,5,7,33,2,6,12,14,8,156
07,Río Senguer,013,0075 ,0341,346,7,7,34,9,10,3,8,8,157
07,Río Senguer,013,0075 ,0935,295,5,8,28,4,3,3,8,12,151
07,Río Senguer,013,0075 ,0936,294,5,6,24,6,4,6,10,8,138
07,Río Senguer,013,0077 ,0342,102,2,0,4,2,12,0,7,1,45
07,Río Senguer,013,0077 ,0937,83,3,0,1,1,2,2,3,6,37
07,Río Senguer,013,0078 ,0343,333,4,4,25,8,27,4,17,23,66
07,Río Senguer,013,0078 ,0344,332,5,5,33,2,23,7,17,14,71
07,Río Senguer,013,0078 ,0345,332,4,3,22,5,25,8,21,16,66
07,Río Senguer,013,0078 ,0346,332,1,5,32,4,19,2,19,19,81
07,Río Senguer,013,0078 ,0938,348,7,10,40,1,28,4,17,37,91
07,Río Senguer,013,0078 ,0939,347,6,5,50,0,17,5,22,32,93
07,Río Senguer,013,0078 ,0940,347,4,4,44,2,28,4,28,27,99
07,Río Senguer,013,0079 ,0347,144,4,0,25,4,8,1,7,4,49
07,Río Senguer,013,0079 ,0941,96,3,0,13,1,0,0,4,2,46
07,Río Senguer,013,0080 ,0348,97,3,0,19,2,6,4,5,4,18
07,Río Senguer,013,0080 ,0942,82,3,4,19,2,4,0,2,3,13
07,Río Senguer,013,0081 ,0349,110,0,0,15,0,2,2,4,0,46
07,Río Senguer,013,0081 ,0943,78,2,1,17,1,0,0,1,0,29
07,Sarmiento,014,0082 ,0350,70,0,1,8,1,3,0,2,3,36
07,Sarmiento,014,0082 ,0944,56,1,0,3,0,3,1,1,0,26
07,Sarmiento,014,0083 ,0351,350,5,11,44,8,5,10,29,27,108
07,Sarmiento,014,0083 ,0352,350,4,6,54,7,3,3,28,36,101
07,Sarmiento,014,0083 ,0353,350,4,10,44,7,12,8,32,20,114
07,Sarmiento,014,0083 ,0354,350,3,6,44,5,8,10,29,28,113
07,Sarmiento,014,0083 ,0355,350,5,7,48,5,13,3,25,20,118
07,Sarmiento,014,0083 ,0356,349,8,10,52,2,7,11,16,31,125
07,Sarmiento,014,0083 ,0357,349,1,6,41,13,4,8,20,26,105
07,Sarmiento,014,0083 ,0358,349,5,11,53,7,7,7,19,30,106
07,Sarmiento,014,0083 ,0945,342,4,15,54,16,6,7,30,34,109
07,Sarmiento,014,0083 ,0946,341,4,12,53,3,11,7,27,29,121
07,Sarmiento,014,0083 ,0947,341,3,17,63,8,9,9,23,25,119
07,Sarmiento,014,0083 ,0948,341,6,17,54,4,10,1,34,31,109
07,Sarmiento,014,0083 ,0949,341,3,11,61,11,9,8,23,30,122
07,Sarmiento,014,0083 ,0950,341,3,6,65,10,11,7,18,35,111
07,Sarmiento,014,0083 ,0951,341,7,7,40,3,18,5,30,31,109
07,Sarmiento,014,0084 ,0359,299,3,11,31,5,7,5,14,21,78
07,Sarmiento,014,0084 ,0360,299,5,5,32,7,8,3,14,21,79
07,Sarmiento,014,0084 ,0361,299,4,5,26,5,13,7,10,26,111
07,Sarmiento,014,0084 ,0362,299,2,2,30,2,4,5,10,20,99
07,Sarmiento,014,0084 ,0363,299,4,10,28,1,11,7,17,25,85
07,Sarmiento,014,0084 ,0952,358,5,16,46,3,9,11,17,36,123
07,Sarmiento,014,0084 ,0953,358,9,16,34,8,15,9,15,38,118
07,Sarmiento,014,0084 ,0954,357,13,13,39,7,15,5,18,45,107
07,Escalante,015,0086 ,0364,340,5,3,53,4,18,6,40,17,102
07,Escalante,015,0086 ,0365,340,7,8,48,10,26,8,37,14,82
07,Escalante,015,0086 ,0366,340,3,2,58,4,27,7,39,19,85
07,Escalante,015,0086 ,0367,340,12,9,53,2,31,8,24,5,100
07,Escalante,015,0086 ,0368,340,9,7,52,10,20,7,38,19,99
07,Escalante,015,0086 ,0369,340,8,13,47,10,28,11,38,13,84
07,Escalante,015,0086 ,0370,339,2,6,51,7,23,5,34,15,103
07,Escalante,015,0086 ,0371,339,11,11,60,4,23,3,27,12,105
07,Escalante,015,0086 ,0372,339,5,8,51,4,20,8,42,11,97
07,Escalante,015,0086 ,0373,339,1,4,48,10,19,5,42,20,97
07,Escalante,015,0086 ,0374,339,8,0,61,6,22,6,27,15,103
07,Escalante,015,0086 ,0955,347,9,10,50,7,43,5,24,14,107
07,Escalante,015,0086 ,0956,347,7,9,62,6,30,10,36,12,77
07,Escalante,015,0086 ,0957,347,11,6,63,8,23,6,37,7,102
07,Escalante,015,0086 ,0958,347,6,14,54,7,31,4,40,11,89
07,Escalante,015,0086 ,0959,347,8,13,62,8,31,4,35,15,93
07,Escalante,015,0086 ,0960,347,6,11,61,6,41,7,37,10,82
07,Escalante,015,0086 ,0961,346,6,12,55,6,30,7,38,9,106
07,Escalante,015,0086 ,0962,346,6,9,56,6,30,5,45,15,86
07,Escalante,015,0086 ,0963,346,7,11,57,10,34,9,28,18,90
07,Escalante,015,0086 ,0964,346,7,10,68,5,44,8,36,11,81
07,Escalante,015,0087 ,0375,243,4,4,29,9,13,3,17,9,101
07,Escalante,015,0087 ,0376,243,4,7,31,7,6,4,19,12,97
07,Escalante,015,0087 ,0965,245,6,10,33,5,17,4,22,11,75
07,Escalante,015,0087 ,0966,244,6,10,30,5,13,6,16,7,89
07,Escalante,015,0088 ,0377,131,2,9,12,7,8,1,10,4,50
07,Escalante,015,0088 ,0967,118,1,1,17,3,9,5,16,2,43
07,Escalante,015,0089 ,0378,246,6,11,29,7,8,5,16,17,104
07,Escalante,015,0089 ,0968,269,1,11,36,4,9,5,25,9,107
07,Escalante,015,0090 ,0379,297,22,0,29,10,20,5,13,19,60
07,Escalante,015,0090 ,0969,184,5,7,22,3,19,6,5,10,39
07,Escalante,015,0091 ,0380,312,23,4,48,3,10,2,39,26,127
07,Escalante,015,0091 ,0381,312,10,5,27,10,8,6,19,32,118
07,Escalante,015,0091 ,0382,312,8,7,27,10,17,6,23,23,114
07,Escalante,015,0091 ,0383,312,13,9,38,10,23,9,17,20,108
07,Escalante,015,0091 ,0384,312,10,10,33,5,18,6,19,19,127
07,Escalante,015,0091 ,0385,312,9,11,24,2,27,12,23,23,111
07,Escalante,015,0091 ,0386,312,4,11,31,10,19,4,28,16,121
07,Escalante,015,0091 ,0970,340,15,10,37,16,11,6,28,20,128
07,Escalante,015,0091 ,0971,339,4,8,46,8,24,7,28,23,131
07,Escalante,015,0091 ,0972,339,13,10,43,15,19,6,17,22,134
07,Escalante,015,0091 ,0973,339,12,13,40,9,16,6,35,23,123
07,Escalante,015,0091 ,0974,339,5,5,39,11,28,7,33,24,132
07,Escalante,015,0091 ,0975,339,11,17,40,9,24,11,28,10,130
07,Escalante,015,0092 ,0387,327,5,10,38,12,17,5,21,41,118
07,Escalante,015,0092 ,0388,326,11,23,29,9,16,6,24,15,124
07,Escalante,015,0092 ,0976,295,3,16,26,11,21,2,30,21,109
07,Escalante,015,0092 ,0977,295,3,36,27,4,18,5,19,20,120
07,Escalante,015,0093 ,0389,297,34,5,29,8,8,7,13,23,123
07,Escalante,015,0093 ,0390,297,16,12,23,7,14,7,13,20,144
07,Escalante,015,0093 ,0391,296,12,14,23,2,10,6,22,19,120
07,Escalante,015,0093 ,0392,296,5,8,31,3,5,5,16,20,137
07,Escalante,015,0093 ,0393,296,13,5,31,14,5,9,16,12,138
07,Escalante,015,0093 ,0978,345,5,12,27,7,9,7,18,22,164
07,Escalante,015,0093 ,0979,344,10,18,40,13,12,4,23,15,157
07,Escalante,015,0093 ,0980,344,10,14,38,8,22,4,17,14,150
07,Escalante,015,0093 ,0981,344,10,9,31,6,10,8,22,26,157
07,Escalante,015,0094 ,0394,245,7,4,24,6,12,8,13,19,111
07,Escalante,015,0094 ,0395,245,6,14,23,4,3,5,25,16,97
07,Escalante,015,0094 ,0982,241,1,10,35,1,12,6,14,20,88
07,Escalante,015,0094 ,0983,240,0,14,15,11,23,6,13,13,107
07,Escalante,015,0095 ,0396,343,13,13,33,8,14,5,16,27,152
07,Escalante,015,0095 ,0397,343,4,17,39,16,16,6,20,27,126
07,Escalante,015,0095 ,0398,343,6,8,21,11,4,12,24,31,140
07,Escalante,015,0095 ,0399,343,8,20,32,8,15,7,29,26,131
07,Escalante,015,0095 ,0400,343,5,12,32,13,12,9,28,31,134
07,Escalante,015,0095 ,0401,343,12,18,27,8,8,2,35,22,136
07,Escalante,015,0095 ,0402,342,5,15,37,6,11,7,24,24,141
07,Escalante,015,0095 ,0403,342,7,17,34,11,14,5,18,17,136
07,Escalante,015,0095 ,0404,342,7,10,26,12,5,4,23,28,150
07,Escalante,015,0095 ,0405,342,12,4,29,14,19,3,18,24,137
07,Escalante,015,0095 ,0406,342,10,15,31,8,13,3,17,14,155
07,Escalante,015,0095 ,0984,330,10,15,35,8,19,3,28,24,136
07,Escalante,015,0095 ,0985,330,3,16,26,8,19,7,33,26,123
07,Escalante,015,0095 ,0986,329,7,23,33,16,16,4,28,27,118
07,Escalante,015,0095 ,0987,329,9,17,27,14,11,2,28,33,132
07,Escalante,015,0095 ,0988,329,11,29,44,9,23,6,18,20,118
07,Escalante,015,0095 ,0989,329,10,14,40,6,19,3,20,20,131
07,Escalante,015,0095 ,0990,329,17,12,34,10,26,6,27,18,133
07,Escalante,015,0095 ,0991,329,2,14,37,8,13,1,30,21,137
07,Escalante,015,0095 ,0992,329,4,23,43,7,20,8,34,18,130
07,Escalante,015,0095 ,0993,329,13,17,47,6,22,4,32,19,120
07,Escalante,015,0095 ,0994,329,13,19,37,6,24,6,29,18,137
07,Escalante,015,0096 ,0407,305,8,15,37,8,13,9,23,23,109
07,Escalante,015,0096 ,0408,305,8,8,38,10,14,6,19,22,124
07,Escalante,015,0096 ,0409,305,6,12,25,12,19,7,27,23,112
07,Escalante,015,0096 ,0410,305,4,6,38,8,13,6,28,21,122
07,Escalante,015,0096 ,0411,304,9,7,42,14,16,8,14,22,109
07,Escalante,015,0096 ,0995,306,5,10,38,15,16,2,29,23,111
07,Escalante,015,0096 ,0996,306,4,19,41,13,25,6,25,13,109
07,Escalante,015,0096 ,0997,306,6,12,36,8,19,4,35,14,117
07,Escalante,015,0096 ,0998,306,9,10,42,8,29,3,26,27,108
07,Escalante,015,0096 ,0999,306,6,12,55,10,18,11,17,13,108
07,Escalante,015,0097 ,0412,340,8,11,35,11,19,6,34,25,114
07,Escalante,015,0097 ,0413,340,4,10,53,12,21,6,42,9,105
07,Escalante,015,0097 ,0414,340,9,7,42,13,13,7,26,18,112
07,Escalante,015,0097 ,0415,339,7,10,45,5,19,5,23,25,85
07,Escalante,015,0097 ,0416,339,11,9,32,6,21,2,31,18,94
07,Escalante,015,0097 ,0417,339,7,13,42,13,17,6,24,20,118
07,Escalante,015,0097 ,0418,339,4,9,40,15,18,9,29,13,106
07,Escalante,015,0097 ,0419,339,10,7,35,10,12,11,32,14,119
07,Escalante,015,0097 ,0420,339,8,10,39,10,13,9,26,20,114
07,Escalante,015,0097 ,0421,339,10,10,40,13,19,5,39,19,92
07,Escalante,015,0097 ,0422,339,2,3,57,12,20,7,25,16,111
07,Escalante,015,0097 ,0423,339,6,19,48,14,24,6,30,17,96
07,Escalante,015,0097 ,1000,335,9,14,38,8,25,9,30,8,97
07,Escalante,015,0097 ,1001,335,4,14,52,6,22,4,26,13,90
07,Escalante,015,0097 ,1002,335,10,8,45,10,28,9,22,19,100
07,Escalante,015,0097 ,1003,335,6,10,55,6,30,9,36,11,88
07,Escalante,015,0097 ,1004,335,9,13,47,6,24,8,29,17,88
07,Escalante,015,0097 ,1005,335,9,15,43,7,26,10,37,16,90
07,Escalante,015,0097 ,1006,335,9,15,42,13,21,4,37,14,99
07,Escalante,015,0097 ,1007,335,12,10,38,9,23,1,34,10,111
07,Escalante,015,0097 ,1008,335,2,13,49,10,22,5,28,18,116
07,Escalante,015,0097 ,1009,335,4,9,42,11,25,11,33,12,107
07,Escalante,015,0097 ,1010,334,9,8,35,14,27,8,29,13,96
07,Escalante,015,0097 ,1011,334,7,13,56,9,23,0,30,11,97
07,Escalante,015,0098 ,0424,316,0,0,33,12,18,7,27,23,78
07,Escalante,015,0098 ,0425,316,3,10,45,10,20,6,24,12,69
07,Escalante,015,0098 ,0426,316,5,10,41,9,23,4,16,13,77
07,Escalante,015,0098 ,0427,316,5,4,39,8,19,7,36,14,78
07,Escalante,015,0098 ,0428,316,2,6,34,5,16,8,21,15,77
07,Escalante,015,0098 ,0429,315,8,5,38,8,20,4,26,22,77
07,Escalante,015,0098 ,0430,315,7,13,46,12,22,5,26,11,66
07,Escalante,015,0098 ,0431,315,2,9,42,6,13,8,21,19,92
07,Escalante,015,0098 ,1012,348,3,13,42,12,19,8,23,14,84
07,Escalante,015,0098 ,1013,348,3,11,51,10,30,4,14,12,80
07,Escalante,015,0098 ,1014,348,4,12,59,7,29,3,31,16,74
07,Escalante,015,0098 ,1015,347,6,11,66,9,28,3,31,11,79
07,Escalante,015,0098 ,1016,347,11,8,61,6,6,4,31,9,89
07,Escalante,015,0098 ,1017,347,6,16,61,12,21,5,22,10,86
07,Escalante,015,0098 ,1018,347,7,10,42,6,37,4,28,19,97
07,Escalante,015,0099 ,0432,330,0,1,35,9,18,6,31,16,59
07,Escalante,015,0099 ,0433,330,8,11,28,9,16,7,28,13,81
07,Escalante,015,0099 ,0434,329,5,11,31,7,16,5,26,20,84
07,Escalante,015,0099 ,0435,329,8,10,32,10,19,8,24,18,93
07,Escalante,015,0099 ,0436,329,4,6,42,8,17,4,25,16,92
07,Escalante,015,0099 ,0437,329,10,16,31,6,13,7,28,15,92
07,Escalante,015,0099 ,1019,303,9,5,38,15,17,4,35,8,72
07,Escalante,015,0099 ,1020,303,6,6,44,8,23,5,28,13,72
07,Escalante,015,0099 ,1021,303,4,4,30,6,30,8,29,14,79
07,Escalante,015,0099 ,1022,303,5,7,46,6,17,7,27,11,75
07,Escalante,015,0099 ,1023,302,8,9,37,14,21,5,21,9,77
07,Escalante,015,0099 ,1024,302,5,12,38,8,15,5,26,8,86
07,Escalante,015,0100 ,0438,344,3,7,39,9,12,4,33,27,95
07,Escalante,015,0100 ,0439,344,6,10,44,12,11,3,25,23,99
07,Escalante,015,0100 ,0440,344,3,13,44,9,28,7,28,14,88
07,Escalante,015,0100 ,0441,344,3,13,54,11,23,7,31,14,81
07,Escalante,015,0100 ,0442,344,9,8,41,7,16,6,25,23,97
07,Escalante,015,0100 ,0443,344,9,7,44,8,15,10,35,20,97
07,Escalante,015,0100 ,0444,343,16,0,37,7,23,6,27,19,111
07,Escalante,015,0100 ,1025,319,5,8,55,8,20,4,31,16,78
07,Escalante,015,0100 ,1026,319,4,7,44,11,24,9,34,13,80
07,Escalante,015,0100 ,1027,319,14,9,35,10,24,4,34,14,78
07,Escalante,015,0100 ,1028,319,8,15,49,6,17,7,26,17,101
07,Escalante,015,0100 ,1029,319,7,8,43,10,18,5,24,10,95
07,Escalante,015,0100 ,1030,319,8,5,52,9,16,5,26,14,78
07,Escalante,015,0100 ,1031,319,10,6,47,11,20,7,25,10,82
07,Escalante,015,0101 ,0445,329,3,17,32,8,9,2,24,25,141
07,Escalante,015,0101 ,0446,328,10,9,38,11,15,9,18,22,123
07,Escalante,015,0101 ,0447,328,9,14,35,13,11,8,18,22,141
07,Escalante,015,0101 ,0448,328,10,12,27,4,7,6,20,19,137
07,Escalante,015,0101 ,0449,328,13,0,33,9,8,6,14,14,143
07,Escalante,015,0101 ,1032,306,9,16,33,4,12,5,14,21,135
07,Escalante,015,0101 ,1033,306,7,18,37,12,12,4,17,12,138
07,Escalante,015,0101 ,1034,306,14,12,38,8,7,6,18,17,120
07,Escalante,015,0101 ,1035,305,8,12,36,9,5,3,19,16,113
07,Escalante,015,0101 ,1036,305,4,15,36,10,11,6,20,14,134
07,Escalante,015,0102 ,0450,326,0,0,39,7,7,2,16,31,137
07,Escalante,015,0102 ,0451,326,3,8,25,6,13,6,22,20,149
07,Escalante,015,0102 ,0452,325,7,8,32,10,11,4,16,15,148
07,Escalante,015,0102 ,0453,325,35,10,34,5,14,3,16,22,139
07,Escalante,015,0102 ,0454,325,7,9,31,8,10,8,20,13,138
07,Escalante,015,0102 ,0455,325,16,8,35,5,13,7,17,14,132
07,Escalante,015,0102 ,0456,325,10,15,25,8,8,7,26,20,140
07,Escalante,015,0102 ,0457,325,6,17,32,10,6,6,31,13,124
07,Escalante,015,0102 ,0458,325,10,7,30,10,7,6,21,28,127
07,Escalante,015,0102 ,0459,325,8,12,36,7,9,5,21,23,140
07,Escalante,015,0102 ,1037,339,6,12,41,10,10,5,24,12,152
07,Escalante,015,0102 ,1038,339,7,15,40,12,12,6,27,18,130
07,Escalante,015,0102 ,1039,338,2,12,45,7,20,4,27,32,123
07,Escalante,015,0102 ,1040,338,8,9,39,8,17,6,27,15,145
07,Escalante,015,0102 ,1041,338,11,11,33,17,14,8,29,28,118
07,Escalante,015,0102 ,1042,338,11,9,33,7,21,7,24,20,142
07,Escalante,015,0102 ,1043,338,0,0,30,9,22,8,27,15,138
07,Escalante,015,0102 ,1044,338,5,20,47,10,11,6,22,20,119
07,Escalante,015,0102 ,1045,338,9,15,43,6,10,9,28,27,119
07,Escalante,015,0103 ,0460,339,12,9,26,2,12,6,18,35,145
07,Escalante,015,0103 ,0461,339,7,6,35,10,10,9,9,20,160
07,Escalante,015,0103 ,0462,339,4,16,22,7,15,2,24,23,145
07,Escalante,015,0103 ,0463,339,13,19,17,8,11,5,14,17,143
07,Escalante,015,0103 ,0464,339,11,15,23,10,6,9,12,25,151
07,Escalante,015,0103 ,0465,339,13,12,29,11,9,4,13,28,136
07,Escalante,015,0103 ,0466,339,6,21,18,11,9,6,16,17,170
07,Escalante,015,0103 ,0467,338,4,10,28,7,8,9,19,26,141
07,Escalante,015,0103 ,0468,338,0,0,15,11,12,10,18,17,145
07,Escalante,015,0103 ,0469,338,10,20,21,5,9,8,23,17,151
07,Escalante,015,0103 ,0470,338,11,18,25,6,5,9,22,17,148
07,Escalante,015,0103 ,1046,332,4,12,25,7,13,5,23,18,146
07,Escalante,015,0103 ,1047,332,10,8,30,8,14,5,20,23,152
07,Escalante,015,0103 ,1048,331,5,17,35,5,8,6,10,25,144
07,Escalante,015,0103 ,1049,331,8,10,18,4,10,6,15,21,148
07,Escalante,015,0103 ,1050,331,11,18,33,5,8,8,14,24,75
07,Escalante,015,0103 ,1051,331,12,7,42,10,5,9,13,18,143
07,Escalante,015,0103 ,1052,331,3,13,35,6,7,7,12,24,166
07,Escalante,015,0103 ,1053,331,5,20,29,8,9,7,18,13,145
07,Escalante,015,0103 ,1054,331,0,0,84,0,0,0,2,5,213
07,Escalante,015,0103 ,1055,331,9,10,24,10,12,5,18,21,141
07,Escalante,015,0104 ,0471,359,13,12,31,10,11,5,20,24,147
07,Escalante,015,0104 ,0472,359,4,12,26,9,11,3,23,25,179
07,Escalante,015,0104 ,0473,359,13,22,26,9,10,10,18,20,152
07,Escalante,015,0104 ,0474,359,10,12,28,6,15,2,14,20,158
07,Escalante,015,0104 ,0475,359,7,18,24,8,7,8,21,24,162
07,Escalante,015,0104 ,0476,358,8,0,25,12,4,7,19,24,180
07,Escalante,015,0104 ,0477,358,8,14,30,9,11,6,18,20,161
07,Escalante,015,0104 ,0478,358,10,17,25,6,10,5,16,22,174
07,Escalante,015,0104 ,0479,358,8,10,39,5,9,4,25,22,167
07,Escalante,015,0104 ,1056,327,5,22,30,8,15,3,18,26,139
07,Escalante,015,0104 ,1057,327,4,22,26,8,6,10,15,21,138
07,Escalante,015,0104 ,1058,327,9,17,32,10,17,6,18,24,133
07,Escalante,015,0104 ,1059,327,8,15,28,10,9,7,22,14,152
07,Escalante,015,0104 ,1060,327,7,14,21,6,15,8,12,18,152
07,Escalante,015,0104 ,1061,327,12,22,32,7,12,7,21,20,141
07,Escalante,015,0104 ,1062,327,7,9,29,8,6,5,23,18,148
07,Escalante,015,0104 ,1063,326,8,13,38,12,11,4,17,20,136
07,Escalante,015,0104 ,1064,326,13,15,28,11,13,9,14,22,138
07,Escalante,015,0105 ,0480,357,8,0,38,9,9,67,24,17,167
07,Escalante,015,0105 ,0481,357,6,15,32,9,10,5,25,29,161
07,Escalante,015,0105 ,0482,357,13,14,29,8,11,3,13,25,163
07,Escalante,015,0105 ,0483,357,2,19,35,8,13,5,30,27,148
07,Escalante,015,0105 ,0484,357,9,14,32,10,14,6,25,23,165
07,Escalante,015,0105 ,0485,357,7,14,47,4,16,6,21,13,170
07,Escalante,015,0105 ,0486,357,14,13,37,11,18,8,29,19,144
07,Escalante,015,0105 ,0487,357,8,11,36,9,13,4,30,23,152
07,Escalante,015,0105 ,0488,357,5,18,30,10,15,3,29,22,150
07,Escalante,015,0105 ,0489,357,4,15,32,10,13,6,21,29,148
07,Escalante,015,0105 ,0490,357,11,9,38,10,10,3,28,30,138
07,Escalante,015,0105 ,0491,357,9,0,28,10,8,8,18,23,173
07,Escalante,015,0105 ,0492,357,5,7,32,14,4,5,24,25,175
07,Escalante,015,0105 ,0493,357,6,14,43,7,15,2,25,24,157
07,Escalante,015,0105 ,0494,356,10,8,22,10,12,9,29,29,150
07,Escalante,015,0105 ,0495,356,15,0,27,8,9,4,23,22,165
07,Escalante,015,0105 ,0496,356,17,0,31,12,12,5,22,23,157
07,Escalante,015,0105 ,0497,356,10,16,40,9,11,4,25,20,165
07,Escalante,015,0105 ,0498,356,13,0,21,7,15,5,26,10,189
07,Escalante,015,0105 ,0499,356,25,0,35,10,15,7,21,22,165
07,Escalante,015,0105 ,1065,355,6,17,33,10,20,4,26,20,158
07,Escalante,015,0105 ,1066,355,10,29,44,10,15,5,30,16,136
07,Escalante,015,0105 ,1067,354,15,20,49,14,15,7,23,22,146
07,Escalante,015,0105 ,1068,354,3,0,0,15,19,9,15,29,149
07,Escalante,015,0105 ,1069,354,5,14,44,9,19,5,20,22,151
07,Escalante,015,0105 ,1070,354,15,7,30,11,19,5,24,19,144
07,Escalante,015,0105 ,1071,354,12,14,43,13,20,8,25,16,141
07,Escalante,015,0105 ,1072,354,2,15,42,13,13,6,18,13,158
07,Escalante,015,0105 ,1073,354,5,25,39,14,14,4,25,19,144
07,Escalante,015,0105 ,1074,354,11,12,42,10,16,6,25,30,138
07,Escalante,015,0105 ,1075,354,12,18,36,11,18,3,37,24,137
07,Escalante,015,0105 ,1076,354,6,11,26,6,11,9,31,18,168
07,Escalante,015,0105 ,1077,354,15,15,30,12,15,5,23,23,160
07,Escalante,015,0105 ,1078,354,24,0,40,10,19,8,28,16,159
07,Escalante,015,0105 ,1079,354,7,8,27,12,15,13,25,20,150
07,Escalante,015,0105 ,1080,354,3,6,34,10,11,5,28,7,185
07,Escalante,015,0105 ,1081,354,0,12,42,13,10,10,17,16,173
07,Escalante,015,0105 ,1082,354,13,34,36,9,26,7,26,21,133
07,Escalante,015,0105 ,1083,354,4,10,34,10,18,3,25,21,153
07,Escalante,015,0105 ,1084,354,7,29,44,15,10,10,18,19,147
07,Escalante,015,0106 ,0500,344,7,11,48,7,17,4,35,16,118
07,Escalante,015,0106 ,0501,344,5,11,51,6,10,10,37,21,108
07,Escalante,015,0106 ,0502,343,8,8,49,7,23,12,30,28,105
07,Escalante,015,0106 ,0503,343,6,15,55,11,20,6,36,14,95
07,Escalante,015,0106 ,0504,343,6,1,38,11,16,8,34,18,117
07,Escalante,015,0106 ,0505,343,8,5,51,9,17,8,35,19,101
07,Escalante,015,0106 ,0506,343,3,10,44,6,21,4,41,21,127
07,Escalante,015,0106 ,1085,323,5,6,45,11,28,6,34,9,107
07,Escalante,015,0106 ,1086,322,5,7,57,4,25,5,26,15,95
07,Escalante,015,0106 ,1087,322,5,15,39,7,24,8,26,13,99
07,Escalante,015,0106 ,1088,322,10,14,44,6,30,9,33,18,75
07,Escalante,015,0106 ,1089,322,6,18,56,6,27,5,28,14,99
07,Escalante,015,0106 ,1090,322,4,12,53,11,17,7,34,12,92
07,Escalante,015,0106 ,1091,322,4,14,56,12,22,4,33,10,89
07,Escalante,015,0106 ,1092,322,1,5,39,8,22,6,34,12,91
07,Escalante,015,0107 ,0507,346,7,7,50,18,11,5,25,18,140
07,Escalante,015,0107 ,0508,345,6,6,39,9,13,4,29,26,145
07,Escalante,015,0107 ,0509,345,5,14,41,9,15,10,29,23,123
07,Escalante,015,0107 ,0510,345,3,8,43,16,9,10,40,18,130
07,Escalante,015,0107 ,0511,345,21,0,38,4,13,6,36,24,110
07,Escalante,015,0107 ,0512,345,3,20,49,7,19,8,32,8,125
07,Escalante,015,0107 ,0513,345,17,6,54,4,15,1,23,14,123
07,Escalante,015,0107 ,0514,345,1,9,38,10,14,8,22,20,133
07,Escalante,015,0107 ,0515,345,16,15,31,9,8,8,28,17,147
07,Escalante,015,0107 ,0516,345,5,12,37,9,14,4,26,26,132
07,Escalante,015,0107 ,0517,345,11,5,34,5,17,4,28,19,138
07,Escalante,015,0107 ,0518,345,5,9,48,4,13,4,30,18,132
07,Escalante,015,0107 ,0519,345,10,10,51,6,19,2,28,18,134
07,Escalante,015,0107 ,1093,351,7,16,41,3,26,7,33,22,121
07,Escalante,015,0107 ,1094,351,7,15,41,8,21,6,29,19,125
07,Escalante,015,0107 ,1095,351,6,11,51,7,20,8,27,18,119
07,Escalante,015,0107 ,1096,351,16,16,53,16,20,6,35,14,116
07,Escalante,015,0107 ,1097,351,10,10,45,12,29,3,43,10,128
07,Escalante,015,0107 ,1098,351,6,7,38,11,28,9,41,18,112
07,Escalante,015,0107 ,1099,351,9,0,45,16,18,2,25,23,128
07,Escalante,015,0107 ,1100,351,9,16,50,11,16,8,25,8,139
07,Escalante,015,0107 ,1101,351,8,13,52,17,20,4,33,22,122
07,Escalante,015,0107 ,1102,351,5,17,53,5,23,2,33,15,128
07,Escalante,015,0107 ,1103,351,6,11,44,5,0,7,27,18,138
07,Escalante,015,0107 ,1104,351,4,18,44,10,23,4,31,18,121
07,Escalante,015,0107 ,1105,350,10,18,51,7,25,6,27,18,113
07,Escalante,015,0108 ,0520,323,9,8,36,6,10,4,11,22,127
07,Escalante,015,0108 ,0521,322,20,0,34,5,15,3,16,28,128
07,Escalante,015,0108 ,0522,322,6,23,17,7,9,7,18,15,128
07,Escalante,015,0108 ,1106,276,3,8,36,7,15,8,13,19,106
07,Escalante,015,0108 ,1107,275,8,16,33,5,12,5,8,14,111
07,Escalante,015,0108 ,1108,275,6,11,26,7,6,2,17,19,98
07,Escalante,015,0109 ,0523,347,3,15,21,8,9,9,14,27,176
07,Escalante,015,0109 ,0524,347,15,0,36,7,9,7,20,19,171
07,Escalante,015,0109 ,0525,347,12,8,24,8,6,8,17,27,171
07,Escalante,015,0109 ,0526,347,11,20,25,16,5,5,19,17,162
07,Escalante,015,0109 ,0527,347,6,5,43,10,12,10,11,27,169
07,Escalante,015,0109 ,0528,346,9,15,35,10,5,6,15,37,148
07,Escalante,015,0109 ,0529,346,4,0,29,10,12,18,9,16,154
07,Escalante,015,0109 ,0530,346,4,14,28,8,11,6,7,30,190
07,Escalante,015,0109 ,0531,346,8,15,29,9,8,2,24,18,162
07,Escalante,015,0109 ,0532,346,13,14,20,7,9,7,17,27,174
07,Escalante,015,0109 ,0533,346,12,14,27,8,13,6,19,22,168
07,Escalante,015,0109 ,0534,346,17,12,34,8,9,4,14,17,155
07,Escalante,015,0109 ,0535,346,5,0,22,2,9,8,10,28,180
07,Escalante,015,0109 ,0536,346,4,0,34,8,5,8,18,27,163
07,Escalante,015,0109 ,0537,346,19,5,37,5,5,9,24,27,154
07,Escalante,015,0109 ,0538,346,21,5,22,14,9,4,11,22,176
07,Escalante,015,0109 ,0539,346,8,1,20,10,6,9,18,15,181
07,Escalante,015,0109 ,0540,346,10,8,34,6,14,6,17,28,165
07,Escalante,015,0109 ,1109,349,16,22,33,8,10,8,12,26,160
07,Escalante,015,0109 ,1110,349,12,18,26,6,12,8,17,26,177
07,Escalante,015,0109 ,1111,349,9,12,41,8,8,2,21,29,163
07,Escalante,015,0109 ,1112,349,5,12,33,9,8,10,15,22,159
07,Escalante,015,0109 ,1113,349,7,16,49,7,7,10,10,36,146
07,Escalante,015,0109 ,1114,349,22,10,46,10,8,5,27,27,144
07,Escalante,015,0109 ,1115,348,9,17,19,6,16,12,15,18,180
07,Escalante,015,0109 ,1116,348,9,16,37,2,10,6,16,18,183
07,Escalante,015,0109 ,1117,348,7,15,44,6,15,6,19,14,168
07,Escalante,015,0109 ,1118,348,9,16,46,3,10,5,17,20,172
07,Escalante,015,0109 ,1119,348,9,25,28,10,9,5,25,27,163
07,Escalante,015,0109 ,1120,348,5,16,28,8,17,4,16,25,163
07,Escalante,015,0109 ,1121,348,5,19,31,11,12,6,21,18,161
07,Escalante,015,0109 ,1122,348,6,20,27,12,9,6,17,19,173
07,Escalante,015,0109 ,1123,348,8,11,37,9,17,6,14,14,160
07,Escalante,015,0109 ,1124,348,9,15,30,6,16,8,18,18,177
07,Escalante,015,0109 ,1125,348,17,21,28,9,4,8,16,30,159
