codprov,depto,coddepto,circuito,mesa,electores,blancos,nulos,0194,0505,0532
09,Formosa,001,0001 ,0001,344,13,1,6,133,119
09,Formosa,001,0001 ,0002,344,15,1,7,103,125
09,Formosa,001,0001 ,0003,346,10,0,3,121,124
09,Formosa,001,0001 ,0004,345,10,0,5,107,142
09,Formosa,001,0001 ,0005,344,10,5,3,125,113
09,Formosa,001,0001 ,0006,346,15,4,6,117,119
09,Formosa,001,0001 ,0007,345,8,4,4,101,131
09,Formosa,001,0001 ,0008,345,7,2,5,111,134
09,Formosa,001,0001 ,0009,345,13,2,8,112,136
09,Formosa,001,0001 ,0010,344,0,3,4,90,149
09,Formosa,001,0001 ,0011,345,9,0,5,122,131
09,Formosa,001,0001 ,0012,345,11,7,6,110,135
09,Formosa,001,0001 ,0013,344,32,1,12,92,118
09,Formosa,001,0001 ,0014,343,20,4,7,99,129
09,Formosa,001,0001 ,0015,344,12,3,8,119,109
09,Formosa,001,0001 ,0016,344,13,1,6,104,140
09,Formosa,001,0001 ,0017,343,20,1,4,131,119
09,Formosa,001,0001 ,0018,345,2,5,4,0,115
09,Formosa,001,0001 ,0019,345,13,3,0,0,0
09,Formosa,001,0001 ,0020,344,13,1,3,108,128
09,Formosa,001,0001 ,0021,345,8,3,4,114,118
09,Formosa,001,0001 ,0022,344,10,1,2,126,126
09,Formosa,001,0001 ,0023,345,24,4,10,108,109
09,Formosa,001,0001 ,0024,344,15,2,8,112,114
09,Formosa,001,0001 ,0025,346,0,0,5,109,130
09,Formosa,001,0001 ,0026,345,10,1,5,124,104
09,Formosa,001,0001 ,0027,344,23,2,2,110,146
09,Formosa,001,0001 ,0028,346,11,4,8,124,117
09,Formosa,001,0001 ,0029,345,11,3,6,115,133
09,Formosa,001,0001 ,0030,345,13,1,4,105,126
09,Formosa,001,0001 ,0031,345,17,1,7,107,125
09,Formosa,001,0001 ,0032,344,10,0,2,126,116
09,Formosa,001,0001 ,0033,345,15,2,8,123,122
09,Formosa,001,0001 ,0034,344,22,2,6,129,117
09,Formosa,001,0001 ,0035,342,8,1,9,100,140
09,Formosa,001,0001 ,0036,345,8,5,5,111,129
09,Formosa,001,0001 ,0037,344,9,5,5,120,113
09,Formosa,001,0001 ,0038,341,29,4,9,100,117
09,Formosa,001,0001 ,0039,343,10,3,4,112,121
09,Formosa,001,0001 ,0040,342,14,1,10,146,0
09,Formosa,001,0001 ,0041,345,16,1,4,122,117
09,Formosa,001,0001 ,0042,344,14,4,3,94,134
09,Formosa,001,0001 ,0043,343,31,3,6,119,78
09,Formosa,001,0001 ,0044,341,19,4,6,145,93
09,Formosa,001,0001 ,0045,345,17,1,7,118,120
09,Formosa,001,0001 ,0046,343,8,3,6,121,139
09,Formosa,001,0001 ,0047,344,11,0,5,116,0
09,Formosa,001,0001 ,0048,344,6,1,11,117,138
09,Formosa,001,0001 ,0049,342,12,1,7,120,123
09,Formosa,001,0001 ,0050,344,13,4,11,80,151
09,Formosa,001,0001 ,0051,343,28,0,3,96,122
09,Formosa,001,0001 ,0052,345,13,1,3,118,121
09,Formosa,001,0001 ,0053,344,2,4,5,113,123
09,Formosa,001,0001 ,0054,344,9,2,2,96,141
09,Formosa,001,0001 ,0055,344,12,3,3,110,126
09,Formosa,001,0001 ,0056,343,16,7,6,91,139
09,Formosa,001,0002 ,0057,340,0,0,7,84,125
09,Formosa,001,0002 ,0058,339,6,1,12,91,124
09,Formosa,001,0002 ,0059,339,10,1,6,81,137
09,Formosa,001,0002 ,0060,337,19,1,10,72,136
09,Formosa,001,0002 ,0061,339,8,1,4,75,142
09,Formosa,001,0002 ,0062,338,0,0,4,71,149
09,Formosa,001,0002 ,0063,339,1,3,8,76,143
09,Formosa,001,0002 ,0064,337,23,2,5,65,133
09,Formosa,001,0002 ,0065,337,18,2,2,84,130
09,Formosa,001,0002 ,0066,337,0,0,0,0,0
09,Formosa,001,0002 ,0067,339,12,0,7,67,144
09,Formosa,001,0002 ,0068,336,19,4,6,80,131
09,Formosa,001,0002 ,0069,338,9,3,3,85,140
09,Formosa,001,0002 ,0070,339,3,0,6,71,152
09,Formosa,001,0002 ,0071,339,18,3,6,87,119
09,Formosa,001,0002 ,0072,339,14,6,5,85,144
09,Formosa,001,0002 ,0073,338,14,0,14,79,132
09,Formosa,001,0002 ,0074,337,11,2,5,67,154
09,Formosa,001,0002 ,0075,337,0,3,6,66,155
09,Formosa,001,0003 ,0076,347,12,3,4,0,141
09,Formosa,001,0003 ,0077,348,10,3,8,126,144
09,Formosa,001,0003 ,0078,348,5,3,5,147,118
09,Formosa,001,0003 ,0079,348,13,5,6,124,134
09,Formosa,001,0003 ,0080,348,14,3,12,134,118
09,Formosa,001,0003 ,0081,348,9,2,13,120,140
09,Formosa,001,0003 ,0082,348,13,0,6,115,143
09,Formosa,001,0003 ,0083,349,11,6,5,132,116
09,Formosa,001,0003 ,0084,347,0,0,14,117,125
09,Formosa,001,0003 ,0085,348,11,4,9,130,134
09,Formosa,001,0003 ,0086,349,18,1,6,114,145
09,Formosa,001,0003 ,0087,348,18,0,7,115,146
09,Formosa,001,0003 ,0088,347,15,4,4,129,121
09,Formosa,001,0003 ,0089,347,13,1,9,156,107
09,Formosa,001,0003 ,0090,348,14,3,8,128,119
09,Formosa,001,0003 ,0091,346,12,4,6,112,149
09,Formosa,001,0003 ,0092,348,13,2,8,144,128
09,Formosa,001,0003 ,0093,348,12,3,8,113,157
09,Formosa,001,0003 ,0094,348,10,3,12,117,147
09,Formosa,001,0003 ,0095,347,13,3,7,123,129
09,Formosa,001,0003 ,0096,348,0,2,1,109,144
09,Formosa,001,0003 ,0097,348,20,2,7,126,118
09,Formosa,001,0003 ,0098,347,12,3,4,133,129
09,Formosa,001,0003 ,0099,348,10,3,9,116,136
09,Formosa,001,0003 ,0100,348,9,2,4,118,145
09,Formosa,001,0003 ,0101,348,15,2,4,104,146
09,Formosa,001,0003 ,0102,348,9,0,7,116,128
09,Formosa,001,0003 ,0103,348,19,0,3,123,137
09,Formosa,001,0003 ,0104,347,14,6,2,126,129
09,Formosa,001,0003 ,0105,346,14,4,7,125,130
09,Formosa,001,0003 ,0106,348,17,4,3,149,113
09,Formosa,001,0003 ,0107,348,0,0,3,125,130
09,Formosa,001,0003 ,0108,348,16,3,3,114,137
09,Formosa,001,0003 ,0109,348,20,2,3,142,111
09,Formosa,001,0003 ,0110,348,17,1,4,130,126
09,Formosa,001,0003 ,0111,348,14,4,9,122,137
09,Formosa,001,0003 ,0112,348,11,1,5,140,129
09,Formosa,001,0003 ,0113,349,24,2,3,100,140
09,Formosa,001,0003 ,0114,349,15,1,4,114,144
09,Formosa,001,0003 ,0115,347,15,4,13,111,133
09,Formosa,001,0003 ,0116,348,0,4,3,125,138
09,Formosa,001,0003 ,0117,349,20,10,8,139,114
09,Formosa,001,0003 ,0118,348,25,5,9,131,119
09,Formosa,001,0003 ,0119,347,18,1,7,125,115
09,Formosa,001,0003 ,0120,348,15,6,3,112,140
09,Formosa,001,0003 ,0121,348,10,5,4,140,119
09,Formosa,001,0003 ,0122,347,17,2,6,106,143
09,Formosa,001,0003 ,0123,348,10,0,4,129,137
09,Formosa,001,0003 ,0124,348,7,4,9,0,138
09,Formosa,001,0003 ,0125,347,17,4,8,118,140
09,Formosa,001,0003 ,0126,349,35,1,7,124,97
09,Formosa,001,0003 ,0127,348,18,2,2,133,140
09,Formosa,001,0003 ,0128,348,12,3,8,137,109
09,Formosa,001,0003 ,0129,347,20,1,5,106,138
09,Formosa,001,0003 ,0130,348,20,0,3,135,132
09,Formosa,001,0003 ,0131,348,18,5,0,121,136
09,Formosa,001,0003 ,0132,348,14,3,9,127,129
09,Formosa,001,0003 ,0133,347,22,0,9,125,117
09,Formosa,001,0003 ,0134,349,3,7,3,114,161
09,Formosa,001,0003 ,0135,347,13,2,4,124,0
09,Formosa,001,0003 ,0136,347,14,4,4,115,139
09,Formosa,001,0003 ,0137,347,23,2,8,119,128
09,Formosa,001,0003 ,0138,347,11,2,6,124,139
09,Formosa,001,0003 ,0139,347,14,0,2,128,143
09,Formosa,001,0003 ,0140,346,26,3,6,115,133
09,Formosa,001,0003 ,0141,346,10,2,7,129,141
09,Formosa,001,0003 ,0142,346,9,0,5,133,134
09,Formosa,001,0003 ,0143,347,15,0,6,116,134
09,Formosa,001,0003 ,0144,347,13,2,7,126,141
09,Formosa,001,0003 ,0145,347,10,5,7,115,129
09,Formosa,001,0003 ,0146,347,11,1,8,121,118
09,Formosa,001,0003 ,0147,346,18,0,4,126,134
09,Formosa,001,0003 ,0148,346,14,2,8,110,144
09,Formosa,001,0003 ,0149,347,14,3,4,101,153
09,Formosa,001,0003 ,0150,346,10,1,3,135,120
09,Formosa,001,0003 ,0151,346,15,2,11,112,153
09,Formosa,001,0003 ,0152,347,12,5,8,110,131
09,Formosa,001,0003 ,0153,347,15,4,7,119,134
09,Formosa,001,0003 ,0154,348,17,1,4,118,144
09,Formosa,001,0003 ,0155,346,20,1,10,114,143
09,Formosa,001,0003 ,0156,345,13,2,4,123,131
09,Formosa,001,0003 ,0157,345,17,1,0,145,110
09,Formosa,001,0003 ,0158,347,12,0,7,105,147
09,Formosa,001,0003 ,0159,346,13,0,10,124,139
09,Formosa,001,0003 ,0160,346,6,3,6,119,137
09,Formosa,001,0003 ,0161,346,11,6,5,124,122
09,Formosa,001,0003 ,0162,347,31,2,9,124,121
09,Formosa,001,0003 ,0163,347,13,5,5,108,146
09,Formosa,001,0003 ,0164,347,13,1,3,128,123
09,Formosa,001,0003 ,0165,348,13,5,9,114,141
09,Formosa,001,0003 ,0166,346,2,2,13,113,0
09,Formosa,001,0003 ,0167,347,14,0,10,127,140
09,Formosa,001,0003 ,0168,346,9,3,5,111,135
09,Formosa,001,0003 ,0169,347,16,2,5,121,138
09,Formosa,001,0003 ,0170,346,3,8,8,109,129
09,Formosa,001,0003 ,0171,347,10,1,8,110,136
09,Formosa,001,0003 ,0172,347,11,4,9,115,140
09,Formosa,001,0003 ,0173,348,16,3,3,126,118
09,Formosa,001,0003 ,0174,347,4,1,3,139,139
09,Formosa,001,0003 ,0175,347,10,1,4,102,162
09,Formosa,001,0003 ,0176,347,20,3,8,126,117
09,Formosa,001,0003 ,0177,347,24,4,6,117,137
09,Formosa,001,0003 ,0178,346,11,3,7,137,117
09,Formosa,001,0003 ,0179,347,14,2,5,124,127
09,Formosa,001,0003 ,0180,346,40,0,9,95,133
09,Formosa,001,0003 ,0181,347,16,6,5,118,129
09,Formosa,001,0003 ,0182,347,25,1,8,112,120
09,Formosa,001,0003 ,0183,347,11,3,6,127,135
09,Formosa,001,0003 ,0184,346,0,0,0,0,0
09,Formosa,001,0003 ,0185,347,17,7,9,130,128
09,Formosa,001,0003 ,0186,348,11,2,12,119,135
09,Formosa,001,0003 ,0187,347,11,3,6,140,119
09,Formosa,001,0003 ,0188,347,15,11,9,124,116
09,Formosa,001,0003 ,0189,347,14,2,6,127,141
09,Formosa,001,0003 ,0190,348,3,3,4,124,157
09,Formosa,001,0003 ,0191,345,8,3,11,97,153
09,Formosa,001,0003 ,0192,348,17,0,6,129,117
09,Formosa,001,0003 ,0193,347,10,2,5,134,129
09,Formosa,001,0003 ,0194,348,10,3,6,127,141
09,Formosa,001,0003 ,0195,347,18,1,2,120,136
09,Formosa,001,0003 ,0196,346,7,1,10,130,135
09,Formosa,001,0003 ,0197,347,8,3,7,120,145
09,Formosa,001,0003 ,0198,347,10,0,3,135,139
09,Formosa,001,0003 ,0199,348,15,3,2,137,113
09,Formosa,001,0003 ,0200,345,20,1,4,130,122
09,Formosa,001,0003 ,0201,347,11,1,8,139,138
09,Formosa,001,0003 ,0202,348,11,2,8,122,149
09,Formosa,001,0003 ,0203,347,19,2,9,122,142
09,Formosa,001,0003 ,0204,346,16,1,4,130,135
09,Formosa,001,0003 ,0205,347,11,5,9,113,133
09,Formosa,001,0003 ,0206,346,11,0,10,126,125
09,Formosa,001,0003 ,0207,346,17,4,5,134,131
09,Formosa,001,0003 ,0208,347,18,3,8,115,145
09,Formosa,001,0003 ,0209,348,12,4,8,120,141
09,Formosa,001,0003 ,0210,344,0,0,5,117,145
09,Formosa,001,0003 ,0211,347,14,1,9,120,139
09,Formosa,001,0003 ,0212,347,19,0,3,135,132
09,Formosa,001,0003 ,0213,345,11,2,3,120,143
09,Formosa,001,0003 ,0214,347,2,3,2,0,0
09,Formosa,001,0003 ,0215,346,10,2,3,127,116
09,Formosa,001,0003 ,0216,346,0,0,7,125,127
09,Formosa,001,0003 ,0217,347,8,5,1,156,112
09,Formosa,001,0003 ,0218,347,18,0,1,128,132
09,Formosa,001,0003 ,0219,347,10,4,12,115,128
09,Formosa,001,0003 ,0220,346,31,5,2,101,136
09,Formosa,001,0003 ,0221,347,11,5,5,107,131
09,Formosa,001,0003 ,0222,345,10,1,4,125,123
09,Formosa,001,0003 ,0223,347,15,2,7,80,179
09,Formosa,001,0003 ,0224,346,9,2,9,111,125
09,Formosa,001,0003 ,0225,347,11,0,4,144,126
09,Formosa,001,0003 ,0226,346,12,2,6,114,130
09,Formosa,001,0003 ,0227,347,18,1,8,119,133
09,Formosa,001,0003 ,0228,347,18,6,3,114,133
09,Formosa,001,0003 ,0229,347,11,1,4,123,149
09,Formosa,001,0003 ,0230,347,11,5,5,111,145
09,Formosa,001,0003 ,0231,347,4,2,4,93,177
09,Formosa,001,0003 ,0232,344,15,0,5,117,136
09,Formosa,001,0003 ,0233,346,11,1,4,110,155
09,Formosa,001,0003 ,0234,345,14,3,3,132,112
09,Formosa,001,0003 ,0235,347,11,0,10,121,127
09,Formosa,001,0003 ,0236,348,7,3,5,108,156
09,Formosa,001,0003 ,0237,346,22,3,7,116,141
09,Formosa,001,0003 ,0238,346,21,4,0,121,150
09,Formosa,001,0004 ,0239,347,22,4,9,158,104
09,Formosa,001,0004 ,0240,347,14,4,2,111,139
09,Formosa,001,0004 ,0241,347,16,2,6,130,0
09,Formosa,001,0004 ,0242,347,19,1,3,118,137
09,Formosa,001,0004 ,0243,347,17,1,4,113,142
09,Formosa,001,0004 ,0244,348,13,3,4,140,108
09,Formosa,001,0004 ,0245,347,17,6,0,134,120
09,Formosa,001,0004 ,0246,348,13,0,6,129,121
09,Formosa,001,0004 ,0247,347,13,2,7,128,130
09,Formosa,001,0004 ,0248,347,11,1,4,119,145
09,Formosa,001,0004 ,0249,346,0,0,10,110,128
09,Formosa,001,0004 ,0250,347,39,4,8,119,111
09,Formosa,001,0004 ,0251,345,20,1,4,113,129
09,Formosa,001,0004 ,0252,345,10,2,7,107,131
09,Formosa,001,0004 ,0253,346,7,1,6,110,150
09,Formosa,001,0004 ,0254,346,13,2,7,102,137
09,Formosa,001,0004 ,0255,345,11,2,9,124,122
09,Formosa,001,0004 ,0256,344,11,1,4,113,131
09,Formosa,001,0004 ,0257,345,0,1,3,133,140
09,Formosa,001,0004 ,0258,346,20,6,9,122,117
09,Formosa,001,0004 ,0259,346,10,0,7,137,109
09,Formosa,001,0004 ,0260,344,17,1,7,123,127
09,Formosa,001,0004 ,0261,346,13,0,9,110,143
09,Formosa,001,0004 ,0262,346,17,0,5,130,122
09,Formosa,001,0004 ,0263,345,15,4,3,143,111
09,Formosa,001,0004 ,0264,346,11,5,8,136,107
09,Formosa,001,0004 ,0265,344,10,1,4,111,15
09,Formosa,001,0004 ,0266,346,11,5,9,105,139
09,Formosa,001,0004 ,0267,346,0,0,7,147,128
09,Formosa,001,0004 ,0268,343,16,4,9,120,131
09,Formosa,001,0004 ,0269,344,8,0,5,125,148
09,Formosa,001,0004 ,0270,344,27,0,7,101,130
09,Formosa,001,0004 ,0271,345,14,0,7,131,116
09,Formosa,001,0004 ,0272,346,6,4,5,126,124
09,Formosa,001,0004 ,0273,346,14,2,6,105,155
09,Formosa,001,0004 ,0274,346,14,0,9,123,133
09,Formosa,001,0004 ,0275,346,14,1,3,114,132
09,Formosa,001,0004 ,0276,346,0,0,7,150,106
09,Formosa,001,0004 ,0277,346,16,2,3,122,111
09,Formosa,001,0004 ,0278,345,9,3,5,132,121
09,Formosa,001,0004 ,0279,346,16,5,4,127,132
09,Formosa,001,0004 ,0280,345,22,0,4,168,81
09,Formosa,001,0004 ,0281,348,19,2,4,124,136
09,Formosa,001,0004 ,0282,346,19,4,4,135,120
09,Formosa,001,0004 ,0283,346,16,0,4,126,125
09,Formosa,001,0004 ,0284,345,7,0,3,121,127
09,Formosa,001,0004 ,0285,344,20,2,6,120,111
09,Formosa,001,0004 ,0286,344,15,0,5,122,136
09,Formosa,001,0004 ,0287,343,13,1,11,113,124
09,Formosa,001,0004 ,0288,345,32,4,6,114,119
09,Formosa,001,0004 ,0289,344,10,4,7,112,133
09,Formosa,001,0004 ,0290,346,0,0,0,0,0
09,Formosa,001,0004 ,0291,346,3,2,5,100,132
09,Formosa,001,0004 ,0292,346,2,5,8,128,116
09,Formosa,001,0004 ,0293,347,12,5,3,124,115
09,Formosa,001,0004 ,0294,346,16,2,5,127,113
09,Formosa,001,0004 ,0295,346,6,1,2,114,135
09,Formosa,001,0004 ,0296,346,7,1,2,135,139
09,Formosa,001,0004 ,0297,346,5,5,6,125,120
09,Formosa,001,0004 ,0298,346,16,2,5,107,145
09,Formosa,001,0004 ,0299,347,7,1,3,145,105
09,Formosa,001,0004 ,0300,346,2,3,7,144,105
09,Formosa,001,0004 ,0301,346,5,5,6,119,136
09,Formosa,001,0004 ,0302,345,7,1,4,121,138
09,Formosa,001,0004 ,0303,345,17,2,2,120,132
09,Formosa,001,0004 ,0304,344,6,6,5,90,143
09,Formosa,001,0005 ,0305,346,20,2,4,172,90
09,Formosa,001,0005 ,0306,347,16,4,5,158,111
09,Formosa,001,0005 ,0307,348,29,5,3,167,92
09,Formosa,001,0005 ,0308,347,12,8,2,154,100
09,Formosa,001,0005 ,0309,347,14,4,4,155,109
09,Formosa,001,0005 ,0310,347,19,0,6,154,100
09,Formosa,001,0005 ,0311,346,16,0,5,164,96
09,Formosa,001,0005 ,0312,346,16,5,7,160,99
09,Formosa,001,0005 ,0313,347,20,2,3,163,96
09,Formosa,001,0005 ,0314,347,29,3,9,158,99
09,Formosa,001,0005 ,0315,348,19,1,0,0,0
09,Formosa,001,0005 ,0316,347,0,1,3,167,92
09,Formosa,001,0005 ,0317,347,12,4,5,157,106
09,Formosa,001,0005 ,0318,347,14,4,2,174,87
09,Formosa,001,0005 ,0319,348,19,3,2,152,101
09,Formosa,001,0005 ,0320,347,14,3,4,159,101
09,Formosa,001,0005 ,0321,347,10,4,1,137,125
09,Formosa,001,0005 ,0322,347,14,4,7,139,117
09,Formosa,001,0005 ,0323,347,13,4,6,175,82
09,Formosa,001,0005 ,0324,346,24,2,2,151,100
09,Formosa,001,0005 ,0325,347,17,4,3,166,90
09,Formosa,001,0005 ,0326,346,22,4,1,158,98
09,Formosa,001,0005 ,0327,347,20,6,1,165,94
09,Formosa,001,0005 ,0328,347,13,5,1,165,85
09,Formosa,001,0005 ,0329,347,11,0,5,183,81
09,Formosa,001,0005 ,0330,347,16,1,3,165,96
09,Formosa,001,0005 ,0331,347,11,6,2,170,91
09,Formosa,001,0005 ,0332,346,0,4,4,184,77
09,Formosa,001,0005 ,0333,347,15,3,6,157,94
09,Formosa,001,0005 ,0334,347,23,1,6,163,88
09,Formosa,001,0005 ,0335,347,15,6,3,149,101
09,Formosa,001,0005 ,0336,347,22,5,2,168,85
09,Formosa,001,0005 ,0337,347,10,4,3,181,89
09,Formosa,001,0005 ,0338,347,8,4,3,164,106
09,Formosa,001,0005 ,0339,347,10,0,5,171,101
09,Formosa,001,0005 ,0340,347,16,2,0,163,85
09,Formosa,001,0005 ,0341,347,0,0,4,158,87
09,Formosa,001,0005 ,0342,346,9,3,0,0,0
09,Formosa,001,0005 ,0343,346,25,4,4,163,83
09,Formosa,001,0005 ,0344,346,19,3,5,186,70
09,Formosa,001,0005 ,0345,348,11,4,0,152,106
09,Formosa,001,0005 ,0346,347,22,4,4,154,87
09,Formosa,001,0005 ,0347,348,16,1,9,152,85
09,Formosa,001,0005 ,0348,348,15,1,4,182,89
09,Formosa,001,0005 ,0349,346,6,1,1,167,102
09,Formosa,001,0005 ,0350,347,17,6,6,152,95
09,Formosa,001,0005 ,0351,347,19,5,0,160,100
09,Formosa,001,0005 ,0352,346,13,3,3,166,94
09,Formosa,001,0005 ,0353,347,16,5,5,171,92
09,Formosa,001,0005 ,0354,347,14,5,4,158,90
09,Formosa,001,0005 ,0355,346,9,0,1,135,127
09,Formosa,001,0005 ,0356,347,12,0,3,156,102
09,Formosa,001,0005 ,0357,346,15,4,3,167,96
09,Formosa,001,0005 ,0358,347,12,5,0,168,103
09,Formosa,001,0005 ,0359,347,6,5,2,129,113
09,Formosa,001,0005 ,0360,347,9,6,3,173,91
09,Formosa,001,0005 ,0361,347,0,0,0,0,0
09,Formosa,001,0005 ,0362,346,5,5,4,149,0
09,Formosa,001,0005 ,0363,347,11,2,7,159,84
09,Formosa,001,0005 ,0364,346,1,2,2,165,92
09,Formosa,001,0005 ,0365,347,20,4,8,159,96
09,Formosa,001,0005 ,0366,345,24,3,2,152,93
09,Formosa,001,0005 ,0367,346,5,1,6,168,98
09,Formosa,001,0005 ,0368,347,14,4,5,152,114
09,Formosa,001,0005 ,0369,346,6,19,4,176,81
09,Formosa,001,0005 ,0370,348,19,0,2,163,99
09,Formosa,001,0005 ,0371,347,0,0,3,125,113
09,Formosa,001,0005 ,0372,347,9,4,5,169,89
09,Formosa,001,0005 ,0373,347,5,0,5,185,102
09,Formosa,001,0005 ,0374,347,13,8,8,157,91
09,Formosa,001,0005 ,0375,347,12,2,4,171,91
09,Formosa,001,0005 ,0376,347,16,5,3,174,74
09,Formosa,001,0005 ,0377,347,17,1,2,156,106
09,Formosa,001,0005 ,0378,347,26,3,1,156,105
09,Formosa,001,0005 ,0379,347,22,3,4,122,124
09,Formosa,001,0005 ,0380,348,12,6,6,175,80
09,Formosa,001,0005 ,0381,345,20,3,3,138,96
09,Formosa,001,0005 ,0382,345,17,3,1,165,93
09,Formosa,001,0005 ,0383,347,12,4,5,139,115
09,Formosa,001,0005 ,0384,347,10,1,1,171,110
09,Formosa,001,0005 ,0385,347,22,2,6,156,102
09,Formosa,001,0005 ,0386,349,18,2,2,160,100
09,Formosa,001,0005 ,0387,347,6,5,5,166,93
09,Formosa,001,0005 ,0388,347,19,3,2,148,107
09,Formosa,001,0005 ,0389,348,45,0,4,169,63
09,Formosa,001,0005 ,0390,347,5,9,1,172,97
09,Formosa,001,0005 ,0391,347,2,3,6,169,100
09,Formosa,001,0005 ,0392,346,21,0,3,170,84
09,Formosa,001,0005 ,0393,347,19,4,4,163,96
09,Formosa,001,0005 ,0394,346,12,0,2,153,119
09,Formosa,001,0005 ,0395,347,24,7,3,164,97
09,Formosa,001,0005 ,0396,347,0,0,4,157,109
09,Formosa,001,0005 ,0397,347,11,2,1,168,98
09,Formosa,001,0005 ,0398,347,18,4,2,174,83
09,Formosa,001,0005 ,0399,347,15,0,4,162,98
09,Formosa,001,0005 ,0400,348,14,3,1,162,96
09,Formosa,001,0005 ,0401,347,0,1,4,157,100
09,Formosa,001,0005 ,0402,345,9,4,5,152,111
09,Formosa,001,0005 ,0403,348,16,2,2,166,90
09,Formosa,001,0005 ,0404,347,18,0,4,176,91
09,Formosa,001,0005 ,0405,347,0,0,5,170,89
09,Formosa,001,0005 ,0406,348,20,0,5,134,110
09,Formosa,001,0005 ,0407,347,21,4,0,130,109
09,Formosa,001,0005 ,0408,347,31,0,4,153,86
09,Formosa,001,0005 ,0409,347,20,1,8,174,85
09,Formosa,001,0005 ,0410,346,7,0,7,161,107
09,Formosa,001,0005 ,0411,347,16,5,6,164,104
09,Formosa,001,0005 ,0412,345,18,3,2,160,94
09,Formosa,001,0005 ,0413,349,10,4,3,175,93
09,Formosa,001,0005 ,0414,349,18,5,1,170,87
09,Formosa,001,0005 ,0415,347,13,2,2,159,114
09,Formosa,001,0005 ,0416,347,13,3,7,155,100
09,Formosa,001,0005 ,0417,347,1,6,7,159,97
09,Formosa,001,0005 ,0418,346,2,8,6,145,114
09,Formosa,001,0005 ,0419,346,16,3,3,157,88
09,Formosa,001,0005 ,0420,345,6,4,2,145,122
09,Formosa,001,0005 ,0421,344,4,0,3,153,92
09,Formosa,001,0005 ,0422,346,7,0,0,0,0
09,Formosa,001,0005 ,0423,346,14,2,4,147,101
09,Formosa,001,0005 ,0424,346,1,13,2,179,73
09,Formosa,001,0005A,0425,334,22,0,3,231,45
09,Formosa,001,0005A,0426,336,12,2,2,224,42
09,Formosa,001,0005A,0427,336,22,3,1,204,57
09,Formosa,001,0005A,0428,332,28,1,4,196,63
09,Formosa,001,0005A,0429,333,20,1,1,202,55
09,Formosa,001,0005A,0430,335,21,1,0,221,42
09,Formosa,001,0005A,0431,335,14,3,1,204,70
09,Formosa,001,0006 ,0432,327,14,0,5,14,77
09,Formosa,001,0006 ,0433,326,6,3,5,155,103
09,Formosa,001,0006 ,0434,326,19,1,5,156,88
09,Formosa,001,0006 ,0435,326,10,3,1,161,80
09,Formosa,001,0006 ,0436,326,14,4,5,149,94
09,Formosa,001,0006 ,0437,326,12,6,4,152,97
09,Formosa,001,0006 ,0438,326,9,3,3,153,97
09,Formosa,001,0006 ,0439,326,6,2,7,135,119
09,Formosa,001,0007 ,0440,345,19,1,2,141,108
09,Formosa,001,0007 ,0441,344,13,0,4,124,123
09,Formosa,001,0007 ,0442,341,11,0,3,144,123
09,Formosa,001,0007 ,0443,343,9,4,8,0,0
09,Formosa,001,0007 ,0444,345,9,4,7,117,142
09,Formosa,001,0007 ,0445,344,15,6,9,142,115
09,Formosa,001,0007 ,0446,344,20,7,4,128,115
09,Formosa,001,0007 ,0447,344,23,0,3,124,129
09,Formosa,001,0007 ,0448,344,21,6,2,147,90
09,Formosa,001,0007 ,0449,344,10,3,3,151,103
09,Formosa,001,0007 ,0450,344,0,4,5,142,122
09,Formosa,001,0007 ,0451,344,11,4,0,150,98
09,Formosa,001,0007 ,0452,344,7,3,2,115,129
09,Formosa,001,0007 ,0453,345,37,10,0,141,98
09,Formosa,001,0007 ,0454,345,15,4,1,141,124
09,Formosa,001,0007 ,0455,342,3,3,3,115,142
09,Formosa,001,0007 ,0456,344,0,0,5,135,134
09,Formosa,001,0007 ,0457,344,17,7,5,110,140
09,Formosa,001,0007 ,0458,346,5,8,6,131,113
09,Formosa,001,0007 ,0459,343,7,6,3,123,128
09,Formosa,001,0007 ,0460,344,1,4,3,135,123
09,Formosa,001,0007 ,0461,344,20,2,7,134,119
09,Formosa,001,0007 ,0462,344,13,4,5,144,110
09,Formosa,001,0007 ,0463,345,12,2,6,134,116
09,Formosa,001,0007 ,0464,344,2,2,3,171,96
09,Formosa,001,0007 ,0465,343,14,2,4,142,120
09,Formosa,001,0007 ,0466,344,19,4,4,137,127
09,Formosa,001,0007 ,0467,343,17,11,4,125,106
09,Formosa,001,0007 ,0468,345,18,1,1,136,126
09,Formosa,001,0007 ,0469,344,11,2,4,128,127
09,Formosa,001,0007 ,0470,345,12,3,4,144,109
09,Formosa,001,0007 ,0471,345,20,2,2,129,112
09,Formosa,001,0007 ,0472,344,0,0,7,135,113
09,Formosa,001,0007 ,0473,346,11,3,6,143,129
09,Formosa,001,0007 ,0474,344,18,7,10,125,103
09,Formosa,001,0007 ,0475,343,15,4,3,116,137
09,Formosa,001,0007 ,0476,343,9,13,5,144,109
09,Formosa,001,0007 ,0477,342,4,4,6,122,126
09,Formosa,001,0007 ,0478,346,3,16,7,119,145
09,Formosa,001,0007 ,0479,344,9,5,10,138,118
09,Formosa,001,0007 ,0480,344,11,2,4,131,128
09,Formosa,001,0007 ,0481,344,30,2,3,134,102
09,Formosa,001,0007 ,0482,344,9,5,2,124,138
09,Formosa,001,0007 ,0483,343,13,2,6,119,127
09,Formosa,001,0007 ,0484,345,5,7,4,140,119
09,Formosa,001,0007 ,0485,343,9,5,5,139,129
09,Formosa,001,0007 ,0486,345,3,5,3,126,118
09,Formosa,001,0007 ,0487,344,25,11,7,127,0
09,Formosa,001,0007 ,0488,344,10,2,3,142,130
09,Formosa,001,0007 ,0489,345,12,9,1,124,117
09,Formosa,001,0007 ,0490,344,20,0,2,140,120
09,Formosa,001,0007 ,0491,344,34,1,4,98,133
09,Formosa,001,0007 ,0492,344,16,2,2,153,115
09,Formosa,001,0007 ,0493,345,18,0,3,142,114
09,Formosa,001,0007 ,0494,346,23,7,4,142,116
09,Formosa,001,0007 ,0495,345,12,5,10,126,127
09,Formosa,001,0007 ,0496,343,23,2,5,138,131
09,Formosa,001,0007 ,0497,343,0,0,6,118,119
09,Formosa,001,0007 ,0498,343,14,5,4,130,120
09,Formosa,001,0007 ,0499,343,15,5,2,114,132
09,Formosa,001,0007 ,0500,344,10,7,6,134,115
09,Formosa,001,0007 ,0501,344,0,2,2,150,144
09,Formosa,001,0007 ,0502,343,10,4,3,150,122
09,Formosa,001,0007 ,0503,344,15,0,7,137,119
09,Formosa,001,0007 ,0504,343,20,3,7,138,125
09,Formosa,001,0007 ,0505,344,16,1,5,123,127
09,Formosa,001,0007 ,0506,343,6,3,3,137,131
09,Formosa,001,0007 ,0507,342,17,6,4,130,126
09,Formosa,001,0007 ,0508,343,5,5,6,141,125
09,Formosa,001,0007 ,0509,341,19,3,2,128,115
09,Formosa,001,0007 ,0510,342,9,3,4,150,116
09,Formosa,001,0007 ,0511,343,13,3,10,118,124
09,Formosa,001,0007 ,0512,344,12,2,8,126,124
09,Formosa,001,0007 ,0513,343,19,5,7,104,145
09,Formosa,001,0008 ,0514,140,8,2,1,51,41
09,Formosa,001,0008A,0515,330,12,3,7,115,127
09,Formosa,001,0008A,0516,330,6,1,6,121,126
09,Formosa,001,0008A,0517,331,39,2,6,97,0
09,Formosa,001,0008A,0518,331,15,2,6,118,123
09,Formosa,001,0008A,0519,329,13,4,8,127,101
09,Formosa,001,0008A,0520,329,8,4,3,105,133
09,Formosa,001,0008A,0521,330,14,3,5,109,125
09,Formosa,001,0008A,0522,328,11,2,5,125,120
09,Formosa,001,0008A,0523,329,12,3,2,130,126
09,Formosa,001,0008A,0524,328,22,0,6,119,126
09,Formosa,001,0008B,0525,326,5,0,10,162,87
09,Formosa,001,0008B,0526,324,17,1,2,139,103
09,Formosa,001,0008B,0527,322,16,1,4,150,91
09,Formosa,001,0008B,0528,323,14,0,7,133,108
09,Formosa,001,0008B,0529,326,44,3,2,151,80
09,Formosa,001,0008B,0530,324,19,3,4,120,125
09,Formosa,001,0008B,0531,324,17,1,2,173,85
09,Formosa,001,0009 ,0532,53,2,0,0,29,12
09,Formosa,001,0011 ,0533,280,8,4,0,143,60
09,Formosa,001,0011 ,0534,278,11,0,0,134,69
09,Formosa,001,0011 ,0535,279,12,2,1,147,58
09,Formosa,001,0014 ,0536,139,4,0,1,62,39
09,Formosa,001,0015 ,0537,78,6,0,0,36,16
09,Formosa,001,0016 ,0538,312,10,0,0,141,104
09,Formosa,001,0017 ,0539,331,14,0,0,164,75
09,Formosa,001,0017 ,0540,329,12,0,0,187,73
09,Formosa,001,0017 ,0541,329,6,1,0,168,87
09,Formosa,001,0017A,0542,185,0,0,0,75,39
09,Formosa,001,0017B,0543,39,1,0,0,10,15
09,Formosa,001,0018 ,0544,290,23,0,0,138,75
09,Formosa,001,0018 ,0545,290,9,2,2,131,93
09,Formosa,001,0018 ,0546,289,11,0,1,159,65
09,Formosa,001,0018 ,0547,289,11,0,0,133,92
09,Formosa,001,0018 ,0548,287,0,0,0,121,85
09,Formosa,001,0018A,0549,19,0,0,0,0,0
09,Formosa,001,0019 ,0550,342,12,0,0,214,69
09,Formosa,001,0019 ,0551,340,11,0,1,199,79
09,Formosa,001,0019 ,0552,342,11,3,0,218,78
09,Formosa,001,0019 ,0553,343,12,0,0,199,67
09,Formosa,001,0020 ,0554,82,0,0,0,29,8
09,Formosa,001,0021 ,0555,282,2,1,0,0,0
09,Formosa,001,0021 ,0556,281,2,4,0,51,71
09,Formosa,001,0021 ,0557,279,14,1,0,120,68
09,Formosa,001,0021 ,0558,280,3,0,0,119,80
09,Formosa,001,0021A,0559,152,4,0,0,81,17
09,Laishi,002,0022 ,0560,343,13,5,1,175,99
09,Laishi,002,0022 ,0561,342,41,1,0,153,85
09,Laishi,002,0022 ,0562,341,16,0,0,162,108
09,Laishi,002,0022 ,0563,342,0,0,0,181,96
09,Laishi,002,0022 ,0564,342,15,3,4,149,99
09,Laishi,002,0022 ,0565,342,12,1,0,184,89
09,Laishi,002,0022 ,0566,342,24,4,0,159,92
09,Laishi,002,0022 ,0567,341,14,5,0,179,86
09,Laishi,002,0022 ,0568,343,13,1,1,174,108
09,Laishi,002,0022 ,0569,342,14,5,0,171,97
09,Laishi,002,0022 ,0570,342,15,3,3,161,97
09,Laishi,002,0022A,0571,290,11,0,7,166,51
09,Laishi,002,0022A,0572,290,1,1,3,166,60
09,Laishi,002,0022A,0573,290,0,0,5,171,58
09,Laishi,002,0022B,0574,277,5,1,2,117,29
09,Laishi,002,0022C,0575,18,0,0,0,3,0
09,Laishi,002,0023 ,0576,294,3,2,4,172,65
09,Laishi,002,0023 ,0577,295,0,0,0,184,56
09,Laishi,002,0023 ,0578,295,5,3,3,173,53
09,Laishi,002,0023 ,0579,295,11,5,1,186,53
09,Laishi,002,0023 ,0580,296,1,0,0,180,54
09,Laishi,002,0023 ,0581,294,1,0,0,170,65
09,Laishi,002,0023A,0582,228,0,1,0,107,41
09,Laishi,002,0023B,0583,8,0,0,0,3,1
09,Laishi,002,0023C,0584,341,13,3,2,207,57
09,Laishi,002,0023C,0585,340,2,1,6,203,54
09,Laishi,002,0023C,0586,341,2,6,0,195,81
09,Laishi,002,0023C,0587,339,1,1,0,189,72
09,Laishi,002,0023C,0588,340,1,1,0,198,72
09,Laishi,002,0023C,0589,341,6,0,1,215,63
09,Laishi,002,0023C,0590,340,10,5,2,169,82
09,Laishi,002,0023C,0591,340,0,2,2,52,7
09,Laishi,002,0023C,0592,340,1,2,0,189,56
09,Laishi,002,0023C,0593,341,0,0,0,218,53
09,Laishi,002,0024 ,0594,343,7,1,0,212,68
09,Laishi,002,0024 ,0595,344,7,3,1,207,69
09,Laishi,002,0024 ,0596,343,11,2,2,196,63
09,Laishi,002,0024 ,0597,343,6,1,0,201,71
09,Laishi,002,0024 ,0598,344,3,6,0,192,90
09,Laishi,002,0024 ,0599,343,8,3,1,186,89
09,Laishi,002,0024 ,0600,342,5,0,2,0,0
09,Laishi,002,0024 ,0601,343,7,0,3,193,89
09,Laishi,002,0024 ,0602,343,3,5,0,207,87
09,Laishi,002,0024 ,0603,342,9,1,1,192,88
09,Laishi,002,0024 ,0604,343,15,2,0,198,75
09,Laishi,002,0024 ,0605,343,12,3,1,203,79
09,Laishi,002,0024 ,0606,343,6,1,1,199,69
09,Laishi,002,0024 ,0607,340,9,2,2,186,90
09,Laishi,002,0024 ,0608,342,8,5,2,202,70
09,Laishi,002,0024 ,0609,342,7,0,3,225,61
09,Laishi,002,0024A,0610,145,5,2,0,38,33
09,Laishi,002,0024B,0611,230,3,1,2,152,0
09,Laishi,002,0024B,0612,228,5,0,2,146,35
09,Pilcomayo,003,0025 ,0613,188,2,0,0,61,27
09,Pilcomayo,003,0026 ,0614,331,6,6,0,179,92
09,Pilcomayo,003,0026 ,0615,332,4,2,0,215,50
09,Pilcomayo,003,0026 ,0616,330,4,2,1,211,62
09,Pilcomayo,003,0026 ,0617,331,13,2,0,169,96
09,Pilcomayo,003,0026 ,0618,331,3,2,0,206,65
09,Pilcomayo,003,0026 ,0619,331,0,1,3,213,45
09,Pilcomayo,003,0026 ,0620,330,6,1,0,181,86
09,Pilcomayo,003,0026 ,0621,330,6,2,0,194,70
09,Pilcomayo,003,0026 ,0622,331,12,2,3,190,68
09,Pilcomayo,003,0026 ,0623,332,9,3,0,52,9
09,Pilcomayo,003,0026 ,0624,331,5,3,0,179,75
09,Pilcomayo,003,0026 ,0625,331,4,0,2,206,51
09,Pilcomayo,003,0026 ,0626,331,4,1,0,209,51
09,Pilcomayo,003,0026 ,0627,331,9,1,0,195,60
09,Pilcomayo,003,0026 ,0628,329,3,2,0,194,67
09,Pilcomayo,003,0026 ,0629,330,7,2,0,194,50
09,Pilcomayo,003,0026 ,0630,329,7,2,1,206,51
09,Pilcomayo,003,0026 ,0631,331,4,2,0,167,83
09,Pilcomayo,003,0026A,0632,189,1,0,0,84,40
09,Pilcomayo,003,0026B,0633,104,0,0,0,53,13
09,Pilcomayo,003,0027 ,0634,19,0,0,0,2,3
09,Pilcomayo,003,0028 ,0635,336,0,0,0,245,27
09,Pilcomayo,003,0028 ,0636,335,1,1,0,247,0
09,Pilcomayo,003,0028 ,0637,335,0,0,0,78,0
09,Pilcomayo,003,0028 ,0638,335,6,0,0,233,37
09,Pilcomayo,003,0028 ,0639,336,1,1,0,64,32
09,Pilcomayo,003,0028 ,0640,336,5,0,0,250,29
09,Pilcomayo,003,0028 ,0641,336,11,0,0,222,50
09,Pilcomayo,003,0028 ,0642,335,4,0,0,233,38
09,Pilcomayo,003,0028A,0643,163,2,0,0,56,18
09,Pilcomayo,003,0028B,0644,280,2,0,1,159,69
09,Pilcomayo,003,0028B,0645,279,3,2,0,165,67
09,Pilcomayo,003,0028B,0646,279,7,0,2,166,69
09,Pilcomayo,003,0029 ,0647,347,10,2,1,184,92
09,Pilcomayo,003,0029 ,0648,347,5,0,1,218,64
09,Pilcomayo,003,0029 ,0649,346,10,0,0,217,54
09,Pilcomayo,003,0029 ,0650,347,8,1,1,219,66
09,Pilcomayo,003,0029 ,0651,346,18,0,2,185,68
09,Pilcomayo,003,0029 ,0652,346,18,1,2,180,88
09,Pilcomayo,003,0029 ,0653,347,3,3,2,211,65
09,Pilcomayo,003,0029 ,0654,346,7,2,2,196,73
09,Pilcomayo,003,0029 ,0655,345,4,7,1,162,112
09,Pilcomayo,003,0029 ,0656,344,11,0,0,202,68
09,Pilcomayo,003,0029 ,0657,346,6,0,1,187,85
09,Pilcomayo,003,0029 ,0658,346,5,3,1,177,68
09,Pilcomayo,003,0029 ,0659,346,0,5,0,192,66
09,Pilcomayo,003,0029 ,0660,346,7,0,2,202,81
09,Pilcomayo,003,0029 ,0661,346,8,2,2,195,64
09,Pilcomayo,003,0029 ,0662,346,12,2,2,216,60
09,Pilcomayo,003,0029 ,0663,346,6,4,1,174,85
09,Pilcomayo,003,0029 ,0664,347,9,0,0,182,76
09,Pilcomayo,003,0029 ,0665,346,13,0,0,199,68
09,Pilcomayo,003,0029 ,0666,346,1,2,2,188,89
09,Pilcomayo,003,0029 ,0667,346,6,4,3,185,80
09,Pilcomayo,003,0029 ,0668,346,3,3,2,203,85
09,Pilcomayo,003,0029A,0669,122,0,1,0,47,20
09,Pilcomayo,003,0030 ,0670,341,4,0,0,207,64
09,Pilcomayo,003,0030 ,0671,341,2,3,1,177,93
09,Pilcomayo,003,0030 ,0672,339,0,0,0,194,79
09,Pilcomayo,003,0030 ,0673,341,4,3,2,174,87
09,Pilcomayo,003,0030 ,0674,340,8,1,1,186,100
09,Pilcomayo,003,0030 ,0675,341,5,0,2,190,80
09,Pilcomayo,003,0030 ,0676,340,8,0,4,174,85
09,Pilcomayo,003,0030 ,0677,341,0,0,3,184,85
09,Pilcomayo,003,0030 ,0678,341,12,3,4,166,97
09,Pilcomayo,003,0030 ,0679,340,6,5,2,197,70
09,Pilcomayo,003,0030 ,0680,340,5,1,0,177,106
09,Pilcomayo,003,0030 ,0681,340,10,1,1,184,84
09,Pilcomayo,003,0030 ,0682,340,0,0,3,188,91
09,Pilcomayo,003,0030 ,0683,340,5,1,0,181,81
09,Pilcomayo,003,0030 ,0684,340,4,0,3,158,104
09,Pilcomayo,003,0030 ,0685,340,9,0,0,181,100
09,Pilcomayo,003,0030A,0686,203,1,0,0,107,48
09,Pilcomayo,003,0030A,0687,202,1,0,0,101,37
09,Pilcomayo,003,0031 ,0688,227,5,0,0,148,35
09,Pilcomayo,003,0031A,0689,305,5,2,0,140,85
09,Pilcomayo,003,0031A,0690,305,0,0,0,133,72
09,Pilcomayo,003,0031B,0691,264,10,1,0,134,63
09,Pilcomayo,003,0031B,0692,263,3,1,0,141,56
09,Pilcomayo,003,0031B,0693,264,0,1,1,114,84
09,Pilcomayo,003,0032 ,0694,346,14,1,0,176,72
09,Pilcomayo,003,0032 ,0695,346,8,3,0,188,69
09,Pilcomayo,003,0032 ,0696,346,8,2,2,176,59
09,Pilcomayo,003,0032 ,0697,346,11,3,0,163,76
09,Pilcomayo,003,0032 ,0698,347,7,3,0,168,58
09,Pilcomayo,003,0032 ,0699,346,17,1,4,196,60
09,Pilcomayo,003,0032 ,0700,346,14,1,1,180,67
09,Pilcomayo,003,0032 ,0701,346,8,1,1,171,68
09,Pilcomayo,003,0032 ,0702,346,12,6,3,169,66
09,Pilcomayo,003,0032 ,0703,345,69,3,1,113,71
09,Pilcomayo,003,0032 ,0704,346,6,3,1,184,76
09,Pilcomayo,003,0032 ,0705,345,13,1,1,192,71
09,Pilcomayo,003,0032 ,0706,346,3,0,2,203,57
09,Pilcomayo,003,0032 ,0707,346,16,0,0,168,76
09,Pilcomayo,003,0032 ,0708,345,28,2,2,178,60
09,Pilcomayo,003,0032 ,0709,347,7,1,1,169,73
09,Pilcomayo,003,0032 ,0710,346,19,3,2,195,57
09,Pilcomayo,003,0032 ,0711,347,14,3,3,193,63
09,Pilcomayo,003,0032 ,0712,345,16,2,5,170,64
09,Pilcomayo,003,0032 ,0713,345,14,3,2,180,60
09,Pilcomayo,003,0032 ,0714,345,7,0,0,147,87
09,Pilcomayo,003,0032 ,0715,346,13,0,1,185,54
09,Pilcomayo,003,0032 ,0716,345,9,3,5,184,56
09,Pilcomayo,003,0032 ,0717,345,19,0,1,191,71
09,Pilcomayo,003,0032 ,0718,345,13,7,2,216,43
09,Pilcomayo,003,0032 ,0719,347,11,1,0,205,47
09,Pilcomayo,003,0032 ,0720,347,10,2,0,167,69
09,Pilcomayo,003,0032 ,0721,345,16,0,1,180,65
09,Pilcomayo,003,0032 ,0722,345,9,1,5,169,73
09,Pilcomayo,003,0032 ,0723,345,6,5,4,170,62
09,Pilcomayo,003,0032 ,0724,346,21,1,2,170,68
09,Pilcomayo,003,0032 ,0725,346,13,2,0,169,66
09,Pilcomayo,003,0032 ,0726,345,2,4,2,153,87
09,Pilcomayo,003,0032 ,0727,346,0,0,0,187,60
09,Pilcomayo,003,0032 ,0728,346,0,0,1,166,74
09,Pilcomayo,003,0032 ,0729,345,16,0,1,168,56
09,Pilcomayo,003,0032 ,0730,347,23,0,4,136,94
09,Pilcomayo,003,0032 ,0731,346,9,0,1,183,60
09,Pilcomayo,003,0032 ,0732,346,13,4,1,199,54
09,Pilcomayo,003,0032 ,0733,346,0,1,2,192,66
09,Pilcomayo,003,0032 ,0734,349,0,0,0,0,0
09,Pilcomayo,003,0032 ,0735,346,15,3,0,179,75
09,Pilcomayo,003,0032 ,0736,347,15,5,4,168,64
09,Pilcomayo,003,0032 ,0737,346,0,29,7,169,44
09,Pilcomayo,003,0032 ,0738,346,9,3,2,174,75
09,Pilcomayo,003,0032 ,0739,345,15,1,3,159,88
09,Pilcomayo,003,0032 ,0740,347,15,1,0,178,64
09,Pilcomayo,003,0032 ,0741,347,16,0,0,208,45
09,Pilcomayo,003,0032 ,0742,346,14,0,3,186,51
09,Pilcomayo,003,0032 ,0743,347,7,6,0,175,64
09,Pilcomayo,003,0032 ,0744,346,10,1,1,200,48
09,Pilcomayo,003,0032 ,0745,346,16,2,3,177,61
09,Pilcomayo,003,0032 ,0746,347,16,0,2,160,75
09,Pilcomayo,003,0032 ,0747,346,21,7,5,173,56
09,Pilcomayo,003,0032 ,0748,346,4,7,4,163,75
09,Pilcomayo,003,0032 ,0749,347,20,5,1,169,59
09,Pilcomayo,003,0032 ,0750,345,20,3,4,180,57
09,Pilcomayo,003,0032 ,0751,346,9,5,1,197,44
09,Pilcomayo,003,0032 ,0752,345,15,4,3,196,47
09,Pilcomayo,003,0032 ,0753,347,9,0,3,183,59
09,Pilcomayo,003,0032 ,0754,346,8,1,2,188,61
09,Pilcomayo,003,0032 ,0755,346,1,3,3,181,56
09,Pilcomayo,003,0032 ,0756,346,16,2,2,163,65
09,Pilcomayo,003,0032 ,0757,345,9,4,3,169,58
09,Pilcomayo,003,0032 ,0758,346,4,4,2,220,52
09,Pilcomayo,003,0032 ,0759,347,14,3,1,197,58
09,Pilcomayo,003,0032 ,0760,345,13,0,0,150,79
09,Pilcomayo,003,0032 ,0761,346,10,4,2,173,73
09,Pilcomayo,003,0032 ,0762,346,15,3,4,189,66
09,Pilcomayo,003,0032 ,0763,346,10,9,3,213,49
09,Pilcomayo,003,0032 ,0764,346,16,1,1,168,57
09,Pilcomayo,003,0032 ,0765,346,11,0,1,187,61
09,Pilcomayo,003,0032 ,0766,344,15,3,1,155,78
09,Pilcomayo,003,0032 ,0767,344,7,2,1,144,89
09,Pilcomayo,003,0032 ,0768,346,3,0,2,188,69
09,Pilcomayo,003,0032 ,0769,346,11,1,4,196,64
09,Pilcomayo,003,0032 ,0770,345,11,1,0,184,79
09,Pilcomayo,003,0032 ,0771,345,16,0,0,185,67
09,Pilcomayo,003,0032 ,0772,347,9,0,2,193,69
09,Pilcomayo,003,0032 ,0773,345,12,0,1,175,76
09,Pilcomayo,003,0032 ,0774,344,10,5,3,178,62
09,Pilcomayo,003,0032 ,0775,345,18,0,1,179,64
09,Pilcomayo,003,0032 ,0776,346,6,2,0,174,69
09,Pilcomayo,003,0032 ,0777,345,4,7,3,164,87
09,Pilcomayo,003,0032 ,0778,344,7,2,3,193,47
09,Pilcomayo,003,0032 ,0779,344,10,4,2,157,72
09,Pilcomayo,003,0032 ,0780,344,7,1,1,151,83
09,Pilcomayo,003,0032 ,0781,344,16,0,0,202,52
09,Pilcomayo,003,0032 ,0782,344,11,4,0,170,74
09,Pilcomayo,003,0032 ,0783,345,10,3,2,168,77
09,Pilcomayo,003,0032 ,0784,344,14,1,2,178,60
09,Pilcomayo,003,0032 ,0785,345,11,0,1,216,56
09,Pilcomayo,003,0032 ,0786,346,15,2,3,184,47
09,Pilcomayo,003,0032 ,0787,345,17,0,1,187,57
09,Pilcomayo,003,0032 ,0788,343,7,6,2,161,85
09,Pilcomayo,003,0032 ,0789,345,17,2,0,162,78
09,Pilcomayo,003,0032 ,0790,345,12,3,2,192,52
09,Pilcomayo,003,0032 ,0791,347,17,3,3,167,64
09,Pilcomayo,003,0032 ,0792,345,12,3,0,166,83
09,Pilcomayo,003,0032 ,0793,345,12,1,6,172,63
09,Pilcomayo,003,0032 ,0794,345,11,1,3,192,57
09,Pilcomayo,003,0032 ,0795,346,9,1,2,183,54
09,Pilcomayo,003,0032 ,0796,345,11,1,2,154,78
09,Pilcomayo,003,0032 ,0797,345,8,2,6,159,74
09,Pilcomayo,003,0032 ,0798,345,7,6,1,182,69
09,Pilcomayo,003,0032 ,0799,345,9,3,2,171,84
09,Pilcomayo,003,0032 ,0800,345,7,1,1,164,78
09,Pilcomayo,003,0032 ,0801,344,12,1,5,176,67
09,Pilcomayo,003,0032 ,0802,345,21,11,2,179,66
09,Pilcomayo,003,0032 ,0803,345,0,0,1,172,62
09,Pilcomayo,003,0032 ,0804,346,10,4,1,161,63
09,Pilcomayo,003,0032 ,0805,344,5,4,3,148,78
09,Pilcomayo,003,0032 ,0806,345,11,1,0,169,61
09,Pilcomayo,003,0032 ,0807,345,18,4,1,193,48
09,Pilcomayo,003,0032 ,0808,345,13,0,0,169,81
09,Pilcomayo,003,0032 ,0809,345,7,1,3,151,86
09,Pilcomayo,003,0032 ,0810,345,6,3,3,192,65
09,Pilcomayo,003,0032 ,0811,344,14,2,0,161,69
09,Pilcomayo,003,0032 ,0812,345,69,5,0,139,60
09,Pilcomayo,003,0032 ,0813,345,4,7,2,146,78
09,Pilcomayo,003,0032 ,0814,345,13,5,1,160,84
09,Pilcomayo,003,0032 ,0815,345,9,3,2,160,63
09,Pilcomayo,003,0032 ,0816,345,19,0,1,195,52
09,Pilcomayo,003,0032 ,0817,342,11,2,1,168,64
09,Pilcomayo,003,0032 ,0818,345,1,7,1,191,60
09,Pilcomayo,003,0032 ,0819,344,11,1,1,169,77
09,Pilcomayo,003,0032 ,0820,345,13,2,3,184,65
09,Pilcomayo,003,0032 ,0821,345,16,3,0,180,70
09,Pilcomayo,003,0032 ,0822,345,14,3,2,191,66
09,Pilcomayo,003,0032 ,0823,345,14,6,4,177,52
09,Pilcomayo,003,0032 ,0824,344,0,0,1,187,70
09,Pilcomayo,003,0032 ,0825,345,3,3,2,161,75
09,Pilcomayo,003,0032 ,0826,343,9,4,0,190,68
09,Pilcomayo,003,0032A,0827,159,0,0,0,73,11
09,Pilcomayo,003,0032B,0828,239,5,3,0,174,12
09,Pilcomayo,003,0032B,0829,239,5,1,0,181,23
09,Pirané,004,0034 ,0830,347,19,3,3,175,82
09,Pirané,004,0034 ,0831,348,14,1,7,160,71
09,Pirané,004,0034 ,0832,347,2,1,2,156,84
09,Pirané,004,0034 ,0833,347,13,0,4,170,61
09,Pirané,004,0034 ,0834,346,0,0,2,0,0
09,Pirané,004,0034 ,0835,348,0,0,2,138,78
09,Pirané,004,0034 ,0836,347,11,1,3,151,100
09,Pirané,004,0034 ,0837,347,2,1,5,171,95
09,Pirané,004,0034 ,0838,346,6,2,1,161,72
09,Pirané,004,0034 ,0839,347,16,1,0,178,91
09,Pirané,004,0034 ,0840,346,18,2,0,159,74
09,Pirané,004,0034 ,0841,346,13,1,4,165,71
09,Pirané,004,0034 ,0842,345,0,0,0,157,91
09,Pirané,004,0034 ,0843,346,17,3,3,176,74
09,Pirané,004,0034 ,0844,347,8,3,1,173,78
09,Pirané,004,0034 ,0845,346,22,4,1,177,57
09,Pirané,004,0034 ,0846,343,17,5,3,148,87
09,Pirané,004,0034 ,0847,346,0,0,4,176,69
09,Pirané,004,0034 ,0848,346,2,3,0,205,60
09,Pirané,004,0034 ,0849,346,3,2,5,182,69
09,Pirané,004,0034 ,0850,346,5,13,1,164,69
09,Pirané,004,0034 ,0851,345,7,2,1,172,63
09,Pirané,004,0034 ,0852,346,32,3,3,168,67
09,Pirané,004,0034 ,0853,346,10,1,2,149,77
09,Pirané,004,0034 ,0854,346,9,3,2,164,86
09,Pirané,004,0034 ,0855,345,19,0,2,165,65
09,Pirané,004,0034 ,0856,345,2,2,5,160,59
09,Pirané,004,0034 ,0857,345,13,3,2,179,74
09,Pirané,004,0034 ,0858,346,9,3,4,176,68
09,Pirané,004,0034 ,0859,349,17,1,1,166,90
09,Pirané,004,0034 ,0860,347,8,3,2,164,71
09,Pirané,004,0034 ,0861,344,12,1,4,152,92
09,Pirané,004,0034 ,0862,345,19,0,4,173,76
09,Pirané,004,0034 ,0863,346,8,1,0,182,79
09,Pirané,004,0034 ,0864,346,13,2,0,156,83
09,Pirané,004,0034 ,0865,347,2,2,3,188,82
09,Pirané,004,0034 ,0866,346,11,4,4,158,88
09,Pirané,004,0034 ,0867,346,7,0,1,192,81
09,Pirané,004,0034 ,0868,347,23,2,0,181,71
09,Pirané,004,0034 ,0869,347,21,3,2,156,79
09,Pirané,004,0034 ,0870,347,18,5,2,171,56
09,Pirané,004,0034 ,0871,345,1,1,2,185,54
09,Pirané,004,0034 ,0872,345,13,1,4,170,73
09,Pirané,004,0034 ,0873,345,15,1,0,154,92
09,Pirané,004,0034 ,0874,345,9,3,1,155,76
09,Pirané,004,0034 ,0875,346,14,2,1,180,72
09,Pirané,004,0034 ,0876,346,15,2,2,193,51
09,Pirané,004,0034 ,0877,346,8,0,1,184,73
09,Pirané,004,0034A,0878,249,4,0,3,92,26
09,Pirané,004,0034B,0879,34,1,0,0,13,2
09,Pirané,004,0034C,0880,9,0,0,0,5,2
09,Pirané,004,0035 ,0881,335,5,1,13,129,47
09,Pirané,004,0035 ,0882,335,0,4,13,122,48
09,Pirané,004,0035A,0883,184,3,0,0,0,0
09,Pirané,004,0035A,0884,183,0,0,4,54,5
09,Pirané,004,0035B,0885,231,0,1,1,99,20
09,Pirané,004,0036 ,0886,334,9,0,0,199,60
09,Pirané,004,0036 ,0887,334,6,1,0,209,66
09,Pirané,004,0036 ,0888,334,9,0,0,184,70
09,Pirané,004,0036 ,0889,333,20,2,0,189,58
09,Pirané,004,0036 ,0890,333,12,0,0,161,96
09,Pirané,004,0036 ,0891,333,2,10,0,169,76
09,Pirané,004,0036 ,0892,334,30,5,0,178,64
09,Pirané,004,0036 ,0893,333,2,2,0,0,0
09,Pirané,004,0036 ,0894,334,0,0,0,0,0
09,Pirané,004,0036 ,0895,335,9,1,0,174,77
09,Pirané,004,0036 ,0896,332,16,4,0,182,66
09,Pirané,004,0036 ,0897,334,7,1,0,183,70
09,Pirané,004,0036 ,0898,333,8,0,0,188,71
09,Pirané,004,0036 ,0899,334,20,1,0,159,79
09,Pirané,004,0036 ,0900,334,25,0,0,191,60
09,Pirané,004,0036 ,0901,335,7,1,0,188,80
09,Pirané,004,0036 ,0902,334,8,0,0,195,63
09,Pirané,004,0036 ,0903,333,10,0,0,208,56
09,Pirané,004,0036 ,0904,333,17,0,0,186,66
09,Pirané,004,0036A,0905,226,2,0,0,94,55
09,Pirané,004,0036B,0906,76,1,1,0,23,16
09,Pirané,004,0036C,0907,172,1,0,0,70,36
09,Pirané,004,0037 ,0908,149,2,0,0,32,38
09,Pirané,004,0037A,0909,126,4,3,0,53,38
09,Pirané,004,0037B,0910,330,22,0,3,136,105
09,Pirané,004,0037B,0911,330,15,1,4,154,107
09,Pirané,004,0037B,0912,330,7,4,0,142,122
09,Pirané,004,0037B,0913,329,11,2,13,138,114
09,Pirané,004,0037B,0914,330,14,1,2,126,119
09,Pirané,004,0037B,0915,330,19,6,3,125,125
09,Pirané,004,0037B,0916,329,14,0,1,130,108
09,Pirané,004,0037B,0917,329,14,0,0,152,115
09,Pirané,004,0037B,0918,330,13,0,5,123,141
09,Pirané,004,0037B,0919,329,19,0,2,153,87
09,Pirané,004,0037B,0920,330,24,2,1,127,129
09,Pirané,004,0037B,0921,329,17,3,0,140,120
09,Pirané,004,0037B,0922,330,24,1,2,145,105
09,Pirané,004,0037B,0923,330,3,2,4,111,150
09,Pirané,004,0037B,0924,329,1,13,2,144,127
09,Pirané,004,0037B,0925,330,6,0,5,137,126
09,Pirané,004,0037B,0926,329,1,4,3,174,89
09,Pirané,004,0037B,0927,329,18,3,1,155,103
09,Pirané,004,0037B,0928,329,4,3,5,118,134
09,Pirané,004,0037C,0929,344,8,0,3,156,119
09,Pirané,004,0037C,0930,344,8,0,6,141,121
09,Pirané,004,0037C,0931,344,7,0,8,150,107
09,Pirané,004,0037C,0932,344,17,4,6,130,118
09,Pirané,004,0037C,0933,344,13,3,4,169,99
09,Pirané,004,0037C,0934,344,9,1,8,130,140
09,Pirané,004,0037C,0935,342,8,5,3,141,114
09,Pirané,004,0037C,0936,343,11,3,10,156,118
09,Pirané,004,0037C,0937,344,11,0,2,152,130
09,Pirané,004,0037C,0938,343,9,4,9,149,114
09,Pirané,004,0037C,0939,344,10,0,7,155,112
09,Pirané,004,0037C,0940,343,12,2,4,151,115
09,Pirané,004,0037C,0941,342,11,2,4,169,113
09,Pirané,004,0037C,0942,344,11,0,3,127,137
09,Pirané,004,0037C,0943,344,13,3,2,147,124
09,Pirané,004,0037C,0944,344,7,1,6,160,103
09,Pirané,004,0037C,0945,343,11,5,8,127,137
09,Pirané,004,0037C,0946,342,13,1,8,138,121
09,Pirané,004,0037C,0947,343,8,5,3,161,108
09,Pirané,004,0037C,0948,341,11,2,9,154,106
09,Pirané,004,0037C,0949,341,11,5,9,141,113
09,Pirané,004,0037C,0950,343,4,1,7,175,117
09,Pirané,004,0037C,0951,343,8,0,4,179,98
09,Pirané,004,0037C,0952,342,21,5,3,160,97
09,Pirané,004,0037C,0953,343,16,5,7,131,112
09,Pirané,004,0037C,0954,339,7,1,4,153,114
09,Pirané,004,0037C,0955,343,12,0,4,136,127
09,Pirané,004,0037C,0956,343,13,7,6,127,123
09,Pirané,004,0037C,0957,342,10,0,4,154,112
09,Pirané,004,0037C,0958,341,6,3,2,145,105
09,Pirané,004,0037C,0959,342,22,3,10,166,84
09,Pirané,004,0037C,0960,342,16,0,5,116,135
09,Pirané,004,0037C,0961,342,14,0,0,157,109
09,Pirané,004,0037C,0962,342,21,3,3,120,133
09,Pirané,004,0037C,0963,343,11,0,8,176,87
09,Pirané,004,0037C,0964,342,14,0,27,141,100
09,Pirané,004,0037C,0965,343,11,0,7,175,99
09,Pirané,004,0037D,0966,214,0,3,1,2,3
09,Pirané,004,0037E,0967,45,0,1,1,19,11
09,Pirané,004,0037F,0968,139,0,3,0,44,40
09,Pirané,004,0037G,0969,227,0,1,5,86,55
09,Pirané,004,0037G,0970,225,13,2,0,110,28
09,Pirané,004,0038 ,0971,19,0,0,0,2,3
09,Pirané,004,0038A,0972,291,3,0,3,130,75
09,Pirané,004,0038A,0973,292,6,1,2,144,53
09,Pirané,004,0039 ,0974,333,7,3,0,186,60
09,Pirané,004,0039 ,0975,332,3,2,2,203,48
09,Pirané,004,0039 ,0976,332,2,2,0,211,47
09,Pirané,004,0039 ,0977,330,4,1,1,206,49
09,Pirané,004,0039 ,0978,334,13,6,0,198,43
09,Pirané,004,0039 ,0979,331,3,5,0,192,59
09,Pirané,004,0039 ,0980,333,4,3,0,197,57
09,Pirané,004,0039 ,0981,333,6,4,1,199,58
09,Pirané,004,0039 ,0982,332,16,1,0,173,65
09,Pirané,004,0039 ,0983,333,7,2,1,190,56
09,Pirané,004,0039 ,0984,332,1,0,0,0,0
09,Pirané,004,0039 ,0985,333,1,5,1,199,54
09,Pirané,004,0039 ,0986,334,2,3,1,217,55
09,Pirané,004,0039 ,0987,333,2,1,0,190,69
09,Pirané,004,0039 ,0988,333,0,4,1,187,0
09,Pirané,004,0039 ,0989,333,14,0,2,183,69
09,Pirané,004,0039 ,0990,333,0,3,2,206,20
09,Pirané,004,0039 ,0991,332,4,1,0,226,38
09,Pirané,004,0039 ,0992,333,2,3,2,216,50
09,Pirané,004,0039 ,0993,332,3,2,2,201,61
09,Pirané,004,0039A,0994,303,18,0,0,0,0
09,Pirané,004,0040 ,0995,118,2,1,6,52,20
09,Pirané,004,0041 ,0996,173,1,3,0,52,37
09,Pirané,004,0041A,0997,259,7,1,0,101,51
09,Pirané,004,0041A,0998,259,3,0,0,108,64
09,Pirané,004,0041A,0999,258,2,0,0,125,44
09,Pirané,004,0042 ,1000,30,0,1,0,2,15
09,Pilagas,005,0043 ,1001,338,7,1,1,168,99
09,Pilagas,005,0043 ,1002,339,3,0,0,0,0
09,Pilagas,005,0043 ,1003,336,3,0,0,131,122
09,Pilagas,005,0043 ,1004,338,6,0,0,167,92
09,Pilagas,005,0043 ,1005,337,1,9,1,151,106
09,Pilagas,005,0043 ,1006,337,1,3,1,132,116
09,Pilagas,005,0043 ,1007,337,7,1,0,152,103
09,Pilagas,005,0043 ,1008,337,16,5,4,129,111
09,Pilagas,005,0043 ,1009,335,0,3,3,135,118
09,Pilagas,005,0043 ,1010,337,2,8,0,184,98
09,Pilagas,005,0043 ,1011,337,12,1,2,145,107
09,Pilagas,005,0043 ,1012,338,6,0,1,158,100
09,Pilagas,005,0043 ,1013,337,0,1,1,159,87
09,Pilagas,005,0043 ,1014,337,7,3,1,160,103
09,Pilagas,005,0043 ,1015,337,5,1,1,156,102
09,Pilagas,005,0043 ,1016,338,4,4,1,166,0
09,Pilagas,005,0043A,1017,347,6,0,0,241,69
09,Pilagas,005,0043A,1018,344,16,0,0,228,60
09,Pilagas,005,0043A,1019,346,4,1,0,231,73
09,Pilagas,005,0043A,1020,345,14,0,0,199,81
09,Pilagas,005,0043A,1021,346,7,0,0,224,77
09,Pilagas,005,0043A,1022,346,10,0,2,231,60
09,Pilagas,005,0043A,1023,346,14,1,1,219,60
09,Pilagas,005,0043A,1024,346,6,0,0,217,63
09,Pilagas,005,0043B,1025,149,3,0,0,43,42
09,Pilagas,005,0043C,1026,322,7,1,2,190,67
09,Pilagas,005,0043C,1027,322,3,3,1,191,61
09,Pilagas,005,0043C,1028,322,2,3,0,190,81
09,Pilagas,005,0043C,1029,321,3,1,0,187,84
09,Pilagas,005,0043C,1030,323,4,0,0,172,48
09,Pilagas,005,0043C,1031,323,3,1,1,214,56
09,Pilagas,005,0043C,1032,322,1,0,1,170,69
09,Pilagas,005,0043C,1033,322,2,5,3,179,72
09,Pilagas,005,0043C,1034,321,1,0,1,177,96
09,Pilagas,005,0043C,1035,322,2,1,1,182,87
09,Pilagas,005,0043D,1036,165,6,2,0,79,34
09,Pilagas,005,0043E,1037,250,10,12,0,106,45
09,Pilagas,005,0043F,1038,169,0,1,0,67,47
09,Pilagas,005,0044 ,1039,341,102,0,0,160,58
09,Pilagas,005,0044 ,1040,340,5,0,1,260,25
09,Pilagas,005,0044 ,1041,341,9,0,0,248,26
09,Pilagas,005,0044 ,1042,340,7,0,0,242,24
09,Pilagas,005,0044 ,1043,340,9,1,0,250,27
09,Pilagas,005,0044 ,1044,340,2,0,1,223,25
09,Pilagas,005,0044 ,1045,339,5,3,3,239,27
09,Pilagas,005,0044 ,1046,340,4,0,2,248,33
09,Pilagas,005,0044 ,1047,340,1,2,0,28,2
09,Pilagas,005,0044 ,1048,340,2,3,4,222,41
09,Pilagas,005,0044A,1049,182,4,0,0,74,8
09,Pilagas,005,0045 ,1050,320,17,1,0,142,63
09,Patiño,006,0047 ,1051,26,0,0,0,1,3
09,Patiño,006,0047A,1052,11,0,0,0,6,1
09,Patiño,006,0048 ,1053,22,0,0,0,0,10
09,Patiño,006,0049 ,1054,185,3,0,1,83,48
09,Patiño,006,0050 ,1055,339,0,0,0,0,104
09,Patiño,006,0050 ,1056,338,37,0,0,158,86
09,Patiño,006,0050 ,1057,339,0,0,1,131,95
09,Patiño,006,0050 ,1058,339,0,1,2,134,94
09,Patiño,006,0050 ,1059,339,4,0,1,224,89
09,Patiño,006,0050 ,1060,338,3,2,0,127,85
09,Patiño,006,0050 ,1061,337,43,1,2,124,93
09,Patiño,006,0050 ,1062,339,2,1,0,135,90
09,Patiño,006,0050 ,1063,337,2,0,0,118,100
09,Patiño,006,0050 ,1064,338,39,0,0,151,91
09,Patiño,006,0050 ,1065,338,3,3,2,146,84
09,Patiño,006,0050 ,1066,338,1,3,0,144,88
09,Patiño,006,0050 ,1067,338,39,0,0,119,106
09,Patiño,006,0050 ,1068,337,0,0,2,134,0
09,Patiño,006,0050 ,1069,338,2,1,0,136,95
09,Patiño,006,0050 ,1070,337,1,9,0,0,0
09,Patiño,006,0050 ,1071,338,3,0,1,143,80
09,Patiño,006,0050 ,1072,337,0,8,0,146,89
09,Patiño,006,0050 ,1073,338,51,5,0,125,88
09,Patiño,006,0050A,1074,40,0,0,0,0,0
09,Patiño,006,0050B,1075,301,7,1,1,156,49
09,Patiño,006,0050B,1076,303,0,0,0,138,115
09,Patiño,006,0050B,1077,302,3,0,0,130,116
09,Patiño,006,0050B,1078,303,2,5,1,173,85
09,Patiño,006,0051 ,1079,82,0,0,0,0,0
09,Patiño,006,0051A,1080,336,7,3,2,159,73
09,Patiño,006,0051A,1081,336,0,0,0,181,80
09,Patiño,006,0051A,1082,336,6,1,1,171,69
09,Patiño,006,0051A,1083,334,9,0,4,177,80
09,Patiño,006,0051A,1084,335,10,0,0,182,69
09,Patiño,006,0051A,1085,336,5,8,0,173,69
09,Patiño,006,0051A,1086,336,0,0,0,168,69
09,Patiño,006,0051A,1087,336,0,0,0,174,85
09,Patiño,006,0051A,1088,334,0,0,3,176,0
09,Patiño,006,0051A,1089,335,2,2,1,202,0
09,Patiño,006,0051A,1090,335,12,0,0,198,75
09,Patiño,006,0051A,1091,335,3,3,1,175,78
09,Patiño,006,0051A,1092,335,1,2,1,190,81
09,Patiño,006,0051A,1093,335,8,4,1,171,80
09,Patiño,006,0051A,1094,334,1,2,0,166,73
09,Patiño,006,0051A,1095,335,22,1,0,162,78
09,Patiño,006,0051B,1096,131,2,31,1,40,0
09,Patiño,006,0052 ,1097,138,1,0,4,44,30
09,Patiño,006,0053 ,1098,32,0,0,0,8,10
09,Patiño,006,0054 ,1099,321,1,0,2,184,67
09,Patiño,006,0054 ,1100,322,17,0,1,180,60
09,Patiño,006,0054 ,1101,322,4,0,0,186,66
09,Patiño,006,0054 ,1102,322,6,1,1,180,72
09,Patiño,006,0054 ,1103,321,4,0,3,174,80
09,Patiño,006,0054 ,1104,322,12,1,1,175,68
09,Patiño,006,0054 ,1105,321,3,0,0,174,75
09,Patiño,006,0054 ,1106,322,2,3,1,179,80
09,Patiño,006,0054 ,1107,321,7,0,0,213,66
09,Patiño,006,0054 ,1108,322,12,3,1,199,59
09,Patiño,006,0054 ,1109,322,3,1,1,53,0
09,Patiño,006,0054 ,1110,322,2,0,0,187,64
09,Patiño,006,0054 ,1111,321,9,1,0,221,46
09,Patiño,006,0054A,1112,46,0,1,0,2,8
09,Patiño,006,0055 ,1113,34,0,0,0,1,8
09,Patiño,006,0056 ,1114,344,24,0,0,172,83
09,Patiño,006,0056 ,1115,343,12,1,2,164,81
09,Patiño,006,0056 ,1116,345,0,2,0,134,125
09,Patiño,006,0056 ,1117,342,14,4,0,167,89
09,Patiño,006,0056 ,1118,344,0,0,2,147,102
09,Patiño,006,0056 ,1119,344,19,3,1,155,100
09,Patiño,006,0056 ,1120,344,18,4,0,174,77
09,Patiño,006,0056 ,1121,343,7,1,1,156,104
09,Patiño,006,0056 ,1122,344,15,4,1,169,89
09,Patiño,006,0056 ,1123,345,18,1,2,175,78
09,Patiño,006,0056 ,1124,344,14,2,0,166,81
09,Patiño,006,0056 ,1125,342,6,3,0,151,112
09,Patiño,006,0056 ,1126,343,19,0,0,147,93
09,Patiño,006,0056 ,1127,343,18,2,2,160,100
09,Patiño,006,0056 ,1128,342,5,24,2,151,109
09,Patiño,006,0056 ,1129,342,6,1,3,172,91
09,Patiño,006,0056 ,1130,344,0,0,1,33,23
09,Patiño,006,0056 ,1131,343,3,3,2,168,9
09,Patiño,006,0056 ,1132,342,4,2,3,161,111
09,Patiño,006,0056 ,1133,342,7,5,1,154,116
09,Patiño,006,0056 ,1134,341,11,10,0,135,82
09,Patiño,006,0056 ,1135,343,32,2,6,146,82
09,Patiño,006,0056 ,1136,344,16,1,3,169,89
09,Patiño,006,0056 ,1137,342,14,5,1,146,90
09,Patiño,006,0056 ,1138,343,9,1,1,129,124
09,Patiño,006,0056 ,1139,342,6,1,4,168,107
09,Patiño,006,0056 ,1140,341,6,3,2,143,119
09,Patiño,006,0056A,1141,241,11,0,2,60,46
09,Patiño,006,0057 ,1142,97,4,0,0,30,23
09,Patiño,006,0058 ,1143,38,4,0,1,4,4
09,Patiño,006,0058A,1144,35,0,0,0,10,12
09,Patiño,006,0059 ,1145,22,0,0,0,1,4
09,Patiño,006,0059A,1146,46,0,0,0,5,6
09,Patiño,006,0060 ,1147,335,0,0,0,191,53
09,Patiño,006,0060 ,1148,334,3,1,0,182,81
09,Patiño,006,0060 ,1149,334,8,2,1,225,51
09,Patiño,006,0060 ,1150,334,2,1,0,200,0
09,Patiño,006,0060 ,1151,334,12,0,0,212,36
09,Patiño,006,0060 ,1152,334,11,2,1,206,54
09,Patiño,006,0060 ,1153,333,9,1,0,198,65
09,Patiño,006,0060 ,1154,333,3,0,0,192,71
09,Patiño,006,0060 ,1155,335,3,0,1,216,46
09,Patiño,006,0060 ,1156,333,4,0,0,220,58
09,Patiño,006,0060 ,1157,334,2,2,0,213,48
09,Patiño,006,0060 ,1158,334,7,0,0,221,53
09,Patiño,006,0060 ,1159,333,13,2,1,229,40
09,Patiño,006,0060 ,1160,333,10,1,1,218,54
09,Patiño,006,0060 ,1161,334,13,3,1,210,52
09,Patiño,006,0060 ,1162,334,5,3,1,211,50
09,Patiño,006,0060A,1163,18,0,0,0,0,1
09,Patiño,006,0061 ,1164,233,3,0,0,0,0
09,Patiño,006,0061 ,1165,234,0,0,0,82,0
09,Patiño,006,0062 ,1166,101,0,0,0,4,5
09,Patiño,006,0063 ,1167,9,0,0,0,2,3
09,Patiño,006,0063A,1168,44,0,0,0,4,16
09,Patiño,006,0064 ,1169,334,11,0,0,222,52
09,Patiño,006,0064 ,1170,334,4,2,0,198,60
09,Patiño,006,0064 ,1171,334,1,0,0,202,64
09,Patiño,006,0064 ,1172,334,11,0,0,226,52
09,Patiño,006,0064 ,1173,334,13,1,0,187,80
09,Patiño,006,0064 ,1174,333,1,0,0,187,84
09,Patiño,006,0064A,1175,326,6,2,0,133,125
09,Patiño,006,0064A,1176,325,4,0,1,141,110
09,Patiño,006,0064A,1177,325,4,0,0,125,118
09,Patiño,006,0064A,1178,325,3,0,0,0,0
09,Patiño,006,0064A,1179,326,0,0,0,127,110
09,Patiño,006,0064A,1180,325,3,0,0,136,115
09,Patiño,006,0064A,1181,325,1,1,1,110,138
09,Patiño,006,0064A,1182,330,1,0,0,142,105
09,Patiño,006,0064A,1183,325,5,0,3,157,92
09,Patiño,006,0064A,1184,324,1,1,0,129,126
09,Patiño,006,0064A,1185,325,3,1,0,134,123
09,Patiño,006,0064A,1186,324,1,0,0,147,112
09,Patiño,006,0064B,1187,54,0,1,1,18,5
09,Patiño,006,0065 ,1188,265,3,1,0,107,76
09,Patiño,006,0065 ,1189,265,4,0,0,119,63
09,Patiño,006,0065 ,1190,264,1,0,0,129,59
09,Patiño,006,0065A,1191,32,0,0,0,2,5
09,Patiño,006,0065B,1192,31,0,0,0,0,0
09,Patiño,006,0066 ,1193,107,1,0,0,51,6
09,Patiño,006,0066A,1194,62,0,0,0,24,6
09,Patiño,006,0066B,1195,26,0,0,0,3,6
09,Patiño,006,0067 ,1196,342,11,1,0,0,0
09,Patiño,006,0067 ,1197,341,2,0,3,151,91
09,Patiño,006,0067 ,1198,342,3,0,5,20,27
09,Patiño,006,0067 ,1199,342,2,1,2,148,84
09,Patiño,006,0067 ,1200,342,2,5,5,161,79
09,Patiño,006,0067 ,1201,342,14,1,3,139,87
09,Patiño,006,0067 ,1202,342,2,2,2,141,94
09,Patiño,006,0067 ,1203,342,2,16,5,116,111
09,Patiño,006,0067 ,1204,342,24,1,4,133,84
09,Patiño,006,0067 ,1205,340,3,6,3,151,66
09,Patiño,006,0067 ,1206,341,3,1,1,138,79
09,Patiño,006,0067 ,1207,342,0,1,4,138,111
09,Patiño,006,0067 ,1208,341,2,0,2,139,104
09,Patiño,006,0067 ,1209,343,0,3,4,142,0
09,Patiño,006,0067 ,1210,341,16,0,1,166,82
09,Patiño,006,0067 ,1211,342,2,6,2,148,106
09,Patiño,006,0067 ,1212,343,15,2,2,140,100
09,Patiño,006,0067 ,1213,342,3,0,3,0,0
09,Patiño,006,0067 ,1214,340,3,1,4,157,74
09,Patiño,006,0067 ,1215,342,1,1,3,157,89
09,Patiño,006,0067 ,1216,341,1,0,6,134,91
09,Patiño,006,0067 ,1217,341,17,0,1,140,89
09,Patiño,006,0067 ,1218,342,11,0,4,107,122
09,Patiño,006,0067 ,1219,341,4,1,3,152,98
09,Patiño,006,0067 ,1220,341,2,1,1,134,109
09,Patiño,006,0067 ,1221,341,2,1,5,140,95
09,Patiño,006,0067 ,1222,342,3,2,7,125,96
09,Patiño,006,0067 ,1223,339,1,2,3,126,111
09,Patiño,006,0067 ,1224,342,9,0,5,129,125
09,Patiño,006,0067 ,1225,342,4,0,1,146,99
09,Patiño,006,0067 ,1226,343,5,2,6,146,100
09,Patiño,006,0067 ,1227,342,10,12,1,156,81
09,Patiño,006,0067 ,1228,342,10,2,0,0,0
09,Patiño,006,0067 ,1229,340,15,2,6,116,93
09,Patiño,006,0067 ,1230,343,15,1,2,145,88
09,Patiño,006,0067 ,1231,341,14,3,3,170,70
09,Patiño,006,0067A,1232,85,0,0,0,39,10
09,Patiño,006,0068 ,1233,189,0,0,0,73,46
09,Patiño,006,0068 ,1234,189,2,0,1,87,38
09,Patiño,006,0069 ,1235,33,0,0,0,9,6
09,Patiño,006,0070 ,1236,327,5,1,0,159,125
09,Patiño,006,0070 ,1237,328,8,0,0,180,86
09,Patiño,006,0070 ,1238,326,5,0,0,184,99
09,Patiño,006,0070 ,1239,324,0,0,0,163,95
09,Patiño,006,0070 ,1240,326,9,0,0,173,93
09,Patiño,006,0070 ,1241,326,0,0,0,169,82
09,Patiño,006,0070 ,1242,326,8,0,0,160,106
09,Patiño,006,0070A,1243,51,3,0,0,29,10
09,Patiño,006,0071 ,1244,340,3,2,0,0,0
09,Patiño,006,0071 ,1245,339,2,1,0,0,0
09,Patiño,006,0071 ,1246,340,3,0,0,202,54
09,Patiño,006,0071 ,1247,340,5,1,2,195,56
09,Patiño,006,0071 ,1248,340,2,4,1,179,71
09,Patiño,006,0071 ,1249,338,5,2,0,205,50
09,Patiño,006,0071 ,1250,339,10,1,3,200,60
09,Patiño,006,0071 ,1251,339,2,1,0,189,58
09,Patiño,006,0071 ,1252,336,3,1,0,188,68
09,Patiño,006,0071 ,1253,339,4,4,1,187,0
09,Patiño,006,0071 ,1254,339,0,2,1,193,74
09,Patiño,006,0071 ,1255,339,0,0,0,131,40
09,Patiño,006,0071 ,1256,339,5,1,0,181,72
09,Patiño,006,0071 ,1257,339,1,1,1,220,42
09,Patiño,006,0071A,1258,202,3,1,1,96,35
09,Patiño,006,0071A,1259,202,4,0,2,96,36
09,Bermejo,007,0072 ,1260,181,4,0,3,66,61
09,Bermejo,007,0072 ,1261,181,1,0,1,66,52
09,Bermejo,007,0072A,1262,65,0,0,0,14,24
09,Bermejo,007,0072B,1263,159,1,0,0,49,30
09,Bermejo,007,0073 ,1264,304,1,0,2,129,67
09,Bermejo,007,0073 ,1265,304,3,0,5,120,80
09,Bermejo,007,0074 ,1266,167,5,1,0,62,37
09,Bermejo,007,0075 ,1267,334,14,2,0,143,113
09,Bermejo,007,0075 ,1268,335,0,1,0,176,88
09,Bermejo,007,0075 ,1269,334,0,3,1,140,111
09,Bermejo,007,0075 ,1270,335,22,0,0,127,117
09,Bermejo,007,0075 ,1271,335,0,0,0,135,121
09,Bermejo,007,0075 ,1272,334,2,0,1,165,83
09,Bermejo,007,0075 ,1273,334,0,0,1,160,108
09,Bermejo,007,0075 ,1274,333,2,1,0,136,133
09,Bermejo,007,0075 ,1275,333,10,0,2,137,107
09,Bermejo,007,0075 ,1276,333,12,0,0,172,94
09,Bermejo,007,0075 ,1277,333,1,0,0,165,105
09,Bermejo,007,0075 ,1278,333,2,3,1,165,100
09,Bermejo,007,0075 ,1279,334,12,6,0,141,116
09,Bermejo,007,0076 ,1280,280,0,0,0,116,64
09,Bermejo,007,0076A,1281,108,0,0,0,29,19
09,Bermejo,007,0077 ,1282,289,0,0,1,141,39
09,Bermejo,007,0077 ,1283,286,4,0,0,133,46
09,Bermejo,007,0078 ,1284,305,2,2,0,130,41
09,Bermejo,007,0079 ,1285,95,0,0,0,8,5
09,Bermejo,007,0080 ,1286,326,1,0,0,240,20
09,Bermejo,007,0080 ,1287,326,5,1,0,252,18
09,Bermejo,007,0080 ,1288,326,4,0,0,256,17
09,Bermejo,007,0080 ,1289,326,0,1,0,258,15
09,Bermejo,007,0080 ,1290,326,1,0,0,260,13
09,Bermejo,007,0080 ,1291,326,3,0,0,249,31
09,Bermejo,007,0080 ,1292,326,4,0,0,231,26
09,Bermejo,007,0080 ,1293,325,1,0,0,240,33
09,Bermejo,007,0080A,1294,225,0,0,0,40,4
09,Bermejo,007,0080B,1295,112,0,0,0,40,6
09,Bermejo,007,0081 ,1296,340,7,4,0,224,50
09,Bermejo,007,0081 ,1297,340,4,0,0,211,56
09,Bermejo,007,0081 ,1298,341,1,2,0,215,69
09,Bermejo,007,0081 ,1299,340,3,1,0,186,87
09,Bermejo,007,0081 ,1300,339,7,1,0,223,42
09,Bermejo,007,0081A,1301,56,1,0,0,36,2
09,Matacos,008,0082 ,1302,345,2,7,1,196,61
09,Matacos,008,0082 ,1303,345,2,5,0,166,69
09,Matacos,008,0082 ,1304,345,4,4,0,189,59
09,Matacos,008,0082 ,1305,344,0,44,0,182,50
09,Matacos,008,0082 ,1306,344,2,2,1,183,66
09,Matacos,008,0082 ,1307,343,4,2,0,191,44
09,Matacos,008,0082 ,1308,346,4,1,1,153,66
09,Matacos,008,0082 ,1309,344,0,3,1,157,65
09,Matacos,008,0082 ,1310,345,0,0,8,167,62
09,Matacos,008,0082 ,1311,344,7,13,0,174,37
09,Matacos,008,0082 ,1312,342,11,3,0,173,62
09,Matacos,008,0082 ,1313,345,4,2,0,0,0
09,Matacos,008,0082 ,1314,345,0,0,0,179,62
09,Matacos,008,0082 ,1315,345,0,4,1,161,81
09,Matacos,008,0082 ,1316,346,0,0,0,174,46
09,Matacos,008,0082 ,1317,344,2,2,0,173,71
09,Matacos,008,0082 ,1318,343,2,1,0,16,4
09,Matacos,008,0082 ,1319,344,3,3,1,164,58
09,Matacos,008,0082 ,1320,344,0,5,0,179,49
09,Matacos,008,0082 ,1321,342,0,0,2,196,43
09,Matacos,008,0082 ,1322,343,0,0,0,0,0
09,Matacos,008,0082 ,1323,344,2,3,0,169,57
09,Matacos,008,0082 ,1324,344,2,3,1,167,88
09,Matacos,008,0082 ,1325,346,2,2,0,204,0
09,Matacos,008,0082 ,1326,344,3,2,2,180,64
09,Matacos,008,0082 ,1327,344,0,0,0,162,65
09,Matacos,008,0082 ,1328,344,7,2,1,211,42
09,Matacos,008,0082 ,1329,343,7,2,0,176,60
09,Matacos,008,0082 ,1330,343,7,5,1,163,63
09,Matacos,008,0082 ,1331,342,5,0,0,0,0
09,Matacos,008,0082 ,1332,343,6,0,0,184,79
09,Matacos,008,0082 ,1333,343,21,1,1,164,46
09,Matacos,008,0082 ,1334,345,0,0,0,0,0
09,Matacos,008,0082 ,1335,344,8,0,1,207,42
09,Matacos,008,0082 ,1336,344,0,0,0,177,0
09,Matacos,008,0082 ,1337,344,0,0,0,173,69
09,Matacos,008,0082A,1338,90,0,0,0,15,3
09,Matacos,008,0082B,1339,44,0,0,0,16,2
09,Ramón Lista,009,0083 ,1340,314,3,4,0,188,58
09,Ramón Lista,009,0083 ,1341,313,3,2,0,164,85
09,Ramón Lista,009,0083 ,1342,313,2,0,0,182,77
09,Ramón Lista,009,0083 ,1343,312,2,3,0,170,75
09,Ramón Lista,009,0083 ,1344,313,0,0,0,169,73
09,Ramón Lista,009,0083 ,1345,312,3,0,0,181,65
09,Ramón Lista,009,0083 ,1346,311,8,0,0,182,56
09,Ramón Lista,009,0083 ,1347,313,1,0,0,52,0
09,Ramón Lista,009,0083A,1348,325,4,0,0,141,76
09,Ramón Lista,009,0083A,1349,325,9,0,0,168,55
09,Ramón Lista,009,0083A,1350,325,4,0,0,131,58
09,Ramón Lista,009,0083A,1351,324,4,0,0,162,72
09,Ramón Lista,009,0083A,1352,325,0,0,0,169,60
09,Ramón Lista,009,0083A,1353,325,8,0,0,137,71
09,Ramón Lista,009,0083A,1354,325,3,0,0,162,61
09,Ramón Lista,009,0083A,1355,325,0,0,0,173,46
09,Ramón Lista,009,0083A,1356,325,2,2,0,139,72
09,Ramón Lista,009,0083A,1357,325,4,0,0,157,53
09,Ramón Lista,009,0083A,1358,325,2,2,0,139,72
09,Ramón Lista,009,0083A,1359,325,2,0,0,128,83
09,Ramón Lista,009,0083B,1360,266,1,0,0,114,24
09,Ramón Lista,009,0083B,1361,264,0,0,0,139,31
09,Ramón Lista,009,0083B,1362,264,2,0,0,93,28
09,Ramón Lista,009,0083C,1363,168,0,0,0,34,19
09,Ramón Lista,009,0084 ,1364,271,0,0,0,102,88
09,Ramón Lista,009,0084 ,1365,271,2,0,1,107,83
09,Ramón Lista,009,0084 ,1366,270,7,0,0,110,84
09,Ramón Lista,009,0084A,1367,289,2,0,0,156,35
09,Ramón Lista,009,0084A,1368,290,3,0,0,145,42
09,Ramón Lista,009,0084B,1369,258,0,0,6,143,46
09,Ramón Lista,009,0084B,1370,258,1,0,3,133,57
09,Ramón Lista,009,0084B,1371,257,0,0,3,124,52
09,Ramón Lista,009,0084C,1372,251,2,0,0,78,79
09,Ramón Lista,009,0084C,1373,251,2,0,4,74,74
