codprov,depto,coddepto,circuito,mesa,electores,blancos,nulos,0003,0181,0183,0603
09,Formosa,001,0001 ,0001,344,34,2,62,2,3,140
09,Formosa,001,0001 ,0002,346,56,0,45,1,5,143
09,Formosa,001,0001 ,0003,345,54,0,54,3,2,149
09,Formosa,001,0001 ,0004,345,32,2,62,3,3,145
09,Formosa,001,0001 ,0005,343,37,3,63,0,2,152
09,Formosa,001,0001 ,0006,346,1,3,68,2,4,135
09,Formosa,001,0001 ,0007,345,39,0,68,0,5,127
09,Formosa,001,0001 ,0008,346,58,0,60,1,6,128
09,Formosa,001,0001 ,0009,345,16,1,103,3,3,118
09,Formosa,001,0001 ,0010,345,0,0,77,2,2,125
09,Formosa,001,0001 ,0011,346,46,1,65,0,4,139
09,Formosa,001,0001 ,0012,344,50,1,62,5,3,122
09,Formosa,001,0001 ,0013,344,54,0,54,4,4,149
09,Formosa,001,0001 ,0014,343,47,0,47,4,2,153
09,Formosa,001,0001 ,0015,343,42,0,61,2,8,135
09,Formosa,001,0001 ,0016,345,57,0,60,0,0,131
09,Formosa,001,0001 ,0017,341,37,0,56,2,1,141
09,Formosa,001,0001 ,0018,344,38,2,72,2,1,138
09,Formosa,001,0001 ,0019,344,36,0,59,0,6,145
09,Formosa,001,0001 ,0020,343,18,1,57,6,1,132
09,Formosa,001,0001 ,0021,342,44,0,73,6,1,147
09,Formosa,001,0001 ,0022,343,49,0,37,0,3,143
09,Formosa,001,0001 ,0023,343,0,1,61,3,3,120
09,Formosa,001,0001 ,0024,344,0,0,57,2,5,163
09,Formosa,001,0001 ,0025,343,0,0,52,1,3,131
09,Formosa,001,0001 ,0026,346,42,1,62,4,1,137
09,Formosa,001,0001 ,0027,342,0,1,60,3,1,133
09,Formosa,001,0001 ,0028,344,0,0,75,2,3,130
09,Formosa,001,0001 ,0029,346,43,2,84,4,4,119
09,Formosa,001,0001 ,0030,343,0,1,42,2,0,156
09,Formosa,001,0001 ,0031,341,1,1,0,0,0,0
09,Formosa,001,0001 ,0032,345,51,1,71,2,0,124
09,Formosa,001,0001 ,0033,342,47,5,59,1,5,137
09,Formosa,001,0001 ,0034,343,59,0,50,4,2,141
09,Formosa,001,0001 ,0035,344,36,0,54,5,4,151
09,Formosa,001,0001 ,0036,343,33,0,69,2,5,147
09,Formosa,001,0001 ,0037,342,3,0,56,0,10,141
09,Formosa,001,0001 ,0038,342,51,2,59,4,8,114
09,Formosa,001,0001 ,0039,346,45,1,77,4,4,118
09,Formosa,001,0001 ,0040,341,59,3,47,3,13,113
09,Formosa,001,0001 ,0041,344,63,4,43,0,8,16
09,Formosa,001,0001 ,0042,343,47,0,45,1,4,146
09,Formosa,001,0001 ,0043,342,33,2,66,2,3,154
09,Formosa,001,0001 ,0044,344,2,2,65,5,4,120
09,Formosa,001,0001 ,0045,344,49,2,75,5,3,136
09,Formosa,001,0001 ,0046,343,41,0,70,1,3,126
09,Formosa,001,0001 ,0047,343,41,1,75,1,7,128
09,Formosa,001,0001 ,0048,342,31,4,52,2,4,142
09,Formosa,001,0001 ,0049,344,39,1,54,1,2,145
09,Formosa,001,0001 ,0050,343,36,1,64,0,3,162
09,Formosa,001,0001 ,0051,344,21,0,0,0,0,0
09,Formosa,001,0001 ,0052,344,38,4,85,0,8,123
09,Formosa,001,0002 ,0053,346,46,3,62,2,6,126
09,Formosa,001,0002 ,0054,345,38,2,65,1,4,130
09,Formosa,001,0002 ,0055,346,1,0,73,3,4,125
09,Formosa,001,0002 ,0056,350,52,1,81,2,2,105
09,Formosa,001,0002 ,0057,346,44,0,76,1,3,111
09,Formosa,001,0002 ,0058,346,36,0,101,2,2,106
09,Formosa,001,0002 ,0059,344,45,0,60,1,3,126
09,Formosa,001,0002 ,0060,349,53,0,63,6,4,106
09,Formosa,001,0002 ,0061,347,39,0,76,3,4,118
09,Formosa,001,0002 ,0062,348,55,5,61,3,4,102
09,Formosa,001,0002 ,0063,346,47,3,86,2,1,112
09,Formosa,001,0002 ,0064,345,46,2,74,5,3,112
09,Formosa,001,0002 ,0065,346,46,1,79,2,2,112
09,Formosa,001,0002 ,0066,345,43,0,79,0,2,115
09,Formosa,001,0002 ,0067,343,49,0,74,4,0,122
09,Formosa,001,0002 ,0068,344,52,0,69,2,3,102
09,Formosa,001,0002 ,0069,346,53,1,81,1,4,107
09,Formosa,001,0002 ,0070,349,41,0,83,2,1,112
09,Formosa,001,0002 ,0071,345,0,1,72,8,2,132
09,Formosa,001,0002 ,0072,346,39,0,75,3,3,120
09,Formosa,001,0003 ,0073,345,48,3,66,3,0,172
09,Formosa,001,0003 ,0074,348,0,11,64,0,3,150
09,Formosa,001,0003 ,0075,344,60,1,50,2,3,150
09,Formosa,001,0003 ,0076,345,2,5,63,3,0,143
09,Formosa,001,0003 ,0077,347,50,0,53,1,2,164
09,Formosa,001,0003 ,0078,345,85,0,48,0,3,148
09,Formosa,001,0003 ,0079,347,53,2,57,4,6,145
09,Formosa,001,0003 ,0080,344,42,4,59,2,4,166
09,Formosa,001,0003 ,0081,346,48,4,54,1,2,155
09,Formosa,001,0003 ,0082,346,43,4,59,3,4,157
09,Formosa,001,0003 ,0083,346,54,0,68,2,6,152
09,Formosa,001,0003 ,0084,346,41,3,54,3,6,161
09,Formosa,001,0003 ,0085,345,59,1,49,1,1,159
09,Formosa,001,0003 ,0086,346,51,7,50,1,6,164
09,Formosa,001,0003 ,0087,345,52,1,52,7,0,172
09,Formosa,001,0003 ,0088,345,44,2,65,3,4,166
09,Formosa,001,0003 ,0089,346,63,2,65,3,3,129
09,Formosa,001,0003 ,0090,348,33,1,53,5,4,172
09,Formosa,001,0003 ,0091,346,44,2,61,5,4,156
09,Formosa,001,0003 ,0092,344,63,2,49,6,2,156
09,Formosa,001,0003 ,0093,346,58,4,40,1,1,160
09,Formosa,001,0003 ,0094,346,2,2,62,3,6,162
09,Formosa,001,0003 ,0095,346,53,3,49,1,0,162
09,Formosa,001,0003 ,0096,345,64,0,56,5,2,141
09,Formosa,001,0003 ,0097,345,48,3,59,0,6,145
09,Formosa,001,0003 ,0098,346,52,3,68,0,5,138
09,Formosa,001,0003 ,0099,345,63,6,52,2,1,157
09,Formosa,001,0003 ,0100,345,50,4,51,0,1,162
09,Formosa,001,0003 ,0101,346,57,5,51,0,4,165
09,Formosa,001,0003 ,0102,344,52,3,88,2,4,145
09,Formosa,001,0003 ,0103,346,1,0,0,1,0,0
09,Formosa,001,0003 ,0104,345,49,1,59,5,6,141
09,Formosa,001,0003 ,0105,345,20,0,45,6,5,182
09,Formosa,001,0003 ,0106,345,62,0,57,2,5,151
09,Formosa,001,0003 ,0107,345,43,2,79,1,3,141
09,Formosa,001,0003 ,0108,345,54,3,60,0,0,142
09,Formosa,001,0003 ,0109,345,58,2,69,2,2,135
09,Formosa,001,0003 ,0110,345,57,3,60,0,2,150
09,Formosa,001,0003 ,0111,345,53,4,44,0,3,191
09,Formosa,001,0003 ,0112,345,43,0,72,1,0,150
09,Formosa,001,0003 ,0113,346,3,7,52,7,6,136
09,Formosa,001,0003 ,0114,344,110,0,5,0,4,157
09,Formosa,001,0003 ,0115,344,45,0,61,1,3,142
09,Formosa,001,0003 ,0116,346,46,8,5,1,4,162
09,Formosa,001,0003 ,0117,347,44,3,68,3,6,160
09,Formosa,001,0003 ,0118,345,41,0,58,6,4,162
09,Formosa,001,0003 ,0119,345,50,0,49,4,0,157
09,Formosa,001,0003 ,0120,344,43,2,55,5,3,163
09,Formosa,001,0003 ,0121,345,57,4,56,2,2,166
09,Formosa,001,0003 ,0122,345,35,0,68,5,6,170
09,Formosa,001,0003 ,0123,345,43,2,56,1,3,173
09,Formosa,001,0003 ,0124,344,45,2,58,3,3,163
09,Formosa,001,0003 ,0125,345,41,1,55,1,3,158
09,Formosa,001,0003 ,0126,344,42,5,69,5,3,139
09,Formosa,001,0003 ,0127,343,50,3,50,3,4,156
09,Formosa,001,0003 ,0128,344,51,1,61,0,2,134
09,Formosa,001,0003 ,0129,344,43,3,53,3,5,170
09,Formosa,001,0003 ,0130,344,0,0,54,2,0,167
09,Formosa,001,0003 ,0131,344,0,0,74,0,6,161
09,Formosa,001,0003 ,0132,344,39,1,58,3,1,172
09,Formosa,001,0003 ,0133,345,60,1,66,1,1,132
09,Formosa,001,0003 ,0134,345,50,0,59,3,2,140
09,Formosa,001,0003 ,0135,343,0,0,55,5,9,143
09,Formosa,001,0003 ,0136,345,46,6,47,4,2,173
09,Formosa,001,0003 ,0137,346,3,3,51,3,3,155
09,Formosa,001,0003 ,0138,345,2,0,74,0,5,142
09,Formosa,001,0003 ,0139,344,43,3,65,3,3,160
09,Formosa,001,0003 ,0140,344,0,0,54,3,2,10
09,Formosa,001,0003 ,0141,345,36,2,68,2,8,162
09,Formosa,001,0003 ,0142,346,60,4,50,4,6,164
09,Formosa,001,0003 ,0143,343,0,0,69,5,4,153
09,Formosa,001,0003 ,0144,344,55,5,64,1,9,136
09,Formosa,001,0003 ,0145,343,0,0,61,6,1,141
09,Formosa,001,0003 ,0146,344,54,0,48,5,1,156
09,Formosa,001,0003 ,0147,344,39,1,49,1,3,181
09,Formosa,001,0003 ,0148,343,51,4,67,0,3,146
09,Formosa,001,0003 ,0149,344,30,0,54,2,3,179
09,Formosa,001,0003 ,0150,345,41,2,57,6,3,154
09,Formosa,001,0003 ,0151,344,53,2,51,2,5,150
09,Formosa,001,0003 ,0152,346,52,0,72,1,3,154
09,Formosa,001,0003 ,0153,344,59,2,60,2,1,145
09,Formosa,001,0003 ,0154,345,29,2,60,2,5,127
09,Formosa,001,0003 ,0155,343,45,1,60,0,1,151
09,Formosa,001,0003 ,0156,346,48,0,62,6,6,150
09,Formosa,001,0003 ,0157,346,0,0,55,4,1,143
09,Formosa,001,0003 ,0158,344,3,7,61,2,4,161
09,Formosa,001,0003 ,0159,345,45,2,59,0,1,162
09,Formosa,001,0003 ,0160,344,54,3,57,2,2,145
09,Formosa,001,0003 ,0161,344,40,1,0,0,0,178
09,Formosa,001,0003 ,0162,344,59,3,43,5,2,178
09,Formosa,001,0003 ,0163,344,42,4,68,3,6,153
09,Formosa,001,0003 ,0164,345,61,4,61,3,4,130
09,Formosa,001,0003 ,0165,343,49,1,70,4,2,155
09,Formosa,001,0003 ,0166,344,60,0,55,2,8,145
09,Formosa,001,0003 ,0167,345,66,2,53,4,1,154
09,Formosa,001,0003 ,0168,346,61,1,59,2,2,122
09,Formosa,001,0003 ,0169,344,59,2,43,0,1,158
09,Formosa,001,0003 ,0170,342,48,4,53,5,2,158
09,Formosa,001,0003 ,0171,346,56,1,54,4,7,147
09,Formosa,001,0003 ,0172,344,91,0,52,1,0,122
09,Formosa,001,0003 ,0173,342,62,3,59,0,1,150
09,Formosa,001,0003 ,0174,344,51,3,54,2,6,161
09,Formosa,001,0003 ,0175,345,1,11,46,2,3,175
09,Formosa,001,0003 ,0176,343,69,0,53,2,1,145
09,Formosa,001,0003 ,0177,345,54,0,44,2,7,169
09,Formosa,001,0003 ,0178,345,42,2,75,2,2,141
09,Formosa,001,0003 ,0179,344,46,4,58,1,3,154
09,Formosa,001,0003 ,0180,344,40,2,62,2,3,165
09,Formosa,001,0003 ,0181,344,54,0,69,1,3,149
09,Formosa,001,0003 ,0182,344,27,2,75,3,5,160
09,Formosa,001,0003 ,0183,346,46,0,64,1,5,147
09,Formosa,001,0003 ,0184,346,44,0,46,3,3,160
09,Formosa,001,0003 ,0185,345,40,0,57,4,4,176
09,Formosa,001,0003 ,0186,344,1,0,60,2,2,153
09,Formosa,001,0003 ,0187,344,0,0,63,5,3,160
09,Formosa,001,0003 ,0188,347,0,0,48,2,4,167
09,Formosa,001,0003 ,0189,344,6,2,83,2,1,147
09,Formosa,001,0003 ,0190,346,42,1,63,0,7,152
09,Formosa,001,0003 ,0191,345,48,3,0,0,0,0
09,Formosa,001,0003 ,0192,346,47,2,90,3,5,131
09,Formosa,001,0003 ,0193,346,45,0,76,1,5,152
09,Formosa,001,0003 ,0194,345,54,6,55,5,2,141
09,Formosa,001,0003 ,0195,345,54,0,0,1,0,154
09,Formosa,001,0003 ,0196,344,46,0,66,4,2,152
09,Formosa,001,0003 ,0197,343,41,0,46,1,4,180
09,Formosa,001,0003 ,0198,345,67,0,62,6,2,135
09,Formosa,001,0003 ,0199,344,58,1,48,5,6,155
09,Formosa,001,0003 ,0200,343,41,3,60,1,1,153
09,Formosa,001,0003 ,0201,344,45,0,59,3,3,156
09,Formosa,001,0003 ,0202,346,52,2,49,4,1,173
09,Formosa,001,0003 ,0203,346,41,1,60,3,0,145
09,Formosa,001,0003 ,0204,344,48,0,63,2,0,145
09,Formosa,001,0003 ,0205,345,48,4,65,1,0,152
09,Formosa,001,0003 ,0206,346,50,0,61,1,1,156
09,Formosa,001,0003 ,0207,344,3,1,76,6,0,134
09,Formosa,001,0003 ,0208,345,38,2,56,5,0,151
09,Formosa,001,0003 ,0209,345,2,3,60,3,3,158
09,Formosa,001,0003 ,0210,344,41,2,68,1,2,156
09,Formosa,001,0003 ,0211,344,0,1,74,1,3,145
09,Formosa,001,0003 ,0212,343,45,2,57,4,0,177
09,Formosa,001,0003 ,0213,346,62,2,61,3,0,149
09,Formosa,001,0003 ,0214,345,50,4,62,5,2,141
09,Formosa,001,0003 ,0215,345,0,1,60,0,4,146
09,Formosa,001,0003 ,0216,344,49,2,67,3,0,136
09,Formosa,001,0003 ,0217,344,0,0,40,2,4,163
09,Formosa,001,0003 ,0218,344,38,3,49,1,1,171
09,Formosa,001,0003 ,0219,344,60,3,61,2,5,138
09,Formosa,001,0003 ,0220,344,41,0,70,1,1,150
09,Formosa,001,0003 ,0221,344,45,7,63,4,6,159
09,Formosa,001,0004 ,0222,346,54,2,53,1,2,165
09,Formosa,001,0004 ,0223,346,53,4,60,0,3,141
09,Formosa,001,0004 ,0224,347,42,6,51,4,3,168
09,Formosa,001,0004 ,0225,347,63,4,48,3,5,141
09,Formosa,001,0004 ,0226,345,38,0,76,4,4,145
09,Formosa,001,0004 ,0227,346,38,4,66,1,0,166
09,Formosa,001,0004 ,0228,346,57,1,62,0,2,136
09,Formosa,001,0004 ,0229,347,54,3,58,3,4,149
09,Formosa,001,0004 ,0230,348,0,2,73,2,4,177
09,Formosa,001,0004 ,0231,346,46,0,68,0,0,1
09,Formosa,001,0004 ,0232,349,87,5,21,0,4,168
09,Formosa,001,0004 ,0233,346,3,0,57,2,2,145
09,Formosa,001,0004 ,0234,346,3,4,59,1,1,121
09,Formosa,001,0004 ,0235,345,57,4,75,4,3,132
09,Formosa,001,0004 ,0236,347,44,0,78,1,2,140
09,Formosa,001,0004 ,0237,347,0,0,71,0,2,141
09,Formosa,001,0004 ,0238,346,52,1,71,6,3,135
09,Formosa,001,0004 ,0239,348,48,2,74,0,1,149
09,Formosa,001,0004 ,0240,345,45,2,62,4,6,150
09,Formosa,001,0004 ,0241,348,43,4,60,4,0,169
09,Formosa,001,0004 ,0242,346,41,1,73,4,1,156
09,Formosa,001,0004 ,0243,346,40,3,60,3,1,164
09,Formosa,001,0004 ,0244,346,37,1,61,2,1,158
09,Formosa,001,0004 ,0245,348,55,2,50,0,1,180
09,Formosa,001,0004 ,0246,346,56,0,6,0,3,140
09,Formosa,001,0004 ,0247,346,69,2,72,5,2,122
09,Formosa,001,0004 ,0248,348,55,1,63,1,5,144
09,Formosa,001,0004 ,0249,346,46,0,84,4,4,133
09,Formosa,001,0004 ,0250,346,56,0,78,3,3,132
09,Formosa,001,0004 ,0251,347,1,0,72,3,2,134
09,Formosa,001,0004 ,0252,345,40,3,47,6,5,161
09,Formosa,001,0004 ,0253,347,4,0,68,6,1,18
09,Formosa,001,0004 ,0254,348,40,7,93,2,1,137
09,Formosa,001,0004 ,0255,348,1,1,62,0,3,127
09,Formosa,001,0004 ,0256,346,3,6,14,2,20,95
09,Formosa,001,0004 ,0257,346,50,2,64,2,4,14
09,Formosa,001,0004 ,0258,346,44,1,79,1,0,146
09,Formosa,001,0004 ,0259,343,56,1,60,3,7,138
09,Formosa,001,0004 ,0260,345,50,3,31,0,0,151
09,Formosa,001,0004 ,0261,346,58,4,73,0,2,0
09,Formosa,001,0004 ,0262,347,60,0,60,3,2,155
09,Formosa,001,0004 ,0263,346,2,48,39,1,1,164
09,Formosa,001,0004 ,0264,348,51,1,63,2,5,141
09,Formosa,001,0004 ,0265,344,57,0,44,2,0,159
09,Formosa,001,0004 ,0266,345,59,4,63,1,1,135
09,Formosa,001,0004 ,0267,345,52,4,56,2,3,139
09,Formosa,001,0004 ,0268,346,60,3,77,1,5,125
09,Formosa,001,0004 ,0269,344,3,4,60,3,1,148
09,Formosa,001,0004 ,0270,346,44,0,67,0,2,161
09,Formosa,001,0004 ,0271,345,15,9,62,1,3,137
09,Formosa,001,0004 ,0272,347,48,2,58,1,3,155
09,Formosa,001,0004 ,0273,345,52,0,67,0,157,0
09,Formosa,001,0004 ,0274,345,4,0,68,2,0,154
09,Formosa,001,0004 ,0275,345,39,0,70,3,6,169
09,Formosa,001,0004 ,0276,345,0,6,54,3,5,141
09,Formosa,001,0004 ,0277,345,50,0,74,2,2,151
09,Formosa,001,0004 ,0278,345,5,2,71,3,4,163
09,Formosa,001,0004 ,0279,347,0,1,47,1,0,162
09,Formosa,001,0004 ,0280,344,38,7,61,1,3,159
09,Formosa,001,0004 ,0281,344,0,0,52,4,2,144
09,Formosa,001,0004 ,0282,344,50,5,79,3,2,119
09,Formosa,001,0005 ,0283,346,0,1,33,0,0,177
09,Formosa,001,0005 ,0284,345,0,3,28,2,5,188
09,Formosa,001,0005 ,0285,344,3,4,44,1,3,168
09,Formosa,001,0005 ,0286,346,107,0,33,2,1,115
09,Formosa,001,0005 ,0287,345,4,4,41,2,0,178
09,Formosa,001,0005 ,0288,344,9,0,32,0,1,176
09,Formosa,001,0005 ,0289,346,0,9,37,1,2,197
09,Formosa,001,0005 ,0290,346,8,0,33,2,0,185
09,Formosa,001,0005 ,0291,345,40,1,30,0,1,195
09,Formosa,001,0005 ,0292,346,0,0,33,1,1,159
09,Formosa,001,0005 ,0293,344,3,6,41,4,0,171
09,Formosa,001,0005 ,0294,344,5,2,40,0,0,0
09,Formosa,001,0005 ,0295,344,46,6,37,2,4,183
09,Formosa,001,0005 ,0296,344,63,5,37,1,1,156
09,Formosa,001,0005 ,0297,345,9,1,42,2,2,186
09,Formosa,001,0005 ,0298,345,47,2,33,1,2,201
09,Formosa,001,0005 ,0299,345,0,0,30,0,0,0
09,Formosa,001,0005 ,0300,344,0,0,44,1,5,0
09,Formosa,001,0005 ,0301,345,5,5,43,4,3,0
09,Formosa,001,0005 ,0302,345,71,4,28,1,3,168
09,Formosa,001,0005 ,0303,344,50,2,33,2,1,181
09,Formosa,001,0005 ,0304,346,55,2,25,0,3,184
09,Formosa,001,0005 ,0305,345,48,0,17,1,2,187
09,Formosa,001,0005 ,0306,345,51,3,26,3,1,203
09,Formosa,001,0005 ,0307,344,51,1,34,3,1,176
09,Formosa,001,0005 ,0308,348,10,10,31,1,3,191
09,Formosa,001,0005 ,0309,344,50,4,26,1,2,201
09,Formosa,001,0005 ,0310,344,53,1,38,3,2,180
09,Formosa,001,0005 ,0311,345,49,0,39,1,2,173
09,Formosa,001,0005 ,0312,343,39,1,43,7,4,179
09,Formosa,001,0005 ,0313,345,0,0,40,0,0,164
09,Formosa,001,0005 ,0314,343,33,4,39,1,2,202
09,Formosa,001,0005 ,0315,346,0,0,58,0,0,162
09,Formosa,001,0005 ,0316,345,0,0,30,2,2,186
09,Formosa,001,0005 ,0317,343,34,2,53,0,2,182
09,Formosa,001,0005 ,0318,344,45,3,36,0,1,188
09,Formosa,001,0005 ,0319,343,56,0,29,1,2,196
09,Formosa,001,0005 ,0320,345,0,0,36,1,0,179
09,Formosa,001,0005 ,0321,346,0,5,31,1,3,181
09,Formosa,001,0005 ,0322,344,5,0,36,0,0,171
09,Formosa,001,0005 ,0323,344,46,0,34,2,1,197
09,Formosa,001,0005 ,0324,344,0,0,43,5,2,147
09,Formosa,001,0005 ,0325,344,42,0,36,0,2,185
09,Formosa,001,0005 ,0326,344,28,2,34,9,0,207
09,Formosa,001,0005 ,0327,344,47,1,32,3,0,183
09,Formosa,001,0005 ,0328,345,5,8,41,4,1,174
09,Formosa,001,0005 ,0329,344,0,1,0,3,3,0
09,Formosa,001,0005 ,0330,344,40,4,42,5,1,177
09,Formosa,001,0005 ,0331,345,5,0,32,2,1,176
09,Formosa,001,0005 ,0332,345,63,6,36,2,2,160
09,Formosa,001,0005 ,0333,345,60,1,39,0,0,189
09,Formosa,001,0005 ,0334,344,47,9,31,0,2,187
09,Formosa,001,0005 ,0335,344,52,2,37,2,3,175
09,Formosa,001,0005 ,0336,346,53,4,30,5,0,188
09,Formosa,001,0005 ,0337,345,86,4,41,2,0,152
09,Formosa,001,0005 ,0338,344,38,5,33,1,2,202
09,Formosa,001,0005 ,0339,343,6,7,37,1,1,182
09,Formosa,001,0005 ,0340,343,2,5,36,2,1,198
09,Formosa,001,0005 ,0341,344,7,1,37,1,1,170
09,Formosa,001,0005 ,0342,345,65,6,35,1,0,163
09,Formosa,001,0005 ,0343,344,64,7,45,1,1,168
09,Formosa,001,0005 ,0344,345,54,7,33,3,5,185
09,Formosa,001,0005 ,0345,344,52,0,37,3,3,169
09,Formosa,001,0005 ,0346,345,54,2,37,1,2,178
09,Formosa,001,0005 ,0347,344,1,0,32,0,0,196
09,Formosa,001,0005 ,0348,346,70,2,34,3,0,171
09,Formosa,001,0005 ,0349,344,229,4,33,3,1,0
09,Formosa,001,0005 ,0350,345,65,3,4,1,3,177
09,Formosa,001,0005 ,0351,344,0,0,41,0,0,175
09,Formosa,001,0005 ,0352,345,50,4,33,1,4,180
09,Formosa,001,0005 ,0353,344,0,4,39,1,2,174
09,Formosa,001,0005 ,0354,345,51,0,39,2,2,178
09,Formosa,001,0005 ,0355,342,36,4,32,2,4,190
09,Formosa,001,0005 ,0356,343,74,0,4,3,1,150
09,Formosa,001,0005 ,0357,342,29,0,48,1,0,206
09,Formosa,001,0005 ,0358,342,44,0,37,2,1,191
09,Formosa,001,0005 ,0359,342,37,2,47,3,0,185
09,Formosa,001,0005 ,0360,344,50,6,32,2,0,189
09,Formosa,001,0005 ,0361,343,55,8,34,0,7,177
09,Formosa,001,0005 ,0362,345,50,0,25,1,1,201
09,Formosa,001,0005 ,0363,345,0,0,47,1,1,188
09,Formosa,001,0005 ,0364,344,53,4,39,2,2,175
09,Formosa,001,0005A,0365,317,35,0,33,0,0,199
09,Formosa,001,0005A,0366,319,36,3,47,0,0,179
09,Formosa,001,0005A,0367,319,70,1,24,0,0,173
09,Formosa,001,0005A,0368,318,79,0,32,4,1,190
09,Formosa,001,0005A,0369,318,45,1,40,0,1,190
09,Formosa,001,0006 ,0370,312,34,1,50,3,1,160
09,Formosa,001,0006 ,0371,312,40,1,53,0,1,151
09,Formosa,001,0006 ,0372,315,41,0,45,3,2,168
09,Formosa,001,0006 ,0373,313,43,1,39,3,0,165
09,Formosa,001,0006 ,0374,311,45,1,51,1,1,135
09,Formosa,001,0007 ,0375,342,44,0,51,2,1,177
09,Formosa,001,0007 ,0376,344,51,4,39,2,2,167
09,Formosa,001,0007 ,0377,341,239,5,19,0,4,0
09,Formosa,001,0007 ,0378,343,50,3,65,1,1,156
09,Formosa,001,0007 ,0379,342,60,3,66,4,2,154
09,Formosa,001,0007 ,0380,342,35,2,49,2,6,168
09,Formosa,001,0007 ,0381,343,10,3,48,4,6,163
09,Formosa,001,0007 ,0382,342,74,0,45,1,2,153
09,Formosa,001,0007 ,0383,342,50,2,46,1,2,177
09,Formosa,001,0007 ,0384,340,53,5,55,1,2,152
09,Formosa,001,0007 ,0385,339,54,2,60,0,2,152
09,Formosa,001,0007 ,0386,343,56,3,61,1,6,154
09,Formosa,001,0007 ,0387,343,56,8,51,0,2,158
09,Formosa,001,0007 ,0388,341,58,0,53,4,4,168
09,Formosa,001,0007 ,0389,343,50,0,62,150,2,0
09,Formosa,001,0007 ,0390,342,51,5,51,0,2,178
09,Formosa,001,0007 ,0391,340,3,1,63,0,0,175
09,Formosa,001,0007 ,0392,341,81,3,47,3,1,144
09,Formosa,001,0007 ,0393,340,49,7,63,0,4,153
09,Formosa,001,0007 ,0394,342,48,8,65,3,3,158
09,Formosa,001,0007 ,0395,340,45,7,40,2,6,166
09,Formosa,001,0007 ,0396,340,57,3,70,0,2,149
09,Formosa,001,0007 ,0397,342,51,8,66,1,2,144
09,Formosa,001,0007 ,0398,342,0,0,8,2,0,151
09,Formosa,001,0007 ,0399,341,0,0,0,0,0,0
09,Formosa,001,0007 ,0400,343,66,3,55,3,2,132
09,Formosa,001,0007 ,0401,340,2,2,42,0,4,176
09,Formosa,001,0007 ,0402,338,1,9,79,0,1,144
09,Formosa,001,0007 ,0403,340,57,4,56,6,2,137
09,Formosa,001,0007 ,0404,340,0,5,53,3,2,176
09,Formosa,001,0007 ,0405,340,27,4,54,1,4,188
09,Formosa,001,0007 ,0406,341,2,4,52,0,7,171
09,Formosa,001,0007 ,0407,341,2,0,0,1,5,11
09,Formosa,001,0007 ,0408,343,33,4,60,2,1,174
09,Formosa,001,0007 ,0409,340,0,2,60,0,0,196
09,Formosa,001,0007 ,0410,342,48,2,49,0,1,188
09,Formosa,001,0007 ,0411,339,73,7,53,1,1,151
09,Formosa,001,0007 ,0412,341,53,1,64,0,4,159
09,Formosa,001,0007 ,0413,339,45,5,64,0,4,143
09,Formosa,001,0007 ,0414,340,40,3,45,0,1,173
09,Formosa,001,0007 ,0415,339,58,0,49,0,2,167
09,Formosa,001,0007 ,0416,341,53,1,52,4,0,158
09,Formosa,001,0007 ,0417,341,36,4,51,2,3,170
09,Formosa,001,0007 ,0418,340,37,8,60,3,2,166
09,Formosa,001,0007 ,0419,339,49,3,55,0,2,153
09,Formosa,001,0007 ,0420,341,54,0,51,2,2,168
09,Formosa,001,0007 ,0421,340,55,0,45,3,3,162
09,Formosa,001,0007 ,0422,340,64,4,67,1,2,137
09,Formosa,001,0008 ,0423,184,28,1,25,1,1,87
09,Formosa,001,0008A,0424,312,0,1,44,1,2,166
09,Formosa,001,0008A,0425,310,30,0,54,2,15,166
09,Formosa,001,0008A,0426,310,32,1,52,4,5,145
09,Formosa,001,0008A,0427,309,37,3,40,0,1,58
09,Formosa,001,0008A,0428,309,44,2,51,1,1,141
09,Formosa,001,0008A,0429,308,49,1,49,1,1,133
09,Formosa,001,0008A,0430,308,63,2,0,0,0,0
09,Formosa,001,0008A,0431,309,49,4,0,0,0,0
09,Formosa,001,0008A,0432,309,63,1,44,1,3,132
09,Formosa,001,0008B,0433,346,51,0,61,3,1,173
09,Formosa,001,0008B,0434,346,32,0,59,6,6,178
09,Formosa,001,0008B,0435,345,50,1,56,0,1,152
09,Formosa,001,0008B,0436,345,38,0,68,4,4,160
09,Formosa,001,0008B,0437,345,48,5,40,4,1,182
09,Formosa,001,0009 ,0438,84,6,1,13,0,0,43
09,Formosa,001,0011 ,0439,256,38,2,20,0,0,125
09,Formosa,001,0011 ,0440,256,3,4,24,4,8,126
09,Formosa,001,0011 ,0441,256,3,0,0,0,7,152
09,Formosa,001,0014 ,0442,126,20,3,14,0,2,59
09,Formosa,001,0015 ,0443,80,22,1,8,0,1,29
09,Formosa,001,0016 ,0444,252,0,0,22,0,0,120
09,Formosa,001,0017 ,0445,254,25,0,10,0,0,171
09,Formosa,001,0017 ,0446,254,16,0,2,0,2,0
09,Formosa,001,0017 ,0447,252,26,0,12,0,0,178
09,Formosa,001,0017A,0448,231,0,0,24,1,0,82
09,Formosa,001,0017B,0449,43,0,0,8,0,0,17
09,Formosa,001,0018 ,0450,330,18,0,61,0,0,176
09,Formosa,001,0018 ,0451,328,24,0,38,0,1,0
09,Formosa,001,0018 ,0452,328,27,0,53,1,1,182
09,Formosa,001,0018 ,0453,329,35,0,38,2,0,179
09,Formosa,001,0018A,0454,34,5,0,10,1,0,20
09,Formosa,001,0019 ,0455,283,14,0,24,0,1,200
09,Formosa,001,0019 ,0456,281,8,0,27,0,0,200
09,Formosa,001,0019 ,0457,280,7,0,25,0,0,208
09,Formosa,001,0019 ,0458,277,8,0,35,0,2,182
09,Formosa,001,0020 ,0459,88,12,0,2,0,0,52
09,Formosa,001,0021 ,0460,290,31,0,29,5,5,153
09,Formosa,001,0021 ,0461,288,76,0,21,0,0,136
09,Formosa,001,0021 ,0462,290,46,1,23,0,1,141
09,Formosa,001,0021A,0463,149,32,0,4,0,1,84
09,Laishi,002,0022 ,0464,328,28,3,22,2,5,203
09,Laishi,002,0022 ,0465,328,37,4,36,0,0,193
09,Laishi,002,0022 ,0466,328,28,0,34,0,1,214
09,Laishi,002,0022 ,0467,330,26,0,26,1,9,201
09,Laishi,002,0022 ,0468,326,30,2,26,1,0,205
09,Laishi,002,0022 ,0469,328,25,2,24,0,0,225
09,Laishi,002,0022 ,0470,326,46,0,17,1,0,214
09,Laishi,002,0022 ,0471,326,31,0,23,0,2,204
09,Laishi,002,0022 ,0472,326,30,0,24,0,0,215
09,Laishi,002,0022A,0473,319,0,0,32,0,1,153
09,Laishi,002,0022A,0474,318,0,0,32,1,2,155
09,Laishi,002,0022B,0475,286,53,0,36,0,0,101
09,Laishi,002,0022C,0476,36,2,1,3,0,0,25
09,Laishi,002,0023 ,0477,319,0,0,15,0,2,248
09,Laishi,002,0023 ,0478,319,1,0,0,0,0,232
09,Laishi,002,0023 ,0479,320,0,0,13,2,2,260
09,Laishi,002,0023 ,0480,324,0,0,16,0,0,148
09,Laishi,002,0023A,0481,185,21,0,14,0,0,95
09,Laishi,002,0023A,0482,184,0,0,10,0,0,104
09,Laishi,002,0023B,0483,17,0,0,0,0,0,6
09,Laishi,002,0023C,0484,320,1,1,8,1,1,242
09,Laishi,002,0023C,0485,322,0,2,10,0,2,216
09,Laishi,002,0023C,0486,319,0,1,0,0,2,204
09,Laishi,002,0023C,0487,321,0,0,8,2,0,215
09,Laishi,002,0023C,0488,319,27,1,15,0,0,229
09,Laishi,002,0023C,0489,319,0,0,19,1,1,0
09,Laishi,002,0023C,0490,320,15,0,6,0,0,238
09,Laishi,002,0023C,0491,318,1,1,10,0,1,233
09,Laishi,002,0024 ,0492,326,2,0,22,2,1,220
09,Laishi,002,0024 ,0493,328,1,1,19,0,1,0
09,Laishi,002,0024 ,0494,329,0,0,29,1,2,192
09,Laishi,002,0024 ,0495,328,2,0,22,0,1,205
09,Laishi,002,0024 ,0496,328,0,0,22,1,0,208
09,Laishi,002,0024 ,0497,327,11,0,18,1,2,242
09,Laishi,002,0024 ,0498,327,18,0,35,1,1,214
09,Laishi,002,0024 ,0499,326,1,0,23,1,1,141
09,Laishi,002,0024 ,0500,327,22,1,23,1,0,219
09,Laishi,002,0024 ,0501,329,32,3,23,1,0,214
09,Laishi,002,0024 ,0502,325,4,0,24,0,0,212
09,Laishi,002,0024 ,0503,323,17,1,29,1,0,206
09,Laishi,002,0024 ,0504,326,0,2,17,2,0,227
09,Laishi,002,0024 ,0505,328,0,0,14,1,3,218
09,Laishi,002,0024A,0506,223,21,0,21,1,3,65
09,Laishi,002,0024B,0507,105,8,0,5,0,1,80
09,Pilcomayo,003,0025 ,0508,247,17,1,5,0,0,96
09,Pilcomayo,003,0026 ,0509,340,11,2,36,0,0,225
09,Pilcomayo,003,0026 ,0510,340,16,5,13,4,0,248
09,Pilcomayo,003,0026 ,0511,339,14,0,23,1,0,241
09,Pilcomayo,003,0026 ,0512,339,22,2,23,0,1,240
09,Pilcomayo,003,0026 ,0513,341,11,0,11,1,0,258
09,Pilcomayo,003,0026 ,0514,340,13,0,37,1,0,216
09,Pilcomayo,003,0026 ,0515,340,17,1,28,1,0,219
09,Pilcomayo,003,0026 ,0516,339,28,0,20,3,1,226
09,Pilcomayo,003,0026 ,0517,339,16,2,34,1,0,209
09,Pilcomayo,003,0026 ,0518,338,17,0,17,5,0,227
09,Pilcomayo,003,0026 ,0519,340,22,1,25,0,0,226
09,Pilcomayo,003,0026 ,0520,338,13,0,16,0,0,240
09,Pilcomayo,003,0026 ,0521,338,16,0,23,3,0,227
09,Pilcomayo,003,0026 ,0522,338,15,1,12,0,0,232
09,Pilcomayo,003,0026 ,0523,338,19,1,23,2,0,228
09,Pilcomayo,003,0026A,0524,279,28,0,40,4,2,118
09,Pilcomayo,003,0026B,0525,69,5,0,2,0,0,29
09,Pilcomayo,003,0027 ,0526,36,0,0,3,0,0,7
09,Pilcomayo,003,0028 ,0527,301,11,0,20,0,0,215
09,Pilcomayo,003,0028 ,0528,301,6,1,9,0,0,237
09,Pilcomayo,003,0028 ,0529,303,0,0,6,0,0,219
09,Pilcomayo,003,0028 ,0530,301,11,0,12,0,0,233
09,Pilcomayo,003,0028 ,0531,301,10,0,12,0,0,242
09,Pilcomayo,003,0028 ,0532,301,4,0,28,0,0,219
09,Pilcomayo,003,0028 ,0533,300,7,0,19,0,0,223
09,Pilcomayo,003,0028A,0534,143,9,0,12,1,1,59
09,Pilcomayo,003,0028B,0535,203,19,0,54,0,0,60
09,Pilcomayo,003,0028B,0536,203,16,0,64,0,0,79
09,Pilcomayo,003,0029 ,0537,344,13,3,20,1,0,237
09,Pilcomayo,003,0029 ,0538,344,0,0,20,1,1,244
09,Pilcomayo,003,0029 ,0539,346,9,0,22,1,1,256
09,Pilcomayo,003,0029 ,0540,344,3,1,32,0,0,225
09,Pilcomayo,003,0029 ,0541,342,14,0,18,0,0,228
09,Pilcomayo,003,0029 ,0542,346,10,0,15,0,0,261
09,Pilcomayo,003,0029 ,0543,345,15,2,16,1,0,231
09,Pilcomayo,003,0029 ,0544,344,9,0,40,0,0,229
09,Pilcomayo,003,0029 ,0545,344,14,0,17,1,1,238
09,Pilcomayo,003,0029 ,0546,345,9,0,23,0,0,231
09,Pilcomayo,003,0029 ,0547,347,27,0,28,0,0,230
09,Pilcomayo,003,0029 ,0548,345,5,0,22,1,1,248
09,Pilcomayo,003,0029 ,0549,342,0,0,23,0,1,247
09,Pilcomayo,003,0029 ,0550,344,11,2,39,0,1,220
09,Pilcomayo,003,0029 ,0551,346,66,1,23,0,1,245
09,Pilcomayo,003,0029 ,0552,344,1,0,19,0,0,235
09,Pilcomayo,003,0029 ,0553,344,9,0,22,0,3,235
09,Pilcomayo,003,0029 ,0554,343,7,1,27,0,0,246
09,Pilcomayo,003,0029A,0555,162,8,0,7,1,1,74
09,Pilcomayo,003,0030 ,0556,337,16,0,43,0,0,204
09,Pilcomayo,003,0030 ,0557,335,10,0,47,1,0,198
09,Pilcomayo,003,0030 ,0558,335,12,0,47,1,0,203
09,Pilcomayo,003,0030 ,0559,334,21,0,42,0,0,188
09,Pilcomayo,003,0030 ,0560,335,0,0,43,0,0,210
09,Pilcomayo,003,0030 ,0561,335,16,0,43,0,0,205
09,Pilcomayo,003,0030 ,0562,335,0,0,49,0,0,203
09,Pilcomayo,003,0030 ,0563,335,0,0,0,0,0,0
09,Pilcomayo,003,0030 ,0564,335,8,0,30,0,0,196
09,Pilcomayo,003,0030 ,0565,335,12,0,65,0,0,191
09,Pilcomayo,003,0030 ,0566,334,26,0,75,3,0,158
09,Pilcomayo,003,0030 ,0567,334,0,0,0,0,0,0
09,Pilcomayo,003,0030 ,0568,334,19,0,44,0,0,176
09,Pilcomayo,003,0030 ,0569,334,8,0,72,0,0,176
09,Pilcomayo,003,0030 ,0570,334,11,0,59,0,1,187
09,Pilcomayo,003,0030A,0571,147,0,0,3,0,0,1
09,Pilcomayo,003,0031 ,0572,278,1,0,51,0,0,152
09,Pilcomayo,003,0031A,0573,306,33,0,55,1,4,119
09,Pilcomayo,003,0031A,0574,305,26,0,47,1,0,118
09,Pilcomayo,003,0031B,0575,241,12,1,34,0,0,119
09,Pilcomayo,003,0031B,0576,242,0,0,39,0,0,132
09,Pilcomayo,003,0031B,0577,242,0,0,48,0,0,103
09,Pilcomayo,003,0032 ,0578,347,0,0,0,0,0,0
09,Pilcomayo,003,0032 ,0579,349,36,0,53,0,0,181
09,Pilcomayo,003,0032 ,0580,346,34,1,27,1,0,178
09,Pilcomayo,003,0032 ,0581,348,2,0,27,0,1,185
09,Pilcomayo,003,0032 ,0582,346,39,1,31,0,0,202
09,Pilcomayo,003,0032 ,0583,345,27,1,22,1,1,191
09,Pilcomayo,003,0032 ,0584,346,0,0,0,0,0,0
09,Pilcomayo,003,0032 ,0585,345,27,1,37,0,0,184
09,Pilcomayo,003,0032 ,0586,347,26,1,27,0,0,212
09,Pilcomayo,003,0032 ,0587,347,29,1,23,0,1,206
09,Pilcomayo,003,0032 ,0588,346,40,0,31,0,0,201
09,Pilcomayo,003,0032 ,0589,352,7,3,23,0,1,225
09,Pilcomayo,003,0032 ,0590,348,24,0,39,0,0,205
09,Pilcomayo,003,0032 ,0591,347,0,0,23,0,0,199
09,Pilcomayo,003,0032 ,0592,347,35,1,35,0,1,176
09,Pilcomayo,003,0032 ,0593,347,32,2,35,0,1,183
09,Pilcomayo,003,0032 ,0594,347,33,0,28,0,0,201
09,Pilcomayo,003,0032 ,0595,347,24,1,24,0,0,212
09,Pilcomayo,003,0032 ,0596,347,32,1,23,0,0,217
09,Pilcomayo,003,0032 ,0597,346,1,2,29,0,0,198
09,Pilcomayo,003,0032 ,0598,345,27,1,37,0,1,186
09,Pilcomayo,003,0032 ,0599,346,31,1,26,1,0,217
09,Pilcomayo,003,0032 ,0600,346,24,0,38,0,1,175
09,Pilcomayo,003,0032 ,0601,349,33,5,28,0,2,205
09,Pilcomayo,003,0032 ,0602,348,27,0,18,1,1,205
09,Pilcomayo,003,0032 ,0603,345,33,4,30,1,1,184
09,Pilcomayo,003,0032 ,0604,346,22,2,28,0,1,213
09,Pilcomayo,003,0032 ,0605,349,49,0,29,0,2,162
09,Pilcomayo,003,0032 ,0606,346,29,0,47,1,0,178
09,Pilcomayo,003,0032 ,0607,346,22,1,23,0,0,207
09,Pilcomayo,003,0032 ,0608,346,39,0,20,0,0,205
09,Pilcomayo,003,0032 ,0609,347,38,0,34,0,1,173
09,Pilcomayo,003,0032 ,0610,346,40,4,35,0,0,19
09,Pilcomayo,003,0032 ,0611,350,2,0,19,0,1,200
09,Pilcomayo,003,0032 ,0612,346,37,0,0,0,0,180
09,Pilcomayo,003,0032 ,0613,349,60,17,23,1,0,174
09,Pilcomayo,003,0032 ,0614,346,27,3,23,0,0,207
09,Pilcomayo,003,0032 ,0615,347,29,0,26,0,2,189
09,Pilcomayo,003,0032 ,0616,345,35,2,28,0,1,182
09,Pilcomayo,003,0032 ,0617,345,43,0,32,1,0,188
09,Pilcomayo,003,0032 ,0618,346,34,0,36,0,0,176
09,Pilcomayo,003,0032 ,0619,346,30,0,33,0,0,184
09,Pilcomayo,003,0032 ,0620,346,34,2,42,0,1,180
09,Pilcomayo,003,0032 ,0621,345,38,0,26,2,0,181
09,Pilcomayo,003,0032 ,0622,346,29,1,19,1,0,213
09,Pilcomayo,003,0032 ,0623,345,28,1,30,0,0,190
09,Pilcomayo,003,0032 ,0624,347,32,1,25,0,0,193
09,Pilcomayo,003,0032 ,0625,347,28,0,19,0,0,205
09,Pilcomayo,003,0032 ,0626,347,45,1,11,0,0,185
09,Pilcomayo,003,0032 ,0627,347,35,0,33,0,1,190
09,Pilcomayo,003,0032 ,0628,346,29,0,19,1,0,213
09,Pilcomayo,003,0032 ,0629,346,25,4,30,2,0,197
09,Pilcomayo,003,0032 ,0630,348,1,2,42,0,0,192
09,Pilcomayo,003,0032 ,0631,346,0,0,26,0,1,205
09,Pilcomayo,003,0032 ,0632,347,0,0,22,0,0,222
09,Pilcomayo,003,0032 ,0633,347,0,0,14,0,0,201
09,Pilcomayo,003,0032 ,0634,348,33,0,35,0,1,191
09,Pilcomayo,003,0032 ,0635,346,0,0,0,0,0,0
09,Pilcomayo,003,0032 ,0636,347,17,3,36,0,0,211
09,Pilcomayo,003,0032 ,0637,346,24,2,33,0,0,208
09,Pilcomayo,003,0032 ,0638,344,11,3,28,0,0,235
09,Pilcomayo,003,0032 ,0639,344,32,0,25,0,0,210
09,Pilcomayo,003,0032 ,0640,344,41,0,0,0,1,177
09,Pilcomayo,003,0032 ,0641,347,36,6,35,0,2,183
09,Pilcomayo,003,0032 ,0642,347,29,0,19,0,1,208
09,Pilcomayo,003,0032 ,0643,345,34,2,32,1,0,185
09,Pilcomayo,003,0032 ,0644,345,0,0,0,0,0,0
09,Pilcomayo,003,0032 ,0645,345,36,0,33,4,1,173
09,Pilcomayo,003,0032 ,0646,347,33,0,22,0,0,216
09,Pilcomayo,003,0032 ,0647,348,27,1,33,1,0,186
09,Pilcomayo,003,0032 ,0648,347,70,0,2,0,0,197
09,Pilcomayo,003,0032 ,0649,345,21,0,14,0,0,227
09,Pilcomayo,003,0032 ,0650,345,31,1,20,1,1,204
09,Pilcomayo,003,0032 ,0651,346,24,2,45,0,1,185
09,Pilcomayo,003,0032 ,0652,348,0,0,23,0,0,202
09,Pilcomayo,003,0032 ,0653,345,26,0,22,1,1,214
09,Pilcomayo,003,0032 ,0654,346,34,5,47,0,2,177
09,Pilcomayo,003,0032 ,0655,349,32,1,31,0,0,194
09,Pilcomayo,003,0032 ,0656,347,38,0,20,0,0,203
09,Pilcomayo,003,0032 ,0657,347,25,2,27,0,0,207
09,Pilcomayo,003,0032 ,0658,345,39,0,30,0,1,171
09,Pilcomayo,003,0032 ,0659,345,33,0,22,0,3,191
09,Pilcomayo,003,0032 ,0660,344,40,0,26,0,0,198
09,Pilcomayo,003,0032 ,0661,345,30,0,28,1,0,178
09,Pilcomayo,003,0032 ,0662,347,31,3,28,1,0,195
09,Pilcomayo,003,0032 ,0663,344,33,2,36,0,0,198
09,Pilcomayo,003,0032 ,0664,347,34,2,24,0,0,176
09,Pilcomayo,003,0032 ,0665,346,25,0,27,0,0,198
09,Pilcomayo,003,0032 ,0666,348,40,1,18,0,0,204
09,Pilcomayo,003,0032 ,0667,345,31,1,31,0,0,190
09,Pilcomayo,003,0032 ,0668,348,41,0,18,1,0,192
09,Pilcomayo,003,0032 ,0669,346,41,3,30,0,0,190
09,Pilcomayo,003,0032 ,0670,345,35,1,29,0,0,198
09,Pilcomayo,003,0032 ,0671,346,4,0,26,0,0,205
09,Pilcomayo,003,0032 ,0672,346,26,2,32,0,1,202
09,Pilcomayo,003,0032 ,0673,346,42,0,36,0,1,167
09,Pilcomayo,003,0032 ,0674,346,37,0,34,0,1,196
09,Pilcomayo,003,0032 ,0675,346,23,5,13,0,0,223
09,Pilcomayo,003,0032 ,0676,346,26,0,41,0,0,183
09,Pilcomayo,003,0032 ,0677,345,0,0,0,1,0,202
09,Pilcomayo,003,0032 ,0678,347,20,2,50,1,1,188
09,Pilcomayo,003,0032 ,0679,346,37,4,29,0,0,177
09,Pilcomayo,003,0032 ,0680,349,0,0,0,0,0,0
09,Pilcomayo,003,0032 ,0681,346,2,2,26,1,1,243
09,Pilcomayo,003,0032A,0682,171,31,1,7,0,0,70
09,Pilcomayo,003,0032B,0683,233,4,0,21,2,0,147
09,Pilcomayo,003,0032B,0684,232,2,2,11,0,0,166
09,Pirané,004,0034 ,0685,339,37,2,37,1,0,179
09,Pirané,004,0034 ,0686,340,0,2,54,0,0,169
09,Pirané,004,0034 ,0687,339,4,0,40,1,0,5
09,Pirané,004,0034 ,0688,339,1,2,43,0,1,189
09,Pirané,004,0034 ,0689,341,0,0,62,0,0,158
09,Pirané,004,0034 ,0690,339,23,0,40,0,0,0
09,Pirané,004,0034 ,0691,339,37,1,0,0,2,0
09,Pirané,004,0034 ,0692,340,4,0,45,0,0,189
09,Pirané,004,0034 ,0693,339,28,1,37,1,0,186
09,Pirané,004,0034 ,0694,340,27,0,40,2,1,176
09,Pirané,004,0034 ,0695,342,24,5,38,0,1,188
09,Pirané,004,0034 ,0696,341,3,4,34,0,1,203
09,Pirané,004,0034 ,0697,338,39,1,24,1,2,178
09,Pirané,004,0034 ,0698,340,48,0,40,0,0,168
09,Pirané,004,0034 ,0699,338,0,0,28,0,0,184
09,Pirané,004,0034 ,0700,338,13,0,30,1,0,220
09,Pirané,004,0034 ,0701,338,34,5,36,0,0,181
09,Pirané,004,0034 ,0702,338,2,0,42,0,0,175
09,Pirané,004,0034 ,0703,339,0,2,37,0,2,161
09,Pirané,004,0034 ,0704,339,38,2,58,0,0,149
09,Pirané,004,0034 ,0705,338,3,1,29,0,1,167
09,Pirané,004,0034 ,0706,339,46,0,21,1,21,157
09,Pirané,004,0034 ,0707,338,0,0,31,0,1,166
09,Pirané,004,0034 ,0708,341,0,0,14,0,1,223
09,Pirané,004,0034 ,0709,338,18,2,49,0,0,195
09,Pirané,004,0034 ,0710,337,52,0,42,0,0,159
09,Pirané,004,0034 ,0711,338,0,0,69,0,0,172
09,Pirané,004,0034 ,0712,338,27,0,39,0,0,197
09,Pirané,004,0034 ,0713,338,3,0,61,2,3,179
09,Pirané,004,0034 ,0714,338,57,0,39,0,0,168
09,Pirané,004,0034 ,0715,340,25,2,42,0,0,190
09,Pirané,004,0034 ,0716,337,41,1,41,0,0,167
09,Pirané,004,0034 ,0717,338,42,0,31,0,1,183
09,Pirané,004,0034 ,0718,338,0,0,0,0,0,0
09,Pirané,004,0034 ,0719,341,33,1,34,1,0,183
09,Pirané,004,0034 ,0720,339,25,0,40,0,0,187
09,Pirané,004,0034 ,0721,339,45,1,20,0,0,186
09,Pirané,004,0034 ,0722,337,1,0,36,0,0,203
09,Pirané,004,0034 ,0723,340,37,0,12,0,1,204
09,Pirané,004,0034A,0724,180,0,0,16,1,0,76
09,Pirané,004,0034A,0725,178,0,0,16,0,0,90
09,Pirané,004,0034B,0726,61,0,0,5,0,0,32
09,Pirané,004,0034C,0727,22,2,0,1,0,0,11
09,Pirané,004,0035 ,0728,267,7,0,23,0,2,80
09,Pirané,004,0035 ,0729,267,0,0,16,0,0,86
09,Pirané,004,0035 ,0730,267,0,0,22,0,0,97
09,Pirané,004,0035A,0731,243,0,0,21,0,4,86
09,Pirané,004,0035A,0732,244,0,0,19,0,0,86
09,Pirané,004,0035B,0733,335,56,0,11,0,2,121
09,Pirané,004,0036 ,0734,346,35,0,64,0,0,168
09,Pirané,004,0036 ,0735,346,31,0,68,0,0,177
09,Pirané,004,0036 ,0736,348,2,0,48,0,1,169
09,Pirané,004,0036 ,0737,346,9,1,55,0,0,174
09,Pirané,004,0036 ,0738,346,37,0,77,0,0,148
09,Pirané,004,0036 ,0739,347,34,1,64,0,2,165
09,Pirané,004,0036 ,0740,346,1,0,59,1,0,168
09,Pirané,004,0036 ,0741,345,1,1,47,0,0,0
09,Pirané,004,0036 ,0742,346,23,0,100,0,0,142
09,Pirané,004,0036 ,0743,346,0,2,48,0,1,141
09,Pirané,004,0036 ,0744,344,29,0,82,0,0,176
09,Pirané,004,0036 ,0745,347,3,0,67,5,0,0
09,Pirané,004,0036 ,0746,346,0,0,76,0,1,147
09,Pirané,004,0036 ,0747,345,46,0,69,0,0,153
09,Pirané,004,0036 ,0748,346,39,0,0,0,0,0
09,Pirané,004,0036 ,0749,345,41,0,0,55,0,191
09,Pirané,004,0036 ,0750,345,0,0,49,2,0,174
09,Pirané,004,0036A,0751,132,11,1,24,0,1,32
09,Pirané,004,0036B,0752,96,1,0,12,0,0,34
09,Pirané,004,0036C,0753,67,2,1,10,0,0,14
09,Pirané,004,0037 ,0754,168,4,0,25,0,1,35
09,Pirané,004,0037A,0755,138,15,0,34,0,0,47
09,Pirané,004,0037B,0756,343,28,0,81,0,0,163
09,Pirané,004,0037B,0757,344,44,2,67,0,0,162
09,Pirané,004,0037B,0758,343,26,0,100,0,0,150
09,Pirané,004,0037B,0759,342,25,0,88,0,8,157
09,Pirané,004,0037B,0760,342,35,4,94,0,0,154
09,Pirané,004,0037B,0761,343,0,1,99,0,0,134
09,Pirané,004,0037B,0762,344,32,0,98,0,2,148
09,Pirané,004,0037B,0763,343,33,2,96,0,0,131
09,Pirané,004,0037B,0764,343,36,0,79,0,0,162
09,Pirané,004,0037B,0765,340,24,0,124,0,1,136
09,Pirané,004,0037B,0766,342,36,0,90,0,4,149
09,Pirané,004,0037B,0767,340,26,1,128,0,0,141
09,Pirané,004,0037B,0768,342,23,0,110,0,1,139
09,Pirané,004,0037B,0769,344,33,0,68,1,0,162
09,Pirané,004,0037B,0770,341,1,0,79,1,0,157
09,Pirané,004,0037B,0771,341,28,3,114,0,0,135
09,Pirané,004,0037C,0772,341,47,0,53,0,0,160
09,Pirané,004,0037C,0773,345,51,0,61,0,0,158
09,Pirané,004,0037C,0774,342,38,1,73,2,1,137
09,Pirané,004,0037C,0775,343,2,0,54,1,2,167
09,Pirané,004,0037C,0776,342,0,0,70,0,0,150
09,Pirané,004,0037C,0777,342,2,4,67,0,0,155
09,Pirané,004,0037C,0778,341,0,0,57,1,1,136
09,Pirané,004,0037C,0779,342,0,0,0,0,0,0
09,Pirané,004,0037C,0780,342,0,0,0,0,0,0
09,Pirané,004,0037C,0781,342,54,1,55,2,0,168
09,Pirané,004,0037C,0782,342,37,0,75,1,0,147
09,Pirané,004,0037C,0783,342,40,3,71,1,1,147
09,Pirané,004,0037C,0784,344,48,0,50,2,1,159
09,Pirané,004,0037C,0785,342,56,0,81,1,1,131
09,Pirané,004,0037C,0786,342,40,2,52,2,0,168
09,Pirané,004,0037C,0787,343,0,1,54,4,2,166
09,Pirané,004,0037C,0788,343,48,0,54,2,0,165
09,Pirané,004,0037C,0789,344,45,5,61,0,0,170
09,Pirané,004,0037C,0790,345,63,0,38,0,0,169
09,Pirané,004,0037C,0791,341,47,1,59,0,0,149
09,Pirané,004,0037C,0792,342,52,2,80,0,1,148
09,Pirané,004,0037C,0793,342,46,1,46,0,0,164
09,Pirané,004,0037C,0794,341,0,0,50,0,1,161
09,Pirané,004,0037C,0795,341,45,0,62,0,0,167
09,Pirané,004,0037C,0796,340,29,0,74,0,1,177
09,Pirané,004,0037C,0797,341,1,2,58,1,2,159
09,Pirané,004,0037C,0798,342,1,0,75,3,0,147
09,Pirané,004,0037C,0799,341,36,1,63,1,1,164
09,Pirané,004,0037C,0800,344,74,0,28,1,1,179
09,Pirané,004,0037D,0801,187,0,0,54,0,0,43
09,Pirané,004,0037D,0802,185,0,0,39,0,1,57
09,Pirané,004,0037E,0803,80,3,0,11,0,1,39
09,Pirané,004,0037F,0804,239,0,1,69,0,3,70
09,Pirané,004,0037G,0805,290,0,0,54,1,1,71
09,Pirané,004,0038 ,0806,39,0,0,4,0,1,10
09,Pirané,004,0038A,0807,246,35,1,26,0,1,109
09,Pirané,004,0038A,0808,245,26,0,26,0,1,93
09,Pirané,004,0038A,0809,244,0,0,25,1,1,107
09,Pirané,004,0039 ,0810,327,0,0,25,2,213,0
09,Pirané,004,0039 ,0811,328,2,0,32,1,0,224
09,Pirané,004,0039 ,0812,328,13,0,17,0,3,228
09,Pirané,004,0039 ,0813,327,24,0,11,0,0,213
09,Pirané,004,0039 ,0814,330,0,0,18,0,1,216
09,Pirané,004,0039 ,0815,327,16,0,16,0,1,214
09,Pirané,004,0039 ,0816,327,22,0,22,0,0,209
09,Pirané,004,0039 ,0817,327,2,0,23,0,0,209
09,Pirané,004,0039 ,0818,327,0,0,14,0,0,0
09,Pirané,004,0039 ,0819,327,27,0,0,0,0,216
09,Pirané,004,0039 ,0820,328,17,1,0,0,0,222
09,Pirané,004,0039 ,0821,327,4,1,32,0,0,213
09,Pirané,004,0039 ,0822,329,2,2,0,0,0,200
09,Pirané,004,0039 ,0823,327,1,2,16,0,0,222
09,Pirané,004,0039 ,0824,327,26,0,11,0,0,210
09,Pirané,004,0039 ,0825,326,0,0,0,0,0,0
09,Pirané,004,0039 ,0826,328,0,0,10,0,0,168
09,Pirané,004,0039A,0827,60,0,0,3,0,0,36
09,Pirané,004,0040 ,0828,126,12,0,19,0,0,40
09,Pirané,004,0041 ,0829,221,0,0,22,0,0,80
09,Pirané,004,0041A,0830,262,7,1,20,1,3,128
09,Pirané,004,0041A,0831,260,23,0,13,0,0,150
09,Pirané,004,0041A,0832,259,7,0,14,1,1,139
09,Pirané,004,0042 ,0833,59,0,0,0,0,0,14
09,Pilagas,005,0043 ,0834,331,13,3,41,0,0,203
09,Pilagas,005,0043 ,0835,334,2,0,38,1,0,184
09,Pilagas,005,0043 ,0836,332,31,0,45,0,1,190
09,Pilagas,005,0043 ,0837,331,1,0,0,1,0,0
09,Pilagas,005,0043 ,0838,331,0,0,48,0,0,171
09,Pilagas,005,0043 ,0839,333,0,0,0,0,0,0
09,Pilagas,005,0043 ,0840,331,1,0,42,1,1,197
09,Pilagas,005,0043 ,0841,331,0,1,65,0,0,168
09,Pilagas,005,0043 ,0842,331,4,0,49,2,0,195
09,Pilagas,005,0043 ,0843,331,2,0,35,0,0,209
09,Pilagas,005,0043 ,0844,331,0,1,53,0,0,178
09,Pilagas,005,0043 ,0845,331,0,0,39,0,0,183
09,Pilagas,005,0043 ,0846,331,0,0,35,0,0,180
09,Pilagas,005,0043 ,0847,331,0,0,29,0,2,208
09,Pilagas,005,0043A,0848,308,11,0,10,0,0,256
09,Pilagas,005,0043A,0849,308,9,0,6,0,1,253
09,Pilagas,005,0043A,0850,310,8,0,10,0,0,253
09,Pilagas,005,0043A,0851,308,12,2,0,0,0,232
09,Pilagas,005,0043A,0852,308,11,0,8,0,0,242
09,Pilagas,005,0043A,0853,308,16,0,5,0,0,246
09,Pilagas,005,0043A,0854,307,8,0,3,0,0,254
09,Pilagas,005,0043A,0855,308,6,0,13,0,1,237
09,Pilagas,005,0043B,0856,207,4,0,29,0,0,55
09,Pilagas,005,0043C,0857,314,20,0,12,0,0,222
09,Pilagas,005,0043C,0858,314,0,0,7,0,0,215
09,Pilagas,005,0043C,0859,313,0,0,0,0,0,0
09,Pilagas,005,0043C,0860,314,0,0,0,0,0,0
09,Pilagas,005,0043C,0861,314,0,0,6,0,0,236
09,Pilagas,005,0043C,0862,313,0,0,14,0,0,220
09,Pilagas,005,0043C,0863,315,33,0,7,0,0,221
09,Pilagas,005,0043C,0864,313,1,1,5,0,0,232
09,Pilagas,005,0043C,0865,314,25,0,10,0,0,206
09,Pilagas,005,0043D,0866,66,0,0,0,0,0,0
09,Pilagas,005,0043E,0867,133,0,0,0,0,0,0
09,Pilagas,005,0043F,0868,85,0,0,9,0,1,17
09,Pilagas,005,0044 ,0869,316,13,0,13,0,1,230
09,Pilagas,005,0044 ,0870,318,15,0,7,0,0,241
09,Pilagas,005,0044 ,0871,317,0,1,9,0,0,238
09,Pilagas,005,0044 ,0872,317,4,0,0,0,0,0
09,Pilagas,005,0044 ,0873,316,13,0,9,0,1,226
09,Pilagas,005,0044 ,0874,317,0,0,13,0,0,241
09,Pilagas,005,0044 ,0875,318,15,0,19,0,0,0
09,Pilagas,005,0044 ,0876,316,10,2,25,0,0,226
09,Pilagas,005,0044 ,0877,317,14,0,30,0,0,214
09,Pilagas,005,0044A,0878,251,12,3,15,1,0,116
09,Pilagas,005,0045 ,0879,180,22,0,11,0,4,78
09,Pilagas,005,0045 ,0880,180,10,1,5,0,1,60
09,Patiño,006,0047 ,0881,46,0,0,4,0,0,0
09,Patiño,006,0047A,0882,16,0,0,6,0,0,7
09,Patiño,006,0048 ,0883,58,0,0,0,0,0,0
09,Patiño,006,0049 ,0884,138,0,0,8,0,0,46
09,Patiño,006,0050 ,0885,339,0,0,22,0,1,204
09,Patiño,006,0050 ,0886,341,0,0,0,0,0,0
09,Patiño,006,0050 ,0887,339,0,0,0,1,0,0
09,Patiño,006,0050 ,0888,340,0,0,29,3,0,186
09,Patiño,006,0050 ,0889,339,0,0,0,3,1,10
09,Patiño,006,0050 ,0890,339,42,2,27,0,0,183
09,Patiño,006,0050 ,0891,341,1,0,30,0,0,177
09,Patiño,006,0050 ,0892,338,4,0,0,0,0,0
09,Patiño,006,0050 ,0893,338,1,1,30,0,0,182
09,Patiño,006,0050 ,0894,340,0,0,0,0,0,167
09,Patiño,006,0050 ,0895,338,47,1,27,1,0,194
09,Patiño,006,0050 ,0896,338,0,0,18,0,0,200
09,Patiño,006,0050 ,0897,340,0,0,34,0,0,184
09,Patiño,006,0050 ,0898,338,0,1,35,0,1,179
09,Patiño,006,0050 ,0899,338,1,0,0,0,0,172
09,Patiño,006,0050A,0900,68,0,0,2,0,0,30
09,Patiño,006,0050B,0901,316,0,0,6,0,0,155
09,Patiño,006,0050B,0902,315,0,0,10,0,1,135
09,Patiño,006,0050B,0903,317,0,0,0,0,0,0
09,Patiño,006,0051 ,0904,138,0,0,0,0,0,0
09,Patiño,006,0051A,0905,336,16,1,19,0,0,220
09,Patiño,006,0051A,0906,335,8,0,28,2,3,219
09,Patiño,006,0051A,0907,336,30,0,19,0,1,213
09,Patiño,006,0051A,0908,335,27,0,22,1,0,191
09,Patiño,006,0051A,0909,335,0,0,15,0,0,198
09,Patiño,006,0051A,0910,335,10,2,0,0,0,215
09,Patiño,006,0051A,0911,336,1,0,20,0,0,223
09,Patiño,006,0051A,0912,335,1,0,21,0,0,219
09,Patiño,006,0051A,0913,334,18,1,8,1,1,225
09,Patiño,006,0051A,0914,334,3,0,0,0,0,0
09,Patiño,006,0051A,0915,335,21,0,15,0,0,224
09,Patiño,006,0051A,0916,334,13,0,21,2,0,211
09,Patiño,006,0051A,0917,334,22,0,27,1,0,193
09,Patiño,006,0051A,0918,334,0,0,32,0,1,208
09,Patiño,006,0051B,0919,44,0,0,0,0,0,19
09,Patiño,006,0052 ,0920,53,0,0,3,0,1,11
09,Patiño,006,0053 ,0921,39,0,0,9,0,0,11
09,Patiño,006,0054 ,0922,330,31,0,32,0,0,198
09,Patiño,006,0054 ,0923,330,4,0,0,5,0,180
09,Patiño,006,0054 ,0924,330,0,0,59,0,1,187
09,Patiño,006,0054 ,0925,330,1,1,28,1,0,194
09,Patiño,006,0054 ,0926,328,2,0,39,0,1,180
09,Patiño,006,0054 ,0927,328,1,0,40,0,0,199
09,Patiño,006,0054 ,0928,328,49,0,21,0,1,200
09,Patiño,006,0054 ,0929,329,0,0,2,2,0,0
09,Patiño,006,0054 ,0930,332,38,0,42,0,0,187
09,Patiño,006,0054 ,0931,329,0,0,34,1,0,229
09,Patiño,006,0054A,0932,136,9,0,16,0,0,48
09,Patiño,006,0055 ,0933,70,0,0,8,0,0,7
09,Patiño,006,0056 ,0934,336,45,2,47,0,0,178
09,Patiño,006,0056 ,0935,338,44,0,33,1,1,190
09,Patiño,006,0056 ,0936,336,40,2,39,0,2,176
09,Patiño,006,0056 ,0937,338,33,0,50,0,1,181
09,Patiño,006,0056 ,0938,337,48,0,50,0,0,187
09,Patiño,006,0056 ,0939,336,40,1,49,0,0,154
09,Patiño,006,0056 ,0940,336,45,1,50,0,0,178
09,Patiño,006,0056 ,0941,338,0,0,27,0,0,171
09,Patiño,006,0056 ,0942,337,63,0,32,0,0,167
09,Patiño,006,0056 ,0943,335,43,3,46,0,0,181
09,Patiño,006,0056 ,0944,336,0,0,45,0,1,169
09,Patiño,006,0056 ,0945,335,42,1,46,0,0,181
09,Patiño,006,0056 ,0946,336,55,0,53,0,0,165
09,Patiño,006,0056 ,0947,337,83,1,40,0,1,175
09,Patiño,006,0056 ,0948,335,50,2,43,0,0,162
09,Patiño,006,0056 ,0949,336,50,1,34,0,0,184
09,Patiño,006,0056 ,0950,336,45,1,29,0,0,195
09,Patiño,006,0056 ,0951,335,39,1,47,0,0,178
09,Patiño,006,0056 ,0952,338,45,0,40,0,2,183
09,Patiño,006,0056 ,0953,337,2,0,32,0,0,182
09,Patiño,006,0056 ,0954,335,37,0,52,0,0,169
09,Patiño,006,0056A,0955,264,21,20,30,0,1,94
09,Patiño,006,0056A,0956,265,0,0,39,0,0,0
09,Patiño,006,0056A,0957,264,58,0,31,0,0,97
09,Patiño,006,0057 ,0958,204,2,2,27,1,0,55
09,Patiño,006,0058 ,0959,69,0,0,8,0,1,18
09,Patiño,006,0058A,0960,55,0,0,8,0,0,18
09,Patiño,006,0059 ,0961,55,0,0,2,0,0,13
09,Patiño,006,0059A,0962,67,0,0,0,0,10,10
09,Patiño,006,0060 ,0963,344,2,0,38,3,0,179
09,Patiño,006,0060 ,0964,343,1,1,18,0,0,0
09,Patiño,006,0060 ,0965,344,0,0,30,0,0,0
09,Patiño,006,0060 ,0966,345,1,0,11,0,0,209
09,Patiño,006,0060 ,0967,343,0,0,0,0,0,0
09,Patiño,006,0060 ,0968,344,0,1,24,0,3,197
09,Patiño,006,0060 ,0969,344,3,0,23,0,0,207
09,Patiño,006,0060 ,0970,344,67,0,19,0,0,0
09,Patiño,006,0060 ,0971,342,51,0,23,0,0,195
09,Patiño,006,0060 ,0972,342,0,0,7,0,1,168
09,Patiño,006,0060 ,0973,343,61,0,23,0,0,200
09,Patiño,006,0060 ,0974,344,0,0,0,0,0,0
09,Patiño,006,0060A,0975,76,0,0,1,0,0,26
09,Patiño,006,0061 ,0976,173,15,0,2,0,0,37
09,Patiño,006,0062 ,0977,179,0,0,5,1,0,31
09,Patiño,006,0063 ,0978,33,2,0,3,0,0,10
09,Patiño,006,0063A,0979,90,0,0,20,0,0,9
09,Patiño,006,0064 ,0980,312,12,0,17,0,0,236
09,Patiño,006,0064 ,0981,312,2,0,0,0,0,194
09,Patiño,006,0064 ,0982,315,26,0,0,0,0,245
09,Patiño,006,0064 ,0983,313,1,0,28,0,0,225
09,Patiño,006,0064 ,0984,312,12,0,22,0,0,221
09,Patiño,006,0064A,0985,343,18,2,47,0,0,211
09,Patiño,006,0064A,0986,343,3,0,29,1,1,210
09,Patiño,006,0064A,0987,342,1,0,30,0,0,230
09,Patiño,006,0064A,0988,343,8,0,35,0,1,204
09,Patiño,006,0064A,0989,342,5,0,51,0,0,0
09,Patiño,006,0064A,0990,342,1,1,44,0,0,200
09,Patiño,006,0064A,0991,342,20,0,34,0,0,210
09,Patiño,006,0064A,0992,342,1,1,42,0,0,216
09,Patiño,006,0064A,0993,342,13,0,40,0,0,226
09,Patiño,006,0064B,0994,11,2,0,2,0,0,18
09,Patiño,006,0065 ,0995,226,4,1,42,0,0,101
09,Patiño,006,0065 ,0996,227,1,1,44,0,0,95
09,Patiño,006,0065A,0997,30,0,0,1,0,0,6
09,Patiño,006,0065B,0998,69,13,0,0,0,8,50
09,Patiño,006,0066 ,0999,98,8,0,4,0,0,24
09,Patiño,006,0066A,1000,94,3,0,1,0,0,0
09,Patiño,006,0066B,1001,50,3,0,4,0,0,9
09,Patiño,006,0067 ,1002,347,3,3,5,0,1,184
09,Patiño,006,0067 ,1003,345,0,0,16,0,0,0
09,Patiño,006,0067 ,1004,346,34,0,19,0,0,196
09,Patiño,006,0067 ,1005,345,1,0,0,0,0,175
09,Patiño,006,0067 ,1006,344,2,1,23,1,0,106
09,Patiño,006,0067 ,1007,344,0,0,19,0,0,176
09,Patiño,006,0067 ,1008,344,2,0,11,1,0,187
09,Patiño,006,0067 ,1009,344,50,1,14,1,0,182
09,Patiño,006,0067 ,1010,346,45,0,16,0,2,190
09,Patiño,006,0067 ,1011,344,3,0,9,0,1,187
09,Patiño,006,0067 ,1012,344,0,0,23,0,0,200
09,Patiño,006,0067 ,1013,345,3,3,3,0,0,163
09,Patiño,006,0067 ,1014,344,0,0,0,0,0,0
09,Patiño,006,0067 ,1015,344,0,0,0,0,0,0
09,Patiño,006,0067 ,1016,344,27,0,18,1,0,170
09,Patiño,006,0067 ,1017,344,39,2,20,0,3,185
09,Patiño,006,0067 ,1018,344,56,0,20,0,0,176
09,Patiño,006,0067 ,1019,345,1,1,28,0,174,0
09,Patiño,006,0067 ,1020,345,0,0,0,0,0,0
09,Patiño,006,0067 ,1021,344,0,0,15,0,1,178
09,Patiño,006,0067 ,1022,346,45,1,23,1,0,188
09,Patiño,006,0067 ,1023,344,52,0,14,0,1,177
09,Patiño,006,0067 ,1024,344,47,2,13,0,1,176
09,Patiño,006,0067 ,1025,344,0,1,0,1,0,195
09,Patiño,006,0067 ,1026,343,44,1,15,0,1,190
09,Patiño,006,0067 ,1027,346,47,0,20,1,0,192
09,Patiño,006,0067A,1028,74,0,0,0,0,0,14
09,Patiño,006,0068 ,1029,280,0,0,13,0,0,124
09,Patiño,006,0069 ,1030,79,0,0,4,0,0,22
09,Patiño,006,0070 ,1031,287,57,1,53,0,0,126
09,Patiño,006,0070 ,1032,285,52,1,51,0,0,140
09,Patiño,006,0070 ,1033,286,50,0,58,0,0,133
09,Patiño,006,0070 ,1034,286,72,0,41,1,0,134
09,Patiño,006,0070 ,1035,286,33,0,65,0,0,133
09,Patiño,006,0070A,1036,30,15,0,10,0,0,12
09,Patiño,006,0071 ,1037,345,39,0,42,0,0,171
09,Patiño,006,0071 ,1038,346,18,0,45,0,0,172
09,Patiño,006,0071 ,1039,345,1,0,0,0,0,0
09,Patiño,006,0071 ,1040,345,0,0,52,0,0,155
09,Patiño,006,0071 ,1041,347,0,0,0,0,0,0
09,Patiño,006,0071 ,1042,347,41,0,67,0,0,149
09,Patiño,006,0071 ,1043,347,0,0,40,0,0,165
09,Patiño,006,0071 ,1044,346,29,0,52,0,1,179
09,Patiño,006,0071 ,1045,347,29,0,45,0,0,173
09,Patiño,006,0071 ,1046,346,0,0,60,0,0,0
09,Patiño,006,0071 ,1047,345,0,0,40,0,0,174
09,Patiño,006,0071A,1048,208,2,5,14,0,0,113
09,Patiño,006,0071A,1049,207,0,0,24,0,0,29
09,Bermejo,007,0072 ,1050,202,0,0,33,0,0,57
09,Bermejo,007,0072 ,1051,201,0,1,26,0,0,69
09,Bermejo,007,0072A,1052,93,0,0,18,0,0,0
09,Bermejo,007,0072B,1053,162,0,0,14,0,0,32
09,Bermejo,007,0073 ,1054,315,0,0,8,0,0,130
09,Bermejo,007,0073 ,1055,315,0,0,7,1,0,175
09,Bermejo,007,0074 ,1056,211,0,0,0,0,0,64
09,Bermejo,007,0075 ,1057,338,0,0,36,0,0,192
09,Bermejo,007,0075 ,1058,336,26,0,23,0,0,210
09,Bermejo,007,0075 ,1059,336,3,1,41,0,0,177
09,Bermejo,007,0075 ,1060,336,0,0,0,0,0,198
09,Bermejo,007,0075 ,1061,337,2,0,28,0,0,183
09,Bermejo,007,0075 ,1062,337,1,0,30,0,0,196
09,Bermejo,007,0075 ,1063,336,2,0,35,0,0,199
09,Bermejo,007,0075 ,1064,337,1,0,16,0,0,202
09,Bermejo,007,0075 ,1065,335,1,0,44,0,0,178
09,Bermejo,007,0076 ,1066,264,26,0,24,0,0,72
09,Bermejo,007,0076A,1067,214,0,0,38,0,0,28
09,Bermejo,007,0077 ,1068,238,0,0,6,0,0,88
09,Bermejo,007,0077 ,1069,238,1,0,2,0,1,107
09,Bermejo,007,0078 ,1070,266,0,0,29,0,0,119
09,Bermejo,007,0079 ,1071,97,0,0,0,0,0,0
09,Bermejo,007,0080 ,1072,290,0,0,0,0,0,0
09,Bermejo,007,0080 ,1073,290,0,0,0,0,0,0
09,Bermejo,007,0080 ,1074,290,0,0,0,0,0,0
09,Bermejo,007,0080 ,1075,290,0,0,0,0,0,0
09,Bermejo,007,0080 ,1076,290,0,0,0,0,0,0
09,Bermejo,007,0080A,1077,187,0,0,0,0,0,0
09,Bermejo,007,0080A,1078,187,0,0,0,0,0,0
09,Bermejo,007,0080B,1079,235,0,0,0,0,0,0
09,Bermejo,007,0081 ,1080,319,0,0,0,0,2,208
09,Bermejo,007,0081 ,1081,320,0,0,0,0,0,0
09,Bermejo,007,0081 ,1082,319,0,0,0,0,0,0
09,Bermejo,007,0081 ,1083,319,2,0,0,0,0,208
09,Bermejo,007,0081A,1084,28,0,0,0,0,0,13
09,Matacos,008,0082 ,1085,339,2,0,20,1,0,0
09,Matacos,008,0082 ,1086,338,0,0,0,0,0,0
09,Matacos,008,0082 ,1087,339,0,0,17,0,0,195
09,Matacos,008,0082 ,1088,339,0,0,0,0,0,0
09,Matacos,008,0082 ,1089,341,0,0,0,0,0,0
09,Matacos,008,0082 ,1090,339,0,0,0,0,0,0
09,Matacos,008,0082 ,1091,341,0,0,0,0,0,0
09,Matacos,008,0082 ,1092,340,0,0,0,0,0,0
09,Matacos,008,0082 ,1093,339,0,0,0,0,0,0
09,Matacos,008,0082 ,1094,341,0,0,0,0,0,0
09,Matacos,008,0082 ,1095,338,0,0,0,0,0,0
09,Matacos,008,0082 ,1096,339,0,0,0,0,0,0
09,Matacos,008,0082 ,1097,341,23,0,16,0,0,189
09,Matacos,008,0082 ,1098,339,0,0,0,0,0,0
09,Matacos,008,0082 ,1099,338,0,0,12,0,0,217
09,Matacos,008,0082 ,1100,339,0,0,10,0,0,0
09,Matacos,008,0082 ,1101,340,0,0,0,0,0,0
09,Matacos,008,0082 ,1102,340,0,0,0,0,0,0
09,Matacos,008,0082 ,1103,340,0,0,0,0,0,0
09,Matacos,008,0082 ,1104,340,0,0,0,0,0,0
09,Matacos,008,0082 ,1105,339,0,0,13,0,0,183
09,Matacos,008,0082 ,1106,338,0,0,0,0,0,0
09,Matacos,008,0082 ,1107,339,0,0,0,0,0,0
09,Matacos,008,0082 ,1108,339,0,0,0,0,0,0
09,Matacos,008,0082 ,1109,339,0,0,0,0,0,0
09,Matacos,008,0082 ,1110,338,0,0,0,0,0,0
09,Matacos,008,0082A,1111,176,0,0,0,0,0,19
09,Matacos,008,0082B,1112,66,8,0,2,0,1,0
09,Ramón Lista,009,0083 ,1113,328,0,0,0,0,0,0
09,Ramón Lista,009,0083 ,1114,328,0,0,0,0,0,0
09,Ramón Lista,009,0083 ,1115,331,0,0,0,0,0,0
09,Ramón Lista,009,0083 ,1116,327,0,0,0,0,0,0
09,Ramón Lista,009,0083 ,1117,327,0,0,0,0,0,0
09,Ramón Lista,009,0083A,1118,313,120,1,22,0,0,83
09,Ramón Lista,009,0083A,1119,313,0,0,26,0,0,89
09,Ramón Lista,009,0083A,1120,313,0,0,21,0,0,0
09,Ramón Lista,009,0083A,1121,312,1,0,32,0,0,82
09,Ramón Lista,009,0083A,1122,313,0,0,33,0,1,63
09,Ramón Lista,009,0083A,1123,313,2,0,12,0,0,96
09,Ramón Lista,009,0083A,1124,313,1,0,20,0,0,90
09,Ramón Lista,009,0083A,1125,313,0,0,11,0,0,83
09,Ramón Lista,009,0083A,1126,312,0,0,19,0,1,0
09,Ramón Lista,009,0083B,1127,290,69,0,8,0,0,101
09,Ramón Lista,009,0083B,1128,289,0,0,0,0,0,0
09,Ramón Lista,009,0083C,1129,141,0,0,0,0,0,0
09,Ramón Lista,009,0084 ,1130,276,0,0,0,0,0,0
09,Ramón Lista,009,0084 ,1131,275,0,0,0,0,0,0
09,Ramón Lista,009,0084A,1132,241,0,0,0,0,0,0
09,Ramón Lista,009,0084A,1133,241,0,0,0,0,0,0
09,Ramón Lista,009,0084B,1134,273,0,0,0,0,0,0
09,Ramón Lista,009,0084B,1135,273,0,0,0,0,0,0
09,Ramón Lista,009,0084C,1136,179,0,0,0,0,0,0
09,Ramón Lista,009,0084C,1137,179,0,0,0,0,0,0
