codprov,depto,coddepto,circuito,mesa,electores,blancos,nulos,0023,0063,0068,0501,0504,0510,0517,0525
10,General Belgrano,001,0001 ,0001,315,0,1,15,9,4,76,57,19,8,7
10,General Belgrano,001,0001 ,0002,317,3,3,17,16,2,82,59,11,9,6
10,General Belgrano,001,0001 ,0003,316,26,7,10,15,1,106,49,20,13,6
10,General Belgrano,001,0001 ,0004,315,33,6,8,15,5,98,54,17,6,4
10,General Belgrano,001,0001 ,0005,315,30,4,13,10,1,109,51,10,4,6
10,General Belgrano,001,0001 ,0006,317,49,5,7,10,0,88,52,0,7,6
10,General Belgrano,001,0001 ,0007,315,0,0,0,11,3,101,51,10,4,7
10,General Belgrano,001,0001 ,0008,317,35,84,17,10,0,89,15,0,2,5
10,General Belgrano,001,0001 ,0009,315,0,0,12,10,4,89,47,20,3,2
10,General Belgrano,001,0001 ,0010,314,0,34,11,6,3,104,51,20,8,5
10,General Belgrano,001,0001 ,0011,316,0,2,11,8,1,102,47,9,7,9
10,General Belgrano,001,0001 ,0012,316,0,0,19,14,2,83,57,14,5,4
10,General Belgrano,001,0001 ,0013,315,0,0,18,4,0,85,64,19,5,2
10,General Belgrano,001,0001 ,0014,317,0,0,16,9,2,105,49,8,9,5
10,General Belgrano,001,0001 ,0015,316,39,1,7,12,1,82,54,14,7,5
10,General Belgrano,001,0001 ,0016,315,26,12,16,5,4,98,57,12,9,3
10,General Belgrano,001,0001 ,0017,315,41,3,7,8,5,87,69,8,7,5
10,General Belgrano,001,0001 ,0018,316,7,27,11,5,5,110,37,10,9,5
10,General Belgrano,001,0001 ,0019,316,23,8,9,5,3,102,49,10,6,7
10,General Belgrano,001,0002 ,0020,313,4,1,23,12,0,35,76,32,10,6
10,General Belgrano,001,0002 ,0021,312,25,2,24,17,1,46,72,21,7,11
10,General Belgrano,001,0002 ,0022,313,22,2,36,14,4,43,75,16,11,6
10,General Belgrano,001,0002 ,0023,314,2,4,26,11,0,42,90,27,13,13
10,General Belgrano,001,0002 ,0024,312,27,2,34,13,2,33,68,29,6,5
10,General Belgrano,001,0002 ,0025,313,0,2,30,15,2,29,79,31,8,5
10,General Belgrano,001,0002 ,0026,313,0,0,27,11,2,31,71,33,7,14
10,General Belgrano,001,0002 ,0027,313,14,2,21,14,2,43,82,30,5,4
10,General Belgrano,001,0003 ,0028,291,21,2,19,10,4,32,79,13,14,3
10,General Belgrano,001,0003 ,0029,291,31,5,15,7,2,42,71,22,5,7
10,General Belgrano,001,0003 ,0030,289,30,3,24,10,1,40,69,26,5,9
10,General Belgrano,001,0003 ,0031,290,0,0,17,7,5,42,67,26,5,5
10,General Belgrano,001,0003 ,0032,288,27,3,19,9,2,35,64,25,7,9
10,General Belgrano,001,0003 ,0033,289,23,4,27,6,2,42,70,12,3,5
10,General Belgrano,001,0003 ,0034,288,26,1,23,12,3,37,13,34,4,4
10,General Belgrano,001,0003 ,0035,288,22,1,29,14,2,31,68,23,10,6
10,General Belgrano,001,0003 ,0036,289,21,0,20,8,0,28,73,22,4,3
10,General Belgrano,001,0003 ,0037,289,22,1,15,8,3,26,85,30,9,5
10,General Belgrano,001,0004 ,0038,316,0,2,2,12,2,100,51,9,11,2
10,General Belgrano,001,0004 ,0039,315,1,0,6,12,2,102,54,10,10,6
10,General Belgrano,001,0004 ,0040,314,4,2,5,8,2,114,72,12,5,3
10,General Belgrano,001,0004 ,0041,314,6,3,5,9,4,119,53,8,8,2
10,General Belgrano,001,0004 ,0042,314,4,17,8,9,6,78,58,14,14,5
10,General Belgrano,001,0004 ,0043,315,42,7,10,9,3,99,42,19,14,4
10,General Belgrano,001,0004 ,0044,314,0,0,7,10,3,89,74,9,11,3
10,General Belgrano,001,0004 ,0045,314,0,0,6,19,8,95,70,11,6,5
10,General Belgrano,001,0004 ,0046,314,0,2,6,7,8,90,54,11,4,5
10,General Belgrano,001,0004 ,0047,313,0,0,9,9,5,108,52,9,5,3
10,General Belgrano,001,0004 ,0048,314,22,2,4,4,4,99,66,11,11,6
10,General Belgrano,001,0004 ,0049,313,25,1,5,11,11,105,52,12,10,3
10,General Belgrano,001,0004 ,0050,317,0,0,3,8,6,102,48,6,6,2
10,General Belgrano,001,0004 ,0051,314,23,2,3,13,4,115,56,9,8,6
10,General Belgrano,001,0004 ,0052,315,28,5,11,10,7,113,46,12,3,3
10,General Belgrano,001,0004 ,0053,317,1,8,4,12,3,108,49,8,6,1
10,General Belgrano,001,0004 ,0054,314,16,3,6,12,3,103,75,7,14,2
10,General Belgrano,001,0004 ,0055,315,28,5,4,15,2,82,59,16,12,3
10,General Belgrano,001,0004 ,0056,314,35,5,7,14,4,81,70,12,10,3
10,General Belgrano,001,0005 ,0057,308,47,0,18,0,2,75,67,21,12,2
10,General Belgrano,001,0005 ,0058,308,51,2,13,12,2,65,70,14,9,4
10,General Belgrano,001,0005 ,0059,309,31,0,19,12,3,61,65,25,10,3
10,General Belgrano,001,0005 ,0060,309,33,2,13,6,4,79,61,14,6,6
10,General Belgrano,001,0005 ,0061,310,2,37,13,13,2,58,72,21,8,5
10,General Belgrano,001,0005 ,0062,308,0,0,25,13,1,56,50,23,10,6
10,General Belgrano,001,0005 ,0063,309,51,4,19,9,5,68,59,8,6,3
10,General Belgrano,001,0005 ,0064,310,36,0,8,9,2,60,73,21,10,7
10,General Belgrano,001,0005 ,0065,311,34,6,13,15,2,52,70,24,6,1
10,General Belgrano,001,0005 ,0066,310,0,0,0,0,0,51,75,0,6,7
10,General Belgrano,001,0005 ,0067,309,35,3,20,0,0,54,78,20,8,5
10,General Belgrano,001,0005 ,0068,308,29,1,20,8,5,58,70,27,4,5
10,General Belgrano,001,0005 ,0069,310,31,5,17,7,7,60,71,17,11,5
10,General Belgrano,001,0005 ,0070,310,2,0,7,10,1,77,75,19,7,5
10,General Belgrano,001,0006 ,0071,314,24,1,31,21,6,49,62,20,8,8
10,General Belgrano,001,0006 ,0072,316,0,0,24,7,12,62,74,16,7,8
10,General Belgrano,001,0006 ,0073,315,0,0,20,0,0,52,75,24,7,1
10,General Belgrano,001,0006 ,0074,316,25,7,0,0,0,44,74,35,10,5
10,General Belgrano,001,0006 ,0075,315,2,0,23,10,3,57,64,15,19,11
10,General Belgrano,001,0006 ,0076,314,2,2,14,16,3,60,67,24,10,13
10,General Belgrano,001,0006 ,0077,312,35,2,23,11,7,38,76,22,12,8
10,General Belgrano,001,0006 ,0078,315,28,3,35,18,1,50,60,35,7,5
10,General Belgrano,001,0006 ,0079,313,23,4,19,14,5,63,63,22,10,5
10,General Belgrano,001,0006 ,0080,314,1,4,21,12,7,48,88,18,5,5
10,General Belgrano,001,0006 ,0081,316,33,4,23,15,2,45,74,24,10,9
10,General Belgrano,001,0006 ,0082,313,33,4,17,6,6,64,81,18,7,3
10,General Belgrano,001,0006 ,0083,314,32,2,14,13,0,77,67,15,9,4
10,General Belgrano,001,0006 ,0084,313,32,2,11,15,5,55,62,19,12,11
10,General Belgrano,001,0006 ,0085,314,26,2,17,11,2,56,69,22,10,6
10,General Belgrano,001,0006 ,0086,315,33,3,22,19,2,43,61,28,6,3
10,General Belgrano,001,0006 ,0087,313,32,1,20,8,4,75,73,18,8,7
10,General Belgrano,001,0006 ,0088,313,0,0,25,7,1,66,71,20,8,5
10,General Belgrano,001,0006 ,0089,313,29,5,23,14,1,51,86,20,7,2
10,General Belgrano,001,0006 ,0090,313,30,0,19,7,4,66,79,16,8,7
10,General Belgrano,001,0006 ,0091,313,27,1,20,11,3,60,70,20,8,5
10,General Belgrano,001,0006 ,0092,314,39,4,20,16,6,43,53,25,9,5
10,General Belgrano,001,0007 ,0093,317,27,1,10,25,1,82,68,13,11,4
10,General Belgrano,001,0007 ,0094,317,2,1,6,8,5,98,75,7,13,9
10,General Belgrano,001,0007 ,0095,317,0,5,11,9,2,85,62,13,13,1
10,General Belgrano,001,0007 ,0096,317,0,0,8,9,2,89,67,16,11,3
10,General Belgrano,001,0007 ,0097,318,29,2,8,8,10,81,73,14,12,7
10,General Belgrano,001,0007 ,0098,317,29,3,8,8,9,112,66,13,14,2
10,General Belgrano,001,0007 ,0099,317,4,0,10,13,3,98,71,12,7,3
10,General Belgrano,001,0007 ,0100,320,0,3,17,14,7,84,58,12,6,4
10,General Belgrano,001,0007 ,0101,317,4,4,9,17,3,75,52,19,10,3
10,General Belgrano,001,0007 ,0102,317,0,0,17,9,0,66,75,16,9,6
10,General Belgrano,001,0007 ,0103,317,31,0,7,10,4,77,78,13,8,4
10,General Belgrano,001,0007 ,0104,316,0,2,6,12,5,84,60,11,11,3
10,General Belgrano,001,0007 ,0105,318,32,6,8,7,3,84,69,15,9,2
10,General Belgrano,001,0007 ,0106,317,0,0,7,6,2,85,84,13,3,5
10,General Belgrano,001,0007 ,0107,317,33,0,11,7,4,82,67,12,9,3
10,General Belgrano,001,0007 ,0108,317,31,0,10,12,3,75,76,17,9,4
10,General Belgrano,001,0007 ,0109,318,34,2,11,11,5,91,62,14,9,4
10,General Belgrano,001,0007 ,0110,319,48,3,0,0,0,100,63,14,14,10
10,General Belgrano,001,0007 ,0111,317,28,8,6,9,3,94,64,10,11,6
10,General Belgrano,001,0007 ,0112,316,35,5,0,9,7,85,64,12,10,3
10,General Belgrano,001,0007 ,0113,316,29,1,14,9,1,110,64,10,6,5
10,General Belgrano,001,0007 ,0114,318,28,5,11,10,1,91,74,5,7,4
10,General Belgrano,001,0007 ,0115,317,30,5,13,10,3,77,71,12,14,3
10,General Belgrano,001,0007 ,0116,316,27,0,5,8,4,86,76,12,15,11
10,General Belgrano,001,0007 ,0117,318,41,4,7,11,1,68,59,18,12,2
10,General Belgrano,001,0007 ,0118,319,35,5,17,12,2,82,65,22,12,1
10,General Belgrano,001,0007 ,0119,317,1,8,9,13,4,85,60,17,8,5
10,General Belgrano,001,0007 ,0120,317,25,0,5,14,4,92,75,14,14,3
10,General Belgrano,001,0007 ,0121,317,37,3,13,8,4,86,65,11,15,5
10,General Belgrano,001,0007 ,0122,318,35,4,10,9,7,79,72,22,12,5
10,General Belgrano,001,0007 ,0123,317,26,2,10,8,8,91,70,8,18,6
10,General Belgrano,001,0007 ,0124,318,35,2,12,6,9,103,45,10,16,8
10,General Belgrano,001,0007 ,0125,317,32,2,8,11,10,94,54,15,17,4
10,General Belgrano,001,0007 ,0126,318,0,0,17,12,1,115,67,14,8,3
10,General Belgrano,001,0007 ,0127,317,31,3,8,19,7,78,64,11,13,3
10,General Belgrano,001,0007 ,0128,318,39,0,14,8,5,81,62,10,4,4
10,General Belgrano,001,0007 ,0129,317,29,0,11,8,7,100,67,14,13,3
10,General Belgrano,001,0007 ,0130,317,4,5,4,6,6,88,65,7,9,2
10,General Belgrano,001,0007 ,0131,317,2,0,15,9,2,99,67,19,15,5
10,General Belgrano,001,0007 ,0132,316,33,7,5,12,5,75,67,15,15,3
10,General Belgrano,001,0007 ,0133,316,27,2,7,13,0,91,73,13,14,4
10,General Belgrano,001,0007 ,0134,316,33,3,8,10,6,101,68,7,10,4
10,General Belgrano,001,0007 ,0135,318,34,2,11,12,2,98,60,8,18,3
10,General Belgrano,001,0007 ,0136,316,33,0,8,5,2,104,55,11,15,5
10,General Belgrano,001,0007 ,0137,316,28,1,14,10,8,84,76,10,15,4
10,General Belgrano,001,0007 ,0138,317,39,3,8,12,8,79,62,15,12,4
10,General Belgrano,001,0007 ,0139,316,28,3,6,6,1,102,66,11,17,4
10,General Belgrano,001,0007 ,0140,317,1,6,12,14,1,90,63,11,9,6
10,General Belgrano,001,0007 ,0141,318,0,0,8,14,2,80,69,15,14,4
10,General Belgrano,001,0007 ,0142,317,38,0,21,9,4,84,66,13,10,5
10,General Belgrano,001,0007 ,0143,316,0,3,6,17,3,74,84,14,20,3
10,General Belgrano,001,0007 ,0144,316,30,0,8,7,2,104,66,19,13,3
10,General Belgrano,001,0007 ,0145,316,2,2,7,11,5,69,80,9,19,5
10,General Belgrano,001,0007 ,0146,316,21,5,8,6,2,102,57,19,13,7
10,General Belgrano,001,0007 ,0147,316,38,7,8,5,8,79,67,16,12,8
10,General Belgrano,001,0007 ,0148,316,30,6,10,8,7,98,57,15,11,2
10,General Belgrano,001,0007 ,0149,316,38,4,10,18,3,85,67,14,11,6
10,General Belgrano,001,0007 ,0150,316,47,0,4,13,2,86,62,20,15,2
10,General Belgrano,001,0007 ,0151,316,30,6,11,0,0,82,62,15,13,1
10,General Belgrano,001,0007 ,0152,316,30,1,12,12,6,91,55,16,11,8
10,General Belgrano,001,0007 ,0153,316,29,0,11,14,2,89,69,11,7,5
10,General Belgrano,001,0007 ,0154,316,41,4,8,12,8,90,62,14,4,4
10,General Belgrano,001,0007 ,0155,316,38,3,8,10,3,87,60,9,10,4
10,General Belgrano,001,0007 ,0156,317,42,2,12,13,1,95,62,10,62,4
10,General Belgrano,001,0007 ,0157,318,33,3,15,15,0,83,73,12,8,4
10,General Belgrano,001,0007 ,0158,315,37,4,10,14,5,81,57,14,10,3
10,General Belgrano,001,0007 ,0159,317,44,1,6,13,0,72,66,14,12,3
10,General Belgrano,001,0007 ,0160,316,31,1,14,11,6,102,51,10,4,6
10,General Belgrano,001,0007 ,0161,317,26,0,6,8,0,92,66,14,14,6
10,General Belgrano,001,0007 ,0162,316,1,3,8,14,5,95,53,12,13,3
10,General Belgrano,001,0007 ,0163,315,0,0,18,17,1,80,53,16,14,5
10,General Belgrano,001,0007 ,0164,316,0,0,14,15,4,104,65,12,9,5
10,General Belgrano,001,0007 ,0165,316,40,1,8,14,3,97,44,14,13,8
10,General Belgrano,001,0007 ,0166,317,1,7,10,14,2,99,67,8,9,2
10,General Belgrano,001,0007 ,0167,316,0,0,8,9,6,81,70,17,13,5
10,General Belgrano,001,0007 ,0168,317,2,3,10,14,4,86,72,16,10,4
10,General Belgrano,001,0007 ,0169,316,0,0,10,9,5,76,66,15,14,2
10,General Belgrano,001,0007 ,0170,317,29,2,11,11,7,85,53,17,16,7
10,General Belgrano,001,0008 ,0171,316,1,1,17,13,5,79,68,6,12,3
10,General Belgrano,001,0008 ,0172,318,2,1,9,11,0,94,68,11,14,6
10,General Belgrano,001,0008 ,0173,317,5,3,4,6,6,90,62,13,15,6
10,General Belgrano,001,0008 ,0174,317,34,0,17,12,2,68,79,13,11,3
10,General Belgrano,001,0008 ,0175,318,2,6,22,13,3,105,35,11,8,6
10,General Belgrano,001,0008 ,0176,318,2,8,15,10,3,100,53,15,5,6
10,General Belgrano,001,0008 ,0177,317,2,2,9,11,0,103,57,5,7,2
10,General Belgrano,001,0008 ,0178,317,3,2,11,14,5,94,61,17,9,0
10,General Belgrano,001,0008 ,0179,318,25,1,22,20,4,88,71,10,11,5
10,General Belgrano,001,0008 ,0180,317,28,3,10,15,1,94,65,12,8,5
10,General Belgrano,001,0008 ,0181,316,7,3,10,16,5,83,81,12,5,2
10,General Belgrano,001,0008 ,0182,317,3,2,11,10,5,98,51,13,10,6
10,General Belgrano,001,0008 ,0183,319,4,2,11,13,3,84,68,14,12,5
10,General Belgrano,001,0008 ,0184,317,0,0,10,12,4,88,63,11,13,10
10,General Belgrano,001,0008 ,0185,318,30,4,11,9,3,93,53,14,7,6
10,General Belgrano,001,0008 ,0186,317,2,0,13,10,1,95,53,12,8,4
10,General Belgrano,001,0008 ,0187,319,47,1,2,11,2,84,59,12,11,1
10,General Belgrano,001,0008 ,0188,317,29,2,8,13,4,74,73,17,14,4
10,General Belgrano,001,0008 ,0189,319,0,3,1,10,2,81,66,10,14,4
10,General Belgrano,001,0008 ,0190,317,36,2,12,10,1,94,57,8,8,7
10,General Belgrano,001,0008 ,0191,319,34,10,6,5,5,113,61,7,8,2
10,General Belgrano,001,0008 ,0192,318,40,1,10,11,4,75,58,21,8,6
10,General Belgrano,001,0008 ,0193,319,41,3,13,12,0,89,62,11,13,5
10,General Belgrano,001,0008 ,0194,318,33,5,10,14,2,88,73,8,3,5
10,General Belgrano,001,0008 ,0195,317,32,3,11,11,1,79,64,12,14,4
10,General Belgrano,001,0008 ,0196,317,31,4,9,9,1,88,68,18,6,3
10,General Belgrano,001,0008 ,0197,318,36,1,8,10,5,107,64,11,9,2
10,General Belgrano,001,0008 ,0198,317,37,9,2,12,3,82,69,25,13,6
10,General Belgrano,001,0008 ,0199,318,41,1,5,14,3,71,66,18,11,4
10,General Belgrano,001,0008 ,0200,319,28,4,11,18,2,93,53,14,17,4
10,General Belgrano,001,0008 ,0201,318,28,3,13,21,3,72,67,15,12,3
10,General Belgrano,001,0008 ,0202,319,4,4,11,17,5,86,67,10,10,3
10,General Belgrano,001,0008 ,0203,318,32,3,8,13,4,87,57,10,15,1
10,General Belgrano,001,0008 ,0204,318,33,3,8,11,0,96,71,14,8,4
10,General Belgrano,001,0008 ,0205,317,45,5,13,12,2,103,44,14,11,4
10,General Belgrano,001,0008 ,0206,317,28,4,7,13,5,70,74,16,19,4
10,General Belgrano,001,0008 ,0207,318,2,2,10,12,1,83,74,11,19,2
10,General Belgrano,001,0008 ,0208,319,19,1,11,16,6,81,72,15,14,4
10,General Belgrano,001,0008 ,0209,320,30,10,8,7,1,95,58,18,6,7
10,General Belgrano,001,0008 ,0210,317,37,3,7,19,4,80,62,19,14,3
10,General Belgrano,001,0008 ,0211,317,32,9,5,10,1,88,57,21,10,6
10,General Belgrano,001,0008 ,0212,317,1,3,6,14,2,99,58,3,11,8
10,General Belgrano,001,0008 ,0213,320,24,3,13,13,3,106,48,14,8,4
10,General Belgrano,001,0008 ,0214,318,33,1,11,6,6,105,48,16,12,4
10,General Belgrano,001,0008 ,0215,317,35,4,9,8,2,97,66,7,7,4
10,General Belgrano,001,0008 ,0216,318,0,0,10,9,3,91,59,17,18,2
10,General Belgrano,001,0008 ,0217,318,34,1,5,8,3,79,76,9,14,7
10,General Belgrano,001,0008 ,0218,317,0,0,15,10,6,100,59,14,6,5
10,General Belgrano,001,0008 ,0219,318,43,2,4,14,1,83,62,14,9,8
10,General Belgrano,001,0008 ,0220,318,24,7,12,14,6,102,62,10,6,3
10,General Belgrano,001,0008 ,0221,317,31,5,13,8,3,95,67,13,10,4
10,General Belgrano,001,0008 ,0222,319,42,6,15,5,0,88,51,13,9,7
10,General Belgrano,001,0008 ,0223,319,36,6,13,15,5,72,68,13,8,6
10,General Belgrano,001,0008 ,0224,318,22,2,14,6,5,77,80,11,12,8
10,General Belgrano,001,0008 ,0225,317,49,1,7,0,4,93,63,17,12,4
10,General Belgrano,001,0008 ,0226,317,1,4,5,15,1,95,80,15,6,3
10,General Belgrano,001,0008 ,0227,317,3,29,7,0,0,102,61,21,9,4
10,General Belgrano,001,0008 ,0228,317,24,8,7,15,1,81,81,21,5,4
10,General Belgrano,001,0008 ,0229,316,29,2,7,16,1,100,65,11,12,6
10,General Belgrano,001,0008 ,0230,317,0,0,15,15,2,84,59,14,7,13
10,General Belgrano,001,0008 ,0231,316,0,6,9,1,5,97,62,5,14,3
10,General Belgrano,001,0008 ,0232,319,0,0,9,7,3,95,61,11,12,3
10,General Belgrano,001,0008 ,0233,316,4,35,18,10,4,88,61,12,8,4
10,General Belgrano,001,0008 ,0234,315,0,0,8,11,3,88,60,14,7,4
10,General Belgrano,001,0008 ,0235,317,39,2,13,13,1,72,77,12,12,3
10,General Belgrano,001,0008 ,0236,315,26,2,15,15,2,86,44,15,15,3
10,General Belgrano,001,0008 ,0237,316,0,0,8,11,2,95,68,5,13,4
10,General Belgrano,001,0008 ,0238,316,0,0,0,0,0,109,64,10,8,2
10,General Belgrano,001,0008 ,0239,319,23,1,9,6,3,106,62,19,5,5
10,General Belgrano,001,0008 ,0240,316,24,1,11,17,2,95,73,10,6,4
10,General Belgrano,001,0008 ,0241,316,27,9,15,6,2,101,56,12,11,9
10,General Belgrano,001,0008 ,0242,317,22,5,8,8,3,107,71,9,8,5
10,General Belgrano,001,0008 ,0243,316,40,2,2,8,2,97,64,14,14,4
10,General Belgrano,001,0008 ,0244,317,23,4,7,17,2,89,74,0,12,5
10,General Belgrano,001,0008 ,0245,316,29,2,15,5,2,94,56,17,17,4
10,General Belgrano,001,0008 ,0246,317,32,1,16,11,4,87,49,20,13,3
10,General Belgrano,001,0009 ,0247,189,0,3,11,15,0,37,40,14,7,4
10,General Belgrano,001,0009 ,0248,190,2,1,0,6,0,47,47,14,0,3
10,General Belgrano,001,0010A,0249,319,0,1,10,10,2,86,63,14,9,5
10,General Belgrano,001,0010A,0250,318,0,0,11,11,4,86,66,4,9,7
10,General Belgrano,001,0010A,0251,318,34,0,11,11,5,100,59,12,7,2
10,General Belgrano,001,0010A,0252,319,29,5,7,19,2,76,70,17,23,7
10,General Belgrano,001,0010A,0253,317,0,0,7,10,3,85,59,13,12,4
10,General Belgrano,001,0010A,0254,321,77,0,10,0,0,92,56,12,0,1
10,General Belgrano,001,0010A,0255,319,23,3,7,15,4,101,67,9,12,1
10,General Belgrano,001,0010A,0256,318,4,5,5,12,2,106,66,9,5,1
10,General Belgrano,001,0010A,0257,320,22,3,12,7,5,79,84,11,5,6
10,General Belgrano,001,0010A,0258,318,0,0,7,15,5,103,62,12,15,3
10,General Belgrano,001,0010A,0259,319,0,0,9,4,7,123,56,13,6,5
10,General Belgrano,001,0010A,0260,319,0,2,7,17,3,87,73,15,15,1
10,General Belgrano,001,0010A,0261,318,12,3,12,12,0,101,49,12,9,4
10,General Belgrano,001,0010A,0262,318,24,5,13,20,1,91,58,12,11,2
10,General Belgrano,001,0010A,0263,318,30,4,8,10,3,102,55,9,13,10
10,General Belgrano,001,0010A,0264,318,25,10,8,11,4,101,58,23,11,4
10,General Belgrano,001,0010A,0265,319,29,5,4,13,5,92,67,16,11,0
10,General Belgrano,001,0010A,0266,320,2,5,9,16,3,80,62,13,9,4
10,General Belgrano,001,0010A,0267,319,4,9,2,14,2,82,68,0,8,2
10,General Belgrano,001,0010A,0268,318,0,0,10,14,0,73,62,12,16,4
10,General Belgrano,001,0010A,0269,320,26,2,24,13,4,100,59,14,8,3
10,General Belgrano,001,0010A,0270,318,29,11,10,9,7,99,54,12,15,4
10,General Belgrano,001,0010A,0271,320,25,4,8,9,6,96,68,11,6,4
10,General Belgrano,001,0010A,0272,318,32,3,11,17,2,88,51,14,11,1
10,General Belgrano,001,0010A,0273,318,37,8,7,0,2,82,56,10,22,1
10,General Belgrano,001,0010A,0274,317,27,6,6,0,0,84,73,18,12,2
10,General Belgrano,001,0010A,0275,318,29,11,9,13,2,88,75,7,11,5
10,General Belgrano,001,0010A,0276,318,36,1,9,16,1,89,62,13,13,2
10,General Belgrano,001,0010A,0277,317,27,0,9,10,2,108,51,12,12,4
10,General Belgrano,001,0010A,0278,318,31,0,8,11,5,111,57,14,11,4
10,General Belgrano,001,0010A,0279,319,30,7,8,16,1,105,57,9,14,5
10,General Belgrano,001,0010A,0280,319,0,0,4,10,0,101,73,12,8,4
10,General Belgrano,001,0010A,0281,319,36,3,9,10,1,85,66,13,10,4
10,General Belgrano,001,0010A,0282,318,33,4,14,6,3,85,69,9,14,4
10,General Belgrano,001,0010A,0283,318,22,6,6,11,5,114,60,12,5,6
10,General Belgrano,001,0010A,0284,318,33,6,12,12,2,94,65,14,2,8
10,General Belgrano,001,0010A,0285,320,0,0,6,7,3,96,60,13,8,3
10,General Belgrano,001,0010A,0286,319,37,9,8,7,3,86,70,12,16,3
10,General Belgrano,001,0010A,0287,317,29,6,12,13,4,95,57,9,13,5
10,General Belgrano,001,0010A,0288,319,40,1,10,10,4,82,71,14,8,2
10,General Belgrano,001,0010A,0289,318,25,5,14,11,4,87,59,10,10,5
10,General Belgrano,001,0010A,0290,318,38,11,8,0,4,107,53,8,8,2
10,General Belgrano,001,0010A,0291,319,0,0,13,14,3,82,0,0,15,5
10,General Belgrano,001,0010A,0292,318,0,0,12,0,0,103,64,17,12,1
10,General Belgrano,001,0010A,0293,318,0,0,0,0,7,0,58,10,13,6
10,General Belgrano,001,0010A,0294,318,1,4,4,10,2,90,78,8,7,8
10,General Belgrano,001,0010A,0295,318,5,4,5,7,4,94,70,8,12,2
10,General Belgrano,001,0010A,0296,318,33,4,12,8,3,110,55,11,7,2
10,General Belgrano,001,0010A,0297,318,1,3,10,7,1,95,66,8,10,4
10,General Belgrano,001,0010A,0298,321,26,5,9,7,4,111,56,9,12,4
10,General Belgrano,001,0010A,0299,318,51,1,5,8,1,78,64,12,7,5
10,General Belgrano,001,0010A,0300,323,39,7,6,14,2,87,54,14,7,2
10,General Belgrano,001,0010A,0301,318,37,4,9,10,7,85,70,13,7,3
10,General Belgrano,001,0010A,0302,319,42,11,16,10,3,80,56,13,17,10
10,General Belgrano,001,0010A,0303,320,39,3,9,9,2,84,72,7,11,6
10,General Belgrano,001,0010A,0304,317,36,3,8,11,3,86,60,12,12,9
10,General Belgrano,001,0010A,0305,318,0,0,12,14,5,80,67,15,8,5
10,General Belgrano,001,0010A,0306,318,39,5,12,11,3,96,61,5,10,4
10,General Belgrano,001,0010A,0307,318,33,6,10,8,2,102,64,9,9,3
10,General Belgrano,001,0010A,0308,319,1,6,4,0,0,105,55,11,9,1
10,General Belgrano,001,0010A,0309,318,33,7,7,10,3,100,66,8,12,2
10,General Belgrano,001,0010A,0310,318,0,0,10,10,2,86,66,19,13,7
10,General Belgrano,001,0010A,0311,320,33,1,4,12,3,108,75,6,11,7
10,General Belgrano,001,0010A,0312,320,0,0,6,9,1,94,89,8,3,5
10,General Belgrano,001,0010A,0313,318,0,0,14,10,4,99,69,13,20,1
10,General Belgrano,001,0010A,0314,318,38,5,9,10,4,88,67,13,9,3
10,General Belgrano,001,0010A,0315,318,26,5,14,5,4,83,78,14,9,7
10,General Belgrano,001,0010A,0316,318,1,6,5,16,2,84,75,15,11,4
10,General Belgrano,001,0010A,0317,320,40,2,9,16,2,92,57,12,13,5
10,General Belgrano,001,0010A,0318,320,35,2,7,11,1,87,68,15,9,3
10,General Belgrano,001,0010A,0319,318,40,8,9,9,8,105,55,10,9,3
10,General Belgrano,001,0010A,0320,318,32,1,7,10,2,91,71,14,9,10
10,General Belgrano,001,0010A,0321,318,0,0,0,0,0,103,66,13,13,10
10,General Belgrano,001,0010A,0322,319,34,7,11,9,7,87,52,18,11,6
10,General Belgrano,001,0010A,0323,318,0,0,5,12,2,90,68,8,19,5
10,General Belgrano,001,0010A,0324,319,26,8,7,7,4,104,59,13,14,3
10,General Belgrano,001,0010A,0325,316,36,2,12,9,4,95,59,13,8,2
10,General Belgrano,001,0010A,0326,319,39,3,13,17,0,96,57,15,8,8
10,General Belgrano,001,0010A,0327,318,0,0,0,0,0,0,0,0,0,0
10,General Belgrano,001,0010A,0328,318,38,3,22,8,1,85,54,11,8,6
10,General Belgrano,001,0010A,0329,319,29,4,8,11,2,102,62,6,9,6
10,General Belgrano,001,0010A,0330,320,0,0,0,0,0,0,0,0,0,0
10,General Belgrano,001,0010A,0331,318,3,2,8,0,1,69,69,20,11,5
10,General Belgrano,001,0010A,0332,318,39,3,7,13,7,74,67,14,6,3
10,General Belgrano,001,0010A,0333,319,0,0,9,9,4,89,68,13,9,6
10,General Belgrano,001,0010A,0334,319,41,2,8,12,3,72,75,17,13,3
10,General Belgrano,001,0010A,0335,318,32,5,13,4,4,77,77,12,15,5
10,General Belgrano,001,0010A,0336,319,26,3,11,13,6,89,79,10,11,7
10,General Belgrano,001,0010A,0337,317,2,3,9,14,5,86,67,7,7,4
10,General Belgrano,001,0010A,0338,321,2,1,4,0,0,94,65,15,11,6
10,General Belgrano,001,0010A,0339,321,28,0,10,15,7,105,63,11,12,7
10,General Belgrano,001,0010A,0340,319,0,0,4,16,2,94,55,10,13,6
10,General Belgrano,001,0010A,0341,319,34,2,4,13,5,95,57,12,10,2
10,General Belgrano,001,0010A,0342,319,19,8,7,8,6,92,85,11,7,0
10,General Belgrano,001,0010A,0343,318,0,0,0,0,0,0,0,0,0,0
10,General Belgrano,001,0010A,0344,318,35,8,15,13,4,69,67,15,7,6
10,General Belgrano,001,0010A,0345,319,20,2,8,13,4,93,16,20,11,4
10,General Belgrano,001,0010A,0346,318,0,0,0,0,0,0,0,0,0,0
10,General Belgrano,001,0010A,0347,317,24,12,5,13,3,84,55,8,19,4
10,General Belgrano,001,0010A,0348,318,0,0,0,0,0,0,0,0,0,0
10,General Belgrano,001,0010A,0349,319,33,1,8,12,0,101,62,15,6,4
10,General Belgrano,001,0010A,0350,318,0,0,0,0,0,0,0,0,0,0
10,General Belgrano,001,0010A,0351,320,32,6,7,16,5,94,68,10,12,3
10,General Belgrano,001,0010A,0352,318,37,1,10,2,5,104,61,13,17,3
10,General Belgrano,001,0010A,0353,318,38,2,11,16,3,82,71,6,5,9
10,General Belgrano,001,0010A,0354,319,43,7,8,13,3,89,60,8,4,5
10,General Belgrano,001,0010A,0355,318,27,2,6,0,1,101,69,22,7,5
10,General Belgrano,001,0010A,0356,321,0,0,0,0,0,0,0,0,0,0
10,General Belgrano,001,0010A,0357,318,37,1,9,7,3,116,53,11,12,4
10,General Belgrano,001,0010A,0358,318,36,5,9,14,5,94,67,8,6,3
10,General Belgrano,001,0010A,0359,319,28,1,5,11,5,95,56,10,8,7
10,General Belgrano,001,0010A,0360,318,22,2,8,9,1,112,70,14,7,2
10,General Belgrano,001,0010A,0361,318,1,3,8,9,1,90,57,23,17,9
10,General Belgrano,001,0010A,0362,320,2,3,8,15,6,95,69,10,6,6
10,General Belgrano,001,0010A,0363,318,4,1,12,16,7,76,77,6,7,1
10,General Belgrano,001,0010A,0364,319,34,5,11,15,7,70,66,12,8,5
10,General Belgrano,001,0010A,0365,319,27,6,6,8,4,94,74,19,5,7
10,General Belgrano,001,0010A,0366,318,0,0,9,12,5,90,71,9,14,4
10,General Belgrano,001,0010A,0367,318,0,0,0,0,0,0,0,0,0,0
10,General Belgrano,001,0010A,0368,320,0,0,0,0,0,0,0,0,0,0
10,General Belgrano,001,0010A,0369,319,26,8,5,0,1,86,64,11,15,5
10,General Belgrano,001,0010A,0370,319,0,0,7,13,3,103,48,12,9,3
10,General Belgrano,001,0010A,0371,320,2,3,10,5,5,92,46,7,10,7
10,General Belgrano,001,0010A,0372,319,33,2,13,7,5,104,64,8,13,0
10,General Belgrano,001,0010A,0373,318,33,2,10,11,3,99,62,13,18,6
10,General Belgrano,001,0010A,0374,320,27,4,7,14,1,96,68,5,13,5
10,General Belgrano,001,0010A,0375,318,0,0,0,0,0,90,49,0,0,3
10,General Belgrano,001,0010A,0376,318,0,0,8,14,1,101,67,6,14,4
10,General Belgrano,001,0010A,0377,318,21,2,9,15,2,103,60,13,16,7
10,General Belgrano,001,0010A,0378,319,2,4,6,13,1,101,65,7,11,3
10,General Belgrano,001,0010A,0379,318,0,0,4,14,3,112,52,7,9,6
10,General Belgrano,001,0010A,0380,320,1,9,10,15,6,81,68,15,12,6
10,General Belgrano,001,0010A,0381,318,0,0,8,6,0,85,81,6,13,1
10,General Belgrano,001,0010A,0382,318,4,2,5,10,3,115,63,6,9,5
10,General Belgrano,001,0010A,0383,318,0,0,11,7,5,73,53,23,14,3
10,General Belgrano,001,0010A,0384,318,33,4,7,7,2,91,73,9,13,3
10,General Belgrano,001,0010A,0385,317,7,15,6,8,6,91,70,7,12,3
10,General Belgrano,001,0010B,0386,322,32,9,8,15,4,95,58,13,12,2
10,General Belgrano,001,0010B,0387,321,36,4,4,9,5,96,60,12,10,10
10,General Belgrano,001,0010B,0388,321,26,1,7,22,3,114,64,3,10,6
10,General Belgrano,001,0010B,0389,321,37,8,6,9,1,90,60,3,8,8
10,General Belgrano,001,0010B,0390,321,0,0,9,10,2,104,73,7,8,8
10,General Belgrano,001,0010B,0391,320,0,0,10,7,0,79,70,13,9,12
10,General Belgrano,001,0010B,0392,320,32,0,11,3,3,110,57,8,7,7
10,General Belgrano,001,0010B,0393,320,2,8,6,7,3,133,52,7,9,3
10,General Belgrano,001,0010B,0394,320,42,7,4,23,3,87,63,8,5,5
10,General Belgrano,001,0010B,0395,320,28,5,9,11,2,111,60,8,8,5
10,General Belgrano,001,0010B,0396,323,1,2,6,17,4,105,52,7,15,4
10,General Belgrano,001,0010B,0397,321,36,1,4,5,3,111,65,11,8,7
10,General Belgrano,001,0010B,0398,320,0,0,7,18,7,98,59,7,8,6
10,General Belgrano,001,0010B,0399,321,38,5,4,11,2,91,55,7,10,9
10,General Belgrano,001,0010B,0400,320,32,3,5,5,0,108,68,14,7,2
10,General Belgrano,001,0010B,0401,322,32,3,6,10,4,117,51,6,10,9
10,General Belgrano,001,0010B,0402,322,0,0,4,21,5,90,50,12,9,6
10,General Belgrano,001,0010B,0403,320,32,6,6,12,1,97,69,10,17,7
10,General Belgrano,001,0010B,0404,320,2,7,11,12,6,112,50,9,9,9
10,General Belgrano,001,0010B,0405,320,34,4,5,5,2,124,57,5,8,6
10,General Belgrano,001,0010B,0406,321,36,4,7,8,3,90,55,11,8,2
10,General Belgrano,001,0010B,0407,321,1,9,6,6,5,96,51,11,14,6
10,General Belgrano,001,0010B,0408,321,0,0,8,8,1,98,68,15,7,3
10,General Belgrano,001,0010B,0409,322,25,5,5,6,2,99,63,10,10,7
10,General Belgrano,001,0010B,0410,320,1,3,10,3,2,125,49,5,7,4
10,General Belgrano,001,0010B,0411,321,2,3,10,11,10,123,50,3,10,4
10,General Belgrano,001,0010B,0412,320,0,0,7,18,2,112,55,11,10,7
10,General Belgrano,001,0010B,0413,321,43,5,7,13,2,97,59,6,4,8
10,General Belgrano,001,0010B,0414,320,0,0,8,10,4,94,62,8,10,7
10,General Belgrano,001,0010B,0415,321,0,0,4,8,2,109,61,8,8,6
10,General Belgrano,001,0010B,0416,322,36,2,4,13,2,114,52,6,11,2
10,General Belgrano,001,0010B,0417,322,0,0,7,10,3,107,62,12,2,6
10,General Belgrano,001,0010B,0418,321,2,2,7,9,5,100,54,14,12,3
10,General Belgrano,001,0010B,0419,321,0,5,8,14,2,112,57,2,12,9
10,General Belgrano,001,0010B,0420,321,0,0,5,14,6,93,60,12,13,8
10,General Belgrano,001,0010B,0421,321,40,4,3,1,1,109,58,3,2,5
10,General Belgrano,001,0010B,0422,320,0,0,7,8,3,109,53,19,8,10
10,General Belgrano,001,0010B,0423,320,30,4,8,12,2,107,59,7,10,6
10,General Belgrano,001,0010B,0424,320,0,0,6,10,6,104,60,4,6,5
10,General Belgrano,001,0010B,0425,321,35,10,16,11,3,109,44,7,13,4
10,General Belgrano,001,0010B,0426,320,0,0,3,12,7,91,71,11,9,5
10,General Belgrano,001,0010B,0427,322,35,3,6,10,4,121,60,8,9,4
10,General Belgrano,001,0010B,0428,322,32,5,11,12,3,72,73,6,12,11
10,General Belgrano,001,0010B,0429,322,40,2,3,11,5,111,63,11,8,7
10,General Belgrano,001,0010B,0430,320,29,10,9,9,4,121,58,7,8,5
10,General Belgrano,001,0010B,0431,320,32,3,10,14,3,120,49,8,8,3
10,General Belgrano,001,0010B,0432,322,26,8,2,11,2,124,50,5,12,8
10,General Belgrano,001,0010B,0433,319,0,0,3,7,6,120,50,8,12,7
10,General Belgrano,001,0010B,0434,319,33,2,0,0,0,115,55,0,13,10
10,General Belgrano,001,0010B,0435,319,0,0,0,0,0,106,0,5,0,5
10,General Belgrano,001,0010B,0436,321,0,0,9,11,1,103,54,10,8,7
10,General Belgrano,001,0010B,0437,322,2,6,7,8,2,103,50,7,17,5
10,General Belgrano,001,0010B,0438,320,0,0,5,9,4,108,72,11,6,2
10,General Belgrano,001,0010B,0439,320,38,2,4,11,3,92,73,10,10,6
10,General Belgrano,001,0010B,0440,320,9,1,11,19,3,82,64,12,10,6
10,General Belgrano,001,0010B,0441,321,31,2,10,14,3,96,67,6,9,5
10,General Belgrano,001,0010B,0442,321,46,9,4,0,0,96,64,12,11,4
10,General Belgrano,001,0010B,0443,321,0,3,15,10,4,97,47,9,11,11
10,General Belgrano,001,0010B,0444,320,0,5,0,0,0,94,63,15,9,2
10,General Belgrano,001,0010B,0445,320,0,1,9,0,7,97,63,9,7,10
10,General Belgrano,001,0010B,0446,321,48,1,5,7,4,103,60,7,7,2
10,General Belgrano,001,0010B,0447,321,0,0,0,0,3,0,38,0,0,4
10,General Belgrano,001,0010B,0448,320,49,5,8,9,6,113,37,10,11,8
10,General Belgrano,001,0010B,0449,320,0,0,0,0,2,95,69,6,9,8
10,General Belgrano,001,0010B,0450,322,36,6,1,15,4,109,62,6,7,4
10,General Belgrano,001,0010B,0451,321,38,8,0,0,0,121,56,0,13,9
10,General Belgrano,001,0010B,0452,322,0,0,6,15,3,116,64,12,10,5
10,General Belgrano,001,0010B,0453,322,0,0,13,0,2,96,49,14,20,10
10,General Belgrano,001,0010B,0454,320,0,0,6,11,3,112,58,8,9,8
10,General Belgrano,001,0010B,0455,320,0,0,10,9,6,85,61,7,11,5
10,General Belgrano,001,0010B,0456,322,0,1,10,11,0,101,64,8,11,6
10,General Belgrano,001,0010B,0457,320,44,3,5,13,4,113,54,6,15,4
10,General Belgrano,001,0010B,0458,320,29,0,10,12,2,98,61,11,10,11
10,General Belgrano,001,0010B,0459,319,24,2,6,7,1,110,77,6,13,3
10,General Belgrano,001,0010B,0460,321,33,4,6,9,3,99,57,12,9,6
10,General Belgrano,001,0010B,0461,321,37,4,8,9,2,108,57,13,12,13
10,General Belgrano,001,0010B,0462,319,25,5,8,9,4,117,54,5,18,4
10,General Belgrano,001,0010B,0463,319,30,10,5,10,4,110,59,9,7,6
10,General Belgrano,001,0010B,0464,319,44,3,2,8,3,104,60,6,10,6
10,General Belgrano,001,0010B,0465,319,0,0,6,6,2,105,67,13,8,5
10,General Belgrano,001,0010B,0466,318,0,10,14,13,3,109,49,6,8,7
10,General Belgrano,001,0010B,0467,319,30,6,5,7,7,117,55,8,15,7
10,General Belgrano,001,0010B,0468,319,27,2,3,13,2,115,56,5,13,4
10,General Belgrano,001,0010B,0469,319,31,7,9,17,6,100,64,7,9,7
10,General Belgrano,001,0010B,0470,320,28,4,9,10,2,124,49,16,9,5
10,General Belgrano,001,0010B,0471,321,45,7,8,7,4,118,48,6,7,4
10,General Belgrano,001,0010B,0472,319,29,2,7,6,5,115,57,5,12,5
10,General Belgrano,001,0011 ,0473,292,5,3,14,12,6,99,49,7,9,10
10,General Belgrano,001,0011 ,0474,293,44,7,0,0,0,93,44,15,8,8
10,General Belgrano,001,0011 ,0475,293,0,5,7,11,1,104,9,0,41,11
10,General Belgrano,001,0011 ,0476,292,20,6,16,7,2,100,40,13,14,9
10,General Belgrano,001,0011 ,0477,291,29,7,10,10,4,102,53,14,7,6
10,General Belgrano,001,0011 ,0478,292,1,6,13,11,5,90,53,0,5,16
10,General Belgrano,001,0011 ,0479,292,34,10,15,10,3,81,48,6,6,7
10,General Belgrano,001,0011 ,0480,292,34,0,11,12,6,105,39,19,8,4
10,General Belgrano,001,0011 ,0481,292,1,3,2,7,3,115,48,10,5,9
10,General Belgrano,001,0012 ,0482,277,0,0,0,0,0,148,0,5,2,6
10,General Belgrano,001,0012 ,0483,275,29,0,4,8,2,150,24,1,3,3
10,General Belgrano,001,0013 ,0484,182,20,2,10,0,0,56,25,9,2,6
10,General Belgrano,001,0014 ,0485,315,3,4,2,9,3,100,43,11,6,9
10,General Belgrano,001,0014 ,0486,313,25,5,5,16,4,105,64,25,7,6
10,General Belgrano,001,0014 ,0487,313,36,4,9,12,4,79,79,13,10,3
10,General Belgrano,001,0014 ,0488,313,31,1,8,0,0,79,60,15,19,11
10,General Belgrano,001,0014 ,0489,313,32,11,5,17,4,85,56,25,13,3
10,General Belgrano,001,0014 ,0490,313,2,3,8,7,5,110,58,11,13,4
10,General Belgrano,001,0014 ,0491,314,33,8,8,10,6,86,71,5,9,8
10,General Belgrano,001,0014 ,0492,313,0,0,12,11,5,95,64,8,15,7
10,General Belgrano,001,0014 ,0493,313,0,0,14,17,4,92,53,6,11,6
10,General Belgrano,001,0014 ,0494,313,20,8,10,13,4,122,47,9,4,8
10,General Belgrano,001,0014 ,0495,316,32,4,11,4,5,120,41,14,9,4
10,General Belgrano,001,0014 ,0496,313,33,7,8,5,4,111,57,13,15,2
10,General Belgrano,001,0014 ,0497,315,0,0,11,17,2,99,65,6,14,8
10,General Belgrano,001,0014 ,0498,313,2,8,10,15,0,88,67,10,11,6
10,General Belgrano,001,0014 ,0499,313,29,1,16,15,1,93,55,15,8,7
10,General Belgrano,001,0014 ,0500,315,28,5,6,10,0,106,45,13,13,5
10,General Belgrano,001,0014 ,0501,313,34,5,14,11,5,97,61,14,18,1
10,General Belgrano,001,0014 ,0502,314,0,12,4,9,3,104,61,17,10,8
10,General Belgrano,001,0014 ,0503,313,3,12,14,4,3,100,50,17,10,10
10,General Belgrano,001,0014 ,0504,314,3,4,13,10,2,90,62,16,14,8
10,General Belgrano,001,0014 ,0505,314,0,0,7,17,4,93,51,16,15,6
10,General Belgrano,001,0014 ,0506,314,50,4,13,4,6,98,47,12,14,0
10,General Belgrano,001,0014 ,0507,313,27,6,11,7,4,78,91,9,10,7
10,General Belgrano,001,0014 ,0508,314,31,4,12,20,2,96,58,6,8,3
10,General Belgrano,001,0014 ,0509,312,40,9,5,7,7,101,55,10,8,5
10,General Belgrano,001,0014 ,0510,315,46,5,6,8,2,112,47,10,11,6
10,General Belgrano,001,0014 ,0511,313,0,0,12,19,1,92,54,13,15,5
10,General Belgrano,001,0014 ,0512,313,35,3,6,19,2,67,62,16,18,7
10,General Belgrano,001,0014 ,0513,315,23,6,14,12,4,94,66,13,6,2
10,General Belgrano,001,0014 ,0514,314,2,5,15,9,0,99,56,12,5,5
10,General Belgrano,001,0014 ,0515,315,30,5,6,12,4,92,69,17,7,8
10,General Belgrano,001,0014 ,0516,313,5,0,3,13,3,119,71,3,4,4
10,General Belgrano,001,0014 ,0517,313,0,0,9,7,4,113,57,10,12,6
10,General Belgrano,001,0014 ,0518,313,0,0,11,10,4,98,77,16,4,3
10,General Belgrano,001,0014 ,0519,313,7,7,3,10,3,116,59,8,14,7
10,General Belgrano,001,0014 ,0520,313,46,10,15,15,1,76,49,15,5,6
10,General Belgrano,001,0014 ,0521,313,33,5,14,6,12,104,59,10,12,7
10,General Belgrano,001,0014 ,0522,313,0,1,8,11,3,101,58,14,8,5
10,General Belgrano,001,0014 ,0523,312,37,5,7,6,0,92,63,8,10,11
10,General Belgrano,001,0014 ,0524,314,1,3,8,16,4,97,52,9,9,7
10,General Belgrano,001,0014 ,0525,316,22,0,6,16,5,95,64,12,9,7
10,General Belgrano,001,0014 ,0526,313,0,0,9,5,3,101,53,6,6,0
10,General Belgrano,001,0014 ,0527,312,0,0,13,10,5,97,50,15,3,5
10,General Belgrano,001,0014 ,0528,312,33,1,0,8,9,101,50,9,9,4
10,General Belgrano,001,0015 ,0529,96,1,1,1,14,0,34,12,1,0,4
10,General Belgrano,001,0016 ,0530,258,21,3,3,2,2,126,38,4,3,7
10,General Belgrano,001,0017 ,0531,57,6,0,0,1,0,25,7,1,1,2
10,General Belgrano,001,0018 ,0532,321,0,0,18,17,4,84,63,26,12,7
10,General Belgrano,001,0018 ,0533,319,39,1,17,18,5,51,73,24,11,11
10,General Belgrano,001,0018 ,0534,320,33,1,20,11,5,66,80,22,9,14
10,General Belgrano,001,0018 ,0535,319,29,0,24,17,2,74,69,16,8,14
10,General Belgrano,001,0018 ,0536,319,29,2,14,14,3,75,69,27,4,5
10,General Belgrano,001,0018 ,0537,320,31,1,14,12,4,49,67,23,9,12
10,General Belgrano,001,0018 ,0538,322,46,1,22,10,3,48,67,22,10,8
10,General Belgrano,001,0018 ,0539,322,42,3,24,18,3,57,62,32,12,3
10,General Belgrano,001,0018 ,0540,323,30,2,20,0,0,55,65,34,10,6
10,General Belgrano,001,0018 ,0541,321,32,1,20,9,4,72,72,24,14,5
10,General Belgrano,001,0018 ,0542,319,39,2,22,18,5,58,70,19,9,6
10,General Belgrano,001,0018 ,0543,320,43,1,15,16,4,68,61,21,6,7
10,General Belgrano,001,0018 ,0544,320,45,3,12,11,2,71,67,16,12,13
10,General Belgrano,001,0018 ,0545,319,1,6,25,18,1,59,64,20,10,4
10,General Belgrano,001,0018 ,0546,318,28,1,12,20,3,61,71,36,6,5
10,General Belgrano,001,0018 ,0547,318,0,0,15,17,4,76,64,18,12,7
10,General Belgrano,001,0018 ,0548,318,33,3,28,10,4,60,60,26,16,8
10,General Belgrano,001,0019 ,0549,315,26,1,6,3,1,142,47,7,6,12
10,General Belgrano,001,0019 ,0550,313,22,3,8,11,2,117,50,6,9,18
10,General Belgrano,001,0019 ,0551,313,23,0,6,5,4,120,58,13,7,14
10,General Belgrano,001,0019 ,0552,315,21,1,10,11,1,122,50,11,3,23
10,General Belgrano,001,0019 ,0553,314,2,1,4,0,1,136,50,3,8,24
10,General Belgrano,001,0020 ,0554,140,0,0,0,0,0,0,0,0,0,0
10,General Belgrano,001,0021 ,0555,312,31,0,14,6,1,97,54,17,9,17
10,General Belgrano,001,0021 ,0556,313,17,3,11,0,0,108,48,8,3,28
10,General Belgrano,001,0021 ,0557,309,0,0,13,8,3,97,54,19,2,22
10,General Belgrano,001,0021 ,0558,311,26,0,6,8,2,116,50,3,5,27
10,General Belgrano,001,0021 ,0559,310,20,6,13,5,0,107,46,9,6,30
10,General Belgrano,001,0021 ,0560,312,0,6,8,6,2,90,51,11,8,31
10,Palpalá,002,0022 ,0561,320,3,1,8,12,2,106,58,10,14,13
10,Palpalá,002,0022 ,0562,321,52,5,8,4,3,129,47,9,8,8
10,Palpalá,002,0022 ,0563,322,2,9,7,3,6,108,63,4,11,7
10,Palpalá,002,0022 ,0564,320,3,3,7,7,4,116,60,7,9,13
10,Palpalá,002,0022 ,0565,320,0,0,7,7,5,120,57,8,7,3
10,Palpalá,002,0022 ,0566,321,0,5,4,6,5,110,73,8,11,7
10,Palpalá,002,0022 ,0567,320,2,2,6,7,3,106,54,4,8,12
10,Palpalá,002,0022 ,0568,320,43,5,2,4,12,112,56,3,9,13
10,Palpalá,002,0022 ,0569,322,32,3,9,11,6,122,65,6,5,4
10,Palpalá,002,0022 ,0570,321,34,0,7,16,7,114,64,9,14,8
10,Palpalá,002,0022 ,0571,322,2,2,10,8,4,95,70,3,6,12
10,Palpalá,002,0022 ,0572,320,0,1,13,7,3,123,51,11,6,11
10,Palpalá,002,0022 ,0573,320,33,8,7,12,3,130,47,6,10,10
10,Palpalá,002,0022 ,0574,323,42,0,6,11,2,114,58,5,7,9
10,Palpalá,002,0022 ,0575,320,32,0,4,11,4,147,36,4,20,4
10,Palpalá,002,0022 ,0576,323,4,1,7,3,8,125,59,3,7,4
10,Palpalá,002,0022 ,0577,320,0,0,11,5,4,124,61,6,10,3
10,Palpalá,002,0022 ,0578,319,37,3,7,8,7,139,38,6,5,10
10,Palpalá,002,0022 ,0579,321,50,0,4,6,5,120,60,3,15,5
10,Palpalá,002,0022 ,0580,320,2,3,13,5,4,101,68,9,9,7
10,Palpalá,002,0022 ,0581,322,51,11,10,5,2,100,56,5,10,6
10,Palpalá,002,0022 ,0582,321,46,2,8,11,7,111,46,10,6,8
10,Palpalá,002,0022 ,0583,320,0,0,3,8,7,118,55,6,8,9
10,Palpalá,002,0022 ,0584,322,46,11,10,0,3,112,52,7,9,8
10,Palpalá,002,0022 ,0585,320,0,4,5,6,3,124,56,5,8,9
10,Palpalá,002,0022 ,0586,321,2,2,5,12,5,117,66,1,11,3
10,Palpalá,002,0022 ,0587,320,38,5,4,10,4,111,64,2,10,5
10,Palpalá,002,0022 ,0588,321,1,5,9,3,2,123,62,9,9,4
10,Palpalá,002,0022 ,0589,320,0,0,10,6,7,117,48,5,8,8
10,Palpalá,002,0022 ,0590,320,0,0,13,5,5,126,47,8,11,6
10,Palpalá,002,0022 ,0591,320,50,2,8,8,8,108,42,5,6,7
10,Palpalá,002,0022 ,0592,322,0,0,7,13,3,124,49,6,7,15
10,Palpalá,002,0022 ,0593,320,0,9,7,5,5,108,61,10,9,11
10,Palpalá,002,0022 ,0594,320,1,11,8,9,7,101,64,6,7,11
10,Palpalá,002,0022 ,0595,321,0,0,7,5,2,129,50,6,4,9
10,Palpalá,002,0022 ,0596,321,40,1,4,11,1,126,48,10,10,5
10,Palpalá,002,0022 ,0597,321,42,4,7,8,4,124,48,2,11,7
10,Palpalá,002,0022 ,0598,321,1,12,3,6,5,113,45,4,9,8
10,Palpalá,002,0022 ,0599,322,35,0,4,9,4,123,60,7,17,2
10,Palpalá,002,0022 ,0600,320,0,2,3,5,2,144,53,8,10,3
10,Palpalá,002,0022 ,0601,320,0,6,7,6,4,120,49,12,6,11
10,Palpalá,002,0022 ,0602,323,1,4,6,13,3,128,57,7,13,5
10,Palpalá,002,0022 ,0603,322,1,4,7,7,5,128,46,2,7,12
10,Palpalá,002,0022 ,0604,321,35,4,6,12,8,130,48,8,7,7
10,Palpalá,002,0022 ,0605,320,28,10,7,5,4,141,45,5,12,3
10,Palpalá,002,0022 ,0606,321,0,0,8,7,1,124,51,4,12,8
10,Palpalá,002,0022 ,0607,320,38,6,8,9,3,128,56,8,13,2
10,Palpalá,002,0022 ,0608,321,2,1,9,0,0,119,53,8,7,5
10,Palpalá,002,0022 ,0609,321,5,3,9,6,3,136,58,2,10,10
10,Palpalá,002,0022 ,0610,320,27,1,5,4,2,121,61,10,7,2
10,Palpalá,002,0022 ,0611,322,22,4,7,7,4,116,63,10,10,4
10,Palpalá,002,0022 ,0612,321,0,5,4,7,7,121,57,5,7,7
10,Palpalá,002,0022 ,0613,320,28,4,12,3,3,102,60,7,8,22
10,Palpalá,002,0022 ,0614,320,40,3,5,4,10,110,56,7,12,5
10,Palpalá,002,0022 ,0615,320,0,0,3,12,4,112,60,11,10,4
10,Palpalá,002,0022 ,0616,326,3,0,9,6,6,120,40,6,10,17
10,Palpalá,002,0022 ,0617,320,6,5,10,4,4,133,50,6,9,5
10,Palpalá,002,0022 ,0618,323,39,3,5,12,7,126,42,10,0,12
10,Palpalá,002,0022 ,0619,322,38,5,3,6,4,118,63,8,15,6
10,Palpalá,002,0022 ,0620,320,0,0,8,5,7,118,45,5,9,12
10,Palpalá,002,0022 ,0621,321,24,7,0,9,3,111,54,6,12,2
10,Palpalá,002,0022 ,0622,322,4,4,8,12,6,117,54,12,8,2
10,Palpalá,002,0022 ,0623,321,2,1,8,6,2,130,52,12,9,2
10,Palpalá,002,0022 ,0624,320,43,4,6,7,2,107,55,13,7,12
10,Palpalá,002,0022 ,0625,321,39,7,5,12,3,114,67,6,3,12
10,Palpalá,002,0022 ,0626,321,43,4,3,5,4,119,54,10,7,7
10,Palpalá,002,0022 ,0627,320,45,3,7,6,2,101,59,8,9,13
10,Palpalá,002,0022 ,0628,320,35,1,7,9,1,108,70,13,16,6
10,Palpalá,002,0022 ,0629,321,1,4,4,5,9,126,46,3,9,5
10,Palpalá,002,0022 ,0630,321,33,5,11,6,1,132,44,10,6,4
10,Palpalá,002,0022 ,0631,320,0,3,10,11,5,110,57,7,12,6
10,Palpalá,002,0022 ,0632,321,2,2,5,10,4,119,62,7,0,4
10,Palpalá,002,0022 ,0633,322,32,9,14,6,0,107,64,12,3,11
10,Palpalá,002,0022 ,0634,320,33,3,10,7,3,127,45,0,7,12
10,Palpalá,002,0022 ,0635,322,47,4,11,5,1,95,63,9,13,7
10,Palpalá,002,0022 ,0636,322,49,0,3,10,8,104,47,9,16,5
10,Palpalá,002,0022 ,0637,320,34,1,5,10,7,127,54,8,5,7
10,Palpalá,002,0022 ,0638,320,5,0,7,3,6,123,49,9,6,6
10,Palpalá,002,0022 ,0639,322,35,4,10,9,6,112,46,4,5,8
10,Palpalá,002,0022 ,0640,322,36,2,3,6,3,117,49,10,7,12
10,Palpalá,002,0022 ,0641,320,32,5,6,9,7,110,70,7,8,4
10,Palpalá,002,0022 ,0642,321,2,7,4,11,5,105,62,5,5,9
10,Palpalá,002,0022 ,0643,323,0,0,11,3,3,106,57,14,11,12
10,Palpalá,002,0022 ,0644,320,0,1,8,6,6,112,68,8,2,10
10,Palpalá,002,0022 ,0645,321,36,4,6,7,6,117,66,5,7,6
10,Palpalá,002,0022 ,0646,320,3,2,0,10,2,126,45,9,13,9
10,Palpalá,002,0022 ,0647,321,4,9,4,7,3,93,87,12,12,9
10,Palpalá,002,0022 ,0648,322,3,0,9,15,1,119,64,8,3,3
10,Palpalá,002,0022 ,0649,322,0,3,7,6,4,127,39,10,9,4
10,Palpalá,002,0022 ,0650,324,0,4,10,6,3,140,48,5,5,7
10,Palpalá,002,0022 ,0651,320,0,3,7,11,3,116,49,7,5,17
10,Palpalá,002,0022 ,0652,320,2,2,10,7,4,118,62,8,9,12
10,Palpalá,002,0022 ,0653,320,46,0,3,6,3,112,68,7,16,9
10,Palpalá,002,0022 ,0654,320,1,2,5,8,4,119,85,3,6,8
10,Palpalá,002,0022 ,0655,320,35,1,5,9,12,133,57,3,12,6
10,Palpalá,002,0022 ,0656,320,19,2,7,10,14,128,52,6,8,10
10,Palpalá,002,0022 ,0657,319,46,2,10,9,6,122,49,9,8,7
10,Palpalá,002,0022 ,0658,319,39,3,2,11,2,116,51,3,11,6
10,Palpalá,002,0022 ,0659,321,41,2,4,7,7,114,52,5,13,14
10,Palpalá,002,0022 ,0660,321,52,4,6,11,4,111,45,7,11,7
10,Palpalá,002,0022 ,0661,320,33,2,4,9,5,130,49,9,17,4
10,Palpalá,002,0022 ,0662,319,2,1,9,8,3,120,60,6,8,6
10,Palpalá,002,0022 ,0663,320,3,1,3,4,3,127,30,4,19,8
10,Palpalá,002,0022 ,0664,321,33,3,8,4,5,108,73,9,10,3
10,Palpalá,002,0022 ,0665,320,32,5,11,13,10,111,54,6,7,6
10,Palpalá,002,0022 ,0666,321,42,0,7,9,6,121,41,7,8,7
10,Palpalá,002,0022 ,0667,319,2,1,9,17,5,125,46,6,9,12
10,Palpalá,002,0022 ,0668,319,1,7,7,12,5,131,45,5,11,12
10,Palpalá,002,0023 ,0669,184,16,1,4,2,1,94,14,3,2,4
10,Palpalá,002,0023 ,0670,184,11,1,5,4,0,88,15,5,1,2
10,Palpalá,002,0024 ,0671,215,19,0,4,5,1,89,36,2,2,3
10,Palpalá,002,0024 ,0672,215,13,0,5,9,0,85,29,3,2,16
10,San Antonio,003,0025A,0673,273,12,2,4,5,1,112,62,8,1,7
10,San Antonio,003,0025A,0674,272,19,2,4,7,1,83,89,9,1,2
10,San Antonio,003,0025A,0675,273,11,0,5,8,0,134,60,4,3,4
10,San Antonio,003,0025A,0676,271,7,3,6,10,2,124,54,5,2,10
10,San Antonio,003,0025A,0677,270,10,2,3,5,0,113,70,3,3,3
10,San Antonio,003,0025B,0678,277,14,2,0,0,0,131,56,3,2,6
10,San Antonio,003,0025B,0679,275,0,1,7,4,0,131,35,7,2,9
10,San Antonio,003,0025B,0680,275,21,2,7,6,2,117,52,5,5,6
10,San Antonio,003,0025B,0681,275,0,0,4,6,0,131,46,8,6,2
10,San Antonio,003,0026 ,0682,220,5,0,3,3,2,99,17,3,3,2
10,San Antonio,003,0027 ,0683,187,0,0,0,0,0,0,0,0,0,0
10,San Antonio,003,0027 ,0684,186,0,0,0,0,0,0,0,0,0,0
10,El Carmen,004,0028 ,0685,313,44,4,12,7,4,138,34,6,4,8
10,El Carmen,004,0028 ,0686,312,0,0,9,9,2,130,56,9,7,6
10,El Carmen,004,0028 ,0687,313,40,3,8,12,1,129,43,16,7,2
10,El Carmen,004,0028 ,0688,311,41,3,12,5,1,94,67,9,5,7
10,El Carmen,004,0028 ,0689,312,34,3,8,8,2,136,41,8,3,9
10,El Carmen,004,0028 ,0690,312,0,0,0,0,0,0,0,0,0,0
10,El Carmen,004,0028 ,0691,313,0,0,0,0,0,0,0,0,0,0
10,El Carmen,004,0028 ,0692,312,0,0,0,0,0,0,0,0,0,0
10,El Carmen,004,0028 ,0693,311,0,0,0,0,0,0,0,0,0,0
10,El Carmen,004,0028 ,0694,311,0,0,0,0,0,0,0,0,0,0
10,El Carmen,004,0028 ,0695,311,0,0,0,0,0,0,0,0,0,0
10,El Carmen,004,0028 ,0696,312,0,0,0,0,0,0,0,0,0,0
10,El Carmen,004,0028 ,0697,311,46,2,4,16,4,116,54,13,5,3
10,El Carmen,004,0028 ,0698,313,0,0,0,0,0,0,0,0,0,0
10,El Carmen,004,0028 ,0699,311,0,0,0,0,0,0,0,0,0,0
10,El Carmen,004,0028 ,0700,314,2,2,10,9,3,125,35,12,3,7
10,El Carmen,004,0028 ,0701,314,39,1,10,12,1,111,55,10,10,0
10,El Carmen,004,0028 ,0702,312,0,0,0,0,0,138,50,8,5,4
10,El Carmen,004,0028 ,0703,312,34,1,13,8,5,128,51,5,3,6
10,El Carmen,004,0028 ,0704,311,32,5,13,2,0,151,43,7,3,4
10,El Carmen,004,0028 ,0705,311,30,4,8,12,4,113,59,10,8,4
10,El Carmen,004,0028 ,0706,311,36,1,15,5,0,115,62,10,5,3
10,El Carmen,004,0028 ,0707,312,38,2,18,8,4,118,43,8,4,5
10,El Carmen,004,0028 ,0708,312,25,1,10,7,2,145,40,7,8,5
10,El Carmen,004,0028 ,0709,310,34,4,14,8,2,128,50,11,3,5
10,El Carmen,004,0028 ,0710,310,27,4,13,6,4,149,38,9,10,3
10,El Carmen,004,0028 ,0711,311,0,10,16,11,2,115,48,5,4,7
10,El Carmen,004,0028 ,0712,310,49,1,16,11,5,107,48,10,10,2
10,El Carmen,004,0028 ,0713,310,31,1,15,9,1,125,59,4,8,3
10,El Carmen,004,0028 ,0714,312,35,6,5,12,2,133,31,11,9,11
10,El Carmen,004,0028 ,0715,310,25,2,11,11,0,122,47,8,5,6
10,El Carmen,004,0028 ,0716,311,24,4,11,9,2,107,51,14,3,7
10,El Carmen,004,0029 ,0717,183,14,3,8,4,0,83,23,6,2,2
10,El Carmen,004,0029 ,0718,184,0,0,3,7,0,96,26,3,0,2
10,El Carmen,004,0030 ,0719,277,0,0,8,0,0,118,47,5,3,5
10,El Carmen,004,0030 ,0720,277,0,0,14,5,0,108,31,7,3,3
10,El Carmen,004,0030 ,0721,277,18,4,9,6,2,124,33,7,4,4
10,El Carmen,004,0030 ,0722,277,1,6,15,5,0,100,46,3,4,2
10,El Carmen,004,0031 ,0723,318,4,47,20,11,1,73,74,3,5,1
10,El Carmen,004,0031 ,0724,317,0,0,17,6,4,89,42,8,12,2
10,El Carmen,004,0031 ,0725,316,3,5,16,8,2,86,51,4,11,8
10,El Carmen,004,0031 ,0726,316,39,7,18,19,2,108,46,4,14,6
10,El Carmen,004,0031 ,0727,317,54,0,24,10,5,86,48,11,7,7
10,El Carmen,004,0031 ,0728,318,0,0,19,7,2,105,37,13,14,4
10,El Carmen,004,0031 ,0729,317,2,0,10,12,3,88,44,7,6,0
10,El Carmen,004,0031 ,0730,319,44,1,22,19,1,89,56,9,10,4
10,El Carmen,004,0031 ,0731,316,0,0,0,12,2,100,31,13,7,4
10,El Carmen,004,0031 ,0732,318,49,0,16,12,2,101,66,3,9,5
10,El Carmen,004,0031 ,0733,318,0,0,9,13,1,101,58,11,6,7
10,El Carmen,004,0031 ,0734,314,35,3,20,8,2,101,53,8,13,6
10,El Carmen,004,0031 ,0735,317,1,4,17,6,2,95,60,8,8,1
10,El Carmen,004,0031 ,0736,318,32,5,0,0,2,99,47,2,13,10
10,El Carmen,004,0031 ,0737,316,46,1,20,16,2,71,74,14,9,3
10,El Carmen,004,0031 ,0738,317,55,4,14,10,2,100,51,10,14,4
10,El Carmen,004,0031 ,0739,316,45,2,18,7,2,87,44,9,19,6
10,El Carmen,004,0031 ,0740,314,0,3,9,8,3,99,43,11,13,3
10,El Carmen,004,0031 ,0741,316,0,0,10,13,2,82,48,5,15,8
10,El Carmen,004,0031 ,0742,318,2,2,16,11,2,77,63,8,15,9
10,El Carmen,004,0031 ,0743,317,0,0,0,0,0,0,0,0,0,0
10,El Carmen,004,0031 ,0744,317,0,0,8,7,2,93,48,9,12,13
10,El Carmen,004,0031 ,0745,317,0,0,11,5,3,90,42,9,15,5
10,El Carmen,004,0031 ,0746,316,0,1,16,7,2,88,53,10,11,6
10,El Carmen,004,0031 ,0747,315,0,0,12,11,1,99,47,5,13,2
10,El Carmen,004,0031 ,0748,317,4,6,12,12,4,85,61,9,12,4
10,El Carmen,004,0031 ,0749,315,0,0,13,12,1,106,55,8,8,3
10,El Carmen,004,0031 ,0750,316,2,2,14,12,2,103,63,5,17,1
10,El Carmen,004,0031 ,0751,316,28,6,17,16,0,109,49,10,10,7
10,El Carmen,004,0031 ,0752,317,0,4,19,11,0,106,58,12,16,2
10,El Carmen,004,0031 ,0753,317,0,0,10,6,2,109,50,7,7,3
10,El Carmen,004,0031 ,0754,316,51,4,10,9,4,105,42,7,9,3
10,El Carmen,004,0031 ,0755,318,3,4,15,10,4,90,43,4,12,4
10,El Carmen,004,0031 ,0756,315,0,0,15,7,3,95,49,3,17,1
10,El Carmen,004,0031 ,0757,317,0,0,30,18,2,91,41,11,6,4
10,El Carmen,004,0031 ,0758,318,3,3,14,11,2,89,50,1,14,4
10,El Carmen,004,0031 ,0759,318,0,0,10,11,2,93,47,6,9,3
10,El Carmen,004,0031 ,0760,317,41,10,9,9,1,95,69,7,10,6
10,El Carmen,004,0031 ,0761,318,0,0,15,4,1,88,63,9,10,8
10,El Carmen,004,0031 ,0762,317,0,0,18,14,0,101,49,4,16,5
10,El Carmen,004,0031 ,0763,317,3,6,22,11,2,101,34,11,11,4
10,El Carmen,004,0031 ,0764,317,0,0,15,9,3,87,54,23,16,4
10,El Carmen,004,0031 ,0765,316,56,2,10,11,3,90,49,10,13,4
10,El Carmen,004,0031 ,0766,319,0,7,16,16,3,93,41,6,10,7
10,El Carmen,004,0031 ,0767,317,50,0,23,5,2,105,52,0,7,5
10,El Carmen,004,0031 ,0768,317,34,5,22,11,4,98,34,5,11,10
10,El Carmen,004,0031 ,0769,318,2,9,14,12,2,96,37,5,9,9
10,El Carmen,004,0031 ,0770,318,38,10,9,14,4,120,52,1,8,4
10,El Carmen,004,0031 ,0771,314,0,0,17,10,3,89,54,12,11,9
10,El Carmen,004,0031 ,0772,319,0,0,12,11,0,95,0,8,15,6
10,El Carmen,004,0031 ,0773,318,3,3,10,12,1,99,55,9,7,6
10,El Carmen,004,0031 ,0774,317,39,1,11,15,1,93,47,9,17,5
10,El Carmen,004,0031 ,0775,317,1,2,23,10,0,86,55,9,7,6
10,El Carmen,004,0031 ,0776,317,0,0,16,8,6,93,51,10,10,3
10,El Carmen,004,0031 ,0777,318,0,0,16,7,2,111,45,3,12,8
10,El Carmen,004,0031 ,0778,318,0,0,17,14,1,75,60,10,10,6
10,El Carmen,004,0031 ,0779,318,36,6,13,11,6,101,58,11,11,8
10,El Carmen,004,0031 ,0780,317,37,0,16,10,4,110,46,6,14,5
10,El Carmen,004,0031 ,0781,316,53,0,20,18,5,100,45,4,8,4
10,El Carmen,004,0031 ,0782,318,2,6,13,9,7,93,45,7,13,4
10,El Carmen,004,0031 ,0783,319,0,0,6,12,2,108,47,9,15,4
10,El Carmen,004,0031 ,0784,317,50,1,10,9,2,79,66,11,18,8
10,El Carmen,004,0031 ,0785,316,2,3,12,11,4,78,56,8,11,7
10,El Carmen,004,0031 ,0786,317,0,0,14,0,2,109,52,12,12,2
10,El Carmen,004,0031 ,0787,316,0,0,12,13,3,95,66,3,13,2
10,El Carmen,004,0031 ,0788,317,41,2,14,5,2,114,48,10,10,11
10,El Carmen,004,0031 ,0789,316,4,3,15,15,2,105,54,9,10,4
10,El Carmen,004,0031 ,0790,317,0,0,10,8,2,105,58,5,6,1
10,El Carmen,004,0031 ,0791,315,49,1,21,3,6,82,63,10,14,6
10,El Carmen,004,0031 ,0792,317,7,7,15,13,2,87,63,9,6,2
10,El Carmen,004,0031 ,0793,319,70,8,14,5,5,82,52,3,10,0
10,El Carmen,004,0031 ,0794,317,0,0,17,14,1,93,50,11,7,5
10,El Carmen,004,0031 ,0795,319,1,3,13,14,2,93,63,9,5,4
10,El Carmen,004,0031 ,0796,318,0,0,14,12,5,86,56,8,13,4
10,El Carmen,004,0031 ,0797,316,42,0,13,8,2,110,51,11,8,3
10,El Carmen,004,0031 ,0798,315,46,3,10,11,3,89,64,13,14,3
10,El Carmen,004,0031 ,0799,318,0,0,8,10,3,95,43,5,15,6
10,El Carmen,004,0031 ,0800,315,0,0,14,12,1,95,41,8,18,8
10,El Carmen,004,0031 ,0801,318,0,0,22,10,0,84,44,11,8,3
10,El Carmen,004,0031 ,0802,316,0,0,14,5,3,98,45,15,12,7
10,El Carmen,004,0031 ,0803,313,1,0,11,16,0,95,54,6,25,3
10,El Carmen,004,0031 ,0804,318,39,6,8,15,1,113,56,10,9,2
10,El Carmen,004,0031 ,0805,317,5,1,20,11,4,96,40,9,9,3
10,El Carmen,004,0031 ,0806,317,3,6,7,9,3,92,51,8,13,2
10,El Carmen,004,0031 ,0807,316,1,1,23,11,2,95,56,16,11,5
10,El Carmen,004,0031 ,0808,318,0,0,25,6,1,86,55,14,10,6
10,El Carmen,004,0032 ,0809,320,38,4,16,7,2,125,39,8,4,9
10,El Carmen,004,0032 ,0810,319,53,4,12,5,1,102,62,2,9,6
10,El Carmen,004,0032 ,0811,319,38,2,22,6,1,115,47,5,8,3
10,El Carmen,004,0032 ,0812,319,30,0,16,11,0,123,60,10,3,6
10,El Carmen,004,0032 ,0813,321,41,0,24,15,1,127,35,8,6,3
10,El Carmen,004,0032 ,0814,319,1,4,9,7,4,131,52,5,6,8
10,El Carmen,004,0032 ,0815,319,43,2,23,8,3,123,36,3,2,7
10,El Carmen,004,0032 ,0816,319,0,0,13,8,1,149,30,8,2,3
10,El Carmen,004,0032 ,0817,320,65,7,15,0,0,133,40,6,5,3
10,El Carmen,004,0032 ,0818,320,50,1,19,8,3,115,43,6,4,4
10,El Carmen,004,0032 ,0819,320,2,0,13,16,1,133,66,6,4,3
10,El Carmen,004,0032 ,0820,317,1,5,9,5,1,153,41,4,6,3
10,El Carmen,004,0032 ,0821,319,39,4,14,16,1,118,50,5,7,4
10,El Carmen,004,0032 ,0822,321,50,7,13,0,0,136,40,6,10,10
10,El Carmen,004,0032 ,0823,319,39,6,12,11,1,143,31,0,4,5
10,El Carmen,004,0032 ,0824,320,31,6,15,12,2,125,55,7,4,2
10,El Carmen,004,0032 ,0825,320,0,2,0,0,0,0,0,0,5,5
10,El Carmen,004,0032 ,0826,320,42,3,13,13,6,117,50,8,2,3
10,El Carmen,004,0032 ,0827,320,40,9,15,15,1,119,45,7,1,5
10,El Carmen,004,0032 ,0828,317,33,11,13,12,2,114,58,1,4,3
10,El Carmen,004,0032 ,0829,314,32,1,22,16,1,106,56,4,6,7
10,El Carmen,004,0032 ,0830,319,0,0,17,11,5,128,52,2,8,3
10,El Carmen,004,0032 ,0831,318,33,1,27,15,2,149,31,4,0,4
10,El Carmen,004,0032 ,0832,318,27,6,18,11,2,118,54,11,3,2
10,El Carmen,004,0032 ,0833,321,0,4,19,16,2,5,52,11,4,1
10,El Carmen,004,0032 ,0834,318,47,1,2,0,0,118,56,4,5,4
10,El Carmen,004,0032 ,0835,319,43,6,19,11,3,115,54,8,3,4
10,El Carmen,004,0032 ,0836,318,35,2,20,11,4,119,54,5,2,2
10,El Carmen,004,0032 ,0837,319,37,1,13,8,2,126,63,5,3,8
10,El Carmen,004,0032 ,0838,319,0,6,12,8,1,133,62,5,3,3
10,El Carmen,004,0032 ,0839,317,29,5,8,21,2,128,49,4,2,5
10,El Carmen,004,0032 ,0840,319,30,0,16,13,0,114,56,4,4,5
10,El Carmen,004,0033A,0841,300,0,0,9,5,1,139,47,3,3,4
10,El Carmen,004,0033A,0842,297,51,0,9,9,2,123,30,2,8,1
10,El Carmen,004,0033A,0843,298,0,0,7,3,0,120,34,6,4,6
10,El Carmen,004,0033A,0844,295,62,1,8,4,0,117,36,5,7,11
10,El Carmen,004,0033A,0845,298,0,0,1,8,0,118,31,3,7,1
10,El Carmen,004,0033A,0846,298,0,0,6,6,0,114,56,5,4,5
10,El Carmen,004,0033B,0847,220,0,0,3,2,1,9,20,6,3,0
10,El Carmen,004,0033B,0848,218,0,0,3,2,1,106,21,5,1,0
10,El Carmen,004,0033B,0849,219,1,0,5,4,2,88,24,3,0,4
10,El Carmen,004,0034 ,0850,299,0,0,11,5,0,118,32,0,0,4
10,El Carmen,004,0034 ,0851,297,64,5,11,6,0,126,23,3,1,1
10,El Carmen,004,0034 ,0852,296,58,3,9,4,0,133,25,3,1,2
10,El Carmen,004,0034 ,0853,296,2,2,0,0,0,0,0,3,0,3
10,El Carmen,004,0034 ,0854,296,0,0,11,1,0,117,26,2,0,7
10,El Carmen,004,0034 ,0855,296,1,2,4,2,0,132,23,5,3,3
10,El Carmen,004,0034 ,0856,295,50,2,1,6,0,130,37,5,4,2
10,El Carmen,004,0034 ,0857,297,60,3,6,3,0,140,17,0,1,0
10,El Carmen,004,0035 ,0858,320,29,0,3,0,0,157,20,4,1,22
10,El Carmen,004,0035 ,0859,317,19,2,8,0,0,155,32,4,1,17
10,El Carmen,004,0035 ,0860,319,3,3,1,0,0,172,24,1,3,36
10,El Carmen,004,0035 ,0861,318,22,2,10,9,1,154,30,2,1,24
10,El Carmen,004,0035 ,0862,319,35,7,0,0,0,142,29,4,7,21
10,El Carmen,004,0035 ,0863,321,7,2,13,4,3,146,30,0,3,43
10,San Pedro,005,0036 ,0864,321,0,0,10,14,1,112,35,9,7,28
10,San Pedro,005,0036 ,0865,320,0,0,1,5,0,109,45,11,7,18
10,San Pedro,005,0036 ,0866,321,24,4,11,10,1,126,33,24,10,15
10,San Pedro,005,0036 ,0867,321,5,0,11,14,1,107,41,6,6,26
10,San Pedro,005,0036 ,0868,321,29,4,9,17,1,95,39,5,7,38
10,San Pedro,005,0036 ,0869,319,0,0,15,15,2,93,24,6,14,24
10,San Pedro,005,0036 ,0870,321,0,0,16,8,1,82,27,10,7,34
10,San Pedro,005,0036 ,0871,321,5,8,10,5,2,108,38,3,8,23
10,San Pedro,005,0036 ,0872,319,22,2,10,10,2,105,38,9,5,33
10,San Pedro,005,0036 ,0873,320,43,1,12,7,1,113,41,4,2,29
10,San Pedro,005,0036 ,0874,321,6,8,14,5,1,93,42,5,9,25
10,San Pedro,005,0036 ,0875,321,43,4,15,11,3,90,33,8,8,26
10,San Pedro,005,0036 ,0876,320,5,0,13,15,1,106,27,5,8,33
10,San Pedro,005,0036 ,0877,320,0,0,0,4,1,88,31,3,5,50
10,San Pedro,005,0036 ,0878,321,0,0,9,9,2,111,39,3,9,26
10,San Pedro,005,0036 ,0879,320,36,5,11,15,2,75,53,12,8,26
10,San Pedro,005,0036 ,0880,320,4,8,10,10,3,92,46,7,3,27
10,San Pedro,005,0036 ,0881,321,0,12,11,12,2,100,38,6,2,28
10,San Pedro,005,0036 ,0882,321,0,0,14,7,0,90,39,4,8,39
10,San Pedro,005,0036 ,0883,321,0,0,11,11,1,121,33,13,5,24
10,San Pedro,005,0036 ,0884,321,0,0,10,5,1,108,34,10,7,24
10,San Pedro,005,0036 ,0885,321,1,3,11,7,3,129,25,5,7,30
10,San Pedro,005,0036 ,0886,320,0,0,10,6,0,108,36,17,6,28
10,San Pedro,005,0036 ,0887,321,0,3,6,12,2,103,44,2,6,40
10,San Pedro,005,0036 ,0888,322,1,2,14,13,1,108,34,0,9,19
10,San Pedro,005,0036 ,0889,321,4,13,15,9,0,109,35,9,4,32
10,San Pedro,005,0036 ,0890,320,0,0,13,10,1,104,30,9,5,21
10,San Pedro,005,0036 ,0891,322,33,4,11,8,0,114,36,14,5,24
10,San Pedro,005,0036 ,0892,320,49,5,6,7,2,114,31,10,6,22
10,San Pedro,005,0036 ,0893,320,28,2,4,16,1,98,40,5,7,31
10,San Pedro,005,0036 ,0894,322,3,0,11,7,1,111,32,6,8,20
10,San Pedro,005,0036 ,0895,321,3,2,15,10,0,123,22,4,3,26
10,San Pedro,005,0036 ,0896,320,29,9,10,9,1,108,31,8,3,29
10,San Pedro,005,0036 ,0897,322,2,0,18,11,1,87,52,8,5,33
10,San Pedro,005,0036 ,0898,322,1,1,8,7,2,88,47,8,8,25
10,San Pedro,005,0036 ,0899,320,1,9,13,9,0,128,34,5,6,21
10,San Pedro,005,0036 ,0900,320,24,4,13,10,3,16,44,6,4,29
10,San Pedro,005,0036 ,0901,321,0,0,14,11,1,98,41,9,7,20
10,San Pedro,005,0036 ,0902,321,2,7,15,7,1,103,45,7,3,27
10,San Pedro,005,0036 ,0903,321,2,5,17,8,1,95,47,6,3,23
10,San Pedro,005,0036 ,0904,322,38,1,15,11,0,105,31,5,2,23
10,San Pedro,005,0036 ,0905,320,2,4,0,7,4,0,0,7,3,34
10,San Pedro,005,0036 ,0906,321,0,0,4,11,2,125,21,7,2,26
10,San Pedro,005,0036 ,0907,321,36,1,17,12,3,87,43,14,5,28
10,San Pedro,005,0036 ,0908,321,3,2,14,8,1,106,37,5,8,35
10,San Pedro,005,0036 ,0909,319,3,2,11,8,0,92,37,4,10,25
10,San Pedro,005,0036 ,0910,321,0,0,0,0,0,114,26,5,5,37
10,San Pedro,005,0036 ,0911,319,1,6,14,13,0,111,36,6,3,25
10,San Pedro,005,0036 ,0912,321,1,5,14,11,4,109,35,4,6,33
10,San Pedro,005,0036 ,0913,320,2,1,12,0,0,105,31,5,11,23
10,San Pedro,005,0036 ,0914,320,5,0,14,0,0,122,20,12,8,25
10,San Pedro,005,0036 ,0915,320,39,2,8,16,1,104,32,15,2,26
10,San Pedro,005,0036 ,0916,323,39,6,9,9,1,75,48,12,13,30
10,San Pedro,005,0036 ,0917,322,26,7,11,3,3,122,38,6,7,21
10,San Pedro,005,0036 ,0918,320,54,6,0,0,0,100,34,5,3,27
10,San Pedro,005,0036 ,0919,321,0,0,7,11,5,90,32,6,6,33
10,San Pedro,005,0036 ,0920,321,0,0,10,11,5,85,35,6,2,44
10,San Pedro,005,0036 ,0921,321,31,8,6,7,0,110,36,10,8,20
10,San Pedro,005,0036 ,0922,321,2,4,6,11,2,126,30,7,6,39
10,San Pedro,005,0036 ,0923,321,0,0,19,9,1,111,44,8,4,17
10,San Pedro,005,0036 ,0924,320,0,4,10,5,0,118,29,9,1,28
10,San Pedro,005,0036 ,0925,320,43,3,8,25,2,91,47,2,1,22
10,San Pedro,005,0036 ,0926,318,29,7,12,7,0,114,26,5,5,28
10,San Pedro,005,0036 ,0927,319,43,11,8,8,0,118,28,7,10,19
10,San Pedro,005,0036 ,0928,320,42,1,8,8,1,93,42,11,7,24
10,San Pedro,005,0036 ,0929,321,35,0,6,8,2,105,39,6,6,32
10,San Pedro,005,0036 ,0930,319,1,7,13,6,0,111,35,2,4,28
10,San Pedro,005,0036 ,0931,320,44,5,8,10,1,95,41,10,3,23
10,San Pedro,005,0036 ,0932,320,33,5,12,5,1,97,36,6,11,29
10,San Pedro,005,0036 ,0933,319,43,0,16,6,2,87,43,6,10,42
10,San Pedro,005,0036 ,0934,320,26,6,7,5,2,101,34,7,6,36
10,San Pedro,005,0036 ,0935,320,0,0,12,7,2,89,42,9,2,30
10,San Pedro,005,0036 ,0936,319,28,2,6,12,1,102,45,6,5,21
10,San Pedro,005,0036 ,0937,321,0,0,9,3,0,95,39,3,6,28
10,San Pedro,005,0036 ,0938,321,45,8,6,11,1,89,44,4,6,31
10,San Pedro,005,0036 ,0939,320,3,6,7,5,1,84,46,6,5,35
10,San Pedro,005,0036 ,0940,319,2,4,6,5,2,99,24,4,3,34
10,San Pedro,005,0036 ,0941,322,1,2,11,7,2,104,42,5,8,34
10,San Pedro,005,0036 ,0942,320,0,0,8,19,4,103,36,1,4,30
10,San Pedro,005,0036 ,0943,319,32,7,7,12,0,85,44,7,8,32
10,San Pedro,005,0036 ,0944,319,3,4,7,6,1,96,55,7,0,31
10,San Pedro,005,0036 ,0945,321,17,3,10,8,0,103,51,6,5,30
10,San Pedro,005,0036 ,0946,320,0,0,12,9,0,94,41,9,10,29
10,San Pedro,005,0036 ,0947,321,1,7,12,1,2,120,40,8,2,29
10,San Pedro,005,0036 ,0948,323,0,0,6,1,3,127,37,4,4,27
10,San Pedro,005,0036 ,0949,320,29,0,10,5,0,111,35,15,7,23
10,San Pedro,005,0036 ,0950,320,22,5,18,7,0,88,44,8,3,38
10,San Pedro,005,0036 ,0951,319,29,7,3,12,0,106,34,2,5,39
10,San Pedro,005,0036 ,0952,322,0,0,5,1,0,91,27,5,16,43
10,San Pedro,005,0036 ,0953,319,30,4,7,13,3,97,46,4,2,31
10,San Pedro,005,0036 ,0954,320,31,5,15,5,0,95,39,4,3,22
10,San Pedro,005,0036 ,0955,319,0,6,11,0,0,107,34,0,3,29
10,San Pedro,005,0036 ,0956,320,6,2,8,11,0,97,36,8,6,28
10,San Pedro,005,0036 ,0957,319,45,1,8,14,3,121,28,5,4,8
10,San Pedro,005,0036 ,0958,318,41,1,11,5,2,101,33,7,3,45
10,San Pedro,005,0036 ,0959,320,36,8,9,9,2,106,43,10,5,21
10,San Pedro,005,0036 ,0960,322,1,3,6,13,1,105,37,6,6,29
10,San Pedro,005,0036 ,0961,318,1,1,15,8,0,52,27,4,6,33
10,San Pedro,005,0036 ,0962,319,24,2,11,14,0,93,25,5,8,33
10,San Pedro,005,0036 ,0963,319,52,0,11,3,0,110,22,7,7,25
10,San Pedro,005,0036 ,0964,321,0,0,14,0,0,85,50,0,0,27
10,San Pedro,005,0036 ,0965,320,26,8,11,6,2,119,32,10,4,31
10,San Pedro,005,0036 ,0966,320,39,5,14,8,1,107,33,6,9,26
10,San Pedro,005,0036 ,0967,321,0,0,9,10,2,102,52,9,5,14
10,San Pedro,005,0036 ,0968,320,0,0,13,9,1,99,44,8,3,19
10,San Pedro,005,0036 ,0969,319,46,5,8,11,1,115,26,6,5,17
10,San Pedro,005,0036 ,0970,320,0,0,13,9,3,97,3,3,8,19
10,San Pedro,005,0036 ,0971,318,0,0,9,14,2,107,36,4,10,24
10,San Pedro,005,0036 ,0972,321,0,0,7,13,0,96,41,7,8,30
10,San Pedro,005,0036 ,0973,320,3,33,7,9,1,98,46,5,4,25
10,San Pedro,005,0036 ,0974,318,0,0,9,11,3,93,31,11,9,20
10,San Pedro,005,0036 ,0975,316,32,2,7,5,0,116,41,5,8,25
10,San Pedro,005,0036 ,0976,320,46,0,9,8,1,112,29,4,6,33
10,San Pedro,005,0036 ,0977,318,4,2,11,6,1,107,38,2,3,39
10,San Pedro,005,0036 ,0978,321,0,0,16,16,3,86,35,6,7,20
10,San Pedro,005,0036 ,0979,318,0,0,13,7,3,97,46,6,8,14
10,San Pedro,005,0036 ,0980,318,0,0,7,4,1,109,40,3,11,34
10,San Pedro,005,0036 ,0981,319,20,5,11,10,0,119,40,10,2,22
10,San Pedro,005,0036 ,0982,320,31,3,14,7,0,100,32,3,2,34
10,San Pedro,005,0037 ,0983,300,0,0,5,6,0,113,59,6,5,6
10,San Pedro,005,0037 ,0984,300,29,1,5,2,0,155,37,3,5,4
10,San Pedro,005,0037 ,0985,300,1,1,8,16,1,139,48,2,2,2
10,San Pedro,005,0037 ,0986,300,0,0,0,0,0,138,34,2,0,4
10,San Pedro,005,0037 ,0987,299,30,3,11,4,3,124,56,6,1,4
10,San Pedro,005,0037 ,0988,300,2,0,11,7,1,145,35,3,4,5
10,San Pedro,005,0037 ,0989,299,1,3,2,6,2,120,54,5,7,5
10,San Pedro,005,0037 ,0990,302,52,0,0,0,0,140,38,7,2,2
10,San Pedro,005,0037 ,0991,298,2,0,7,0,0,130,47,7,6,3
10,San Pedro,005,0038 ,0992,305,0,0,1,1,1,172,25,5,5,5
10,San Pedro,005,0038 ,0993,305,0,0,3,5,0,174,17,3,3,3
10,San Pedro,005,0038 ,0994,306,0,0,9,3,0,147,29,4,0,5
10,San Pedro,005,0038 ,0995,305,0,0,4,4,3,152,23,1,1,4
10,San Pedro,005,0039 ,0996,317,0,0,3,0,0,172,46,1,1,3
10,San Pedro,005,0039 ,0997,316,3,0,3,8,0,163,21,3,7,4
10,San Pedro,005,0039 ,0998,317,38,0,2,4,1,181,25,0,2,4
10,San Pedro,005,0039 ,0999,316,1,0,5,2,2,168,35,0,3,3
10,San Pedro,005,0039 ,1000,318,42,3,2,3,1,165,31,2,7,2
10,San Pedro,005,0040 ,1001,247,60,1,8,4,0,143,6,0,1,29
10,San Pedro,005,0040 ,1002,245,0,0,2,6,1,123,9,4,4,30
10,San Pedro,005,0040 ,1003,248,0,0,7,2,1,136,5,2,1,22
10,San Pedro,005,0040 ,1004,247,13,1,4,5,0,136,13,0,1,33
10,San Pedro,005,0041 ,1005,279,2,5,3,2,0,131,8,1,1,33
10,San Pedro,005,0041 ,1006,279,1,0,7,4,0,130,29,0,3,28
10,San Pedro,005,0042A,1007,222,16,0,0,1,0,91,18,0,2,10
10,San Pedro,005,0042A,1008,220,2,4,3,1,1,90,14,0,2,10
10,San Pedro,005,0042B,1009,317,18,0,4,3,1,94,12,5,2,70
10,San Pedro,005,0043 ,1010,271,23,2,2,3,1,115,7,1,0,50
10,San Pedro,005,0043 ,1011,271,0,1,2,2,1,82,12,0,2,84
10,San Pedro,005,0043 ,1012,269,0,0,5,2,0,93,11,3,3,68
10,San Pedro,005,0043 ,1013,269,0,0,0,3,0,100,15,0,0,68
10,San Pedro,005,0045 ,1014,317,0,0,8,0,0,159,48,8,2,6
10,San Pedro,005,0045 ,1015,316,23,1,6,6,3,163,47,8,4,2
10,San Pedro,005,0045 ,1016,317,15,0,4,3,1,170,46,7,8,2
10,San Pedro,005,0045 ,1017,317,21,0,8,6,0,159,45,22,5,1
10,San Pedro,005,0045 ,1018,313,20,0,4,10,0,171,48,5,7,4
10,San Pedro,005,0045 ,1019,316,23,0,12,7,3,143,62,13,7,0
10,San Pedro,005,0045 ,1020,315,25,0,7,0,0,166,53,7,6,0
10,San Pedro,005,0045 ,1021,316,13,1,15,5,2,161,39,3,3,14
10,San Pedro,005,0045 ,1022,318,22,1,10,10,1,129,64,8,8,3
10,San Pedro,005,0045 ,1023,315,18,1,10,4,0,168,50,10,4,4
10,San Pedro,005,0045 ,1024,315,25,0,6,4,0,0,56,4,6,4
10,San Pedro,005,0046 ,1025,282,38,0,0,4,0,123,41,4,3,9
10,San Pedro,005,0046 ,1026,281,44,0,1,7,1,111,32,0,2,2
10,San Pedro,005,0046 ,1027,281,33,0,7,0,8,113,45,1,8,11
10,San Pedro,005,0046 ,1028,279,39,0,5,0,0,107,35,1,2,7
10,Santa Bárbara,006,0048 ,1029,310,1,2,1,2,1,189,20,1,2,10
10,Santa Bárbara,006,0048 ,1030,314,30,2,2,0,0,186,7,3,2,21
10,Santa Bárbara,006,0048 ,1031,310,21,4,2,5,2,169,11,1,2,22
10,Santa Bárbara,006,0048 ,1032,313,1,1,0,0,0,178,16,1,1,20
10,Santa Bárbara,006,0048 ,1033,312,2,3,1,2,0,159,17,4,3,18
10,Santa Bárbara,006,0048 ,1034,311,0,0,3,1,1,180,15,4,2,15
10,Santa Bárbara,006,0048 ,1035,311,16,1,1,3,0,189,12,2,2,11
10,Santa Bárbara,006,0048 ,1036,312,20,0,2,6,1,164,21,1,1,10
10,Santa Bárbara,006,0048 ,1037,312,0,0,2,3,0,190,8,1,1,21
10,Santa Bárbara,006,0048 ,1038,313,0,0,7,1,1,170,6,1,0,19
10,Santa Bárbara,006,0048 ,1039,311,1,0,8,1,1,144,20,0,1,23
10,Santa Bárbara,006,0049 ,1040,309,0,0,1,2,1,117,26,1,1,56
10,Santa Bárbara,006,0049 ,1041,309,0,0,1,3,1,94,25,1,1,73
10,Santa Bárbara,006,0050 ,1042,294,13,3,2,4,0,161,37,3,2,8
10,Santa Bárbara,006,0050 ,1043,293,1,0,2,2,1,149,42,3,2,8
10,Santa Bárbara,006,0050 ,1044,293,1,1,6,4,0,142,47,2,1,12
10,Santa Bárbara,006,0050 ,1045,293,2,0,3,2,0,153,35,1,2,13
10,Santa Bárbara,006,0050 ,1046,294,0,0,4,2,1,147,41,1,1,12
10,Santa Bárbara,006,0050 ,1047,294,16,0,0,0,0,153,29,2,5,6
10,Santa Bárbara,006,0050 ,1048,293,3,1,2,6,0,151,32,0,5,7
10,Santa Bárbara,006,0051A,1049,257,0,1,0,0,0,118,3,1,0,47
10,Santa Bárbara,006,0051A,1050,256,17,1,5,0,0,113,9,0,0,49
10,Santa Bárbara,006,0051A,1051,260,0,0,1,3,0,112,12,0,0,48
10,Santa Bárbara,006,0051B,1052,294,0,2,0,0,0,111,23,0,0,35
10,Santa Bárbara,006,0051B,1053,292,0,0,16,2,0,124,29,1,1,27
10,Santa Bárbara,006,0051B,1054,292,1,1,31,0,0,97,4,0,39,28
10,Santa Bárbara,006,0051B,1055,291,0,0,23,0,0,76,46,1,2,32
10,Santa Bárbara,006,0051B,1056,291,26,2,16,0,2,116,29,1,0,32
10,Santa Bárbara,006,0051B,1057,292,30,1,18,4,0,104,22,2,2,29
10,Santa Bárbara,006,0051B,1058,292,0,0,18,0,0,101,23,5,1,31
10,Santa Bárbara,006,0052 ,1059,308,1,2,8,5,0,161,31,4,1,11
10,Santa Bárbara,006,0052 ,1060,308,0,0,6,3,1,166,27,4,1,3
10,Santa Bárbara,006,0052 ,1061,306,22,1,5,3,1,152,22,1,3,11
10,Santa Bárbara,006,0052 ,1062,307,24,2,3,0,1,160,19,4,2,7
10,Santa Bárbara,006,0052 ,1063,308,3,1,4,2,0,193,12,1,2,9
10,Santa Bárbara,006,0052 ,1064,309,0,3,6,4,3,128,27,4,3,13
10,Santa Bárbara,006,0052 ,1065,308,39,0,4,1,0,165,25,6,3,0
10,Santa Bárbara,006,0052 ,1066,306,2,0,14,7,0,149,25,0,0,3
10,Santa Bárbara,006,0052 ,1067,306,2,2,12,3,3,160,34,4,2,7
10,Santa Bárbara,006,0052 ,1068,306,0,0,0,0,0,173,16,1,3,7
10,Santa Bárbara,006,0052 ,1069,309,0,0,5,4,1,161,23,1,0,4
10,Ledesma,007,0053 ,1070,321,62,3,8,12,4,85,46,10,7,1
10,Ledesma,007,0053 ,1071,317,41,5,8,20,5,93,40,4,9,0
10,Ledesma,007,0053 ,1072,318,0,4,6,16,5,91,9,0,52,0
10,Ledesma,007,0053 ,1073,317,0,5,9,0,0,106,39,5,16,1
10,Ledesma,007,0053 ,1074,318,60,5,6,7,0,101,42,12,8,2
10,Ledesma,007,0053 ,1075,319,38,9,5,20,6,86,54,7,10,3
10,Ledesma,007,0053 ,1076,317,50,0,7,4,4,104,49,6,8,6
10,Ledesma,007,0053 ,1077,318,0,0,5,16,2,117,36,7,6,1
10,Ledesma,007,0053 ,1078,319,2,11,9,17,1,120,49,7,9,2
10,Ledesma,007,0053 ,1079,319,40,7,0,11,0,99,42,14,7,4
10,Ledesma,007,0053 ,1080,319,0,0,0,0,0,0,0,0,0,0
10,Ledesma,007,0053 ,1081,318,51,7,8,0,2,105,50,9,11,3
10,Ledesma,007,0053 ,1082,315,3,3,4,11,3,98,54,13,12,2
10,Ledesma,007,0053 ,1083,317,63,3,10,11,0,122,49,0,0,1
10,Ledesma,007,0053 ,1084,317,46,0,7,14,1,128,37,7,6,1
10,Ledesma,007,0053 ,1085,319,35,0,9,14,2,122,42,11,8,4
10,Ledesma,007,0053 ,1086,317,37,4,3,23,2,99,33,23,10,3
10,Ledesma,007,0053 ,1087,317,56,0,7,9,3,91,54,12,14,0
10,Ledesma,007,0053 ,1088,318,0,10,7,10,0,112,45,8,13,2
10,Ledesma,007,0053 ,1089,317,40,3,10,14,0,110,51,9,9,0
10,Ledesma,007,0053 ,1090,320,3,3,5,15,2,114,39,6,7,2
10,Ledesma,007,0053 ,1091,318,31,1,4,11,6,148,32,9,9,1
10,Ledesma,007,0053 ,1092,319,2,4,6,14,3,107,43,11,7,3
10,Ledesma,007,0053 ,1093,316,40,10,3,14,2,98,52,12,12,0
10,Ledesma,007,0053 ,1094,317,0,0,0,0,0,125,4,11,6,1
10,Ledesma,007,0053 ,1095,317,0,0,3,11,1,134,44,8,5,0
10,Ledesma,007,0053 ,1096,317,26,7,9,15,5,96,51,5,15,0
10,Ledesma,007,0053 ,1097,318,45,5,9,2,4,129,37,6,10,0
10,Ledesma,007,0053 ,1098,317,28,6,8,17,7,120,45,8,4,3
10,Ledesma,007,0053 ,1099,318,3,4,4,11,2,123,37,16,12,3
10,Ledesma,007,0053 ,1100,316,2,4,7,11,3,115,44,7,10,4
10,Ledesma,007,0053 ,1101,318,3,6,8,17,4,99,48,6,9,4
10,Ledesma,007,0053 ,1102,317,0,1,0,0,0,100,29,8,12,2
10,Ledesma,007,0053 ,1103,317,0,0,5,0,3,106,54,0,7,1
10,Ledesma,007,0053 ,1104,318,1,2,0,0,0,115,42,0,12,2
10,Ledesma,007,0053 ,1105,318,0,0,4,11,4,96,38,7,18,1
10,Ledesma,007,0053 ,1106,318,0,0,0,0,0,0,0,0,0,0
10,Ledesma,007,0053 ,1107,318,0,0,3,19,1,94,56,4,13,2
10,Ledesma,007,0053 ,1108,318,1,6,1,17,2,96,54,7,13,3
10,Ledesma,007,0053 ,1109,318,0,0,9,17,3,107,36,9,4,2
10,Ledesma,007,0053 ,1110,317,0,0,7,6,2,110,34,13,3,5
10,Ledesma,007,0053 ,1111,319,49,2,11,9,1,117,38,6,8,0
10,Ledesma,007,0053 ,1112,318,0,35,5,15,2,103,63,4,16,0
10,Ledesma,007,0053 ,1113,316,0,0,3,16,3,115,40,8,11,0
10,Ledesma,007,0053 ,1114,319,0,0,9,15,3,98,58,9,8,2
10,Ledesma,007,0053 ,1115,318,35,1,14,24,1,113,48,7,6,1
10,Ledesma,007,0053 ,1116,318,36,0,10,19,0,116,44,13,3,3
10,Ledesma,007,0053 ,1117,317,0,0,5,11,3,103,61,6,11,3
10,Ledesma,007,0053 ,1118,318,0,0,7,14,4,121,42,12,3,4
10,Ledesma,007,0053 ,1119,317,44,7,5,15,1,108,40,4,6,6
10,Ledesma,007,0053 ,1120,318,48,2,4,12,6,97,60,11,10,0
10,Ledesma,007,0053 ,1121,320,0,0,5,10,2,143,40,0,3,3
10,Ledesma,007,0053 ,1122,317,42,0,2,7,4,106,54,9,13,1
10,Ledesma,007,0053 ,1123,318,0,0,4,17,7,108,55,7,8,3
10,Ledesma,007,0053 ,1124,317,3,0,5,15,1,107,58,10,9,2
10,Ledesma,007,0053 ,1125,318,72,0,0,13,0,115,43,10,0,1
10,Ledesma,007,0053 ,1126,319,1,5,11,20,3,120,51,8,5,2
10,Ledesma,007,0053 ,1127,317,39,5,7,19,0,87,64,14,10,0
10,Ledesma,007,0053 ,1128,318,3,4,6,14,2,99,51,9,8,0
10,Ledesma,007,0053 ,1129,316,1,8,1,10,8,129,31,10,11,0
10,Ledesma,007,0053 ,1130,318,63,0,0,5,4,98,60,8,11,0
10,Ledesma,007,0053 ,1131,319,3,2,8,0,3,108,44,16,12,1
10,Ledesma,007,0053 ,1132,317,0,0,9,16,3,128,28,4,9,1
10,Ledesma,007,0053 ,1133,318,1,6,1,21,3,94,50,7,13,3
10,Ledesma,007,0053 ,1134,319,41,5,5,10,2,117,45,15,4,0
10,Ledesma,007,0053 ,1135,317,49,0,4,16,3,115,37,8,12,1
10,Ledesma,007,0053 ,1136,319,46,3,1,11,1,105,55,8,6,2
10,Ledesma,007,0053 ,1137,318,39,7,6,13,0,108,56,8,4,1
10,Ledesma,007,0053 ,1138,317,6,0,5,10,3,100,49,8,10,0
10,Ledesma,007,0053 ,1139,317,1,2,2,12,3,125,57,8,2,2
10,Ledesma,007,0053 ,1140,318,2,5,8,12,3,107,62,3,2,4
10,Ledesma,007,0053 ,1141,318,5,1,3,14,2,124,48,5,13,2
10,Ledesma,007,0053 ,1142,317,37,1,9,14,1,113,41,14,5,5
10,Ledesma,007,0053 ,1143,317,1,3,1,17,0,118,53,8,4,2
10,Ledesma,007,0053 ,1144,317,0,0,6,7,1,118,45,10,9,2
10,Ledesma,007,0053 ,1145,315,3,6,9,14,1,94,45,9,10,5
10,Ledesma,007,0053 ,1146,315,37,1,7,10,6,103,53,7,5,0
10,Ledesma,007,0053 ,1147,319,45,0,4,14,1,107,69,7,7,0
10,Ledesma,007,0053 ,1148,316,52,2,3,10,3,117,39,9,18,4
10,Ledesma,007,0053 ,1149,318,67,1,0,0,0,95,0,0,13,0
10,Ledesma,007,0053 ,1150,317,43,2,2,20,0,109,44,13,12,3
10,Ledesma,007,0053 ,1151,316,38,10,7,12,2,106,48,11,12,4
10,Ledesma,007,0053 ,1152,317,43,0,9,10,2,113,40,3,16,2
10,Ledesma,007,0053 ,1153,316,28,6,7,9,2,120,39,13,16,3
10,Ledesma,007,0053 ,1154,319,3,8,3,19,2,105,50,8,10,1
10,Ledesma,007,0053 ,1155,318,2,2,7,6,0,133,32,10,5,2
10,Ledesma,007,0053 ,1156,317,48,0,5,10,2,111,40,7,13,5
10,Ledesma,007,0053 ,1157,317,0,0,10,12,0,115,51,7,7,3
10,Ledesma,007,0053 ,1158,317,0,0,9,11,2,126,29,14,10,2
10,Ledesma,007,0053 ,1159,319,43,2,9,19,0,116,32,18,5,0
10,Ledesma,007,0053 ,1160,319,0,0,9,8,5,136,48,9,10,2
10,Ledesma,007,0054 ,1161,306,49,3,4,13,2,67,44,20,5,1
10,Ledesma,007,0054 ,1162,306,3,4,7,10,2,86,41,19,7,0
10,Ledesma,007,0054 ,1163,307,23,1,16,29,1,75,57,9,10,1
10,Ledesma,007,0054 ,1164,304,32,1,9,11,1,79,56,14,10,1
10,Ledesma,007,0054 ,1165,305,28,3,12,7,2,82,63,16,12,0
10,Ledesma,007,0054 ,1166,304,4,1,8,10,4,72,61,24,6,3
10,Ledesma,007,0054 ,1167,304,54,6,4,10,3,72,43,18,7,2
10,Ledesma,007,0057 ,1168,148,1,2,0,2,0,74,7,3,0,1
10,Ledesma,007,0060 ,1169,55,1,0,2,0,0,20,5,1,0,0
10,Ledesma,007,0061 ,1170,255,12,1,2,5,1,87,14,0,2,0
10,Ledesma,007,0064 ,1171,309,33,0,6,3,1,159,32,3,3,2
10,Ledesma,007,0064 ,1172,309,12,0,8,8,0,161,34,3,5,0
10,Ledesma,007,0064 ,1173,308,14,2,4,10,1,178,9,0,29,3
10,Ledesma,007,0064 ,1174,306,0,18,3,5,3,168,25,1,3,0
10,Ledesma,007,0064 ,1175,310,0,0,2,3,1,143,44,6,0,0
10,Ledesma,007,0064 ,1176,311,0,1,0,0,0,147,30,4,7,2
10,Ledesma,007,0064 ,1177,311,0,0,4,12,1,156,25,1,3,2
10,Ledesma,007,0064 ,1178,310,1,1,7,2,0,157,26,5,7,1
10,Ledesma,007,0064 ,1179,308,2,1,8,6,0,157,40,3,11,0
10,Ledesma,007,0064 ,1180,312,1,2,1,4,0,173,31,3,8,1
10,Ledesma,007,0064 ,1181,309,3,2,0,0,0,149,27,2,5,0
10,Ledesma,007,0064 ,1182,310,0,0,3,9,2,137,40,4,5,3
10,Ledesma,007,0064 ,1183,308,0,0,6,1,2,162,30,5,3,1
10,Ledesma,007,0064 ,1184,308,3,3,0,0,1,161,35,5,7,3
10,Ledesma,007,0066 ,1185,317,64,1,9,4,1,141,16,3,3,10
10,Ledesma,007,0066 ,1186,317,32,0,6,4,1,135,24,11,3,21
10,Ledesma,007,0066 ,1187,317,34,0,8,2,0,139,30,2,1,8
10,Ledesma,007,0066 ,1188,317,53,1,1,7,0,128,28,3,3,14
10,Ledesma,007,0066 ,1189,317,42,2,9,6,0,141,25,8,1,11
10,Ledesma,007,0066 ,1190,317,36,3,14,4,0,33,17,2,1,8
10,Ledesma,007,0066 ,1191,317,42,0,9,4,0,106,40,11,4,11
10,Ledesma,007,0066 ,1192,317,33,0,17,5,0,144,14,4,1,16
10,Ledesma,007,0066 ,1193,317,48,0,9,6,0,142,28,3,3,13
10,Ledesma,007,0066 ,1194,316,52,5,12,8,1,107,28,3,5,5
10,Ledesma,007,0066 ,1195,316,42,3,15,5,0,143,14,4,1,6
10,Ledesma,007,0066 ,1196,316,0,0,0,0,0,177,19,0,0,7
10,Ledesma,007,0066 ,1197,317,42,1,5,4,0,142,21,4,3,17
10,Ledesma,007,0066 ,1198,317,0,1,0,0,0,155,0,0,3,3
10,Ledesma,007,0066 ,1199,316,36,1,10,4,2,136,19,0,3,12
10,Ledesma,007,0066 ,1200,316,0,0,7,13,1,145,15,3,0,8
10,Ledesma,007,0066 ,1201,316,0,0,13,15,0,125,30,7,4,18
10,Ledesma,007,0066 ,1202,318,0,0,7,6,0,123,22,4,3,14
10,Ledesma,007,0066 ,1203,317,1,1,9,4,0,136,17,7,3,9
10,Ledesma,007,0066 ,1204,317,3,0,8,8,1,123,31,4,1,13
10,Ledesma,007,0066 ,1205,318,3,3,13,11,2,119,22,7,1,13
10,Ledesma,007,0066 ,1206,317,2,1,12,0,0,91,25,11,0,15
10,Ledesma,007,0066 ,1207,315,3,1,10,4,0,127,19,2,4,11
10,Ledesma,007,0066 ,1208,316,3,0,0,0,0,123,36,0,1,3
10,Ledesma,007,0066 ,1209,317,0,0,8,7,1,127,27,8,6,10
10,Ledesma,007,0066 ,1210,316,0,0,9,0,0,117,31,5,1,10
10,Ledesma,007,0066 ,1211,315,44,0,11,8,0,118,23,2,5,10
10,Ledesma,007,0067 ,1212,264,24,5,4,5,2,86,19,2,0,28
10,Ledesma,007,0067 ,1213,266,28,1,3,4,0,74,27,2,1,44
10,Ledesma,007,0067 ,1214,264,40,0,3,3,0,78,20,4,1,35
10,Ledesma,007,0069 ,1215,310,20,1,6,3,0,145,34,2,2,3
10,Ledesma,007,0069 ,1216,310,21,5,3,4,2,153,43,2,3,3
10,Ledesma,007,0069 ,1217,312,28,0,11,1,0,127,36,2,1,3
10,Ledesma,007,0069 ,1218,311,23,0,6,2,0,162,42,0,0,3
10,Ledesma,007,0069 ,1219,310,1,4,4,9,0,150,28,4,3,5
10,Ledesma,007,0069 ,1220,310,16,13,7,0,0,166,27,0,0,0
10,Ledesma,007,0069 ,1221,314,2,1,2,5,0,153,24,3,2,5
10,Ledesma,007,0069 ,1222,312,3,1,5,5,0,158,35,2,1,1
10,Ledesma,007,0069 ,1223,310,31,0,5,5,0,126,36,2,3,2
10,Ledesma,007,0069 ,1224,311,25,0,3,12,0,130,43,5,2,4
10,Ledesma,007,0069 ,1225,311,2,0,5,4,0,128,43,10,2,5
10,Ledesma,007,0069 ,1226,310,26,1,6,6,0,119,42,4,3,4
10,Ledesma,007,0069 ,1227,312,3,0,0,0,0,151,1,3,0,4
10,Ledesma,007,0069 ,1228,310,27,1,0,5,0,151,40,3,1,0
10,Ledesma,007,0069 ,1229,311,34,0,3,6,1,122,51,5,2,7
10,Ledesma,007,0069 ,1230,311,19,2,1,6,1,140,39,5,0,0
10,Ledesma,007,0070 ,1231,302,27,1,4,1,3,146,25,1,2,25
10,Ledesma,007,0070 ,1232,305,18,3,0,4,0,147,32,2,1,21
10,Ledesma,007,0070 ,1233,303,0,0,6,4,1,145,25,2,1,21
10,Ledesma,007,0070 ,1234,301,4,1,6,0,1,155,23,1,3,14
10,Ledesma,007,0070 ,1235,299,0,0,3,5,1,139,23,3,4,25
10,Ledesma,007,0070 ,1236,301,24,3,5,4,1,142,32,3,3,14
10,Ledesma,007,0070 ,1237,301,8,2,2,0,0,151,37,1,3,20
10,Ledesma,007,0070 ,1238,301,0,0,13,3,0,141,30,5,4,14
10,Ledesma,007,0070 ,1239,302,29,5,4,8,4,130,33,2,3,18
10,Ledesma,007,0070 ,1240,299,2,2,5,2,1,138,36,0,4,28
10,Ledesma,007,0070 ,1241,302,3,2,4,3,2,168,22,0,2,22
10,Ledesma,007,0070 ,1242,298,0,0,5,2,0,142,23,0,4,20
10,Valle Grande,008,0071A,1243,260,0,0,0,0,0,0,0,0,0,0
10,Valle Grande,008,0071B,1244,274,0,0,0,0,0,0,0,0,0,0
10,Valle Grande,008,0071B,1245,274,0,0,0,0,0,0,0,0,0,0
10,Valle Grande,008,0072 ,1246,70,0,0,0,0,0,0,0,0,0,0
10,Valle Grande,008,0073A,1247,317,0,0,0,0,0,0,0,0,0,0
10,Valle Grande,008,0073A,1248,317,0,0,0,0,0,0,0,0,0,0
10,Valle Grande,008,0073B,1249,30,0,0,0,0,0,0,0,0,0,0
10,Valle Grande,008,0074A,1250,171,0,0,0,0,0,0,0,0,0,0
10,Valle Grande,008,0074A,1251,173,0,0,0,0,0,0,0,0,0,0
10,Valle Grande,008,0074B,1252,188,0,0,0,0,0,0,0,0,0,0
10,Valle Grande,008,0075 ,1253,283,0,0,0,0,0,0,0,0,0,0
10,Tumbaya,009,0076 ,1254,228,16,0,7,2,1,114,35,8,2,4
10,Tumbaya,009,0076 ,1255,231,6,1,5,3,1,119,41,5,0,2
10,Tumbaya,009,0076 ,1256,229,5,2,3,5,1,126,32,1,0,4
10,Tumbaya,009,0077 ,1257,115,0,0,0,0,0,0,0,0,0,0
10,Tumbaya,009,0078 ,1258,306,17,3,15,5,0,113,59,6,8,4
10,Tumbaya,009,0078 ,1259,306,26,0,31,0,0,125,47,7,0,6
10,Tumbaya,009,0078 ,1260,303,9,0,19,2,3,171,31,8,5,7
10,Tumbaya,009,0078 ,1261,304,22,5,24,7,2,129,35,3,3,12
10,Tumbaya,009,0078 ,1262,303,0,2,31,4,1,141,33,4,7,7
10,Tumbaya,009,0079 ,1263,243,31,0,0,7,3,90,49,6,3,6
10,Tumbaya,009,0079 ,1264,243,34,0,6,3,1,91,36,13,2,7
10,Tumbaya,009,0079 ,1265,244,27,1,10,4,0,86,46,4,7,3
10,Tumbaya,009,0079 ,1266,244,27,0,8,5,4,98,35,7,6,4
10,Tumbaya,009,0080 ,1267,121,0,0,2,0,1,42,18,2,3,6
10,Tumbaya,009,0081 ,1268,230,1,2,2,1,1,68,51,0,0,2
10,Tumbaya,009,0082 ,1269,205,0,0,1,1,0,84,39,0,3,5
10,Tumbaya,009,0082 ,1270,206,0,0,0,0,1,82,53,1,1,2
10,Tilcara,010,0083 ,1271,309,34,1,9,5,5,125,76,2,4,5
10,Tilcara,010,0083 ,1272,310,0,0,20,8,5,104,57,7,12,1
10,Tilcara,010,0083 ,1273,312,26,3,16,7,4,124,63,0,6,4
10,Tilcara,010,0083 ,1274,309,21,2,10,4,5,151,37,6,6,1
10,Tilcara,010,0083 ,1275,308,1,1,14,7,4,126,61,5,3,3
10,Tilcara,010,0083 ,1276,309,20,3,16,10,2,118,46,5,12,4
10,Tilcara,010,0083 ,1277,307,40,2,7,3,0,123,58,7,7,7
10,Tilcara,010,0083 ,1278,307,34,3,12,6,6,120,42,4,9,11
10,Tilcara,010,0083 ,1279,312,0,0,13,6,10,117,52,7,7,4
10,Tilcara,010,0083 ,1280,308,30,0,10,7,0,108,49,7,6,5
10,Tilcara,010,0083 ,1281,307,31,1,15,5,3,126,49,8,8,7
10,Tilcara,010,0083 ,1282,308,0,0,9,4,2,146,59,7,4,2
10,Tilcara,010,0083 ,1283,307,60,4,0,0,0,121,46,0,10,2
10,Tilcara,010,0083 ,1284,309,0,0,8,10,7,112,52,6,2,4
10,Tilcara,010,0084A,1285,104,0,0,0,0,0,0,0,0,0,0
10,Tilcara,010,0084B,1286,107,0,0,0,0,0,0,0,0,0,0
10,Tilcara,010,0085 ,1287,103,0,0,0,0,0,0,0,0,0,0
10,Tilcara,010,0086 ,1288,221,8,0,6,1,1,109,41,4,2,1
10,Tilcara,010,0087 ,1289,282,29,6,4,1,6,129,28,5,5,6
10,Tilcara,010,0087 ,1290,282,21,0,3,4,2,142,31,4,5,5
10,Tilcara,010,0087 ,1291,282,0,0,5,0,4,118,41,10,8,8
10,Tilcara,010,0087 ,1292,283,19,2,8,1,5,112,31,8,5,7
10,Tilcara,010,0087 ,1293,281,0,0,7,5,2,115,38,6,11,6
10,Tilcara,010,0087 ,1294,283,18,0,6,3,2,129,39,5,5,4
10,Tilcara,010,0087 ,1295,282,1,7,9,3,2,103,37,5,6,7
10,Tilcara,010,0087 ,1296,280,21,2,6,5,3,120,44,7,5,7
10,Tilcara,010,0088A,1297,269,2,3,4,2,1,95,45,3,3,4
10,Tilcara,010,0088A,1298,268,30,5,0,6,4,99,29,1,1,9
10,Tilcara,010,0088A,1299,267,0,0,2,2,13,84,29,1,4,4
10,Tilcara,010,0088A,1300,270,40,0,1,5,9,103,23,2,4,16
10,Tilcara,010,0088B,1301,317,0,0,2,1,1,146,45,0,1,1
10,Tilcara,010,0089 ,1302,56,0,0,0,0,0,0,0,0,0,0
10,Humahuaca,011,0090A,1303,309,0,0,9,0,1,104,45,9,2,13
10,Humahuaca,011,0090A,1304,309,36,1,13,14,3,94,38,2,3,2
10,Humahuaca,011,0090A,1305,310,42,3,8,8,2,95,37,10,5,7
10,Humahuaca,011,0090A,1306,308,0,0,0,0,0,0,0,0,0,0
10,Humahuaca,011,0090A,1307,308,46,6,11,0,0,100,35,6,13,5
10,Humahuaca,011,0090A,1308,309,2,10,11,6,0,94,41,7,4,6
10,Humahuaca,011,0090A,1309,310,39,6,7,6,6,100,43,4,7,5
10,Humahuaca,011,0090A,1310,305,0,0,0,0,0,100,38,0,0,2
10,Humahuaca,011,0090A,1311,306,31,1,5,5,1,111,41,7,6,5
10,Humahuaca,011,0090A,1312,307,0,0,14,6,4,90,46,6,8,8
10,Humahuaca,011,0090A,1313,310,1,8,15,0,0,101,53,0,6,5
10,Humahuaca,011,0090A,1314,304,1,0,8,4,1,111,46,2,6,4
10,Humahuaca,011,0090A,1315,308,40,0,10,4,1,111,44,6,6,9
10,Humahuaca,011,0090A,1316,308,0,0,9,5,3,85,36,4,11,1
10,Humahuaca,011,0090A,1317,309,39,1,9,6,4,98,46,6,7,10
10,Humahuaca,011,0090A,1318,306,43,0,9,9,3,89,45,11,9,9
10,Humahuaca,011,0090A,1319,308,39,6,12,3,1,105,38,7,3,8
10,Humahuaca,011,0090A,1320,309,30,0,16,6,4,116,32,3,3,4
10,Humahuaca,011,0090A,1321,309,1,3,12,3,2,101,41,3,4,12
10,Humahuaca,011,0090A,1322,309,37,4,14,6,3,81,52,3,3,4
10,Humahuaca,011,0090A,1323,307,0,0,13,7,1,114,36,10,4,7
10,Humahuaca,011,0090A,1324,307,37,6,11,6,2,92,38,5,5,7
10,Humahuaca,011,0090A,1325,309,26,3,9,8,1,102,39,6,2,13
10,Humahuaca,011,0090B,1326,124,14,1,0,3,1,47,19,2,1,4
10,Humahuaca,011,0090C,1327,33,1,0,0,1,0,15,4,0,0,1
10,Humahuaca,011,0091 ,1328,242,5,0,4,1,0,84,26,7,5,4
10,Humahuaca,011,0092A,1329,219,24,1,2,4,1,85,27,2,3,2
10,Humahuaca,011,0092A,1330,219,21,7,8,2,0,82,32,2,2,7
10,Humahuaca,011,0092A,1331,219,15,2,10,2,1,88,27,3,2,6
10,Humahuaca,011,0092B,1332,57,0,0,3,3,1,23,6,1,0,1
10,Humahuaca,011,0092C,1333,60,0,0,1,4,0,18,10,1,1,1
10,Humahuaca,011,0093 ,1334,170,0,0,2,6,1,57,8,0,2,24
10,Humahuaca,011,0094 ,1335,305,0,0,1,0,0,136,18,1,1,48
10,Humahuaca,011,0094 ,1336,306,8,3,3,2,0,130,16,1,3,38
10,Humahuaca,011,0095 ,1337,249,0,0,0,0,0,0,0,0,0,0
10,Humahuaca,011,0095 ,1338,249,0,0,0,0,0,0,0,0,0,0
10,Humahuaca,011,0096A,1339,230,0,0,0,2,0,101,5,0,1,58
10,Humahuaca,011,0096B,1340,85,0,4,0,1,0,34,7,0,1,3
10,Humahuaca,011,0097 ,1341,285,1,3,17,7,2,73,35,2,9,15
10,Humahuaca,011,0097 ,1342,286,25,2,13,6,0,84,36,2,7,16
10,Humahuaca,011,0097 ,1343,284,1,2,9,0,0,101,47,2,4,7
10,Humahuaca,011,0097 ,1344,285,0,0,14,7,7,82,31,5,2,14
10,Humahuaca,011,0097 ,1345,285,34,1,10,3,3,81,22,2,3,21
10,Humahuaca,011,0097 ,1346,285,0,0,15,8,1,69,32,1,1,21
10,Humahuaca,011,0097 ,1347,285,1,3,20,7,3,105,28,3,4,11
10,Humahuaca,011,0097 ,1348,285,18,4,7,8,0,121,22,1,6,14
10,Humahuaca,011,0098 ,1349,253,0,0,8,2,0,90,13,1,1,5
10,Humahuaca,011,0098 ,1350,253,0,0,4,4,1,91,27,2,0,10
10,Humahuaca,011,0098 ,1351,253,0,0,2,5,0,85,15,0,2,15
10,Cochinoca,012,0099A,1352,316,0,0,18,3,1,140,39,10,2,4
10,Cochinoca,012,0099A,1353,316,22,3,6,5,2,126,51,8,9,8
10,Cochinoca,012,0099A,1354,316,26,6,6,4,0,126,53,6,4,4
10,Cochinoca,012,0099A,1355,314,0,0,10,3,2,116,56,7,5,4
10,Cochinoca,012,0099A,1356,317,25,2,10,7,1,112,53,4,7,1
10,Cochinoca,012,0099A,1357,318,0,0,9,4,2,121,53,6,8,2
10,Cochinoca,012,0099A,1358,315,22,1,11,2,2,126,50,5,5,9
10,Cochinoca,012,0099A,1359,316,28,2,5,6,1,129,55,6,3,4
10,Cochinoca,012,0099A,1360,316,31,1,13,3,2,122,59,4,4,1
10,Cochinoca,012,0099A,1361,315,0,0,5,6,4,107,49,7,0,1
10,Cochinoca,012,0099A,1362,316,1,3,0,4,3,127,59,6,8,1
10,Cochinoca,012,0099A,1363,314,3,5,11,2,4,109,39,9,3,4
10,Cochinoca,012,0099A,1364,315,3,8,5,6,2,109,45,8,2,3
10,Cochinoca,012,0099A,1365,315,16,2,11,7,3,112,56,2,2,5
10,Cochinoca,012,0099A,1366,316,29,2,9,6,1,123,62,4,1,5
10,Cochinoca,012,0099A,1367,313,22,4,11,5,2,130,41,5,7,2
10,Cochinoca,012,0099A,1368,316,0,1,6,1,6,119,58,5,9,6
10,Cochinoca,012,0099B,1369,53,0,0,0,1,0,24,6,0,0,1
10,Cochinoca,012,0100A,1370,284,14,1,4,2,1,132,53,1,0,25
10,Cochinoca,012,0100A,1371,284,16,2,4,1,0,122,37,4,3,20
10,Cochinoca,012,0100B,1372,38,0,0,0,0,0,0,0,0,0,0
10,Cochinoca,012,0101 ,1373,191,2,3,0,3,0,73,37,0,2,1
10,Cochinoca,012,0102A,1374,255,0,0,6,4,0,113,24,2,1,2
10,Cochinoca,012,0102B,1375,132,0,0,1,0,1,58,30,3,0,3
10,Cochinoca,012,0103 ,1376,99,0,1,0,0,0,36,18,0,0,1
10,Cochinoca,012,0104 ,1377,207,0,0,5,2,0,76,34,0,2,3
10,Cochinoca,012,0105 ,1378,300,1,3,5,4,10,122,54,2,0,15
10,Cochinoca,012,0106A,1379,298,2,1,2,1,2,153,38,4,3,19
10,Cochinoca,012,0106B,1380,163,1,1,2,2,0,77,37,5,2,3
10,Cochinoca,012,0106B,1381,161,0,0,2,0,1,99,26,3,1,10
10,Cochinoca,012,0107 ,1382,222,6,2,0,0,0,91,0,0,42,6
10,Cochinoca,012,0107 ,1383,221,7,0,0,3,3,73,65,1,3,3
10,Rinconada,013,0108 ,1384,216,0,2,15,0,0,102,10,2,0,3
10,Rinconada,013,0108 ,1385,215,0,0,7,1,1,102,10,2,2,1
10,Rinconada,013,0108 ,1386,214,1,0,20,1,0,0,8,0,0,6
10,Rinconada,013,0109 ,1387,209,1,0,5,3,0,71,18,8,2,12
10,Rinconada,013,0109 ,1388,208,0,0,9,4,1,82,10,2,0,8
10,Rinconada,013,0110 ,1389,149,10,0,5,1,1,50,5,1,0,17
10,Rinconada,013,0111A,1390,158,0,0,7,0,2,70,12,1,5,2
10,Rinconada,013,0111B,1391,73,1,1,0,0,1,20,12,1,1,1
10,Santa Catalina,014,0112A,1392,316,17,2,0,0,0,109,17,0,2,49
10,Santa Catalina,014,0112A,1393,317,1,7,0,2,0,117,16,3,0,32
10,Santa Catalina,014,0112B,1394,112,0,0,0,0,0,52,3,0,0,15
10,Santa Catalina,014,0113 ,1395,51,0,3,0,0,1,14,8,0,0,5
10,Santa Catalina,014,0114 ,1396,163,0,0,0,0,0,73,0,0,0,4
10,Santa Catalina,014,0114 ,1397,163,0,6,2,0,0,64,21,0,0,6
10,Santa Catalina,014,0114 ,1398,190,0,5,5,0,0,91,6,2,0,2
10,Santa Catalina,014,0115A,1399,223,13,0,0,0,0,76,3,0,1,62
10,Santa Catalina,014,0115B,1400,86,0,0,0,0,0,0,0,0,0,0
10,Santa Catalina,014,0116A,1401,97,0,0,0,0,0,44,6,0,0,14
10,Santa Catalina,014,0116B,1402,291,0,0,0,0,0,0,0,0,0,0
10,Santa Catalina,014,0116C,1403,185,0,0,0,0,0,0,0,0,0,0
10,Santa Catalina,014,0116C,1404,183,0,0,0,0,0,0,0,0,0,0
10,Santa Catalina,014,0117 ,1405,96,0,0,0,2,0,30,21,0,0,1
10,Yavi,015,0118 ,1406,317,35,5,3,3,0,108,22,4,5,11
10,Yavi,015,0118 ,1407,316,0,0,0,0,0,92,36,0,0,16
10,Yavi,015,0118 ,1408,316,0,0,5,2,0,97,26,10,7,11
10,Yavi,015,0118 ,1409,318,6,6,2,4,2,104,22,5,2,24
10,Yavi,015,0118 ,1410,316,24,1,17,6,2,101,32,5,5,13
10,Yavi,015,0118 ,1411,316,31,3,4,5,3,105,35,4,6,16
10,Yavi,015,0118 ,1412,317,25,2,4,0,1,137,29,3,3,14
10,Yavi,015,0118 ,1413,316,0,0,11,3,4,92,39,4,4,19
10,Yavi,015,0118 ,1414,316,26,4,2,9,2,108,18,5,2,21
10,Yavi,015,0118 ,1415,316,4,7,5,4,1,121,37,5,5,12
10,Yavi,015,0118 ,1416,316,2,9,6,4,4,116,42,1,6,13
10,Yavi,015,0118 ,1417,317,2,8,0,5,0,108,43,4,8,15
10,Yavi,015,0118 ,1418,319,29,6,9,4,1,100,35,3,5,28
10,Yavi,015,0118 ,1419,315,4,4,3,10,2,113,26,3,9,28
10,Yavi,015,0118 ,1420,318,0,0,11,3,4,100,25,5,6,23
10,Yavi,015,0118 ,1421,317,0,6,9,4,2,114,32,1,5,24
10,Yavi,015,0118 ,1422,317,1,2,8,6,0,105,39,3,5,8
10,Yavi,015,0118 ,1423,316,24,2,9,5,3,131,28,2,5,16
10,Yavi,015,0118 ,1424,318,4,3,0,0,0,110,47,0,8,22
10,Yavi,015,0118 ,1425,315,13,2,7,6,5,127,32,2,7,19
10,Yavi,015,0118 ,1426,318,32,3,5,9,2,111,25,3,6,20
10,Yavi,015,0118 ,1427,318,23,1,4,1,1,95,29,6,11,20
10,Yavi,015,0118 ,1428,316,2,2,8,2,2,115,43,10,4,8
10,Yavi,015,0118 ,1429,317,27,5,5,2,4,78,40,5,9,14
10,Yavi,015,0118 ,1430,316,4,7,7,0,5,123,26,1,2,16
10,Yavi,015,0118 ,1431,317,1,5,3,5,4,114,24,5,7,18
10,Yavi,015,0118 ,1432,317,20,5,11,0,0,96,36,2,7,9
10,Yavi,015,0118 ,1433,317,19,4,7,2,4,108,28,0,7,13
10,Yavi,015,0118 ,1434,316,2,4,3,4,1,91,39,9,6,15
10,Yavi,015,0118 ,1435,316,0,0,3,5,2,105,28,3,4,26
10,Yavi,015,0118 ,1436,316,19,3,11,4,3,101,31,5,4,21
10,Yavi,015,0118 ,1437,319,4,0,5,5,1,98,29,5,5,18
10,Yavi,015,0118 ,1438,315,17,0,9,3,3,94,41,5,4,10
10,Yavi,015,0118 ,1439,315,31,8,1,2,2,107,57,5,4,14
10,Yavi,015,0118 ,1440,318,36,5,5,6,4,107,18,5,5,12
10,Yavi,015,0119 ,1441,241,6,2,0,0,1,101,21,0,2,19
10,Yavi,015,0119 ,1442,242,0,0,0,4,0,117,13,2,2,26
10,Yavi,015,0119 ,1443,242,2,3,0,4,0,122,8,0,0,16
10,Yavi,015,0119 ,1444,242,2,2,0,6,0,106,17,0,1,18
10,Yavi,015,0120 ,1445,279,33,2,3,5,1,147,18,5,1,2
10,Yavi,015,0120 ,1446,279,43,1,1,9,0,149,19,3,2,3
10,Yavi,015,0120 ,1447,279,47,0,3,7,4,109,26,5,3,2
10,Yavi,015,0121 ,1448,62,0,0,0,1,0,21,4,0,0,2
10,Yavi,015,0122 ,1449,211,0,0,1,5,1,115,12,0,0,27
10,Yavi,015,0122 ,1450,210,12,4,3,2,0,90,7,5,1,42
10,Yavi,015,0123 ,1451,286,1,4,1,4,0,114,23,1,2,4
10,Yavi,015,0123 ,1452,287,0,0,0,2,2,127,30,5,3,1
10,Yavi,015,0124 ,1453,204,0,2,0,3,1,107,6,1,3,16
10,Yavi,015,0124 ,1454,204,0,3,0,9,2,68,11,3,1,28
10,Susques,016,0125A,1455,244,0,0,2,2,0,122,25,3,0,0
10,Susques,016,0125B,1456,137,0,0,0,0,0,90,19,2,0,0
10,Susques,016,0126A,1457,225,0,0,1,1,2,79,45,2,1,11
10,Susques,016,0126A,1458,222,5,4,1,2,1,97,25,0,1,8
10,Susques,016,0126B,1459,280,27,3,2,13,0,123,71,9,5,4
10,Susques,016,0126B,1460,280,3,0,2,2,0,95,65,11,2,10
10,Susques,016,0126B,1461,279,1,2,2,0,1,73,45,0,0,0
10,Susques,016,0126C,1462,155,0,0,0,0,0,0,44,0,0,0
10,Susques,016,0127A,1463,242,1,0,1,9,0,107,24,0,3,0
10,Susques,016,0127B,1464,118,0,0,21,6,1,120,55,12,5,1
