codprov,depto,coddepto,circuito,mesa,electores,blancos,nulos,0038,0210,0503,0545,0546,0558
10,General Belgrano,001,0001 ,0001,325,3,1,0,3,37,100,46,14
10,General Belgrano,001,0001 ,0002,325,32,5,2,1,50,98,45,24
10,General Belgrano,001,0001 ,0003,325,0,0,2,0,54,88,43,19
10,General Belgrano,001,0001 ,0004,325,39,3,0,1,54,90,0,24
10,General Belgrano,001,0001 ,0005,325,39,0,5,1,54,85,29,27
10,General Belgrano,001,0001 ,0006,325,35,7,1,2,57,90,43,20
10,General Belgrano,001,0001 ,0007,325,47,5,2,2,49,98,56,10
10,General Belgrano,001,0001 ,0008,325,26,5,1,1,52,96,51,15
10,General Belgrano,001,0001 ,0009,324,34,6,6,1,43,100,5,10
10,General Belgrano,001,0001 ,0010,324,1,8,1,2,52,85,40,29
10,General Belgrano,001,0001 ,0011,324,30,3,3,1,37,119,43,18
10,General Belgrano,001,0001 ,0012,324,34,0,2,1,49,91,51,17
10,General Belgrano,001,0001 ,0013,324,37,7,0,0,51,89,45,18
10,General Belgrano,001,0001 ,0014,324,39,0,0,1,51,99,43,16
10,General Belgrano,001,0001 ,0015,324,39,3,1,4,51,94,32,13
10,General Belgrano,001,0001 ,0016,324,27,7,3,2,37,99,47,15
10,General Belgrano,001,0001 ,0017,324,44,3,1,2,44,95,37,20
10,General Belgrano,001,0001 ,0018,324,34,1,1,0,57,98,40,17
10,General Belgrano,001,0001 ,0019,324,38,4,2,1,51,92,48,16
10,General Belgrano,001,0001 ,0020,324,50,6,2,1,44,89,40,16
10,General Belgrano,001,0001 ,0021,324,31,6,2,1,44,85,44,20
10,General Belgrano,001,0001 ,0022,324,31,2,1,2,57,102,33,14
10,General Belgrano,001,0002 ,0023,307,19,3,2,0,31,152,23,8
10,General Belgrano,001,0002 ,0024,306,19,1,2,3,27,153,23,16
10,General Belgrano,001,0002 ,0025,307,12,1,1,2,23,147,24,15
10,General Belgrano,001,0002 ,0026,307,20,1,1,1,17,157,27,10
10,General Belgrano,001,0002 ,0027,307,10,3,0,0,28,143,27,10
10,General Belgrano,001,0002 ,0028,307,22,1,3,0,17,158,18,10
10,General Belgrano,001,0002 ,0029,307,19,1,0,1,25,144,27,14
10,General Belgrano,001,0003 ,0030,324,1,3,1,2,20,160,20,7
10,General Belgrano,001,0003 ,0031,324,2,3,1,3,25,160,14,12
10,General Belgrano,001,0003 ,0032,324,14,3,0,0,20,155,27,13
10,General Belgrano,001,0003 ,0033,324,12,2,1,1,32,162,19,8
10,General Belgrano,001,0003 ,0034,324,15,1,1,0,22,141,34,14
10,General Belgrano,001,0003 ,0035,323,22,5,0,2,28,155,19,8
10,General Belgrano,001,0003 ,0036,323,21,2,0,1,21,146,18,13
10,General Belgrano,001,0003 ,0037,323,19,0,3,3,22,160,15,9
10,General Belgrano,001,0004 ,0038,316,37,2,3,1,73,76,35,18
10,General Belgrano,001,0004 ,0039,316,34,0,0,2,58,112,48,5
10,General Belgrano,001,0004 ,0040,316,31,2,4,2,59,93,35,14
10,General Belgrano,001,0004 ,0041,315,34,10,3,0,42,92,44,15
10,General Belgrano,001,0004 ,0042,315,26,4,1,1,81,99,25,7
10,General Belgrano,001,0004 ,0043,315,35,3,1,0,72,97,37,6
10,General Belgrano,001,0004 ,0044,315,39,4,2,1,42,114,41,9
10,General Belgrano,001,0004 ,0045,315,37,9,3,2,52,103,38,9
10,General Belgrano,001,0004 ,0046,315,1,3,3,0,55,94,48,13
10,General Belgrano,001,0004 ,0047,315,29,3,0,1,65,97,40,12
10,General Belgrano,001,0004 ,0048,315,27,5,5,0,69,86,58,11
10,General Belgrano,001,0004 ,0049,315,23,9,0,0,69,77,43,15
10,General Belgrano,001,0004 ,0050,315,46,4,1,1,52,95,41,16
10,General Belgrano,001,0004 ,0051,315,40,0,4,1,61,82,44,15
10,General Belgrano,001,0004 ,0052,315,22,0,3,1,68,106,35,16
10,General Belgrano,001,0004 ,0053,315,34,6,2,2,60,83,50,10
10,General Belgrano,001,0004 ,0054,315,39,2,2,1,50,99,38,9
10,General Belgrano,001,0004 ,0055,315,23,8,1,1,41,126,40,13
10,General Belgrano,001,0004 ,0056,315,24,17,1,3,38,108,30,11
10,General Belgrano,001,0004 ,0057,315,27,4,2,0,48,102,38,16
10,General Belgrano,001,0005 ,0058,314,28,3,1,1,36,132,33,19
10,General Belgrano,001,0005 ,0059,314,31,8,3,0,27,165,22,9
10,General Belgrano,001,0005 ,0060,314,26,0,2,2,40,142,23,12
10,General Belgrano,001,0005 ,0061,314,24,1,0,3,40,139,30,14
10,General Belgrano,001,0005 ,0062,314,29,8,1,0,43,110,41,16
10,General Belgrano,001,0005 ,0063,314,0,0,0,0,0,0,0,0
10,General Belgrano,001,0005 ,0064,314,27,2,1,1,28,145,25,4
10,General Belgrano,001,0005 ,0065,314,24,2,3,2,34,133,26,16
10,General Belgrano,001,0005 ,0066,314,23,3,1,0,37,141,17,14
10,General Belgrano,001,0005 ,0067,314,21,5,2,0,46,109,40,14
10,General Belgrano,001,0005 ,0068,314,19,5,2,0,33,143,23,10
10,General Belgrano,001,0005 ,0069,314,13,4,0,0,33,141,30,10
10,General Belgrano,001,0005 ,0070,314,15,6,3,4,41,126,31,9
10,General Belgrano,001,0005 ,0071,314,25,3,0,1,36,147,14,11
10,General Belgrano,001,0005 ,0072,313,19,3,1,1,35,134,37,10
10,General Belgrano,001,0005 ,0073,313,22,3,2,0,42,123,38,15
10,General Belgrano,001,0006 ,0074,327,14,1,3,1,39,161,32,7
10,General Belgrano,001,0006 ,0075,327,25,2,2,1,40,137,34,19
10,General Belgrano,001,0006 ,0076,327,22,2,3,3,28,155,35,11
10,General Belgrano,001,0006 ,0077,327,20,3,4,0,38,156,17,9
10,General Belgrano,001,0006 ,0078,327,22,2,1,0,33,131,33,14
10,General Belgrano,001,0006 ,0079,326,22,2,1,5,48,143,37,9
10,General Belgrano,001,0006 ,0080,326,20,4,1,0,38,137,24,13
10,General Belgrano,001,0006 ,0081,325,22,3,3,3,29,133,32,22
10,General Belgrano,001,0006 ,0082,326,15,2,1,2,38,173,24,9
10,General Belgrano,001,0006 ,0083,326,14,3,3,1,32,159,30,9
10,General Belgrano,001,0006 ,0084,326,32,1,1,0,37,149,23,9
10,General Belgrano,001,0006 ,0085,326,25,5,1,1,25,159,26,7
10,General Belgrano,001,0006 ,0086,326,20,3,1,1,30,143,23,20
10,General Belgrano,001,0006 ,0087,326,22,0,2,0,47,156,20,13
10,General Belgrano,001,0006 ,0088,326,12,1,2,3,27,154,29,14
10,General Belgrano,001,0006 ,0089,326,24,2,0,2,33,155,25,13
10,General Belgrano,001,0006 ,0090,326,0,0,0,0,0,0,0,0
10,General Belgrano,001,0006 ,0091,326,22,4,2,1,37,147,35,16
10,General Belgrano,001,0006 ,0092,327,27,0,0,3,34,135,46,10
10,General Belgrano,001,0006 ,0093,326,20,1,4,0,44,147,20,8
10,General Belgrano,001,0006 ,0094,326,23,6,2,4,39,130,31,10
10,General Belgrano,001,0007 ,0095,329,19,3,3,0,60,133,33,13
10,General Belgrano,001,0007 ,0096,329,30,2,2,1,64,98,51,7
10,General Belgrano,001,0007 ,0097,329,26,1,4,4,56,128,35,9
10,General Belgrano,001,0007 ,0098,329,29,3,2,2,54,122,37,13
10,General Belgrano,001,0007 ,0099,329,31,7,7,2,50,130,40,15
10,General Belgrano,001,0007 ,0100,329,42,1,2,1,59,114,42,10
10,General Belgrano,001,0007 ,0101,329,22,3,3,1,39,137,48,11
10,General Belgrano,001,0007 ,0102,329,30,9,1,2,46,109,47,22
10,General Belgrano,001,0007 ,0103,329,23,4,0,2,63,123,27,11
10,General Belgrano,001,0007 ,0104,329,36,4,0,0,36,129,43,3
10,General Belgrano,001,0007 ,0105,329,24,1,5,1,52,123,35,9
10,General Belgrano,001,0007 ,0106,329,33,0,2,0,46,135,31,11
10,General Belgrano,001,0007 ,0107,329,34,0,1,2,60,91,43,11
10,General Belgrano,001,0007 ,0108,329,29,0,3,3,51,138,24,11
10,General Belgrano,001,0007 ,0109,330,36,4,4,1,42,125,41,10
10,General Belgrano,001,0007 ,0110,329,37,0,2,3,52,110,31,14
10,General Belgrano,001,0007 ,0111,329,22,3,3,6,59,123,28,23
10,General Belgrano,001,0007 ,0112,329,37,3,1,1,61,114,32,15
10,General Belgrano,001,0007 ,0113,329,32,5,1,1,54,118,49,5
10,General Belgrano,001,0007 ,0114,329,17,10,0,1,45,128,49,10
10,General Belgrano,001,0007 ,0115,329,3,6,0,1,53,115,35,12
10,General Belgrano,001,0007 ,0116,329,1,3,3,7,39,127,41,8
10,General Belgrano,001,0007 ,0117,329,2,1,2,1,53,120,37,12
10,General Belgrano,001,0007 ,0118,329,22,7,1,0,51,133,46,9
10,General Belgrano,001,0007 ,0119,329,4,5,3,0,53,127,0,2
10,General Belgrano,001,0007 ,0120,329,31,3,3,1,46,129,41,12
10,General Belgrano,001,0007 ,0121,329,30,12,2,0,42,122,31,19
10,General Belgrano,001,0007 ,0122,329,34,2,1,1,46,118,38,11
10,General Belgrano,001,0007 ,0123,329,28,0,3,3,48,134,26,6
10,General Belgrano,001,0007 ,0124,329,30,2,6,1,57,115,34,10
10,General Belgrano,001,0007 ,0125,329,45,0,2,6,48,109,38,17
10,General Belgrano,001,0007 ,0126,329,2,6,7,0,44,132,36,9
10,General Belgrano,001,0007 ,0127,329,3,1,1,0,47,123,36,14
10,General Belgrano,001,0007 ,0128,329,0,0,0,0,0,0,0,0
10,General Belgrano,001,0007 ,0129,329,31,1,3,1,61,105,37,16
10,General Belgrano,001,0007 ,0130,329,28,7,2,2,63,97,46,12
10,General Belgrano,001,0007 ,0131,329,29,4,3,2,60,125,27,7
10,General Belgrano,001,0007 ,0132,329,32,1,2,3,50,118,36,9
10,General Belgrano,001,0007 ,0133,329,26,1,0,2,56,122,38,12
10,General Belgrano,001,0007 ,0134,329,26,7,1,2,38,119,42,14
10,General Belgrano,001,0007 ,0135,329,27,6,2,0,74,114,34,11
10,General Belgrano,001,0007 ,0136,329,27,3,3,0,50,123,38,10
10,General Belgrano,001,0007 ,0137,329,32,3,6,3,51,113,36,16
10,General Belgrano,001,0007 ,0138,329,9,4,3,3,34,133,40,12
10,General Belgrano,001,0007 ,0139,329,52,2,4,2,50,92,42,5
10,General Belgrano,001,0007 ,0140,329,28,1,3,0,55,101,58,12
10,General Belgrano,001,0007 ,0141,329,37,4,0,3,63,119,31,12
10,General Belgrano,001,0007 ,0142,329,30,6,5,0,0,0,0,0
10,General Belgrano,001,0007 ,0143,329,27,5,2,2,61,135,28,10
10,General Belgrano,001,0007 ,0144,329,36,3,1,1,51,115,38,16
10,General Belgrano,001,0007 ,0145,329,0,18,2,3,56,124,37,9
10,General Belgrano,001,0007 ,0146,329,25,10,2,0,60,136,27,7
10,General Belgrano,001,0007 ,0147,329,23,9,2,6,48,128,31,19
10,General Belgrano,001,0007 ,0148,329,22,1,2,2,52,131,47,7
10,General Belgrano,001,0007 ,0149,330,25,1,2,0,55,124,35,11
10,General Belgrano,001,0007 ,0150,328,42,0,2,3,39,122,23,11
10,General Belgrano,001,0007 ,0151,328,38,2,0,2,53,92,48,9
10,General Belgrano,001,0007 ,0152,328,1,1,5,4,37,139,38,9
10,General Belgrano,001,0007 ,0153,328,0,5,4,0,64,104,33,19
10,General Belgrano,001,0007 ,0154,328,24,2,1,0,51,136,34,12
10,General Belgrano,001,0007 ,0155,328,16,6,5,4,73,121,29,7
10,General Belgrano,001,0007 ,0156,328,29,0,3,2,47,111,49,22
10,General Belgrano,001,0007 ,0157,328,35,5,8,1,47,102,37,14
10,General Belgrano,001,0007 ,0158,328,43,0,1,0,50,116,29,16
10,General Belgrano,001,0007 ,0159,328,2,2,5,4,64,109,38,9
10,General Belgrano,001,0007 ,0160,328,46,3,6,3,51,118,30,8
10,General Belgrano,001,0007 ,0161,328,28,3,2,0,49,124,34,12
10,General Belgrano,001,0007 ,0162,328,33,0,0,0,50,112,29,9
10,General Belgrano,001,0007 ,0163,328,6,1,0,1,63,119,28,14
10,General Belgrano,001,0007 ,0164,328,0,5,0,4,45,145,26,8
10,General Belgrano,001,0007 ,0165,328,34,5,2,0,47,124,35,8
10,General Belgrano,001,0007 ,0166,328,1,7,4,0,64,118,36,12
10,General Belgrano,001,0007 ,0167,328,26,3,0,1,55,129,37,10
10,General Belgrano,001,0007 ,0168,328,28,3,3,0,52,133,32,6
10,General Belgrano,001,0007 ,0169,328,0,32,1,3,57,124,40,9
10,General Belgrano,001,0007 ,0170,328,27,2,2,2,54,136,32,14
10,General Belgrano,001,0007 ,0171,328,1,3,1,1,70,149,29,12
10,General Belgrano,001,0007 ,0172,328,36,0,2,0,57,118,37,9
10,General Belgrano,001,0007 ,0173,328,1,32,0,2,61,134,31,4
10,General Belgrano,001,0007 ,0174,328,37,3,3,2,59,125,42,10
10,General Belgrano,001,0007 ,0175,328,35,0,4,0,66,105,32,11
10,General Belgrano,001,0007 ,0176,328,36,6,2,0,47,127,28,12
10,General Belgrano,001,0008 ,0177,328,31,3,3,1,41,134,48,3
10,General Belgrano,001,0008 ,0178,328,36,2,1,1,46,118,38,18
10,General Belgrano,001,0008 ,0179,328,95,2,3,2,60,54,35,13
10,General Belgrano,001,0008 ,0180,328,35,2,1,1,32,140,32,16
10,General Belgrano,001,0008 ,0181,328,31,6,3,2,67,98,39,12
10,General Belgrano,001,0008 ,0182,328,34,5,0,0,51,108,46,13
10,General Belgrano,001,0008 ,0183,328,30,6,2,3,52,109,31,23
10,General Belgrano,001,0008 ,0184,328,36,9,3,0,53,102,31,20
10,General Belgrano,001,0008 ,0185,328,27,7,2,1,45,119,40,16
10,General Belgrano,001,0008 ,0186,328,33,5,3,0,36,137,35,22
10,General Belgrano,001,0008 ,0187,328,27,3,5,2,48,128,38,13
10,General Belgrano,001,0008 ,0188,328,36,7,1,2,49,123,40,10
10,General Belgrano,001,0008 ,0189,328,28,3,2,1,52,131,41,7
10,General Belgrano,001,0008 ,0190,328,36,3,1,4,53,122,37,8
10,General Belgrano,001,0008 ,0191,328,38,8,1,6,39,127,38,9
10,General Belgrano,001,0008 ,0192,328,31,5,4,0,61,106,40,17
10,General Belgrano,001,0008 ,0193,328,36,5,0,0,46,102,45,18
10,General Belgrano,001,0008 ,0194,328,24,2,3,0,53,125,36,14
10,General Belgrano,001,0008 ,0195,328,31,3,1,1,52,121,43,13
10,General Belgrano,001,0008 ,0196,328,27,9,2,0,56,122,28,9
10,General Belgrano,001,0008 ,0197,328,30,5,2,1,34,137,32,12
10,General Belgrano,001,0008 ,0198,328,32,5,4,3,48,112,45,14
10,General Belgrano,001,0008 ,0199,328,20,7,3,1,45,133,40,20
10,General Belgrano,001,0008 ,0200,328,12,10,2,0,39,146,37,16
10,General Belgrano,001,0008 ,0201,328,29,7,1,2,27,134,34,14
10,General Belgrano,001,0008 ,0202,328,0,0,0,0,0,0,0,0
10,General Belgrano,001,0008 ,0203,328,37,10,4,3,46,115,30,11
10,General Belgrano,001,0008 ,0204,328,33,3,0,0,43,135,37,13
10,General Belgrano,001,0008 ,0205,328,30,1,1,0,51,115,48,12
10,General Belgrano,001,0008 ,0206,328,21,6,2,2,42,141,38,13
10,General Belgrano,001,0008 ,0207,328,31,4,2,1,55,140,25,13
10,General Belgrano,001,0008 ,0208,327,31,6,1,4,72,99,38,7
10,General Belgrano,001,0008 ,0209,327,30,2,3,1,41,128,32,14
10,General Belgrano,001,0008 ,0210,327,26,3,3,1,45,112,44,21
10,General Belgrano,001,0008 ,0211,327,34,2,4,0,49,115,42,15
10,General Belgrano,001,0008 ,0212,327,30,6,0,1,53,108,37,20
10,General Belgrano,001,0008 ,0213,327,32,2,2,2,46,132,36,13
10,General Belgrano,001,0008 ,0214,327,39,1,1,0,49,130,30,13
10,General Belgrano,001,0008 ,0215,327,25,5,1,3,54,122,37,12
10,General Belgrano,001,0008 ,0216,327,28,5,2,1,47,138,26,5
10,General Belgrano,001,0008 ,0217,327,40,2,4,2,38,125,37,13
10,General Belgrano,001,0008 ,0218,327,36,0,3,0,48,113,37,15
10,General Belgrano,001,0008 ,0219,327,30,3,1,2,50,133,42,9
10,General Belgrano,001,0008 ,0220,327,25,2,4,1,56,113,45,13
10,General Belgrano,001,0008 ,0221,327,35,5,3,1,53,113,38,16
10,General Belgrano,001,0008 ,0222,327,34,2,1,1,58,101,39,17
10,General Belgrano,001,0008 ,0223,327,43,2,2,1,59,101,37,14
10,General Belgrano,001,0008 ,0224,327,5,0,0,4,62,121,30,14
10,General Belgrano,001,0008 ,0225,327,0,0,0,0,0,0,0,0
10,General Belgrano,001,0008 ,0226,327,0,0,0,0,0,0,0,0
10,General Belgrano,001,0008 ,0227,327,30,2,1,1,52,127,30,20
10,General Belgrano,001,0008 ,0228,327,35,6,1,1,44,114,35,16
10,General Belgrano,001,0008 ,0229,327,35,5,3,1,54,118,31,25
10,General Belgrano,001,0008 ,0230,327,28,3,1,2,60,119,36,14
10,General Belgrano,001,0008 ,0231,327,23,0,0,1,58,111,51,8
10,General Belgrano,001,0008 ,0232,327,2,2,3,1,52,129,35,8
10,General Belgrano,001,0008 ,0233,327,25,3,2,0,53,125,38,18
10,General Belgrano,001,0008 ,0234,327,40,4,2,0,48,127,32,10
10,General Belgrano,001,0008 ,0235,327,31,0,2,3,51,119,60,11
10,General Belgrano,001,0008 ,0236,327,39,3,3,1,50,109,32,14
10,General Belgrano,001,0008 ,0237,327,25,3,3,0,39,127,36,10
10,General Belgrano,001,0008 ,0238,327,33,7,4,1,52,126,31,8
10,General Belgrano,001,0008 ,0239,327,38,2,0,3,47,124,33,16
10,General Belgrano,001,0008 ,0240,327,21,6,2,2,41,127,47,16
10,General Belgrano,001,0008 ,0241,327,26,1,1,7,51,120,41,8
10,General Belgrano,001,0008 ,0242,327,26,7,5,3,44,129,34,16
10,General Belgrano,001,0008 ,0243,327,34,4,0,1,31,133,47,9
10,General Belgrano,001,0008 ,0244,327,30,4,2,1,46,133,27,16
10,General Belgrano,001,0008 ,0245,327,48,5,2,2,47,115,33,18
10,General Belgrano,001,0008 ,0246,327,34,2,1,0,51,119,39,18
10,General Belgrano,001,0008 ,0247,327,1,5,1,3,44,121,48,17
10,General Belgrano,001,0008 ,0248,327,40,5,4,2,50,117,37,10
10,General Belgrano,001,0008 ,0249,327,42,0,1,2,46,126,35,10
10,General Belgrano,001,0008 ,0250,327,19,8,2,2,45,142,23,19
10,General Belgrano,001,0008 ,0251,327,38,8,2,2,31,126,40,11
10,General Belgrano,001,0008 ,0252,327,28,11,0,0,60,107,37,11
10,General Belgrano,001,0008 ,0253,327,34,6,1,1,57,116,34,14
10,General Belgrano,001,0008 ,0254,327,37,0,1,1,60,131,24,10
10,General Belgrano,001,0008 ,0255,327,36,2,1,8,43,115,33,11
10,General Belgrano,001,0008 ,0256,327,27,6,2,2,55,124,39,14
10,General Belgrano,001,0008 ,0257,327,28,6,0,0,47,130,33,15
10,General Belgrano,001,0009 ,0258,168,5,2,2,0,17,85,18,3
10,General Belgrano,001,0009 ,0259,168,6,1,0,2,12,86,15,4
10,General Belgrano,001,0010A,0260,329,29,4,1,3,61,124,28,9
10,General Belgrano,001,0010A,0261,329,41,6,0,0,49,117,37,12
10,General Belgrano,001,0010A,0262,329,1,5,1,3,51,111,53,9
10,General Belgrano,001,0010A,0263,329,29,6,1,1,60,112,30,12
10,General Belgrano,001,0010A,0264,329,1,4,1,2,64,118,24,11
10,General Belgrano,001,0010A,0265,329,37,5,2,4,71,119,35,7
10,General Belgrano,001,0010A,0266,329,42,2,1,2,62,111,36,9
10,General Belgrano,001,0010A,0267,329,28,6,0,3,53,130,36,10
10,General Belgrano,001,0010A,0268,329,53,5,1,1,53,119,32,12
10,General Belgrano,001,0010A,0269,329,26,2,0,1,59,140,26,13
10,General Belgrano,001,0010A,0270,329,25,6,1,1,54,123,28,11
10,General Belgrano,001,0010A,0271,329,24,7,0,0,52,121,50,6
10,General Belgrano,001,0010A,0272,330,23,0,1,3,66,120,48,13
10,General Belgrano,001,0010A,0273,329,32,2,3,1,59,98,40,12
10,General Belgrano,001,0010A,0274,329,31,8,1,1,54,113,39,19
10,General Belgrano,001,0010A,0275,329,21,10,1,2,47,133,30,15
10,General Belgrano,001,0010A,0276,329,1,5,3,1,43,126,39,10
10,General Belgrano,001,0010A,0277,329,29,4,5,1,66,127,37,9
10,General Belgrano,001,0010A,0278,329,33,3,0,4,46,137,20,10
10,General Belgrano,001,0010A,0279,329,46,5,0,2,46,109,36,7
10,General Belgrano,001,0010A,0280,329,32,3,2,0,47,123,38,8
10,General Belgrano,001,0010A,0281,329,29,6,4,0,62,120,30,14
10,General Belgrano,001,0010A,0282,329,21,1,1,4,64,124,47,8
10,General Belgrano,001,0010A,0283,329,40,5,1,4,63,104,42,10
10,General Belgrano,001,0010A,0284,329,24,5,4,1,57,102,35,22
10,General Belgrano,001,0010A,0285,329,34,6,1,3,44,134,35,14
10,General Belgrano,001,0010A,0286,329,38,2,3,1,57,114,39,10
10,General Belgrano,001,0010A,0287,329,33,4,3,3,56,108,57,11
10,General Belgrano,001,0010A,0288,329,26,9,1,2,48,120,34,18
10,General Belgrano,001,0010A,0289,329,47,11,1,1,44,124,31,12
10,General Belgrano,001,0010A,0290,329,32,0,5,1,55,119,33,12
10,General Belgrano,001,0010A,0291,329,32,3,2,0,63,122,30,12
10,General Belgrano,001,0010A,0292,329,19,7,2,2,50,132,25,11
10,General Belgrano,001,0010A,0293,329,25,6,0,1,62,123,41,11
10,General Belgrano,001,0010A,0294,329,38,0,0,5,85,92,40,16
10,General Belgrano,001,0010A,0295,329,26,9,3,4,54,114,32,14
10,General Belgrano,001,0010A,0296,329,41,5,3,0,48,131,28,9
10,General Belgrano,001,0010A,0297,329,36,6,4,0,71,113,32,10
10,General Belgrano,001,0010A,0298,329,2,7,0,2,56,115,38,17
10,General Belgrano,001,0010A,0299,329,21,3,6,3,54,124,37,16
10,General Belgrano,001,0010A,0300,329,30,7,0,0,56,117,38,8
10,General Belgrano,001,0010A,0301,329,28,8,2,3,55,116,50,6
10,General Belgrano,001,0010A,0302,329,28,6,1,1,53,123,51,4
10,General Belgrano,001,0010A,0303,329,38,2,1,4,38,135,29,12
10,General Belgrano,001,0010A,0304,329,27,1,0,4,55,124,30,14
10,General Belgrano,001,0010A,0305,329,35,3,0,1,55,117,31,15
10,General Belgrano,001,0010A,0306,329,38,1,0,1,51,132,37,12
10,General Belgrano,001,0010A,0307,329,18,4,1,6,57,144,18,9
10,General Belgrano,001,0010A,0308,329,18,9,1,4,68,122,37,19
10,General Belgrano,001,0010A,0309,329,20,0,2,4,59,125,38,16
10,General Belgrano,001,0010A,0310,329,29,2,2,0,58,122,34,17
10,General Belgrano,001,0010A,0311,328,27,7,0,1,47,139,26,11
10,General Belgrano,001,0010A,0312,329,0,34,7,3,41,116,45,3
10,General Belgrano,001,0010A,0313,329,0,0,0,0,0,0,0,0
10,General Belgrano,001,0010A,0314,329,26,10,2,3,67,107,40,15
10,General Belgrano,001,0010A,0315,329,34,10,2,4,57,102,42,11
10,General Belgrano,001,0010A,0316,329,35,5,2,1,46,100,47,7
10,General Belgrano,001,0010A,0317,329,24,6,1,2,43,136,34,12
10,General Belgrano,001,0010A,0318,329,25,5,3,1,66,121,25,10
10,General Belgrano,001,0010A,0319,329,40,7,1,5,71,106,38,9
10,General Belgrano,001,0010A,0320,329,27,1,0,0,44,133,33,13
10,General Belgrano,001,0010A,0321,329,29,0,1,0,52,119,21,17
10,General Belgrano,001,0010A,0322,329,32,4,1,1,48,118,40,8
10,General Belgrano,001,0010A,0323,329,26,6,3,4,50,123,42,11
10,General Belgrano,001,0010A,0324,329,39,0,0,2,48,129,31,16
10,General Belgrano,001,0010A,0325,329,32,7,3,4,54,110,38,11
10,General Belgrano,001,0010A,0326,329,0,0,0,0,0,0,0,0
10,General Belgrano,001,0010A,0327,329,10,5,0,2,45,121,34,23
10,General Belgrano,001,0010A,0328,329,35,3,0,0,58,116,29,10
10,General Belgrano,001,0010A,0329,330,3,10,3,3,59,110,32,13
10,General Belgrano,001,0010A,0330,329,40,3,1,1,49,122,44,9
10,General Belgrano,001,0010A,0331,329,4,5,0,0,55,127,32,11
10,General Belgrano,001,0010A,0332,329,41,2,0,1,39,103,45,11
10,General Belgrano,001,0010A,0333,329,28,2,1,0,57,141,31,11
10,General Belgrano,001,0010A,0334,329,36,3,1,0,66,111,28,16
10,General Belgrano,001,0010A,0335,329,17,2,1,1,67,120,37,12
10,General Belgrano,001,0010A,0336,329,0,0,0,0,0,0,0,0
10,General Belgrano,001,0010A,0337,329,25,4,2,4,42,136,35,13
10,General Belgrano,001,0010A,0338,329,32,3,2,3,43,134,37,15
10,General Belgrano,001,0010A,0339,329,29,3,0,2,50,127,47,9
10,General Belgrano,001,0010A,0340,329,23,6,1,5,68,120,34,14
10,General Belgrano,001,0010A,0341,329,34,2,1,2,60,112,42,24
10,General Belgrano,001,0010A,0342,329,40,1,4,1,51,117,40,12
10,General Belgrano,001,0010A,0343,329,2,3,3,3,71,106,20,14
10,General Belgrano,001,0010A,0344,330,30,4,2,2,79,117,34,10
10,General Belgrano,001,0010A,0345,329,29,1,2,1,44,128,45,16
10,General Belgrano,001,0010A,0346,329,38,10,1,4,48,121,38,8
10,General Belgrano,001,0010A,0347,329,30,3,5,7,52,114,63,9
10,General Belgrano,001,0010A,0348,329,23,0,0,2,58,124,27,16
10,General Belgrano,001,0010A,0349,329,0,0,0,0,69,119,32,6
10,General Belgrano,001,0010A,0350,329,45,2,4,1,55,90,37,18
10,General Belgrano,001,0010A,0351,329,25,4,0,0,0,0,0,0
10,General Belgrano,001,0010A,0352,329,28,5,0,0,43,136,28,11
10,General Belgrano,001,0010A,0353,329,23,3,4,2,56,124,40,9
10,General Belgrano,001,0010A,0354,329,1,3,1,0,49,123,31,8
10,General Belgrano,001,0010A,0355,329,26,11,1,0,41,128,26,23
10,General Belgrano,001,0010A,0356,329,1,7,0,2,53,124,30,15
10,General Belgrano,001,0010A,0357,329,46,3,2,2,36,135,28,7
10,General Belgrano,001,0010A,0358,329,25,4,1,4,54,137,35,13
10,General Belgrano,001,0010A,0359,329,19,19,0,2,48,117,39,14
10,General Belgrano,001,0010A,0360,329,22,3,2,0,58,125,26,10
10,General Belgrano,001,0010A,0361,329,33,2,2,3,67,118,23,8
10,General Belgrano,001,0010A,0362,329,32,5,1,2,44,128,37,9
10,General Belgrano,001,0010A,0363,329,23,7,1,4,42,139,36,8
10,General Belgrano,001,0010A,0364,329,27,5,3,2,45,131,26,12
10,General Belgrano,001,0010A,0365,329,26,4,1,1,57,125,36,16
10,General Belgrano,001,0010A,0366,329,32,5,1,1,43,124,40,14
10,General Belgrano,001,0010A,0367,329,31,5,0,0,62,118,25,9
10,General Belgrano,001,0010A,0368,329,36,4,2,0,64,118,42,10
10,General Belgrano,001,0010A,0369,329,0,0,0,0,0,0,0,0
10,General Belgrano,001,0010A,0370,329,1,6,38,3,64,121,21,8
10,General Belgrano,001,0010A,0371,329,24,6,2,0,61,117,28,16
10,General Belgrano,001,0010A,0372,329,34,2,2,3,45,107,51,17
10,General Belgrano,001,0010A,0373,329,26,3,1,3,51,134,30,18
10,General Belgrano,001,0010A,0374,329,48,1,4,4,45,113,39,13
10,General Belgrano,001,0010A,0375,329,28,5,8,1,66,131,32,4
10,General Belgrano,001,0010A,0376,329,3,3,5,1,45,109,49,24
10,General Belgrano,001,0010A,0377,329,26,1,4,1,46,128,48,13
10,General Belgrano,001,0010A,0378,329,0,0,0,0,0,0,0,0
10,General Belgrano,001,0010A,0379,329,32,4,5,5,61,117,28,15
10,General Belgrano,001,0010A,0380,329,40,10,3,0,46,118,39,11
10,General Belgrano,001,0010A,0381,329,28,3,4,2,48,121,41,14
10,General Belgrano,001,0010A,0382,329,31,8,4,3,60,107,38,15
10,General Belgrano,001,0010A,0383,329,37,5,5,1,46,118,40,7
10,General Belgrano,001,0010A,0384,329,36,2,0,3,46,124,32,10
10,General Belgrano,001,0010A,0385,329,32,6,2,1,58,115,38,10
10,General Belgrano,001,0010A,0386,329,40,5,3,5,49,122,32,6
10,General Belgrano,001,0010A,0387,329,34,7,0,2,47,141,43,9
10,General Belgrano,001,0010A,0388,329,26,8,1,1,64,108,39,15
10,General Belgrano,001,0010A,0389,329,23,4,0,3,60,136,34,12
10,General Belgrano,001,0010A,0390,329,27,9,1,1,47,122,35,15
10,General Belgrano,001,0010A,0391,329,28,3,1,2,50,138,36,10
10,General Belgrano,001,0010A,0392,329,36,7,3,1,59,118,34,9
10,General Belgrano,001,0010A,0393,329,31,5,1,1,61,122,31,13
10,General Belgrano,001,0010A,0394,329,39,5,1,2,70,105,37,12
10,General Belgrano,001,0010A,0395,328,31,7,0,4,62,107,41,14
10,General Belgrano,001,0010A,0396,328,23,9,1,2,56,100,45,12
10,General Belgrano,001,0010A,0397,328,39,2,2,2,54,108,29,9
10,General Belgrano,001,0010A,0398,328,0,0,0,0,0,0,0,0
10,General Belgrano,001,0010A,0399,328,0,0,0,0,0,0,0,0
10,General Belgrano,001,0010A,0400,328,33,9,5,3,54,109,38,13
10,General Belgrano,001,0010A,0401,328,36,5,0,1,62,117,27,8
10,General Belgrano,001,0010A,0402,328,30,9,3,6,64,94,37,14
10,General Belgrano,001,0010A,0403,328,30,4,2,1,64,125,30,11
10,General Belgrano,001,0010A,0404,328,42,5,2,1,54,116,44,5
10,General Belgrano,001,0010A,0405,328,42,11,0,1,53,115,29,11
10,General Belgrano,001,0010A,0406,328,30,5,0,2,79,116,30,9
10,General Belgrano,001,0010A,0407,328,37,0,2,0,65,112,25,5
10,General Belgrano,001,0010A,0408,328,23,0,5,3,47,137,37,15
10,General Belgrano,001,0010A,0409,328,1,6,4,0,68,109,34,10
10,General Belgrano,001,0010A,0410,328,30,4,1,0,48,129,47,8
10,General Belgrano,001,0010A,0411,328,31,1,3,4,65,113,36,0
10,General Belgrano,001,0010A,0412,328,19,12,1,1,58,120,42,11
10,General Belgrano,001,0010B,0413,329,2,4,1,5,48,123,25,17
10,General Belgrano,001,0010B,0414,330,27,9,0,0,48,106,33,16
10,General Belgrano,001,0010B,0415,329,1,1,0,1,50,107,49,15
10,General Belgrano,001,0010B,0416,329,2,5,2,2,50,122,33,12
10,General Belgrano,001,0010B,0417,329,0,0,0,0,0,0,0,0
10,General Belgrano,001,0010B,0418,329,53,2,1,1,59,129,27,11
10,General Belgrano,001,0010B,0419,330,32,4,1,0,70,102,32,10
10,General Belgrano,001,0010B,0420,330,2,3,1,2,70,156,24,17
10,General Belgrano,001,0010B,0421,329,28,4,4,2,53,127,36,13
10,General Belgrano,001,0010B,0422,329,32,2,3,0,66,122,30,12
10,General Belgrano,001,0010B,0423,329,53,3,2,3,51,103,34,13
10,General Belgrano,001,0010B,0424,329,44,0,3,2,66,89,32,13
10,General Belgrano,001,0010B,0425,330,4,7,0,0,63,91,38,18
10,General Belgrano,001,0010B,0426,329,27,8,1,1,55,120,32,14
10,General Belgrano,001,0010B,0427,329,0,11,5,5,54,85,49,6
10,General Belgrano,001,0010B,0428,329,51,4,2,0,46,100,45,11
10,General Belgrano,001,0010B,0429,329,34,3,1,2,52,113,37,17
10,General Belgrano,001,0010B,0430,329,40,3,2,1,47,127,37,12
10,General Belgrano,001,0010B,0431,329,34,2,2,0,61,115,30,10
10,General Belgrano,001,0010B,0432,329,0,12,2,2,55,93,36,18
10,General Belgrano,001,0010B,0433,329,0,0,4,0,61,114,29,10
10,General Belgrano,001,0010B,0434,329,0,2,2,0,56,127,34,18
10,General Belgrano,001,0010B,0435,329,39,4,1,2,67,98,34,15
10,General Belgrano,001,0010B,0436,329,41,5,2,2,63,93,34,18
10,General Belgrano,001,0010B,0437,329,32,2,1,2,54,105,41,8
10,General Belgrano,001,0010B,0438,329,35,9,1,3,65,100,38,10
10,General Belgrano,001,0010B,0439,329,30,4,1,1,67,108,40,18
10,General Belgrano,001,0010B,0440,329,0,6,1,2,51,118,36,11
10,General Belgrano,001,0010B,0441,329,38,4,2,4,67,110,30,11
10,General Belgrano,001,0010B,0442,329,26,4,1,1,73,99,49,13
10,General Belgrano,001,0010B,0443,329,35,12,2,0,62,104,41,5
10,General Belgrano,001,0010B,0444,329,30,1,1,1,63,100,45,17
10,General Belgrano,001,0010B,0445,329,33,3,0,1,73,119,31,9
10,General Belgrano,001,0010B,0446,329,28,0,2,0,72,94,40,20
10,General Belgrano,001,0010B,0447,329,29,3,4,2,73,105,31,11
10,General Belgrano,001,0010B,0448,329,38,6,2,4,57,100,49,13
10,General Belgrano,001,0010B,0449,329,36,2,2,3,52,116,36,9
10,General Belgrano,001,0010B,0450,329,32,7,3,1,59,113,38,22
10,General Belgrano,001,0010B,0451,329,25,8,5,0,63,117,42,9
10,General Belgrano,001,0010B,0452,329,40,7,4,2,51,100,46,16
10,General Belgrano,001,0010B,0453,329,29,6,2,0,45,130,47,17
10,General Belgrano,001,0010B,0454,329,37,15,3,0,59,102,29,14
10,General Belgrano,001,0010B,0455,329,46,4,1,0,72,100,28,1
10,General Belgrano,001,0010B,0456,329,38,7,0,2,52,105,39,15
10,General Belgrano,001,0010B,0457,329,44,15,4,3,62,97,29,13
10,General Belgrano,001,0010B,0458,329,31,3,1,1,67,119,26,7
10,General Belgrano,001,0010B,0459,329,34,44,0,1,55,102,35,18
10,General Belgrano,001,0010B,0460,329,0,8,3,1,44,92,34,15
10,General Belgrano,001,0010B,0461,329,27,6,0,1,51,118,51,7
10,General Belgrano,001,0010B,0462,329,35,0,7,1,54,96,42,18
10,General Belgrano,001,0010B,0463,330,36,0,4,1,55,104,26,21
10,General Belgrano,001,0010B,0464,329,1,0,0,0,90,99,32,0
10,General Belgrano,001,0010B,0465,329,44,0,4,0,78,112,22,2
10,General Belgrano,001,0010B,0466,329,41,9,3,2,43,115,19,15
10,General Belgrano,001,0010B,0467,329,35,2,1,0,55,107,38,8
10,General Belgrano,001,0010B,0468,329,0,0,2,3,59,107,40,9
10,General Belgrano,001,0010B,0469,329,34,4,3,0,59,103,32,17
10,General Belgrano,001,0010B,0470,329,34,2,3,2,69,103,36,11
10,General Belgrano,001,0010B,0471,329,34,3,5,0,58,98,38,19
10,General Belgrano,001,0010B,0472,329,43,6,4,1,68,100,21,21
10,General Belgrano,001,0010B,0473,329,51,2,2,3,57,95,47,8
10,General Belgrano,001,0010B,0474,329,33,2,3,1,76,91,38,20
10,General Belgrano,001,0010B,0475,329,39,3,5,1,43,107,35,12
10,General Belgrano,001,0010B,0476,329,0,0,0,0,0,0,0,0
10,General Belgrano,001,0010B,0477,329,57,5,3,1,43,103,41,9
10,General Belgrano,001,0010B,0478,329,1,8,0,4,64,124,32,5
10,General Belgrano,001,0010B,0479,329,41,8,4,0,64,98,36,12
10,General Belgrano,001,0010B,0480,329,2,6,2,2,46,108,41,11
10,General Belgrano,001,0010B,0481,329,27,3,0,1,74,96,46,21
10,General Belgrano,001,0010B,0482,329,34,7,1,2,55,102,38,15
10,General Belgrano,001,0010B,0483,329,20,2,1,1,57,119,46,10
10,General Belgrano,001,0010B,0484,329,31,6,4,0,59,93,43,19
10,General Belgrano,001,0010B,0485,329,0,0,0,0,0,0,0,0
10,General Belgrano,001,0010B,0486,329,0,0,0,0,0,0,0,0
10,General Belgrano,001,0010B,0487,329,32,8,1,2,73,123,26,10
10,General Belgrano,001,0010B,0488,329,41,3,0,4,63,108,37,15
10,General Belgrano,001,0010B,0489,329,30,2,1,3,75,105,34,7
10,General Belgrano,001,0010B,0490,329,34,4,1,1,59,103,33,20
10,General Belgrano,001,0010B,0491,329,26,7,3,4,67,102,29,11
10,General Belgrano,001,0010B,0492,329,28,4,0,4,61,105,50,16
10,General Belgrano,001,0010B,0493,329,34,5,2,1,49,117,31,8
10,General Belgrano,001,0010B,0494,329,39,1,2,0,56,102,34,16
10,General Belgrano,001,0010B,0495,329,0,0,0,0,0,0,0,0
10,General Belgrano,001,0010B,0496,329,3,4,2,0,63,125,19,17
10,General Belgrano,001,0010B,0497,329,24,9,0,3,59,130,32,10
10,General Belgrano,001,0010B,0498,329,36,2,4,0,55,111,30,16
10,General Belgrano,001,0010B,0499,329,42,0,3,0,60,111,34,8
10,General Belgrano,001,0010B,0500,329,35,8,1,0,38,133,22,17
10,General Belgrano,001,0010B,0501,329,32,0,5,2,63,110,48,5
10,General Belgrano,001,0010B,0502,329,38,5,1,3,61,102,49,14
10,General Belgrano,001,0010B,0503,329,24,2,0,1,66,116,31,13
10,General Belgrano,001,0010B,0504,329,32,1,3,1,47,132,26,11
10,General Belgrano,001,0010B,0505,329,32,3,1,0,67,93,44,13
10,General Belgrano,001,0010B,0506,329,29,4,1,0,53,111,38,14
10,General Belgrano,001,0010B,0507,330,48,6,2,2,72,85,32,15
10,General Belgrano,001,0010B,0508,329,48,0,0,4,69,102,35,17
10,General Belgrano,001,0010B,0509,329,0,3,0,1,55,112,38,12
10,General Belgrano,001,0010B,0510,329,37,1,2,4,67,113,35,10
10,General Belgrano,001,0010B,0511,329,28,2,6,3,63,120,33,15
10,General Belgrano,001,0010B,0512,329,36,6,1,3,60,0,56,11
10,General Belgrano,001,0010B,0513,329,44,6,2,3,63,112,27,9
10,General Belgrano,001,0010B,0514,329,46,8,1,1,51,108,37,18
10,General Belgrano,001,0010B,0515,329,39,3,3,0,54,118,32,12
10,General Belgrano,001,0010B,0516,329,25,0,0,0,0,0,0,0
10,General Belgrano,001,0010B,0517,329,47,3,2,2,38,113,35,19
10,General Belgrano,001,0010B,0518,329,0,0,0,0,0,0,0,0
10,General Belgrano,001,0010B,0519,329,47,6,1,1,53,91,41,9
10,General Belgrano,001,0010B,0520,329,33,10,1,0,59,117,32,15
10,General Belgrano,001,0010B,0521,329,46,1,2,0,70,113,38,11
10,General Belgrano,001,0010B,0522,329,28,14,0,1,58,111,41,18
10,General Belgrano,001,0010B,0523,328,28,3,1,1,55,110,44,8
10,General Belgrano,001,0010B,0524,329,24,4,0,0,63,110,30,14
10,General Belgrano,001,0010B,0525,329,3,3,1,2,64,99,31,17
10,General Belgrano,001,0010B,0526,329,0,5,2,1,58,108,41,17
10,General Belgrano,001,0010B,0527,329,37,4,5,1,51,105,47,20
10,General Belgrano,001,0010B,0528,329,0,0,0,0,0,0,0,0
10,General Belgrano,001,0010B,0529,329,39,5,2,0,60,98,39,13
10,General Belgrano,001,0010B,0530,329,29,7,0,1,75,109,33,13
10,General Belgrano,001,0010B,0531,328,1,1,0,0,83,89,0,18
10,General Belgrano,001,0010B,0532,328,39,6,7,1,68,90,30,7
10,General Belgrano,001,0010B,0533,328,33,2,1,0,57,109,42,17
10,General Belgrano,001,0010B,0534,328,45,1,3,1,65,88,34,17
10,General Belgrano,001,0010B,0535,328,34,1,2,1,60,107,27,19
10,General Belgrano,001,0010B,0536,328,35,7,0,2,65,97,44,11
10,General Belgrano,001,0010B,0537,328,2,0,2,0,61,90,31,18
10,General Belgrano,001,0010B,0538,328,4,2,2,1,56,102,71,16
10,General Belgrano,001,0010B,0539,328,38,4,3,2,62,101,29,10
10,General Belgrano,001,0010B,0540,328,0,0,0,0,0,0,0,0
10,General Belgrano,001,0010B,0541,328,25,8,3,0,67,101,35,11
10,General Belgrano,001,0010B,0542,328,31,1,1,2,74,95,50,17
10,General Belgrano,001,0010B,0543,328,55,4,3,0,56,94,38,10
10,General Belgrano,001,0010B,0544,328,43,6,4,0,55,108,27,13
10,General Belgrano,001,0010B,0545,328,0,0,0,0,0,0,0,0
10,General Belgrano,001,0011 ,0546,306,26,0,1,1,44,104,50,17
10,General Belgrano,001,0011 ,0547,306,22,7,1,0,51,125,33,13
10,General Belgrano,001,0011 ,0548,306,26,1,2,0,52,95,40,18
10,General Belgrano,001,0011 ,0549,306,29,1,0,2,50,106,45,15
10,General Belgrano,001,0011 ,0550,306,24,1,3,0,39,95,42,27
10,General Belgrano,001,0011 ,0551,306,0,0,0,0,0,0,0,0
10,General Belgrano,001,0011 ,0552,306,16,1,3,1,37,113,52,13
10,General Belgrano,001,0011 ,0553,306,26,6,2,2,34,112,39,20
10,General Belgrano,001,0011 ,0554,305,2,4,1,1,42,100,39,23
10,General Belgrano,001,0011 ,0555,305,28,1,3,0,48,105,31,27
10,General Belgrano,001,0011 ,0556,305,17,6,1,1,53,102,36,15
10,General Belgrano,001,0012 ,0557,235,0,1,1,0,21,88,34,28
10,General Belgrano,001,0012 ,0558,235,0,4,1,3,31,109,31,8
10,General Belgrano,001,0012 ,0559,235,7,6,1,1,32,84,42,22
10,General Belgrano,001,0013 ,0560,215,22,4,1,0,23,63,31,20
10,General Belgrano,001,0014 ,0561,328,32,7,4,3,47,103,43,17
10,General Belgrano,001,0014 ,0562,328,36,5,2,1,57,103,42,16
10,General Belgrano,001,0014 ,0563,328,35,18,2,0,48,108,35,9
10,General Belgrano,001,0014 ,0564,328,38,3,1,1,43,127,24,16
10,General Belgrano,001,0014 ,0565,328,30,4,3,0,57,112,34,14
10,General Belgrano,001,0014 ,0566,328,30,10,0,0,48,118,38,9
10,General Belgrano,001,0014 ,0567,328,31,2,2,0,41,137,41,19
10,General Belgrano,001,0014 ,0568,328,33,13,2,2,72,102,43,12
10,General Belgrano,001,0014 ,0569,328,36,2,2,3,44,122,35,16
10,General Belgrano,001,0014 ,0570,328,37,1,1,1,62,110,32,6
10,General Belgrano,001,0014 ,0571,328,39,8,4,0,47,125,31,11
10,General Belgrano,001,0014 ,0572,328,36,3,3,4,56,120,37,13
10,General Belgrano,001,0014 ,0573,328,32,2,3,1,51,128,33,6
10,General Belgrano,001,0014 ,0574,328,25,1,2,2,44,133,39,12
10,General Belgrano,001,0014 ,0575,328,39,2,1,4,49,124,31,15
10,General Belgrano,001,0014 ,0576,328,20,1,2,2,44,117,56,6
10,General Belgrano,001,0014 ,0577,328,43,9,0,2,49,99,48,18
10,General Belgrano,001,0014 ,0578,328,38,0,2,1,43,114,35,16
10,General Belgrano,001,0014 ,0579,328,2,7,1,0,44,131,33,8
10,General Belgrano,001,0014 ,0580,328,39,8,0,1,51,112,39,8
10,General Belgrano,001,0014 ,0581,328,29,10,1,2,49,127,33,16
10,General Belgrano,001,0014 ,0582,328,44,8,8,1,42,102,50,8
10,General Belgrano,001,0014 ,0583,328,25,0,3,4,46,133,37,12
10,General Belgrano,001,0014 ,0584,328,38,12,0,0,51,0,54,0
10,General Belgrano,001,0014 ,0585,328,36,8,1,1,54,116,32,15
10,General Belgrano,001,0014 ,0586,328,48,0,7,3,40,107,34,15
10,General Belgrano,001,0014 ,0587,328,31,1,3,2,34,124,31,9
10,General Belgrano,001,0014 ,0588,328,35,11,3,4,47,111,33,11
10,General Belgrano,001,0014 ,0589,328,28,11,2,0,53,120,38,9
10,General Belgrano,001,0014 ,0590,327,33,0,1,0,36,116,43,17
10,General Belgrano,001,0014 ,0591,328,46,0,3,0,58,107,37,9
10,General Belgrano,001,0014 ,0592,328,25,5,1,0,53,117,46,17
10,General Belgrano,001,0014 ,0593,328,36,3,0,0,62,102,41,14
10,General Belgrano,001,0014 ,0594,328,29,3,0,0,70,116,37,10
10,General Belgrano,001,0014 ,0595,327,18,9,2,2,44,119,42,9
10,General Belgrano,001,0014 ,0596,327,25,4,4,5,46,122,35,19
10,General Belgrano,001,0014 ,0597,327,21,0,0,2,53,120,33,21
10,General Belgrano,001,0014 ,0598,327,37,5,2,0,48,111,45,17
10,General Belgrano,001,0014 ,0599,327,30,1,0,1,51,129,35,14
10,General Belgrano,001,0014 ,0600,327,2,1,5,2,44,121,49,12
10,General Belgrano,001,0014 ,0601,327,48,3,1,1,69,90,30,16
10,General Belgrano,001,0014 ,0602,327,3,0,2,2,38,110,50,12
10,General Belgrano,001,0014 ,0603,327,3,1,0,2,46,120,40,12
10,General Belgrano,001,0014 ,0604,327,36,6,0,0,55,119,40,19
10,General Belgrano,001,0014 ,0605,327,0,8,5,2,49,117,0,12
10,General Belgrano,001,0014 ,0606,327,18,5,3,3,51,109,56,9
10,General Belgrano,001,0014 ,0607,327,38,1,1,1,45,123,43,16
10,General Belgrano,001,0014 ,0608,327,28,4,6,3,49,114,36,18
10,General Belgrano,001,0014 ,0609,327,41,3,5,3,55,96,47,18
10,General Belgrano,001,0014 ,0610,327,35,2,1,2,54,105,39,14
10,General Belgrano,001,0014 ,0611,327,33,6,2,1,39,104,51,13
10,General Belgrano,001,0014 ,0612,327,44,4,3,1,49,95,39,12
10,General Belgrano,001,0014 ,0613,327,0,12,2,3,59,96,41,13
10,General Belgrano,001,0014 ,0614,327,4,2,4,2,47,132,32,14
10,General Belgrano,001,0014 ,0615,327,2,5,8,1,37,130,32,14
10,General Belgrano,001,0015 ,0616,75,1,0,0,0,4,7,18,6
10,General Belgrano,001,0016 ,0617,306,0,0,0,0,0,0,0,0
10,General Belgrano,001,0017 ,0618,83,18,0,1,0,6,15,17,4
10,General Belgrano,001,0018 ,0619,315,26,0,0,1,30,152,28,12
10,General Belgrano,001,0018 ,0620,315,23,4,2,0,47,145,18,14
10,General Belgrano,001,0018 ,0621,315,16,6,0,4,33,142,20,11
10,General Belgrano,001,0018 ,0622,315,25,4,2,1,36,119,31,17
10,General Belgrano,001,0018 ,0623,315,16,3,3,0,33,133,30,15
10,General Belgrano,001,0018 ,0624,315,19,1,1,5,28,133,44,16
10,General Belgrano,001,0018 ,0625,315,26,4,2,2,27,129,31,11
10,General Belgrano,001,0018 ,0626,315,21,4,1,0,32,133,30,16
10,General Belgrano,001,0018 ,0627,315,28,4,1,2,47,137,27,14
10,General Belgrano,001,0018 ,0628,315,25,1,2,1,29,135,24,12
10,General Belgrano,001,0018 ,0629,315,16,5,3,0,38,143,28,12
10,General Belgrano,001,0018 ,0630,315,0,0,0,0,0,0,0,0
10,General Belgrano,001,0018 ,0631,315,21,1,0,1,33,139,23,14
10,General Belgrano,001,0018 ,0632,315,26,3,2,2,37,131,29,22
10,General Belgrano,001,0018 ,0633,316,27,6,0,0,36,138,33,9
10,General Belgrano,001,0018 ,0634,315,28,2,1,3,38,138,26,10
10,General Belgrano,001,0018 ,0635,315,30,0,1,0,21,139,23,18
10,General Belgrano,001,0018 ,0636,315,2,0,0,1,37,132,31,9
10,General Belgrano,001,0018 ,0637,315,24,1,1,0,47,125,41,14
10,General Belgrano,001,0018 ,0638,315,24,5,2,0,42,135,26,7
10,General Belgrano,001,0019 ,0639,293,28,0,1,1,20,125,66,16
10,General Belgrano,001,0019 ,0640,289,21,0,1,2,24,113,68,23
10,General Belgrano,001,0019 ,0641,297,19,3,0,3,18,117,69,32
10,General Belgrano,001,0019 ,0642,289,16,1,2,3,14,127,58,22
10,General Belgrano,001,0019 ,0643,289,15,2,0,2,31,110,65,21
10,General Belgrano,001,0019 ,0644,289,18,5,0,3,10,138,62,12
10,General Belgrano,001,0019 ,0645,289,22,6,1,2,13,107,66,22
10,General Belgrano,001,0020 ,0646,118,3,0,0,0,3,31,45,2
10,General Belgrano,001,0021 ,0647,320,21,0,1,1,20,133,73,16
10,General Belgrano,001,0021 ,0648,320,0,0,3,3,29,126,46,22
10,General Belgrano,001,0021 ,0649,320,4,3,0,1,27,130,77,21
10,General Belgrano,001,0021 ,0650,321,18,0,2,1,26,142,59,22
10,General Belgrano,001,0021 ,0651,320,2,1,2,0,26,135,64,23
10,General Belgrano,001,0021 ,0652,320,31,0,1,1,22,122,66,27
10,General Belgrano,001,0021 ,0653,321,20,3,0,1,22,132,77,27
10,Palpalá,002,0022 ,0654,330,57,4,1,2,51,103,46,16
10,Palpalá,002,0022 ,0655,330,50,7,3,0,31,117,33,26
10,Palpalá,002,0022 ,0656,330,0,0,0,0,0,0,0,0
10,Palpalá,002,0022 ,0657,330,60,5,1,0,47,119,27,23
10,Palpalá,002,0022 ,0658,330,61,6,4,1,38,133,33,17
10,Palpalá,002,0022 ,0659,330,63,6,6,1,30,128,30,19
10,Palpalá,002,0022 ,0660,330,49,7,2,4,34,127,35,25
10,Palpalá,002,0022 ,0661,330,63,6,4,4,34,0,35,12
10,Palpalá,002,0022 ,0662,330,73,3,5,1,46,103,29,6
10,Palpalá,002,0022 ,0663,330,108,5,3,1,33,108,30,23
10,Palpalá,002,0022 ,0664,330,59,1,5,0,46,123,32,24
10,Palpalá,002,0022 ,0665,330,76,10,3,1,29,114,31,14
10,Palpalá,002,0022 ,0666,329,3,1,5,0,47,122,33,16
10,Palpalá,002,0022 ,0667,329,0,0,0,0,0,0,0,0
10,Palpalá,002,0022 ,0668,329,54,4,4,1,37,111,43,16
10,Palpalá,002,0022 ,0669,329,1,5,6,1,40,135,25,20
10,Palpalá,002,0022 ,0670,329,53,7,2,0,44,118,32,21
10,Palpalá,002,0022 ,0671,329,72,1,9,2,41,99,39,13
10,Palpalá,002,0022 ,0672,329,0,0,0,0,0,0,0,0
10,Palpalá,002,0022 ,0673,329,51,2,10,2,37,121,34,23
10,Palpalá,002,0022 ,0674,329,61,5,2,1,31,111,39,19
10,Palpalá,002,0022 ,0675,329,66,3,6,1,31,128,39,12
10,Palpalá,002,0022 ,0676,329,46,6,9,3,36,113,39,23
10,Palpalá,002,0022 ,0677,329,55,4,4,1,42,109,31,24
10,Palpalá,002,0022 ,0678,330,59,7,5,1,41,113,33,13
10,Palpalá,002,0022 ,0679,329,1,63,2,1,47,110,28,17
10,Palpalá,002,0022 ,0680,329,45,5,1,2,30,113,53,17
10,Palpalá,002,0022 ,0681,329,55,5,3,1,40,105,45,16
10,Palpalá,002,0022 ,0682,329,70,3,0,0,40,109,46,15
10,Palpalá,002,0022 ,0683,329,0,62,5,0,38,103,37,17
10,Palpalá,002,0022 ,0684,329,55,1,4,0,39,117,35,23
10,Palpalá,002,0022 ,0685,329,50,5,3,2,48,131,29,13
10,Palpalá,002,0022 ,0686,329,53,6,2,0,40,113,41,19
10,Palpalá,002,0022 ,0687,329,44,8,4,2,33,117,41,26
10,Palpalá,002,0022 ,0688,329,61,4,4,2,57,104,33,11
10,Palpalá,002,0022 ,0689,329,48,9,6,3,36,115,38,14
10,Palpalá,002,0022 ,0690,329,45,8,0,0,32,113,46,22
10,Palpalá,002,0022 ,0691,329,55,3,3,1,37,119,37,17
10,Palpalá,002,0022 ,0692,329,26,16,3,2,22,133,38,16
10,Palpalá,002,0022 ,0693,329,56,8,2,2,30,125,42,16
10,Palpalá,002,0022 ,0694,329,52,5,3,0,46,105,30,26
10,Palpalá,002,0022 ,0695,329,54,0,3,3,44,110,34,16
10,Palpalá,002,0022 ,0696,329,2,4,2,0,48,118,34,21
10,Palpalá,002,0022 ,0697,329,3,7,6,0,38,110,41,17
10,Palpalá,002,0022 ,0698,329,6,60,3,0,43,120,39,12
10,Palpalá,002,0022 ,0699,329,48,2,2,0,49,112,49,17
10,Palpalá,002,0022 ,0700,329,36,5,2,3,43,127,45,17
10,Palpalá,002,0022 ,0701,329,48,5,4,0,39,126,31,18
10,Palpalá,002,0022 ,0702,329,6,3,0,1,38,117,34,24
10,Palpalá,002,0022 ,0703,329,62,0,5,0,31,112,43,15
10,Palpalá,002,0022 ,0704,329,48,2,2,1,46,104,42,14
10,Palpalá,002,0022 ,0705,329,39,7,4,0,34,122,42,17
10,Palpalá,002,0022 ,0706,329,0,0,1,0,28,107,46,22
10,Palpalá,002,0022 ,0707,329,66,4,4,0,35,108,42,20
10,Palpalá,002,0022 ,0708,329,52,8,3,0,52,121,32,21
10,Palpalá,002,0022 ,0709,329,61,5,4,1,41,115,45,19
10,Palpalá,002,0022 ,0710,329,0,0,0,0,35,118,42,10
10,Palpalá,002,0022 ,0711,329,1,22,1,2,35,106,47,11
10,Palpalá,002,0022 ,0712,329,45,5,2,0,45,108,39,29
10,Palpalá,002,0022 ,0713,329,40,0,2,0,37,131,23,14
10,Palpalá,002,0022 ,0714,329,43,7,4,1,32,143,36,17
10,Palpalá,002,0022 ,0715,329,49,1,9,0,46,117,44,11
10,Palpalá,002,0022 ,0716,329,44,6,1,2,40,111,40,23
10,Palpalá,002,0022 ,0717,329,51,1,3,2,40,130,34,16
10,Palpalá,002,0022 ,0718,329,0,0,2,1,39,134,33,13
10,Palpalá,002,0022 ,0719,329,49,1,3,3,40,119,30,25
10,Palpalá,002,0022 ,0720,329,65,8,3,2,37,103,43,16
10,Palpalá,002,0022 ,0721,329,0,0,0,0,0,0,0,0
10,Palpalá,002,0022 ,0722,329,60,4,2,0,50,97,41,22
10,Palpalá,002,0022 ,0723,329,53,4,7,1,55,102,42,15
10,Palpalá,002,0022 ,0724,329,60,4,7,2,40,104,38,25
10,Palpalá,002,0022 ,0725,329,40,15,5,0,33,107,36,14
10,Palpalá,002,0022 ,0726,329,0,0,0,0,0,0,0,0
10,Palpalá,002,0022 ,0727,329,62,8,3,1,38,117,35,13
10,Palpalá,002,0022 ,0728,329,49,3,6,0,36,124,40,9
10,Palpalá,002,0022 ,0729,329,42,7,4,2,38,117,32,20
10,Palpalá,002,0022 ,0730,329,3,9,2,2,43,112,48,24
10,Palpalá,002,0022 ,0731,329,2,12,8,0,42,122,23,15
10,Palpalá,002,0022 ,0732,329,0,0,0,0,0,0,0,0
10,Palpalá,002,0022 ,0733,329,0,0,0,0,0,0,0,0
10,Palpalá,002,0022 ,0734,329,51,5,6,2,32,121,44,16
10,Palpalá,002,0022 ,0735,329,64,4,4,3,46,98,48,12
10,Palpalá,002,0022 ,0736,329,5,4,1,0,43,111,45,27
10,Palpalá,002,0022 ,0737,329,63,2,6,2,30,131,37,14
10,Palpalá,002,0022 ,0738,329,46,3,6,0,32,129,35,11
10,Palpalá,002,0022 ,0739,329,1,4,2,2,24,142,43,17
10,Palpalá,002,0022 ,0740,330,0,0,1,0,28,126,43,10
10,Palpalá,002,0022 ,0741,329,52,3,1,2,34,140,44,12
10,Palpalá,002,0022 ,0742,329,50,2,2,1,36,137,37,21
10,Palpalá,002,0022 ,0743,329,6,2,10,0,31,112,36,11
10,Palpalá,002,0022 ,0744,329,65,1,5,2,41,112,36,12
10,Palpalá,002,0022 ,0745,329,61,3,3,0,45,96,41,20
10,Palpalá,002,0022 ,0746,329,50,6,5,1,49,100,47,11
10,Palpalá,002,0022 ,0747,329,23,7,6,1,40,111,27,21
10,Palpalá,002,0022 ,0748,329,50,3,0,0,36,116,38,20
10,Palpalá,002,0022 ,0749,329,53,5,4,1,34,122,39,19
10,Palpalá,002,0022 ,0750,329,55,9,5,1,34,125,29,17
10,Palpalá,002,0022 ,0751,329,1,48,5,0,48,126,36,17
10,Palpalá,002,0022 ,0752,329,56,0,2,1,40,114,40,12
10,Palpalá,002,0022 ,0753,329,50,2,6,2,32,138,28,16
10,Palpalá,002,0022 ,0754,330,65,5,0,1,27,106,43,23
10,Palpalá,002,0022 ,0755,329,34,5,3,0,41,126,38,19
10,Palpalá,002,0022 ,0756,329,37,9,1,0,28,140,35,22
10,Palpalá,002,0022 ,0757,329,66,2,5,0,30,105,38,29
10,Palpalá,002,0022 ,0758,329,55,2,0,0,31,134,34,21
10,Palpalá,002,0022 ,0759,330,66,4,3,3,35,99,42,22
10,Palpalá,002,0022 ,0760,329,0,0,0,0,0,0,0,0
10,Palpalá,002,0022 ,0761,329,0,0,3,0,30,128,51,12
10,Palpalá,002,0022 ,0762,329,4,6,4,3,40,122,47,19
10,Palpalá,002,0022 ,0763,329,4,7,1,1,35,128,38,16
10,Palpalá,002,0022 ,0764,329,42,13,3,1,40,129,30,23
10,Palpalá,002,0022 ,0765,329,52,8,6,0,44,114,33,20
10,Palpalá,002,0022 ,0766,329,43,0,0,0,42,135,52,11
10,Palpalá,002,0022 ,0767,329,46,5,4,1,45,112,29,21
10,Palpalá,002,0022 ,0768,329,61,1,2,2,37,135,38,15
10,Palpalá,002,0022 ,0769,329,62,5,1,2,33,122,33,13
10,Palpalá,002,0022 ,0770,329,69,1,9,1,39,112,28,15
10,Palpalá,002,0022 ,0771,329,65,4,7,1,33,115,35,16
10,Palpalá,002,0022 ,0772,329,54,4,3,0,48,118,40,16
10,Palpalá,002,0022 ,0773,329,57,3,2,0,53,118,45,7
10,Palpalá,002,0022 ,0774,329,48,2,3,1,33,131,40,13
10,Palpalá,002,0022 ,0775,329,53,9,3,1,61,108,35,16
10,Palpalá,002,0022 ,0776,329,3,6,6,2,43,133,34,17
10,Palpalá,002,0022 ,0777,329,51,1,1,0,45,135,40,10
10,Palpalá,002,0022 ,0778,329,45,0,3,0,30,124,38,31
10,Palpalá,002,0022 ,0779,329,0,0,8,1,40,119,30,15
10,Palpalá,002,0022 ,0780,329,57,2,6,1,39,112,46,16
10,Palpalá,002,0022 ,0781,329,47,6,4,0,53,121,35,11
10,Palpalá,002,0023 ,0782,204,31,2,1,1,20,38,43,19
10,Palpalá,002,0023 ,0783,203,23,0,0,2,19,56,37,12
10,Palpalá,002,0024 ,0784,236,60,0,2,0,23,67,25,8
10,Palpalá,002,0024 ,0785,235,49,0,2,1,21,65,32,14
10,San Antonio,003,0025A,0786,301,0,0,0,0,0,0,0,0
10,San Antonio,003,0025A,0787,300,10,0,0,0,8,137,30,23
10,San Antonio,003,0025A,0788,299,24,4,1,0,7,98,50,75
10,San Antonio,003,0025A,0789,300,13,2,1,1,4,84,39,75
10,San Antonio,003,0025A,0790,300,0,0,0,0,0,0,0,0
10,San Antonio,003,0025A,0791,300,9,0,0,0,4,105,52,29
10,San Antonio,003,0025B,0792,328,13,1,1,2,26,136,49,18
10,San Antonio,003,0025B,0793,328,0,6,0,1,14,118,44,36
10,San Antonio,003,0025B,0794,328,15,4,1,0,19,135,42,66
10,San Antonio,003,0025B,0795,327,3,3,2,1,20,114,41,67
10,San Antonio,003,0025B,0796,327,18,2,0,0,17,135,43,82
10,San Antonio,003,0026 ,0797,205,5,2,0,1,4,63,24,66
10,San Antonio,003,0027 ,0798,223,4,2,0,1,9,51,35,15
10,San Antonio,003,0027 ,0799,222,6,0,0,3,4,70,39,15
10,El Carmen,004,0028 ,0800,326,41,3,0,2,17,134,70,17
10,El Carmen,004,0028 ,0801,326,21,10,1,1,27,141,50,19
10,El Carmen,004,0028 ,0802,326,30,2,0,1,26,112,85,30
10,El Carmen,004,0028 ,0803,326,32,9,1,0,24,115,61,30
10,El Carmen,004,0028 ,0804,326,34,6,1,2,20,130,61,14
10,El Carmen,004,0028 ,0805,326,31,2,1,0,21,121,79,18
10,El Carmen,004,0028 ,0806,326,24,5,0,1,25,141,80,14
10,El Carmen,004,0028 ,0807,326,22,2,0,2,19,140,71,15
10,El Carmen,004,0028 ,0808,326,38,2,0,1,29,122,65,22
10,El Carmen,004,0028 ,0809,326,0,0,0,0,0,0,0,0
10,El Carmen,004,0028 ,0810,326,4,0,0,1,22,131,64,25
10,El Carmen,004,0028 ,0811,326,29,1,1,6,24,130,61,8
10,El Carmen,004,0028 ,0812,326,27,4,0,8,32,120,78,14
10,El Carmen,004,0028 ,0813,326,36,2,1,1,13,131,76,18
10,El Carmen,004,0028 ,0814,326,37,2,0,0,19,132,70,19
10,El Carmen,004,0028 ,0815,326,28,7,0,1,20,128,76,23
10,El Carmen,004,0028 ,0816,326,35,1,0,2,29,127,73,13
10,El Carmen,004,0028 ,0817,326,0,0,0,0,0,0,0,0
10,El Carmen,004,0028 ,0818,326,25,4,0,2,18,142,69,13
10,El Carmen,004,0028 ,0819,326,41,3,2,0,31,103,87,14
10,El Carmen,004,0028 ,0820,326,32,4,2,0,15,121,84,18
10,El Carmen,004,0028 ,0821,326,30,7,1,0,27,126,76,17
10,El Carmen,004,0028 ,0822,326,25,3,0,2,28,134,63,10
10,El Carmen,004,0028 ,0823,326,0,0,0,0,0,0,0,0
10,El Carmen,004,0028 ,0824,326,0,0,0,0,0,0,0,0
10,El Carmen,004,0028 ,0825,326,33,4,0,1,34,138,48,19
10,El Carmen,004,0028 ,0826,326,0,0,0,0,0,0,0,0
10,El Carmen,004,0028 ,0827,326,0,0,0,0,0,0,0,0
10,El Carmen,004,0028 ,0828,326,0,0,0,0,0,0,0,0
10,El Carmen,004,0028 ,0829,326,27,2,1,3,33,137,58,24
10,El Carmen,004,0028 ,0830,325,30,7,2,1,18,113,75,30
10,El Carmen,004,0028 ,0831,325,33,5,1,0,28,105,84,17
10,El Carmen,004,0028 ,0832,325,29,12,4,2,21,127,63,12
10,El Carmen,004,0028 ,0833,325,3,3,2,0,24,0,0,19
10,El Carmen,004,0028 ,0834,325,21,5,1,3,29,123,80,12
10,El Carmen,004,0028 ,0835,325,28,2,1,3,30,134,70,13
10,El Carmen,004,0028 ,0836,325,35,8,1,0,28,103,75,24
10,El Carmen,004,0028 ,0837,325,0,0,0,0,0,0,0,0
10,El Carmen,004,0028 ,0838,325,33,4,2,0,23,132,69,13
10,El Carmen,004,0029 ,0839,202,10,4,0,0,4,66,74,12
10,El Carmen,004,0029 ,0840,202,10,1,3,1,15,10,55,16
10,El Carmen,004,0030 ,0841,299,14,0,0,1,12,128,61,20
10,El Carmen,004,0030 ,0842,298,23,1,2,2,15,107,73,12
10,El Carmen,004,0030 ,0843,298,1,1,0,1,12,111,71,19
10,El Carmen,004,0030 ,0844,298,24,3,0,0,18,104,68,14
10,El Carmen,004,0031 ,0845,329,59,6,1,0,28,116,63,10
10,El Carmen,004,0031 ,0846,329,65,5,1,1,30,100,60,19
10,El Carmen,004,0031 ,0847,329,83,4,1,2,42,101,37,15
10,El Carmen,004,0031 ,0848,329,0,0,0,0,0,0,0,0
10,El Carmen,004,0031 ,0849,329,75,1,3,2,33,70,92,0
10,El Carmen,004,0031 ,0850,329,6,0,1,0,21,116,54,14
10,El Carmen,004,0031 ,0851,330,70,4,4,1,25,104,61,10
10,El Carmen,004,0031 ,0852,329,59,7,1,1,38,80,73,10
10,El Carmen,004,0031 ,0853,329,58,3,0,0,25,104,71,17
10,El Carmen,004,0031 ,0854,329,75,1,0,0,27,96,57,18
10,El Carmen,004,0031 ,0855,329,11,1,1,1,24,75,64,19
10,El Carmen,004,0031 ,0856,329,2,2,2,2,26,91,57,11
10,El Carmen,004,0031 ,0857,329,79,0,0,0,20,93,75,23
10,El Carmen,004,0031 ,0858,329,3,6,3,1,24,117,51,9
10,El Carmen,004,0031 ,0859,330,79,0,1,1,25,102,50,25
10,El Carmen,004,0031 ,0860,329,62,13,1,1,32,88,48,14
10,El Carmen,004,0031 ,0861,329,1,5,0,1,23,82,81,11
10,El Carmen,004,0031 ,0862,329,2,0,0,0,20,88,62,12
10,El Carmen,004,0031 ,0863,329,78,2,0,3,28,92,47,24
10,El Carmen,004,0031 ,0864,329,89,3,0,1,33,87,51,13
10,El Carmen,004,0031 ,0865,329,63,6,0,1,25,91,57,27
10,El Carmen,004,0031 ,0866,329,63,0,1,1,34,96,55,21
10,El Carmen,004,0031 ,0867,329,0,0,0,7,23,92,57,14
10,El Carmen,004,0031 ,0868,329,6,5,0,4,22,71,60,13
10,El Carmen,004,0031 ,0869,329,88,0,2,3,36,94,49,15
10,El Carmen,004,0031 ,0870,329,85,4,0,1,41,83,60,15
10,El Carmen,004,0031 ,0871,329,70,10,1,2,25,95,65,26
10,El Carmen,004,0031 ,0872,329,90,0,1,1,30,86,48,15
10,El Carmen,004,0031 ,0873,329,76,1,4,2,32,74,53,25
10,El Carmen,004,0031 ,0874,329,92,11,2,1,34,81,44,14
10,El Carmen,004,0031 ,0875,329,81,11,2,0,33,93,42,16
10,El Carmen,004,0031 ,0876,329,74,1,1,2,43,93,49,9
10,El Carmen,004,0031 ,0877,329,75,5,0,0,20,103,55,12
10,El Carmen,004,0031 ,0878,329,1,1,2,1,32,84,49,18
10,El Carmen,004,0031 ,0879,329,84,0,0,1,22,102,58,8
10,El Carmen,004,0031 ,0880,329,80,0,2,0,37,96,49,12
10,El Carmen,004,0031 ,0881,329,68,3,1,1,23,83,82,18
10,El Carmen,004,0031 ,0882,329,0,1,0,0,33,109,53,20
10,El Carmen,004,0031 ,0883,329,69,8,0,1,27,85,74,11
10,El Carmen,004,0031 ,0884,329,65,1,2,1,19,88,65,24
10,El Carmen,004,0031 ,0885,329,76,1,0,1,26,87,72,18
10,El Carmen,004,0031 ,0886,329,3,0,2,0,40,96,49,10
10,El Carmen,004,0031 ,0887,329,58,2,2,0,32,95,87,8
10,El Carmen,004,0031 ,0888,329,4,4,1,1,23,98,64,17
10,El Carmen,004,0031 ,0889,329,75,0,3,2,18,118,56,8
10,El Carmen,004,0031 ,0890,329,62,0,0,0,31,80,91,11
10,El Carmen,004,0031 ,0891,330,71,7,1,0,37,83,55,13
10,El Carmen,004,0031 ,0892,329,0,0,0,0,16,100,55,17
10,El Carmen,004,0031 ,0893,329,72,0,0,1,20,95,76,14
10,El Carmen,004,0031 ,0894,329,94,1,0,2,27,85,61,10
10,El Carmen,004,0031 ,0895,329,5,0,0,0,22,110,69,12
10,El Carmen,004,0031 ,0896,329,91,7,1,0,16,80,60,13
10,El Carmen,004,0031 ,0897,329,3,5,1,0,29,99,64,1
10,El Carmen,004,0031 ,0898,329,60,7,1,0,13,100,70,20
10,El Carmen,004,0031 ,0899,329,2,1,2,1,25,102,66,14
10,El Carmen,004,0031 ,0900,329,76,5,7,2,21,98,65,10
10,El Carmen,004,0031 ,0901,329,74,5,0,1,19,99,70,21
10,El Carmen,004,0031 ,0902,329,67,8,0,2,21,85,69,15
10,El Carmen,004,0031 ,0903,329,2,2,2,3,22,83,64,14
10,El Carmen,004,0031 ,0904,329,2,2,1,0,35,92,61,12
10,El Carmen,004,0031 ,0905,329,2,3,1,3,28,106,60,22
10,El Carmen,004,0031 ,0906,329,3,4,2,0,34,97,52,13
10,El Carmen,004,0031 ,0907,329,3,0,4,1,25,105,58,17
10,El Carmen,004,0031 ,0908,329,30,38,3,0,30,98,67,6
10,El Carmen,004,0031 ,0909,329,2,5,1,0,24,74,98,11
10,El Carmen,004,0031 ,0910,329,82,6,0,1,31,85,65,12
10,El Carmen,004,0031 ,0911,329,73,2,1,0,24,108,60,7
10,El Carmen,004,0031 ,0912,329,2,3,1,2,20,112,60,14
10,El Carmen,004,0031 ,0913,329,2,3,4,0,22,105,47,21
10,El Carmen,004,0031 ,0914,329,2,1,1,0,32,82,68,11
10,El Carmen,004,0031 ,0915,329,3,0,1,2,34,98,67,13
10,El Carmen,004,0031 ,0916,329,72,4,1,1,25,95,56,18
10,El Carmen,004,0031 ,0917,329,2,8,4,0,30,97,80,9
10,El Carmen,004,0031 ,0918,329,81,6,1,2,25,85,60,21
10,El Carmen,004,0031 ,0919,328,2,0,1,4,35,101,44,10
10,El Carmen,004,0031 ,0920,328,3,5,0,3,32,83,59,25
10,El Carmen,004,0031 ,0921,328,1,5,1,1,32,78,56,15
10,El Carmen,004,0031 ,0922,328,0,0,0,0,0,0,0,0
10,El Carmen,004,0031 ,0923,328,7,2,1,2,40,71,55,12
10,El Carmen,004,0031 ,0924,328,2,5,2,2,19,104,60,11
10,El Carmen,004,0031 ,0925,328,4,5,3,0,28,100,73,15
10,El Carmen,004,0031 ,0926,328,75,3,3,0,31,101,52,9
10,El Carmen,004,0031 ,0927,328,77,1,0,2,24,98,63,9
10,El Carmen,004,0031 ,0928,328,62,2,1,3,23,108,63,11
10,El Carmen,004,0031 ,0929,328,68,0,3,1,29,111,51,14
10,El Carmen,004,0031 ,0930,328,3,1,0,0,0,0,0,0
10,El Carmen,004,0031 ,0931,328,0,0,0,0,0,0,0,0
10,El Carmen,004,0031 ,0932,328,64,6,0,1,29,99,56,21
10,El Carmen,004,0031 ,0933,328,69,4,2,0,40,86,65,7
10,El Carmen,004,0031 ,0934,328,76,2,2,0,43,112,43,14
10,El Carmen,004,0031 ,0935,328,6,0,1,0,25,120,42,21
10,El Carmen,004,0031 ,0936,328,2,0,2,1,26,93,54,6
10,El Carmen,004,0031 ,0937,328,79,5,0,0,24,100,58,7
10,El Carmen,004,0031 ,0938,328,83,7,1,0,23,107,51,13
10,El Carmen,004,0031 ,0939,328,7,7,0,1,18,95,53,23
10,El Carmen,004,0031 ,0940,328,3,0,1,0,27,108,64,13
10,El Carmen,004,0031 ,0941,328,1,12,0,0,22,78,61,16
10,El Carmen,004,0031 ,0942,328,6,4,3,1,42,80,41,19
10,El Carmen,004,0031 ,0943,328,3,20,1,0,36,72,46,13
10,El Carmen,004,0031 ,0944,328,3,3,1,5,27,93,75,17
10,El Carmen,004,0031 ,0945,328,66,1,0,2,29,100,66,9
10,El Carmen,004,0031 ,0946,328,3,8,1,1,23,113,59,8
10,El Carmen,004,0031 ,0947,328,1,6,4,0,26,79,68,25
10,El Carmen,004,0031 ,0948,328,81,0,1,0,25,88,56,22
10,El Carmen,004,0031 ,0949,328,3,16,1,3,29,82,54,25
10,El Carmen,004,0031 ,0950,328,1,9,0,4,34,98,45,15
10,El Carmen,004,0031 ,0951,328,54,4,3,1,40,104,54,10
10,El Carmen,004,0031 ,0952,328,0,3,2,0,22,103,60,15
10,El Carmen,004,0031 ,0953,328,3,3,2,0,30,109,78,7
10,El Carmen,004,0031 ,0954,328,0,3,2,2,27,102,62,9
10,El Carmen,004,0032 ,0955,323,35,5,1,1,19,106,67,39
10,El Carmen,004,0032 ,0956,323,32,11,0,0,17,103,68,34
10,El Carmen,004,0032 ,0957,323,0,0,0,0,0,0,0,0
10,El Carmen,004,0032 ,0958,323,0,0,0,0,0,0,0,0
10,El Carmen,004,0032 ,0959,323,25,2,0,2,16,127,82,25
10,El Carmen,004,0032 ,0960,323,21,3,2,0,11,125,73,35
10,El Carmen,004,0032 ,0961,323,28,3,2,0,32,115,67,29
10,El Carmen,004,0032 ,0962,323,2,1,2,0,22,93,87,40
10,El Carmen,004,0032 ,0963,323,13,8,1,0,14,121,80,35
10,El Carmen,004,0032 ,0964,323,27,4,1,1,11,93,88,38
10,El Carmen,004,0032 ,0965,323,0,0,0,0,0,0,0,0
10,El Carmen,004,0032 ,0966,323,29,2,1,0,23,87,86,55
10,El Carmen,004,0032 ,0967,323,21,5,0,0,24,111,0,30
10,El Carmen,004,0032 ,0968,323,27,1,0,1,9,132,67,34
10,El Carmen,004,0032 ,0969,323,22,0,0,0,23,116,65,42
10,El Carmen,004,0032 ,0970,323,32,3,1,3,31,93,78,30
10,El Carmen,004,0032 ,0971,323,19,5,1,0,17,113,82,33
10,El Carmen,004,0032 ,0972,323,0,0,0,0,0,0,0,0
10,El Carmen,004,0032 ,0973,323,16,2,1,4,19,106,84,30
10,El Carmen,004,0032 ,0974,323,6,6,0,0,19,99,93,38
10,El Carmen,004,0032 ,0975,324,43,1,1,2,16,115,71,25
10,El Carmen,004,0032 ,0976,323,33,4,0,3,16,126,70,29
10,El Carmen,004,0032 ,0977,323,26,1,3,3,20,113,67,27
10,El Carmen,004,0032 ,0978,323,43,0,4,1,22,111,56,36
10,El Carmen,004,0032 ,0979,323,20,7,0,3,17,94,99,23
10,El Carmen,004,0032 ,0980,323,26,0,0,4,26,104,71,40
10,El Carmen,004,0032 ,0981,323,29,1,2,0,26,95,93,22
10,El Carmen,004,0032 ,0982,323,24,10,1,2,22,132,67,24
10,El Carmen,004,0032 ,0983,323,19,0,0,4,16,133,73,32
10,El Carmen,004,0032 ,0984,323,23,11,0,1,19,103,88,28
10,El Carmen,004,0032 ,0985,323,1,2,0,0,26,124,66,34
10,El Carmen,004,0032 ,0986,323,60,6,0,0,19,102,94,0
10,El Carmen,004,0032 ,0987,323,26,5,1,1,18,104,75,31
10,El Carmen,004,0032 ,0988,323,14,5,3,0,27,128,63,34
10,El Carmen,004,0032 ,0989,323,21,4,0,1,7,121,72,47
10,El Carmen,004,0032 ,0990,323,18,2,0,1,23,103,95,27
10,El Carmen,004,0032 ,0991,324,0,0,0,0,0,0,0,0
10,El Carmen,004,0032 ,0992,323,0,0,0,0,0,0,0,0
10,El Carmen,004,0032 ,0993,323,27,5,1,1,19,98,92,18
10,El Carmen,004,0032 ,0994,322,30,3,2,5,17,114,88,33
10,El Carmen,004,0032 ,0995,322,24,1,1,6,23,96,89,38
10,El Carmen,004,0032 ,0996,322,26,7,1,2,19,130,65,30
10,El Carmen,004,0032 ,0997,322,38,0,1,4,31,76,74,29
10,El Carmen,004,0032 ,0998,322,30,0,1,1,21,109,73,32
10,El Carmen,004,0033A,0999,306,1,1,0,1,7,253,22,0
10,El Carmen,004,0033A,1000,306,1,0,0,0,9,211,27,0
10,El Carmen,004,0033A,1001,306,0,1,2,0,5,221,27,5
10,El Carmen,004,0033A,1002,307,17,0,0,0,8,221,27,3
10,El Carmen,004,0033A,1003,306,4,0,0,0,10,230,19,5
10,El Carmen,004,0033A,1004,305,18,2,0,1,7,220,20,11
10,El Carmen,004,0033A,1005,305,23,0,0,0,11,226,17,2
10,El Carmen,004,0033B,1006,253,0,3,0,0,10,164,21,0
10,El Carmen,004,0033B,1007,253,21,2,2,0,12,156,27,5
10,El Carmen,004,0033B,1008,252,26,1,1,0,10,151,23,12
10,El Carmen,004,0034 ,1009,305,0,0,0,0,0,0,0,0
10,El Carmen,004,0034 ,1010,305,24,0,2,0,4,97,67,81
10,El Carmen,004,0034 ,1011,305,0,0,0,0,0,0,0,0
10,El Carmen,004,0034 ,1012,305,18,4,0,1,6,103,90,51
10,El Carmen,004,0034 ,1013,305,21,2,1,2,7,96,73,58
10,El Carmen,004,0034 ,1014,305,10,4,2,2,4,85,84,58
10,El Carmen,004,0034 ,1015,305,1,0,2,1,7,91,84,62
10,El Carmen,004,0034 ,1016,305,17,0,0,1,6,117,80,49
10,El Carmen,004,0034 ,1017,304,26,1,0,0,6,80,100,63
10,El Carmen,004,0034 ,1018,304,21,1,1,0,2,87,96,46
10,El Carmen,004,0035 ,1019,320,20,0,0,0,1,160,24,64
10,El Carmen,004,0035 ,1020,319,22,0,0,1,5,0,22,0
10,El Carmen,004,0035 ,1021,319,15,1,1,0,6,179,30,50
10,El Carmen,004,0035 ,1022,319,13,5,0,0,2,169,35,50
10,El Carmen,004,0035 ,1023,319,17,0,0,0,4,182,19,53
10,El Carmen,004,0035 ,1024,319,17,0,1,1,3,179,25,49
10,El Carmen,004,0035 ,1025,319,14,2,0,0,5,194,21,43
10,El Carmen,004,0035 ,1026,319,11,2,0,1,4,182,22,53
10,San Pedro,005,0036 ,1027,330,0,3,0,0,8,128,51,24
10,San Pedro,005,0036 ,1028,330,0,0,0,0,0,0,0,0
10,San Pedro,005,0036 ,1029,330,32,1,1,2,30,121,59,13
10,San Pedro,005,0036 ,1030,330,3,35,1,1,19,132,55,23
10,San Pedro,005,0036 ,1031,330,4,0,0,4,32,128,52,25
10,San Pedro,005,0036 ,1032,330,44,4,1,0,16,122,53,21
10,San Pedro,005,0036 ,1033,330,0,0,0,0,0,0,0,0
10,San Pedro,005,0036 ,1034,330,48,6,2,0,26,105,52,29
10,San Pedro,005,0036 ,1035,330,43,5,1,2,20,130,51,18
10,San Pedro,005,0036 ,1036,330,0,0,0,0,0,0,0,0
10,San Pedro,005,0036 ,1037,330,37,2,1,0,11,131,58,27
10,San Pedro,005,0036 ,1038,330,38,4,1,0,16,129,51,17
10,San Pedro,005,0036 ,1039,329,8,12,2,0,19,117,44,16
10,San Pedro,005,0036 ,1040,330,38,6,1,1,16,106,68,24
10,San Pedro,005,0036 ,1041,330,43,1,1,0,21,111,71,18
10,San Pedro,005,0036 ,1042,330,39,3,2,0,21,123,59,31
10,San Pedro,005,0036 ,1043,330,0,0,0,0,0,0,0,0
10,San Pedro,005,0036 ,1044,330,49,3,2,2,16,113,75,14
10,San Pedro,005,0036 ,1045,330,75,5,0,0,19,127,14,15
10,San Pedro,005,0036 ,1046,330,33,8,0,2,18,111,51,25
10,San Pedro,005,0036 ,1047,330,16,7,2,0,15,125,72,15
10,San Pedro,005,0036 ,1048,330,44,4,2,0,20,122,57,25
10,San Pedro,005,0036 ,1049,330,38,4,1,1,19,116,64,22
10,San Pedro,005,0036 ,1050,330,9,2,2,0,17,138,45,21
10,San Pedro,005,0036 ,1051,330,44,5,3,1,20,127,55,24
10,San Pedro,005,0036 ,1052,330,0,0,0,0,0,0,0,0
10,San Pedro,005,0036 ,1053,330,12,33,1,1,15,109,72,21
10,San Pedro,005,0036 ,1054,330,55,5,0,0,24,119,46,16
10,San Pedro,005,0036 ,1055,330,68,5,2,1,20,126,34,17
10,San Pedro,005,0036 ,1056,330,43,1,1,3,13,121,69,18
10,San Pedro,005,0036 ,1057,330,41,0,1,0,16,117,61,24
10,San Pedro,005,0036 ,1058,330,34,6,2,2,13,112,51,27
10,San Pedro,005,0036 ,1059,330,38,7,1,0,14,117,64,25
10,San Pedro,005,0036 ,1060,330,39,10,2,1,13,130,50,28
10,San Pedro,005,0036 ,1061,330,20,1,0,2,23,124,57,15
10,San Pedro,005,0036 ,1062,330,36,0,0,0,16,139,43,20
10,San Pedro,005,0036 ,1063,330,0,0,1,0,13,127,54,18
10,San Pedro,005,0036 ,1064,330,3,3,1,1,17,94,69,36
10,San Pedro,005,0036 ,1065,330,6,4,0,4,17,125,54,11
10,San Pedro,005,0036 ,1066,330,19,1,1,1,22,147,48,22
10,San Pedro,005,0036 ,1067,330,39,6,1,0,20,110,52,29
10,San Pedro,005,0036 ,1068,330,0,0,0,0,0,0,0,0
10,San Pedro,005,0036 ,1069,330,51,1,2,0,19,143,39,11
10,San Pedro,005,0036 ,1070,330,32,2,0,0,14,136,62,13
10,San Pedro,005,0036 ,1071,330,26,1,0,1,14,152,58,13
10,San Pedro,005,0036 ,1072,330,45,5,1,0,15,134,47,19
10,San Pedro,005,0036 ,1073,330,41,2,0,1,22,138,45,18
10,San Pedro,005,0036 ,1074,330,58,3,2,1,19,97,51,23
10,San Pedro,005,0036 ,1075,330,38,0,2,1,13,121,59,26
10,San Pedro,005,0036 ,1076,330,50,3,0,3,21,128,52,15
10,San Pedro,005,0036 ,1077,330,47,5,0,0,11,125,61,15
10,San Pedro,005,0036 ,1078,330,42,0,1,0,11,131,70,17
10,San Pedro,005,0036 ,1079,330,0,0,0,0,0,0,0,0
10,San Pedro,005,0036 ,1080,330,4,5,2,0,16,124,46,17
10,San Pedro,005,0036 ,1081,329,51,3,0,1,11,123,51,18
10,San Pedro,005,0036 ,1082,330,47,5,0,0,18,112,68,16
10,San Pedro,005,0036 ,1083,330,51,2,0,2,15,132,41,29
10,San Pedro,005,0036 ,1084,331,39,5,2,0,15,132,52,17
10,San Pedro,005,0036 ,1085,330,3,5,1,0,30,104,60,15
10,San Pedro,005,0036 ,1086,330,51,2,2,0,16,114,59,19
10,San Pedro,005,0036 ,1087,330,0,0,0,0,0,0,0,0
10,San Pedro,005,0036 ,1088,330,39,8,2,1,15,127,52,21
10,San Pedro,005,0036 ,1089,330,30,7,0,0,30,115,53,31
10,San Pedro,005,0036 ,1090,330,30,5,1,0,26,131,50,17
10,San Pedro,005,0036 ,1091,330,36,2,0,2,16,122,68,22
10,San Pedro,005,0036 ,1092,330,48,6,0,0,16,104,64,19
10,San Pedro,005,0036 ,1093,330,0,0,1,0,24,127,55,11
10,San Pedro,005,0036 ,1094,330,0,0,0,0,0,0,0,0
10,San Pedro,005,0036 ,1095,330,4,9,0,0,19,114,62,25
10,San Pedro,005,0036 ,1096,330,38,5,1,0,26,122,50,21
10,San Pedro,005,0036 ,1097,330,40,5,1,2,19,136,42,25
10,San Pedro,005,0036 ,1098,330,41,8,3,0,18,107,57,30
10,San Pedro,005,0036 ,1099,330,5,3,2,0,21,123,50,29
10,San Pedro,005,0036 ,1100,331,16,5,2,2,20,114,75,16
10,San Pedro,005,0036 ,1101,330,45,6,0,1,23,94,59,17
10,San Pedro,005,0036 ,1102,330,41,11,1,1,22,117,61,24
10,San Pedro,005,0036 ,1103,330,28,0,2,1,25,128,73,7
10,San Pedro,005,0036 ,1104,330,41,5,1,2,12,117,54,25
10,San Pedro,005,0036 ,1105,330,1,1,0,2,17,138,59,20
10,San Pedro,005,0036 ,1106,330,38,3,0,2,17,129,60,17
10,San Pedro,005,0036 ,1107,330,35,4,1,1,17,127,65,19
10,San Pedro,005,0036 ,1108,330,40,16,1,3,15,121,63,19
10,San Pedro,005,0036 ,1109,330,49,7,1,0,13,118,57,16
10,San Pedro,005,0036 ,1110,330,4,1,2,0,24,114,59,18
10,San Pedro,005,0036 ,1111,330,23,7,4,1,16,122,56,24
10,San Pedro,005,0036 ,1112,330,47,2,0,2,23,113,46,25
10,San Pedro,005,0036 ,1113,330,0,0,0,0,0,0,0,0
10,San Pedro,005,0036 ,1114,330,58,5,0,1,7,118,39,31
10,San Pedro,005,0036 ,1115,330,40,5,1,0,10,129,56,22
10,San Pedro,005,0036 ,1116,330,13,3,0,2,19,127,59,24
10,San Pedro,005,0036 ,1117,329,3,9,2,0,25,109,52,26
10,San Pedro,005,0036 ,1118,329,2,5,4,2,15,120,53,20
10,San Pedro,005,0036 ,1119,329,45,10,2,1,10,117,58,30
10,San Pedro,005,0036 ,1120,329,3,12,1,0,14,107,48,27
10,San Pedro,005,0036 ,1121,329,36,4,2,0,15,129,65,18
10,San Pedro,005,0036 ,1122,329,0,0,0,0,0,0,0,0
10,San Pedro,005,0036 ,1123,329,3,28,0,1,17,137,62,19
10,San Pedro,005,0036 ,1124,329,2,10,0,0,20,119,55,24
10,San Pedro,005,0036 ,1125,329,25,2,1,2,19,132,62,30
10,San Pedro,005,0036 ,1126,329,6,2,1,2,12,108,61,14
10,San Pedro,005,0036 ,1127,329,2,2,1,0,14,121,55,23
10,San Pedro,005,0036 ,1128,329,32,5,1,1,16,128,76,13
10,San Pedro,005,0036 ,1129,329,40,3,0,0,13,128,55,25
10,San Pedro,005,0036 ,1130,329,51,4,0,1,16,104,55,24
10,San Pedro,005,0036 ,1131,329,56,6,1,1,4,101,55,25
10,San Pedro,005,0036 ,1132,329,47,4,2,0,15,118,56,13
10,San Pedro,005,0036 ,1133,329,43,3,1,0,19,109,63,18
10,San Pedro,005,0036 ,1134,329,3,5,1,0,30,139,34,20
10,San Pedro,005,0036 ,1135,329,36,14,1,1,16,135,58,17
10,San Pedro,005,0036 ,1136,329,37,6,0,1,18,117,60,19
10,San Pedro,005,0036 ,1137,329,3,8,0,1,12,117,47,22
10,San Pedro,005,0036 ,1138,329,43,2,1,0,24,132,50,21
10,San Pedro,005,0036 ,1139,329,36,4,0,1,15,127,60,15
10,San Pedro,005,0036 ,1140,329,39,2,3,2,15,155,44,16
10,San Pedro,005,0036 ,1141,329,0,10,1,0,16,123,45,15
10,San Pedro,005,0036 ,1142,329,47,3,2,0,22,119,4,18
10,San Pedro,005,0036 ,1143,329,37,1,0,3,12,116,71,18
10,San Pedro,005,0036 ,1144,329,50,0,0,0,24,120,53,15
10,San Pedro,005,0036 ,1145,329,4,3,3,0,8,140,47,24
10,San Pedro,005,0036 ,1146,329,1,0,3,1,28,127,75,10
10,San Pedro,005,0036 ,1147,329,40,0,0,2,13,130,74,16
10,San Pedro,005,0036 ,1148,329,32,5,1,3,28,149,36,13
10,San Pedro,005,0036 ,1149,329,62,1,1,4,25,94,51,29
10,San Pedro,005,0036 ,1150,328,63,0,2,2,19,109,56,21
10,San Pedro,005,0036 ,1151,329,51,2,1,0,17,101,66,25
10,San Pedro,005,0036 ,1152,329,35,5,1,1,20,137,50,18
10,San Pedro,005,0036 ,1153,329,50,2,3,1,14,121,42,31
10,San Pedro,005,0036 ,1154,329,27,7,2,0,19,138,53,14
10,San Pedro,005,0036 ,1155,329,56,3,0,0,13,100,54,26
10,San Pedro,005,0036 ,1156,329,42,8,2,3,15,115,49,21
10,San Pedro,005,0036 ,1157,330,44,4,2,0,27,120,63,16
10,San Pedro,005,0036 ,1158,330,30,6,0,0,25,131,48,16
10,San Pedro,005,0036 ,1159,329,56,1,0,0,23,103,53,32
10,San Pedro,005,0036 ,1160,329,33,2,4,0,15,137,65,13
10,San Pedro,005,0036 ,1161,329,36,2,2,2,26,128,51,21
10,San Pedro,005,0036 ,1162,329,34,6,4,1,17,151,44,14
10,San Pedro,005,0036 ,1163,329,58,0,0,2,11,118,56,31
10,San Pedro,005,0036 ,1164,329,39,1,1,4,12,128,61,17
10,San Pedro,005,0036 ,1165,329,40,0,1,3,19,124,60,22
10,San Pedro,005,0036 ,1166,329,37,5,1,0,17,120,51,29
10,San Pedro,005,0037 ,1167,308,2,5,0,1,24,137,63,10
10,San Pedro,005,0037 ,1168,308,2,4,0,0,15,139,66,17
10,San Pedro,005,0037 ,1169,308,15,2,0,0,16,152,67,11
10,San Pedro,005,0037 ,1170,308,0,0,0,0,21,151,43,7
10,San Pedro,005,0037 ,1171,307,15,4,2,0,20,135,71,14
10,San Pedro,005,0037 ,1172,307,0,5,0,0,14,139,70,11
10,San Pedro,005,0037 ,1173,307,2,1,0,0,19,166,61,13
10,San Pedro,005,0037 ,1174,307,16,3,0,0,15,167,63,6
10,San Pedro,005,0037 ,1175,307,0,0,0,0,13,152,59,12
10,San Pedro,005,0037 ,1176,307,15,3,0,0,29,144,0,14
10,San Pedro,005,0038 ,1177,328,23,3,0,1,12,178,52,10
10,San Pedro,005,0038 ,1178,328,1,3,0,1,18,147,58,8
10,San Pedro,005,0038 ,1179,328,0,0,0,0,11,131,80,21
10,San Pedro,005,0038 ,1180,328,0,9,1,0,11,141,85,10
10,San Pedro,005,0039 ,1181,328,27,1,0,0,16,137,80,7
10,San Pedro,005,0039 ,1182,328,1,1,0,0,23,148,74,12
10,San Pedro,005,0039 ,1183,328,0,0,0,0,0,0,0,0
10,San Pedro,005,0039 ,1184,328,2,2,1,0,9,172,80,3
10,San Pedro,005,0039 ,1185,328,20,5,0,1,11,182,70,3
10,San Pedro,005,0040 ,1186,315,34,0,1,1,3,85,23,126
10,San Pedro,005,0040 ,1187,315,0,0,0,0,0,0,0,0
10,San Pedro,005,0040 ,1188,315,26,1,0,0,3,86,26,109
10,San Pedro,005,0040 ,1189,314,4,0,0,0,5,95,35,114
10,San Pedro,005,0041 ,1190,300,3,1,0,0,9,95,24,90
10,San Pedro,005,0041 ,1191,299,2,0,2,0,8,82,32,91
10,San Pedro,005,0042A,1192,302,36,1,1,0,13,103,51,10
10,San Pedro,005,0042A,1193,301,18,0,0,0,13,100,81,13
10,San Pedro,005,0042B,1194,167,26,1,0,1,6,57,23,2
10,San Pedro,005,0042B,1195,166,6,0,0,0,2,66,23,6
10,San Pedro,005,0043 ,1196,276,22,3,2,2,16,90,96,1
10,San Pedro,005,0043 ,1197,276,28,1,0,0,16,97,80,3
10,San Pedro,005,0043 ,1198,276,26,0,0,0,11,95,71,2
10,San Pedro,005,0043 ,1199,275,25,0,0,0,8,103,97,3
10,San Pedro,005,0045 ,1200,329,0,0,0,0,0,0,0,0
10,San Pedro,005,0045 ,1201,329,65,1,1,0,11,146,46,15
10,San Pedro,005,0045 ,1202,329,1,57,0,0,18,167,39,6
10,San Pedro,005,0045 ,1203,330,48,0,0,0,14,157,54,12
10,San Pedro,005,0045 ,1204,329,62,8,0,0,9,139,52,11
10,San Pedro,005,0045 ,1205,329,46,0,0,1,13,174,42,16
10,San Pedro,005,0045 ,1206,329,32,5,0,1,12,194,38,14
10,San Pedro,005,0045 ,1207,329,0,0,0,0,0,0,0,0
10,San Pedro,005,0045 ,1208,328,52,0,0,2,16,140,47,23
10,San Pedro,005,0045 ,1209,328,53,4,1,4,11,152,39,15
10,San Pedro,005,0045 ,1210,328,67,0,0,0,14,168,33,5
10,San Pedro,005,0045 ,1211,328,1,4,0,0,14,179,38,11
10,San Pedro,005,0046 ,1212,295,14,0,0,0,12,142,38,37
10,San Pedro,005,0046 ,1213,295,15,3,0,1,8,143,44,29
10,San Pedro,005,0046 ,1214,294,26,1,0,0,8,157,19,37
10,San Pedro,005,0046 ,1215,294,2,0,0,2,1,146,34,47
10,Santa Bárbara,006,0048 ,1216,324,23,3,0,0,5,214,16,13
10,Santa Bárbara,006,0048 ,1217,324,2,0,0,1,3,192,27,0
10,Santa Bárbara,006,0048 ,1218,324,6,4,0,0,2,199,15,36
10,Santa Bárbara,006,0048 ,1219,324,0,2,0,0,6,182,23,10
10,Santa Bárbara,006,0048 ,1220,324,16,5,0,0,0,202,24,15
10,Santa Bárbara,006,0048 ,1221,323,3,0,0,0,3,181,26,16
10,Santa Bárbara,006,0048 ,1222,323,24,1,1,0,3,216,21,6
10,Santa Bárbara,006,0048 ,1223,323,37,1,0,0,1,195,32,10
10,Santa Bárbara,006,0048 ,1224,323,1,2,0,0,0,218,20,7
10,Santa Bárbara,006,0048 ,1225,323,0,0,0,0,0,0,0,0
10,Santa Bárbara,006,0048 ,1226,323,2,1,0,1,2,199,24,4
10,Santa Bárbara,006,0048 ,1227,323,3,3,0,0,1,5,10,2
10,Santa Bárbara,006,0048 ,1228,323,35,0,0,0,1,202,20,12
10,Santa Bárbara,006,0049 ,1229,230,1,1,1,0,1,93,36,46
10,Santa Bárbara,006,0049 ,1230,230,1,1,1,0,2,94,14,73
10,Santa Bárbara,006,0049 ,1231,230,0,0,0,0,0,0,0,0
10,Santa Bárbara,006,0050 ,1232,291,9,0,1,0,2,145,102,8
10,Santa Bárbara,006,0050 ,1233,291,1,0,0,1,8,0,101,0
10,Santa Bárbara,006,0050 ,1234,291,2,2,0,1,1,149,71,4
10,Santa Bárbara,006,0050 ,1235,291,1,1,0,0,2,125,110,0
10,Santa Bárbara,006,0050 ,1236,291,2,1,0,0,4,135,92,2
10,Santa Bárbara,006,0050 ,1237,290,11,0,0,0,1,113,112,5
10,Santa Bárbara,006,0050 ,1238,290,14,5,1,1,7,110,91,6
10,Santa Bárbara,006,0050 ,1239,290,1,0,0,0,5,104,94,2
10,Santa Bárbara,006,0051A,1240,308,0,0,0,0,0,0,0,0
10,Santa Bárbara,006,0051A,1241,307,2,5,0,0,4,64,64,73
10,Santa Bárbara,006,0051A,1242,307,0,0,0,0,0,0,0,0
10,Santa Bárbara,006,0051B,1243,297,0,0,0,0,8,88,81,9
10,Santa Bárbara,006,0051B,1244,297,0,0,0,0,0,0,0,0
10,Santa Bárbara,006,0051B,1245,297,1,4,0,0,9,85,93,12
10,Santa Bárbara,006,0051B,1246,297,1,6,0,0,6,76,88,11
10,Santa Bárbara,006,0051B,1247,297,2,2,0,0,0,91,47,0
10,Santa Bárbara,006,0051B,1248,296,1,0,0,1,9,50,94,18
10,Santa Bárbara,006,0051B,1249,296,53,1,0,0,8,73,88,16
10,Santa Bárbara,006,0051B,1250,296,2,6,0,0,6,86,82,15
10,Santa Bárbara,006,0052 ,1251,309,0,0,0,0,0,0,0,0
10,Santa Bárbara,006,0052 ,1252,309,35,4,0,0,5,182,23,17
10,Santa Bárbara,006,0052 ,1253,309,37,3,0,0,2,141,40,32
10,Santa Bárbara,006,0052 ,1254,309,0,0,0,0,0,0,0,0
10,Santa Bárbara,006,0052 ,1255,309,0,0,0,0,0,0,0,0
10,Santa Bárbara,006,0052 ,1256,309,0,0,0,0,0,0,0,0
10,Santa Bárbara,006,0052 ,1257,309,1,3,0,1,8,146,34,23
10,Santa Bárbara,006,0052 ,1258,309,24,10,1,0,6,161,36,19
10,Santa Bárbara,006,0052 ,1259,309,33,3,1,1,4,148,50,27
10,Santa Bárbara,006,0052 ,1260,308,4,1,0,0,4,159,27,0
10,Santa Bárbara,006,0052 ,1261,308,0,0,0,0,0,0,0,0
10,Santa Bárbara,006,0052 ,1262,308,46,7,0,0,5,154,35,9
10,Santa Bárbara,006,0052 ,1263,308,5,5,0,0,1,150,48,16
10,Ledesma,007,0053 ,1264,328,35,7,1,0,60,86,20,27
10,Ledesma,007,0053 ,1265,328,77,4,2,0,42,92,22,14
10,Ledesma,007,0053 ,1266,328,47,3,3,2,62,98,21,34
10,Ledesma,007,0053 ,1267,328,53,9,1,2,61,92,14,30
10,Ledesma,007,0053 ,1268,328,52,1,2,0,45,101,17,24
10,Ledesma,007,0053 ,1269,328,63,0,4,0,40,118,14,27
10,Ledesma,007,0053 ,1270,328,31,19,3,0,40,106,22,21
10,Ledesma,007,0053 ,1271,328,0,0,0,0,0,0,0,0
10,Ledesma,007,0053 ,1272,328,0,0,0,1,41,103,18,33
10,Ledesma,007,0053 ,1273,328,6,13,1,1,39,101,19,33
10,Ledesma,007,0053 ,1274,328,51,10,4,2,45,112,20,24
10,Ledesma,007,0053 ,1275,328,72,0,2,4,38,95,15,12
10,Ledesma,007,0053 ,1276,328,0,0,0,0,0,0,0,0
10,Ledesma,007,0053 ,1277,328,50,4,1,2,51,97,23,29
10,Ledesma,007,0053 ,1278,328,46,0,2,2,58,112,13,24
10,Ledesma,007,0053 ,1279,328,60,0,4,3,62,100,18,19
10,Ledesma,007,0053 ,1280,328,55,4,1,0,67,83,24,34
10,Ledesma,007,0053 ,1281,328,59,0,5,2,51,95,22,27
10,Ledesma,007,0053 ,1282,328,65,5,3,0,43,99,25,28
10,Ledesma,007,0053 ,1283,328,44,2,5,0,30,115,21,26
10,Ledesma,007,0053 ,1284,328,60,2,5,0,44,109,22,29
10,Ledesma,007,0053 ,1285,328,9,9,9,0,62,93,22,30
10,Ledesma,007,0053 ,1286,328,68,1,4,0,39,113,16,26
10,Ledesma,007,0053 ,1287,328,64,6,2,1,58,96,17,22
10,Ledesma,007,0053 ,1288,328,3,3,3,0,49,106,20,37
10,Ledesma,007,0053 ,1289,328,57,4,5,2,62,83,17,29
10,Ledesma,007,0053 ,1290,328,2,12,5,0,61,3,14,37
10,Ledesma,007,0053 ,1291,328,57,5,0,1,45,97,17,24
10,Ledesma,007,0053 ,1292,328,0,0,2,1,52,107,25,25
10,Ledesma,007,0053 ,1293,328,0,0,0,0,0,0,0,0
10,Ledesma,007,0053 ,1294,328,69,0,3,2,35,107,17,33
10,Ledesma,007,0053 ,1295,328,0,0,2,1,41,99,24,18
10,Ledesma,007,0053 ,1296,328,52,5,5,0,30,109,23,29
10,Ledesma,007,0053 ,1297,328,49,11,4,4,38,102,18,35
10,Ledesma,007,0053 ,1298,328,0,9,4,1,37,38,18,32
10,Ledesma,007,0053 ,1299,328,44,3,1,1,45,105,26,19
10,Ledesma,007,0053 ,1300,328,0,0,0,0,0,0,0,0
10,Ledesma,007,0053 ,1301,328,5,0,2,0,35,96,20,26
10,Ledesma,007,0053 ,1302,328,0,0,0,0,0,0,0,0
10,Ledesma,007,0053 ,1303,328,0,0,0,0,0,0,0,0
10,Ledesma,007,0053 ,1304,328,58,6,6,2,47,94,18,21
10,Ledesma,007,0053 ,1305,328,0,0,0,0,0,0,0,0
10,Ledesma,007,0053 ,1306,328,0,0,0,0,0,0,0,0
10,Ledesma,007,0053 ,1307,328,0,0,0,0,0,0,0,0
10,Ledesma,007,0053 ,1308,328,0,0,0,0,0,0,0,0
10,Ledesma,007,0053 ,1309,328,0,0,0,0,0,0,0,0
10,Ledesma,007,0053 ,1310,328,69,2,2,1,59,93,15,16
10,Ledesma,007,0053 ,1311,328,56,6,3,1,43,105,18,23
10,Ledesma,007,0053 ,1312,328,7,8,3,0,47,78,15,23
10,Ledesma,007,0053 ,1313,328,42,2,4,0,55,115,16,19
10,Ledesma,007,0053 ,1314,328,53,2,3,3,47,117,15,26
10,Ledesma,007,0053 ,1315,328,38,0,0,1,61,99,24,23
10,Ledesma,007,0053 ,1316,328,51,5,2,1,56,110,21,32
10,Ledesma,007,0053 ,1317,328,5,4,1,0,47,98,22,27
10,Ledesma,007,0053 ,1318,328,5,5,3,1,61,100,14,32
10,Ledesma,007,0053 ,1319,328,48,9,0,0,53,103,10,24
10,Ledesma,007,0053 ,1320,328,59,2,7,2,28,104,12,29
10,Ledesma,007,0053 ,1321,328,54,3,4,1,54,92,21,33
10,Ledesma,007,0053 ,1322,327,47,4,4,0,36,93,27,28
10,Ledesma,007,0053 ,1323,328,56,3,5,1,47,92,10,25
10,Ledesma,007,0053 ,1324,328,45,4,5,0,64,91,18,23
10,Ledesma,007,0053 ,1325,328,40,16,3,1,49,110,16,26
10,Ledesma,007,0053 ,1326,328,53,9,1,2,42,108,21,24
10,Ledesma,007,0053 ,1327,328,62,2,1,1,37,107,22,37
10,Ledesma,007,0053 ,1328,328,51,2,4,0,41,109,23,32
10,Ledesma,007,0053 ,1329,328,60,3,2,0,50,102,20,32
10,Ledesma,007,0053 ,1330,328,35,0,0,1,56,119,14,23
10,Ledesma,007,0053 ,1331,328,45,7,2,0,29,122,18,22
10,Ledesma,007,0053 ,1332,328,49,14,2,1,40,94,21,23
10,Ledesma,007,0053 ,1333,328,3,9,3,0,43,106,17,37
10,Ledesma,007,0053 ,1334,328,48,4,5,1,59,99,14,23
10,Ledesma,007,0053 ,1335,328,56,3,3,0,54,101,19,28
10,Ledesma,007,0053 ,1336,328,2,3,1,1,49,114,13,29
10,Ledesma,007,0053 ,1337,329,46,0,5,0,34,118,23,35
10,Ledesma,007,0053 ,1338,328,13,1,2,2,60,108,17,17
10,Ledesma,007,0053 ,1339,328,1,9,2,0,60,101,17,13
10,Ledesma,007,0053 ,1340,328,61,2,2,0,46,97,15,28
10,Ledesma,007,0053 ,1341,328,54,4,3,0,44,102,14,32
10,Ledesma,007,0053 ,1342,329,55,17,3,0,45,86,18,27
10,Ledesma,007,0053 ,1343,328,1,1,2,0,55,104,14,31
10,Ledesma,007,0053 ,1344,328,63,8,4,0,40,92,18,22
10,Ledesma,007,0053 ,1345,328,53,11,1,2,45,85,20,30
10,Ledesma,007,0053 ,1346,328,4,5,2,1,54,102,13,29
10,Ledesma,007,0053 ,1347,328,44,3,1,0,54,104,27,26
10,Ledesma,007,0053 ,1348,328,4,3,3,0,81,88,20,34
10,Ledesma,007,0053 ,1349,327,44,3,4,0,58,100,24,24
10,Ledesma,007,0053 ,1350,327,5,3,2,0,41,112,22,14
10,Ledesma,007,0053 ,1351,327,50,4,2,1,34,105,18,23
10,Ledesma,007,0053 ,1352,327,3,4,4,1,46,97,20,28
10,Ledesma,007,0053 ,1353,327,70,2,3,3,28,87,70,31
10,Ledesma,007,0053 ,1354,327,54,2,3,0,46,109,20,30
10,Ledesma,007,0053 ,1355,327,15,0,2,0,58,98,13,27
10,Ledesma,007,0053 ,1356,327,7,1,0,0,33,108,22,33
10,Ledesma,007,0053 ,1357,327,53,2,1,2,55,107,17,30
10,Ledesma,007,0053 ,1358,327,60,6,5,1,53,93,17,20
10,Ledesma,007,0053 ,1359,327,54,6,1,0,63,98,15,25
10,Ledesma,007,0053 ,1360,327,3,0,4,3,53,104,24,33
10,Ledesma,007,0053 ,1361,327,46,5,4,2,45,113,15,23
10,Ledesma,007,0053 ,1362,327,1,12,5,5,52,87,20,13
10,Ledesma,007,0053 ,1363,327,71,9,2,1,47,88,17,32
10,Ledesma,007,0053 ,1364,327,46,6,2,0,44,110,14,32
10,Ledesma,007,0053 ,1365,327,0,0,0,0,0,0,0,0
10,Ledesma,007,0053 ,1366,327,5,3,1,1,64,103,24,16
10,Ledesma,007,0053 ,1367,327,0,5,2,0,68,98,15,27
10,Ledesma,007,0053 ,1368,327,58,3,8,2,45,91,14,29
10,Ledesma,007,0053 ,1369,327,4,5,0,5,49,107,20,26
10,Ledesma,007,0054 ,1370,308,42,4,2,3,24,122,18,14
10,Ledesma,007,0054 ,1371,309,37,4,3,1,36,127,16,12
10,Ledesma,007,0054 ,1372,309,38,8,3,0,51,118,18,10
10,Ledesma,007,0054 ,1373,309,0,1,2,0,32,121,11,12
10,Ledesma,007,0054 ,1374,308,42,2,2,0,38,125,13,10
10,Ledesma,007,0054 ,1375,308,6,3,0,2,43,130,18,8
10,Ledesma,007,0054 ,1376,308,46,3,3,0,36,91,20,16
10,Ledesma,007,0057 ,1377,140,0,0,0,0,1,50,13,6
10,Ledesma,007,0060 ,1378,39,2,0,0,0,0,6,1,0
10,Ledesma,007,0061 ,1379,194,1,0,0,0,10,10,11,22
10,Ledesma,007,0064 ,1380,318,2,1,0,0,22,117,36,37
10,Ledesma,007,0064 ,1381,319,1,6,1,0,13,126,33,52
10,Ledesma,007,0064 ,1382,318,4,5,1,0,12,120,0,52
10,Ledesma,007,0064 ,1383,318,42,3,0,2,18,122,28,57
10,Ledesma,007,0064 ,1384,318,44,3,1,2,14,110,26,62
10,Ledesma,007,0064 ,1385,318,2,1,1,0,21,123,25,49
10,Ledesma,007,0064 ,1386,318,54,2,2,0,18,126,16,53
10,Ledesma,007,0064 ,1387,318,4,0,3,0,13,102,27,60
10,Ledesma,007,0064 ,1388,318,3,3,0,0,21,115,20,54
10,Ledesma,007,0064 ,1389,318,6,0,1,0,24,99,37,49
10,Ledesma,007,0064 ,1390,317,43,0,2,1,17,123,38,40
10,Ledesma,007,0064 ,1391,317,39,3,0,1,17,113,38,44
10,Ledesma,007,0064 ,1392,317,50,0,0,0,12,130,26,49
10,Ledesma,007,0064 ,1393,317,3,3,0,1,16,122,26,58
10,Ledesma,007,0064 ,1394,317,0,0,1,0,23,104,26,38
10,Ledesma,007,0066 ,1395,325,96,1,0,0,11,159,20,13
10,Ledesma,007,0066 ,1396,325,82,0,0,0,9,152,16,19
10,Ledesma,007,0066 ,1397,325,88,0,1,0,2,151,18,13
10,Ledesma,007,0066 ,1398,325,0,0,0,0,0,0,0,0
10,Ledesma,007,0066 ,1399,326,2,4,0,0,4,142,24,15
10,Ledesma,007,0066 ,1400,325,103,0,0,0,4,130,24,9
10,Ledesma,007,0066 ,1401,325,0,0,0,0,0,0,0,0
10,Ledesma,007,0066 ,1402,325,0,0,0,1,9,151,17,10
10,Ledesma,007,0066 ,1403,325,83,2,0,0,8,135,27,10
10,Ledesma,007,0066 ,1404,325,69,3,0,1,6,159,28,8
10,Ledesma,007,0066 ,1405,325,0,0,0,0,8,142,20,4
10,Ledesma,007,0066 ,1406,325,0,0,0,0,0,0,0,0
10,Ledesma,007,0066 ,1407,325,2,3,1,0,9,131,15,24
10,Ledesma,007,0066 ,1408,325,0,1,0,0,12,158,15,13
10,Ledesma,007,0066 ,1409,325,5,0,1,1,4,151,9,10
10,Ledesma,007,0066 ,1410,325,0,0,0,0,0,0,0,0
10,Ledesma,007,0066 ,1411,325,246,0,1,0,4,0,4,10
10,Ledesma,007,0066 ,1412,325,90,2,0,0,7,162,17,12
10,Ledesma,007,0066 ,1413,326,1,1,0,0,4,119,17,8
10,Ledesma,007,0066 ,1414,325,2,0,1,1,1,166,18,5
10,Ledesma,007,0066 ,1415,325,1,1,0,1,5,173,0,6
10,Ledesma,007,0066 ,1416,325,90,0,1,0,6,161,19,9
10,Ledesma,007,0066 ,1417,325,85,0,1,0,7,148,12,11
10,Ledesma,007,0066 ,1418,325,77,1,0,0,5,163,18,13
10,Ledesma,007,0066 ,1419,325,0,0,0,0,10,146,14,11
10,Ledesma,007,0066 ,1420,325,68,2,0,0,4,165,16,15
10,Ledesma,007,0066 ,1421,325,0,0,0,0,0,0,0,0
10,Ledesma,007,0066 ,1422,325,2,1,0,0,8,171,13,12
10,Ledesma,007,0066 ,1423,326,0,0,0,1,5,144,24,8
10,Ledesma,007,0066 ,1424,324,4,0,1,0,10,138,25,10
10,Ledesma,007,0066 ,1425,324,70,1,1,0,13,155,23,12
10,Ledesma,007,0066 ,1426,324,81,8,0,0,8,141,18,17
10,Ledesma,007,0066 ,1427,324,84,2,0,0,0,0,0,0
10,Ledesma,007,0066 ,1428,324,1,1,0,0,1,178,20,5
10,Ledesma,007,0067 ,1429,298,0,0,2,7,7,138,26,13
10,Ledesma,007,0067 ,1430,297,58,1,0,3,7,137,20,9
10,Ledesma,007,0067 ,1431,298,210,1,0,1,5,0,14,14
10,Ledesma,007,0069 ,1432,317,0,0,0,0,0,0,0,0
10,Ledesma,007,0069 ,1433,317,5,4,0,0,3,164,28,17
10,Ledesma,007,0069 ,1434,317,0,0,0,0,0,0,0,0
10,Ledesma,007,0069 ,1435,317,41,4,0,1,2,163,48,4
10,Ledesma,007,0069 ,1436,317,0,0,0,0,0,0,0,0
10,Ledesma,007,0069 ,1437,317,34,10,0,1,3,174,29,6
10,Ledesma,007,0069 ,1438,317,2,0,1,2,2,132,35,12
10,Ledesma,007,0069 ,1439,317,29,3,2,0,2,175,23,19
10,Ledesma,007,0069 ,1440,317,32,2,0,4,3,159,32,27
10,Ledesma,007,0069 ,1441,317,40,2,0,1,5,183,23,8
10,Ledesma,007,0069 ,1442,317,35,0,0,0,4,161,33,19
10,Ledesma,007,0069 ,1443,317,5,2,0,0,5,173,21,4
10,Ledesma,007,0069 ,1444,317,34,3,0,1,7,159,30,9
10,Ledesma,007,0069 ,1445,317,0,0,0,0,0,0,0,0
10,Ledesma,007,0069 ,1446,317,53,0,0,0,3,160,10,18
10,Ledesma,007,0069 ,1447,317,51,5,0,1,3,153,31,14
10,Ledesma,007,0069 ,1448,317,29,20,0,1,2,159,22,22
10,Ledesma,007,0069 ,1449,316,35,4,0,0,1,188,25,8
10,Ledesma,007,0069 ,1450,316,38,1,0,0,2,159,34,22
10,Ledesma,007,0069 ,1451,316,46,0,1,0,3,166,22,14
10,Ledesma,007,0070 ,1452,321,47,0,0,1,2,123,63,41
10,Ledesma,007,0070 ,1453,321,2,4,0,0,7,113,74,41
10,Ledesma,007,0070 ,1454,321,44,3,1,0,7,135,51,25
10,Ledesma,007,0070 ,1455,321,39,0,1,0,7,119,87,29
10,Ledesma,007,0070 ,1456,321,28,2,0,1,4,152,73,24
10,Ledesma,007,0070 ,1457,321,40,1,1,0,5,123,65,27
10,Ledesma,007,0070 ,1458,321,0,0,0,0,0,0,0,0
10,Ledesma,007,0070 ,1459,322,0,0,0,0,0,0,0,0
10,Ledesma,007,0070 ,1460,321,0,0,0,0,0,0,0,0
10,Ledesma,007,0070 ,1461,320,26,8,0,0,5,115,81,40
10,Ledesma,007,0070 ,1462,320,32,1,1,0,3,134,81,22
10,Ledesma,007,0070 ,1463,320,33,1,1,0,5,113,80,32
10,Ledesma,007,0070 ,1464,320,31,2,3,0,4,0,66,0
10,Valle Grande,008,0071A,1465,310,0,0,0,0,0,0,0,0
10,Valle Grande,008,0071B,1466,303,0,0,0,0,0,0,0,0
10,Valle Grande,008,0071B,1467,304,0,0,0,0,0,0,0,0
10,Valle Grande,008,0072 ,1468,59,0,0,0,0,0,0,0,0
10,Valle Grande,008,0073A,1469,231,0,0,0,0,0,0,0,0
10,Valle Grande,008,0073A,1470,229,0,0,0,0,0,0,0,0
10,Valle Grande,008,0073A,1471,230,0,0,0,0,0,0,0,0
10,Valle Grande,008,0073B,1472,27,0,0,0,0,0,0,0,0
10,Valle Grande,008,0074A,1473,226,0,0,0,0,0,0,0,0
10,Valle Grande,008,0074A,1474,225,0,0,0,0,0,0,0,0
10,Valle Grande,008,0074B,1475,227,0,0,0,0,0,0,0,0
10,Valle Grande,008,0075 ,1476,326,0,0,0,0,0,0,0,0
10,Tumbaya,009,0076 ,1477,287,12,4,0,0,8,100,36,89
10,Tumbaya,009,0076 ,1478,287,20,0,0,0,10,113,46,59
10,Tumbaya,009,0076 ,1479,286,11,2,0,1,11,101,38,83
10,Tumbaya,009,0077 ,1480,107,0,0,0,0,3,28,50,2
10,Tumbaya,009,0078 ,1481,302,0,0,0,0,0,0,0,0
10,Tumbaya,009,0078 ,1482,302,19,5,2,2,0,92,59,69
10,Tumbaya,009,0078 ,1483,302,19,0,0,2,14,80,63,76
10,Tumbaya,009,0078 ,1484,302,27,0,0,0,11,73,56,90
10,Tumbaya,009,0078 ,1485,301,0,0,0,0,0,0,0,0
10,Tumbaya,009,0078 ,1486,300,0,2,0,2,14,73,52,91
10,Tumbaya,009,0079 ,1487,306,26,5,1,0,14,114,69,24
10,Tumbaya,009,0079 ,1488,306,0,0,0,0,0,0,0,0
10,Tumbaya,009,0079 ,1489,305,36,0,0,0,25,95,88,14
10,Tumbaya,009,0079 ,1490,305,29,3,1,2,16,96,92,15
10,Tumbaya,009,0080 ,1491,109,12,1,0,0,3,26,33,6
10,Tumbaya,009,0081 ,1492,280,0,0,0,0,0,0,0,0
10,Tumbaya,009,0082 ,1493,218,2,1,0,0,8,51,74,28
10,Tumbaya,009,0082 ,1494,217,0,2,0,0,14,72,55,20
10,Tilcara,010,0083 ,1495,316,33,6,0,0,0,0,0,0
10,Tilcara,010,0083 ,1496,317,40,4,0,4,29,97,51,37
10,Tilcara,010,0083 ,1497,316,40,4,2,1,25,96,45,43
10,Tilcara,010,0083 ,1498,316,38,6,3,1,24,85,42,56
10,Tilcara,010,0083 ,1499,315,52,7,0,1,17,90,48,44
10,Tilcara,010,0083 ,1500,315,31,1,2,2,26,95,50,42
10,Tilcara,010,0083 ,1501,316,42,4,0,0,22,82,63,47
10,Tilcara,010,0083 ,1502,315,40,7,1,0,24,93,44,44
10,Tilcara,010,0083 ,1503,315,32,7,0,0,29,88,52,56
10,Tilcara,010,0083 ,1504,315,30,13,1,3,28,90,36,52
10,Tilcara,010,0083 ,1505,315,4,9,1,1,21,96,39,47
10,Tilcara,010,0083 ,1506,316,26,12,2,0,24,85,48,57
10,Tilcara,010,0083 ,1507,315,46,3,2,3,22,89,41,51
10,Tilcara,010,0083 ,1508,315,43,4,1,1,27,99,37,50
10,Tilcara,010,0083 ,1509,315,40,2,1,0,20,95,42,62
10,Tilcara,010,0083 ,1510,315,43,1,0,0,27,91,43,51
10,Tilcara,010,0084A,1511,74,0,0,0,0,0,0,0,0
10,Tilcara,010,0084B,1512,104,0,0,0,0,0,0,0,0
10,Tilcara,010,0085 ,1513,79,0,0,0,0,0,0,0,0
10,Tilcara,010,0086 ,1514,240,28,0,3,1,9,67,35,58
10,Tilcara,010,0087 ,1515,308,41,5,0,0,23,72,41,67
10,Tilcara,010,0087 ,1516,307,0,0,0,0,0,0,0,0
10,Tilcara,010,0087 ,1517,307,33,4,0,0,19,101,43,58
10,Tilcara,010,0087 ,1518,305,34,2,1,1,25,86,57,48
10,Tilcara,010,0087 ,1519,307,41,0,1,1,22,73,58,64
10,Tilcara,010,0087 ,1520,306,0,0,0,0,0,0,0,0
10,Tilcara,010,0087 ,1521,306,38,1,2,0,21,75,58,50
10,Tilcara,010,0087 ,1522,305,40,7,1,1,20,66,66,56
10,Tilcara,010,0087 ,1523,306,0,0,0,0,0,0,0,0
10,Tilcara,010,0087 ,1524,306,27,3,2,0,32,79,48,49
10,Tilcara,010,0088A,1525,326,0,3,0,2,34,125,59,21
10,Tilcara,010,0088A,1526,325,37,2,1,1,13,112,75,22
10,Tilcara,010,0088A,1527,325,44,0,1,1,20,112,77,11
10,Tilcara,010,0088A,1528,325,31,0,2,0,8,106,90,17
10,Tilcara,010,0088B,1529,324,36,7,1,0,8,97,109,20
10,Tilcara,010,0089 ,1530,36,0,0,0,0,0,0,0,0
10,Humahuaca,011,0090A,1531,323,50,4,3,5,41,62,55,25
10,Humahuaca,011,0090A,1532,323,5,15,3,3,33,66,49,33
10,Humahuaca,011,0090A,1533,323,53,11,2,9,53,63,48,19
10,Humahuaca,011,0090A,1534,323,44,3,3,3,48,65,68,14
10,Humahuaca,011,0090A,1535,323,0,0,0,0,0,0,0,0
10,Humahuaca,011,0090A,1536,323,64,0,2,8,42,65,53,22
10,Humahuaca,011,0090A,1537,323,55,8,1,7,44,68,57,17
10,Humahuaca,011,0090A,1538,323,44,3,3,4,45,71,49,24
10,Humahuaca,011,0090A,1539,323,41,4,1,12,45,77,49,19
10,Humahuaca,011,0090A,1540,323,44,6,3,10,26,82,57,19
10,Humahuaca,011,0090A,1541,323,0,5,3,5,31,77,57,21
10,Humahuaca,011,0090A,1542,323,45,12,0,4,37,73,60,15
10,Humahuaca,011,0090A,1543,323,51,8,2,14,35,62,47,23
10,Humahuaca,011,0090A,1544,323,51,9,1,10,41,60,67,14
10,Humahuaca,011,0090A,1545,324,63,8,1,3,46,70,57,10
10,Humahuaca,011,0090A,1546,323,4,4,1,8,40,65,56,15
10,Humahuaca,011,0090A,1547,323,26,42,2,9,39,60,44,26
10,Humahuaca,011,0090A,1548,323,51,6,1,8,34,64,79,19
10,Humahuaca,011,0090A,1549,322,0,0,0,0,0,0,0,0
10,Humahuaca,011,0090A,1550,322,45,3,1,8,45,59,56,28
10,Humahuaca,011,0090A,1551,322,41,9,2,10,38,54,61,35
10,Humahuaca,011,0090A,1552,323,57,3,1,4,38,57,73,20
10,Humahuaca,011,0090A,1553,322,53,2,2,1,40,68,60,18
10,Humahuaca,011,0090A,1554,322,3,7,1,6,30,69,51,20
10,Humahuaca,011,0090A,1555,322,54,0,1,4,41,62,64,24
10,Humahuaca,011,0090A,1556,322,53,6,1,2,38,88,48,26
10,Humahuaca,011,0090A,1557,322,0,0,3,0,0,0,0,0
10,Humahuaca,011,0090B,1558,120,20,3,0,0,7,27,25,11
10,Humahuaca,011,0090C,1559,29,0,0,0,3,1,3,7,2
10,Humahuaca,011,0091 ,1560,251,48,5,0,2,23,58,50,16
10,Humahuaca,011,0092A,1561,223,28,4,2,8,19,49,40,24
10,Humahuaca,011,0092A,1562,222,25,4,1,11,14,58,44,24
10,Humahuaca,011,0092A,1563,222,21,2,0,3,18,46,43,32
10,Humahuaca,011,0092B,1564,43,2,0,0,1,1,9,16,2
10,Humahuaca,011,0092C,1565,63,10,1,0,2,5,23,5,0
10,Humahuaca,011,0093 ,1566,120,19,4,0,2,2,29,16,3
10,Humahuaca,011,0094 ,1567,313,0,4,1,1,6,104,73,54
10,Humahuaca,011,0094 ,1568,313,20,1,1,2,4,114,78,45
10,Humahuaca,011,0095 ,1569,213,21,1,0,0,19,105,18,20
10,Humahuaca,011,0095 ,1570,212,16,2,0,0,10,105,25,23
10,Humahuaca,011,0096A,1571,195,21,0,1,0,5,73,45,29
10,Humahuaca,011,0096B,1572,80,0,0,0,0,1,12,17,23
10,Humahuaca,011,0097 ,1573,302,2,1,0,0,0,0,0,0
10,Humahuaca,011,0097 ,1574,302,24,0,0,0,22,77,10,77
10,Humahuaca,011,0097 ,1575,301,33,3,2,1,39,73,18,62
10,Humahuaca,011,0097 ,1576,301,1,2,0,2,34,74,15,63
10,Humahuaca,011,0097 ,1577,302,44,1,0,0,31,76,13,53
10,Humahuaca,011,0097 ,1578,301,31,6,3,2,26,62,33,72
10,Humahuaca,011,0098 ,1579,238,27,2,0,0,11,57,62,18
10,Humahuaca,011,0098 ,1580,238,28,2,0,2,17,65,58,21
10,Humahuaca,011,0098 ,1581,237,26,1,2,2,11,73,46,16
10,Cochinoca,012,0099A,1582,330,49,1,0,4,30,66,76,33
10,Cochinoca,012,0099A,1583,329,56,7,2,1,33,78,71,23
10,Cochinoca,012,0099A,1584,329,1,1,1,11,29,64,84,23
10,Cochinoca,012,0099A,1585,329,33,9,0,5,29,74,79,23
10,Cochinoca,012,0099A,1586,328,38,3,1,9,21,89,87,13
10,Cochinoca,012,0099A,1587,328,62,6,0,6,23,79,63,26
10,Cochinoca,012,0099A,1588,328,58,0,0,1,33,92,54,20
10,Cochinoca,012,0099A,1589,328,45,3,0,1,39,71,72,18
10,Cochinoca,012,0099A,1590,328,41,2,4,10,29,88,58,25
10,Cochinoca,012,0099A,1591,328,33,0,1,1,27,88,72,38
10,Cochinoca,012,0099A,1592,328,49,5,2,8,42,59,50,44
10,Cochinoca,012,0099A,1593,328,40,2,1,4,31,81,71,28
10,Cochinoca,012,0099A,1594,328,37,8,3,2,35,83,61,24
10,Cochinoca,012,0099A,1595,328,37,3,1,2,43,73,70,13
10,Cochinoca,012,0099A,1596,328,47,1,0,2,22,71,68,30
10,Cochinoca,012,0099A,1597,328,46,9,1,2,34,80,63,24
10,Cochinoca,012,0099A,1598,328,45,7,0,7,29,68,71,22
10,Cochinoca,012,0099A,1599,328,28,6,0,2,41,82,73,35
10,Cochinoca,012,0099A,1600,328,40,9,4,3,22,104,49,14
10,Cochinoca,012,0099A,1601,328,42,4,2,3,35,65,80,16
10,Cochinoca,012,0099A,1602,328,38,7,2,3,51,75,0,20
10,Cochinoca,012,0099B,1603,33,0,0,0,0,0,4,17,2
10,Cochinoca,012,0100A,1604,278,1,0,0,0,6,72,76,78
10,Cochinoca,012,0100A,1605,277,0,7,0,3,10,66,50,84
10,Cochinoca,012,0100B,1606,33,4,0,0,0,3,13,3,0
10,Cochinoca,012,0101 ,1607,177,36,4,0,2,4,34,37,10
10,Cochinoca,012,0102A,1608,288,1,4,0,3,5,36,96,27
10,Cochinoca,012,0102B,1609,131,0,3,0,3,3,38,22,5
10,Cochinoca,012,0103 ,1610,99,10,3,0,0,5,31,14,6
10,Cochinoca,012,0104 ,1611,221,27,3,0,1,9,51,42,27
10,Cochinoca,012,0105 ,1612,270,2,9,0,0,13,75,102,9
10,Cochinoca,012,0106A,1613,219,14,0,0,0,4,73,94,7
10,Cochinoca,012,0106A,1614,219,8,0,0,0,5,63,101,4
10,Cochinoca,012,0106B,1615,204,3,0,0,3,6,56,102,8
10,Cochinoca,012,0106B,1616,204,3,1,0,1,15,52,109,10
10,Cochinoca,012,0107 ,1617,218,0,1,0,1,11,63,84,11
10,Cochinoca,012,0107 ,1618,218,2,16,0,1,9,85,67,3
10,Rinconada,013,0108 ,1619,314,43,3,0,1,7,68,131,5
10,Rinconada,013,0108 ,1620,313,52,3,1,1,6,64,111,8
10,Rinconada,013,0109 ,1621,228,1,0,0,0,1,96,59,14
10,Rinconada,013,0109 ,1622,227,0,1,0,0,0,105,60,0
10,Rinconada,013,0110 ,1623,198,0,0,0,0,5,101,37,9
10,Rinconada,013,0111A,1624,185,33,0,0,0,4,53,55,1
10,Rinconada,013,0111B,1625,90,0,4,0,0,0,28,22,0
10,Santa Catalina,014,0112A,1626,329,25,3,0,1,6,62,116,44
10,Santa Catalina,014,0112A,1627,329,20,1,1,0,6,65,132,37
10,Santa Catalina,014,0112B,1628,106,0,0,0,0,1,23,32,14
10,Santa Catalina,014,0113 ,1629,44,1,1,0,0,0,8,10,6
10,Santa Catalina,014,0114 ,1630,173,10,0,0,0,4,67,48,11
10,Santa Catalina,014,0114 ,1631,173,8,1,0,1,8,72,44,11
10,Santa Catalina,014,0114A,1632,195,1,4,0,0,14,69,13,53
10,Santa Catalina,014,0115A,1633,208,0,1,0,0,5,17,73,63
10,Santa Catalina,014,0115B,1634,141,0,0,0,0,0,43,45,16
10,Santa Catalina,014,0116A,1635,124,6,2,0,0,1,36,38,24
10,Santa Catalina,014,0116B,1636,171,3,1,0,0,2,29,103,8
10,Santa Catalina,014,0116B,1637,171,0,0,0,0,3,49,76,11
10,Santa Catalina,014,0116C,1638,189,4,2,0,0,3,65,53,5
10,Santa Catalina,014,0116C,1639,189,0,0,0,0,0,0,0,0
10,Santa Catalina,014,0117 ,1640,96,3,0,0,0,0,38,22,12
10,Yavi,015,0118 ,1641,324,3,3,1,3,20,69,65,30
10,Yavi,015,0118 ,1642,324,52,4,0,4,0,64,69,26
10,Yavi,015,0118 ,1643,324,30,4,2,2,29,86,49,36
10,Yavi,015,0118 ,1644,324,39,5,2,0,37,57,61,28
10,Yavi,015,0118 ,1645,324,2,3,0,2,43,48,53,35
10,Yavi,015,0118 ,1646,324,0,0,0,0,0,0,0,0
10,Yavi,015,0118 ,1647,324,42,5,2,1,16,87,45,35
10,Yavi,015,0118 ,1648,324,52,0,0,1,25,63,79,39
10,Yavi,015,0118 ,1649,324,2,7,0,3,24,73,43,35
10,Yavi,015,0118 ,1650,324,10,3,0,1,16,61,49,28
10,Yavi,015,0118 ,1651,324,53,7,2,2,21,66,60,30
10,Yavi,015,0118 ,1652,324,44,5,2,1,26,62,63,32
10,Yavi,015,0118 ,1653,324,45,3,1,1,38,76,53,35
10,Yavi,015,0118 ,1654,324,42,5,3,2,20,79,50,26
10,Yavi,015,0118 ,1655,324,47,13,0,2,13,71,69,20
10,Yavi,015,0118 ,1656,324,42,11,0,1,32,56,54,53
10,Yavi,015,0118 ,1657,324,0,0,0,0,0,0,0,0
10,Yavi,015,0118 ,1658,324,51,4,4,1,28,63,63,31
10,Yavi,015,0118 ,1659,324,59,3,1,0,24,62,65,25
10,Yavi,015,0118 ,1660,324,37,6,0,0,28,65,56,30
10,Yavi,015,0118 ,1661,324,46,11,0,1,20,69,57,26
10,Yavi,015,0118 ,1662,324,53,3,3,2,32,46,71,53
10,Yavi,015,0118 ,1663,324,53,5,1,3,13,73,63,33
10,Yavi,015,0118 ,1664,324,47,6,0,3,27,61,71,34
10,Yavi,015,0118 ,1665,323,38,5,4,3,26,69,56,27
10,Yavi,015,0118 ,1666,323,2,0,3,1,32,57,71,40
10,Yavi,015,0118 ,1667,323,26,7,0,1,15,57,51,44
10,Yavi,015,0118 ,1668,323,34,1,1,1,27,69,56,47
10,Yavi,015,0118 ,1669,323,26,4,0,0,30,63,55,31
10,Yavi,015,0118 ,1670,324,60,10,2,1,24,60,54,33
10,Yavi,015,0118 ,1671,323,249,7,0,0,0,0,0,0
10,Yavi,015,0118 ,1672,323,0,0,0,0,0,0,0,0
10,Yavi,015,0118 ,1673,323,43,7,3,3,27,39,78,21
10,Yavi,015,0118 ,1674,323,35,6,1,1,19,61,59,46
10,Yavi,015,0118 ,1675,323,43,6,0,4,27,68,55,26
10,Yavi,015,0118 ,1676,323,17,4,2,1,13,68,53,42
10,Yavi,015,0118 ,1677,324,61,9,1,1,22,47,72,20
10,Yavi,015,0118 ,1678,323,0,3,1,2,20,53,80,41
10,Yavi,015,0118 ,1679,323,49,5,0,0,19,91,57,23
10,Yavi,015,0118 ,1680,323,40,2,2,2,11,68,71,28
10,Yavi,015,0118 ,1681,323,41,10,1,1,31,63,56,26
10,Yavi,015,0118 ,1682,323,2,1,1,0,31,55,72,36
10,Yavi,015,0119 ,1683,309,23,0,0,1,6,94,124,3
10,Yavi,015,0119 ,1684,309,0,0,0,0,0,0,0,0
10,Yavi,015,0119 ,1685,309,0,0,0,0,0,0,0,0
10,Yavi,015,0120 ,1686,324,0,0,0,0,0,0,0,0
10,Yavi,015,0120 ,1687,324,54,1,0,0,11,45,50,118
10,Yavi,015,0120 ,1688,323,26,2,0,2,12,75,56,93
10,Yavi,015,0121 ,1689,51,2,0,0,0,4,9,16,3
10,Yavi,015,0122 ,1690,213,9,1,0,0,8,60,110,2
10,Yavi,015,0122 ,1691,213,8,0,0,0,3,90,83,1
10,Yavi,015,0123 ,1692,325,0,0,0,0,0,0,0,0
10,Yavi,015,0123 ,1693,324,0,0,0,0,0,0,0,0
10,Yavi,015,0124 ,1694,191,10,3,0,0,4,63,86,0
10,Yavi,015,0124 ,1695,190,0,0,0,0,9,64,80,0
10,Susques,016,0125A,1696,304,5,4,0,1,5,101,109,2
10,Susques,016,0125B,1697,203,0,0,0,0,0,0,0,0
10,Susques,016,0126A,1698,262,3,6,0,0,3,85,72,18
10,Susques,016,0126A,1699,261,0,2,0,0,2,82,103,15
10,Susques,016,0126B,1700,289,0,0,0,0,0,0,0,0
10,Susques,016,0126B,1701,288,0,0,0,0,0,0,0,0
10,Susques,016,0126B,1702,288,30,0,0,0,8,131,67,7
10,Susques,016,0126B,1703,288,0,0,0,0,0,0,0,0
10,Susques,016,0126C,1704,200,0,0,0,0,0,0,0,0
10,Susques,016,0127A,1705,289,0,0,0,0,0,0,0,0
10,Susques,016,0127B,1706,189,0,0,0,0,0,0,0,0
10,Susques,016,0127B,1707,189,1,0,0,0,0,124,48,0
