codprov,coddepto,depto,circuito,mesa,electores,nulos,blancos,00001,00008,00005,00009,00002,00085
15,001,CONFLUENCIA,03605,075581,0,0,32,17,16,88,74,0,40
15,001,CONFLUENCIA,03605,075582,0,0,40,18,15,85,73,0,41
15,001,CONFLUENCIA,03605,075583,0,0,32,10,22,88,68,1,58
15,001,CONFLUENCIA,03605,075584,0,0,28,18,18,76,81,2,41
15,001,CONFLUENCIA,03605,075585,0,0,35,17,15,89,77,4,42
15,001,CONFLUENCIA,03605,075586,0,0,26,20,20,68,90,0,52
15,001,CONFLUENCIA,03605,075587,0,0,22,14,14,69,87,1,50
15,001,CONFLUENCIA,03605,075588,0,0,32,14,11,92,68,4,41
15,001,CONFLUENCIA,03605,075589,0,0,16,17,13,91,67,2,52
15,001,CONFLUENCIA,03605,075590,0,0,17,21,14,81,77,7,48
15,001,CONFLUENCIA,03605,075591,0,0,33,9,18,92,73,2,40
15,001,CONFLUENCIA,03605,075592,0,0,39,13,12,87,70,2,52
15,001,CONFLUENCIA,03605,075593,0,0,37,19,16,78,70,3,47
15,001,CONFLUENCIA,03605,075594,0,0,30,9,15,83,64,4,69
15,001,CONFLUENCIA,03605,075595,0,0,21,17,26,60,81,3,44
15,001,CONFLUENCIA,03605,075596,0,0,29,14,18,86,79,8,50
15,001,CONFLUENCIA,03605,075597,0,0,29,14,13,114,60,1,44
15,001,CONFLUENCIA,03605,075598,0,0,44,19,26,86,50,3,47
15,001,CONFLUENCIA,03605,075599,0,0,32,18,27,92,69,4,41
15,001,CONFLUENCIA,03605,075600,0,0,27,8,19,103,61,4,50
15,001,CONFLUENCIA,03605,075601,0,0,32,10,11,102,78,2,37
15,001,CONFLUENCIA,03605,075602,0,0,36,11,25,73,75,4,57
15,001,CONFLUENCIA,03605,075603,0,0,26,10,12,88,56,7,57
15,001,CONFLUENCIA,03605,075604,0,0,39,6,20,78,82,7,49
15,001,CONFLUENCIA,03605,075605,0,0,32,18,20,109,58,0,35
15,001,CONFLUENCIA,03605,075606,0,0,34,14,30,83,73,6,45
15,001,CONFLUENCIA,03605,075607,0,0,34,8,16,85,74,3,48
15,001,CONFLUENCIA,03605,075608,0,0,24,12,17,97,76,3,44
15,001,CONFLUENCIA,03605,075609,0,0,23,18,24,96,64,3,49
15,001,CONFLUENCIA,03605,075610,0,0,27,17,15,99,64,0,55
15,001,CONFLUENCIA,03605,075611,0,0,50,10,25,80,72,8,44
15,001,CONFLUENCIA,03606,075612,0,0,31,21,24,80,66,1,40
15,001,CONFLUENCIA,03606,075613,0,0,25,14,18,77,76,2,45
15,001,CONFLUENCIA,03606,075614,0,0,29,19,20,75,67,4,45
15,001,CONFLUENCIA,03606,075615,0,0,20,20,19,71,70,4,45
15,001,CONFLUENCIA,03606,075616,0,0,25,10,18,85,74,6,45
15,001,CONFLUENCIA,03606,075617,0,0,27,17,22,86,56,2,45
15,001,CONFLUENCIA,03606,075618,0,0,26,16,17,69,77,3,45
15,001,CONFLUENCIA,03606,075619,0,0,18,14,15,63,86,7,44
15,001,CONFLUENCIA,03606,075620,0,0,27,11,20,69,78,4,43
15,001,CONFLUENCIA,03606,075621,0,0,19,13,13,83,74,5,49
15,001,CONFLUENCIA,03606,075622,0,0,24,14,18,89,78,3,42
15,001,CONFLUENCIA,03606,075623,0,0,0,12,18,83,78,5,43
15,001,CONFLUENCIA,03606,075624,0,0,0,0,0,0,0,0,0
15,001,CONFLUENCIA,03606,075625,0,0,22,0,18,101,66,2,46
15,001,CONFLUENCIA,03606,075626,0,0,30,6,12,90,72,4,42
15,001,CONFLUENCIA,03606,075627,0,0,28,14,15,86,75,2,42
15,001,CONFLUENCIA,03606,075628,0,0,31,11,21,86,63,3,48
15,001,CONFLUENCIA,03606,075629,0,0,30,18,22,71,63,5,40
15,001,CONFLUENCIA,03606,075630,0,0,26,12,17,76,73,6,50
15,001,CONFLUENCIA,03606,075631,0,0,39,5,18,70,77,6,52
15,001,CONFLUENCIA,03607,075632,0,0,17,15,19,78,88,3,48
15,001,CONFLUENCIA,03607,075633,0,0,24,17,19,60,99,3,38
15,001,CONFLUENCIA,03607,075634,0,0,21,19,22,69,83,3,65
15,001,CONFLUENCIA,03607,075635,0,0,31,14,15,79,82,6,42
15,001,CONFLUENCIA,03607,075636,0,0,22,20,17,66,93,2,46
15,001,CONFLUENCIA,03607,075637,0,0,26,8,16,61,98,2,52
15,001,CONFLUENCIA,03607,075638,0,0,27,11,15,79,86,1,48
15,001,CONFLUENCIA,03607,075639,0,0,21,9,15,85,80,1,45
15,001,CONFLUENCIA,03607,075640,0,0,23,17,12,86,57,4,39
15,001,CONFLUENCIA,03607,075641,0,0,26,10,14,57,99,6,43
15,001,CONFLUENCIA,03607,075642,0,0,26,17,15,90,78,4,34
15,001,CONFLUENCIA,03607,075643,0,0,28,17,20,56,90,4,45
15,001,CONFLUENCIA,03607,075644,0,0,30,20,24,66,78,7,46
15,001,CONFLUENCIA,03607,075645,0,0,26,13,13,62,89,2,48
15,001,CONFLUENCIA,03607,075646,0,0,24,16,18,65,107,6,40
15,001,CONFLUENCIA,03607,075647,0,0,21,16,16,94,76,6,42
15,001,CONFLUENCIA,03607,075648,0,0,19,14,25,88,78,1,54
15,001,CONFLUENCIA,03607,075649,0,0,23,15,17,55,90,2,49
15,001,CONFLUENCIA,03607,075650,0,0,24,13,17,72,80,4,41
15,001,CONFLUENCIA,03607,075651,0,0,20,14,13,73,103,2,43
15,001,CONFLUENCIA,03607,075652,0,0,21,22,17,67,99,1,52
15,001,CONFLUENCIA,03607,075653,0,0,32,17,23,63,81,0,36
15,001,CONFLUENCIA,03607,075654,0,0,17,12,21,82,80,4,58
15,001,CONFLUENCIA,03607,075655,0,0,29,12,26,69,75,1,51
15,001,CONFLUENCIA,03607,075656,0,0,18,17,25,73,79,5,46
15,001,CONFLUENCIA,03607,075657,0,0,27,12,20,54,93,2,62
15,001,CONFLUENCIA,03607,075658,0,0,27,12,15,70,95,2,52
15,001,CONFLUENCIA,03607,075659,0,0,25,12,14,62,83,2,53
15,001,CONFLUENCIA,03607,075660,0,0,13,14,16,74,87,5,50
15,001,CONFLUENCIA,03607,075661,0,0,39,18,17,61,79,5,56
15,001,CONFLUENCIA,03607,075662,0,0,0,14,11,70,79,0,54
15,001,CONFLUENCIA,03607,075663,0,0,23,20,17,64,96,0,40
15,001,CONFLUENCIA,03607,075664,0,0,21,16,17,70,90,1,42
15,001,CONFLUENCIA,03607,075665,0,0,10,19,25,60,90,3,43
15,001,CONFLUENCIA,03607,075666,0,0,28,13,30,58,86,5,48
15,001,CONFLUENCIA,03607,075667,0,0,21,19,20,76,76,2,38
15,001,CONFLUENCIA,03607,075668,0,0,0,11,19,64,79,5,51
15,001,CONFLUENCIA,03608,075669,0,0,10,5,13,39,72,5,34
15,001,CONFLUENCIA,03608,075670,0,0,2,12,8,37,67,1,29
15,001,CONFLUENCIA,03608,075671,0,0,0,14,8,44,78,3,30
15,001,CONFLUENCIA,03609,075672,0,0,19,10,23,74,86,3,36
15,001,CONFLUENCIA,03609,075673,0,0,32,10,8,87,80,5,45
15,001,CONFLUENCIA,03609,075674,0,0,18,11,13,108,58,2,40
15,001,CONFLUENCIA,03609,075675,0,0,37,8,17,66,73,0,47
15,001,CONFLUENCIA,03609,075676,0,0,31,12,17,73,73,1,40
15,001,CONFLUENCIA,03609,075677,0,0,26,16,12,100,53,0,40
15,001,CONFLUENCIA,03609,075678,0,0,25,13,19,75,83,3,34
15,001,CONFLUENCIA,03609,075679,0,0,31,13,14,62,85,4,46
15,001,CONFLUENCIA,03609,075680,0,0,18,10,20,68,85,1,59
15,001,CONFLUENCIA,03609,075681,0,0,24,15,15,104,58,1,34
15,001,CONFLUENCIA,03610,075682,0,0,25,8,12,56,120,1,44
15,001,CONFLUENCIA,03610,075683,0,0,23,13,22,73,105,6,32
15,001,CONFLUENCIA,03610,075684,0,0,22,16,21,72,101,2,49
15,001,CONFLUENCIA,03610,075685,0,0,29,13,24,65,92,1,45
15,001,CONFLUENCIA,03610,075686,0,0,22,19,18,90,84,2,42
15,001,CONFLUENCIA,03610,075687,0,0,15,17,16,94,80,3,46
15,001,CONFLUENCIA,03610,075688,0,0,17,13,12,67,117,5,40
15,001,CONFLUENCIA,03610,075689,0,0,22,12,16,80,90,4,52
15,001,CONFLUENCIA,03610,075690,0,0,23,14,13,60,107,5,56
15,001,CONFLUENCIA,03610,075691,0,0,42,13,13,72,94,4,33
15,001,CONFLUENCIA,03610,075692,0,0,35,10,12,71,115,4,43
15,001,CONFLUENCIA,03610,075693,0,0,27,7,24,68,89,2,53
15,001,CONFLUENCIA,03610,075694,0,0,20,18,17,68,90,3,54
15,001,CONFLUENCIA,03610,075695,0,0,31,6,13,69,95,5,55
15,001,CONFLUENCIA,03610,075696,0,0,24,16,22,73,94,6,40
15,001,CONFLUENCIA,03610,075697,0,0,22,22,20,77,86,5,42
15,001,CONFLUENCIA,03610,075698,0,0,27,14,20,72,75,2,58
15,001,CONFLUENCIA,03610,075699,0,0,20,8,14,65,87,3,58
15,001,CONFLUENCIA,03610,075700,0,0,27,20,12,82,93,3,37
15,001,CONFLUENCIA,03610,075701,0,0,26,18,19,81,79,6,41
15,001,CONFLUENCIA,03610,075702,0,0,29,11,20,64,87,8,56
15,001,CONFLUENCIA,03610,075703,0,0,21,13,13,73,106,3,46
15,001,CONFLUENCIA,03610,075704,0,0,29,14,21,70,84,6,57
15,001,CONFLUENCIA,03610,075705,0,0,27,19,18,84,99,1,31
15,001,CONFLUENCIA,03610,075706,0,0,16,15,19,63,95,3,66
15,001,CONFLUENCIA,03610,075707,0,0,27,9,20,64,98,3,35
15,001,CONFLUENCIA,03610,075708,0,0,30,17,15,64,64,1,66
15,001,CONFLUENCIA,03610,075709,0,0,25,14,15,79,90,4,37
15,001,CONFLUENCIA,03611,075710,0,0,14,19,17,57,105,4,30
15,001,CONFLUENCIA,03611,075711,0,0,16,14,19,56,122,1,38
15,001,CONFLUENCIA,03611,075712,0,0,21,18,14,57,116,3,33
15,001,CONFLUENCIA,03611,075713,0,0,12,19,12,69,108,3,28
15,001,CONFLUENCIA,03611,075714,0,0,23,25,12,40,115,4,29
15,001,CONFLUENCIA,03611,075715,0,0,17,10,13,61,112,5,48
15,001,CONFLUENCIA,03611,075716,0,0,21,15,17,41,124,4,35
15,001,CONFLUENCIA,03611,075717,0,0,15,21,11,52,115,1,36
15,001,CONFLUENCIA,03611,075718,0,0,15,11,22,63,98,4,45
15,001,CONFLUENCIA,03611,075719,0,0,21,12,12,42,123,0,40
15,001,CONFLUENCIA,03611,075720,0,0,17,11,8,60,134,2,36
15,001,CONFLUENCIA,03611,075721,0,0,21,16,15,56,109,1,39
15,001,CONFLUENCIA,03611,075722,0,0,20,16,10,41,145,2,29
15,001,CONFLUENCIA,03611,075723,0,0,10,18,14,52,119,3,33
15,001,CONFLUENCIA,03611,075724,0,0,18,8,18,53,124,2,37
15,001,CONFLUENCIA,03611,075725,0,0,17,8,16,56,133,7,27
15,001,CONFLUENCIA,03611,075726,0,0,21,9,10,59,139,2,25
15,001,CONFLUENCIA,03611,075727,0,0,12,19,17,60,112,4,39
15,001,CONFLUENCIA,03611,075728,0,0,20,12,9,56,127,6,35
15,001,CONFLUENCIA,03611,075729,0,0,23,18,13,48,112,5,30
15,001,CONFLUENCIA,03611,075730,0,0,17,10,16,51,128,1,42
15,001,CONFLUENCIA,03611,075731,0,0,14,17,14,62,118,2,38
15,001,CONFLUENCIA,03611,075732,0,0,13,18,17,51,122,3,32
15,001,CONFLUENCIA,03611,075733,0,0,22,15,15,62,120,5,29
15,001,CONFLUENCIA,03611,075734,0,0,12,21,18,49,126,2,26
15,001,CONFLUENCIA,03611,075735,0,0,21,12,19,55,124,3,37
15,001,CONFLUENCIA,03611,075736,0,0,21,15,11,46,121,1,35
15,001,CONFLUENCIA,03611,075737,0,0,15,6,10,54,127,5,40
15,001,CONFLUENCIA,03611,075738,0,0,37,7,19,55,110,4,35
15,001,CONFLUENCIA,03611,075739,0,0,17,9,18,59,116,4,38
15,001,CONFLUENCIA,03611,075740,0,0,15,18,14,58,115,2,44
15,001,CONFLUENCIA,03611,075741,0,0,24,21,13,45,115,3,40
15,001,CONFLUENCIA,03611,075742,0,0,12,11,15,61,117,5,30
15,001,CONFLUENCIA,03611,075743,0,0,18,14,15,38,123,1,35
15,001,CONFLUENCIA,03611,075744,0,0,29,23,14,45,119,3,34
15,001,CONFLUENCIA,03611,075745,0,0,14,14,9,62,102,3,41
15,001,CONFLUENCIA,03611,075746,0,0,20,14,10,59,104,4,39
15,001,CONFLUENCIA,03611,075747,0,0,14,18,9,47,131,6,36
15,001,CONFLUENCIA,03612,075748,0,0,23,9,11,65,118,5,34
15,001,CONFLUENCIA,03612,075749,0,0,20,19,20,47,113,2,34
15,001,CONFLUENCIA,03612,075750,0,0,26,12,22,53,97,5,47
15,001,CONFLUENCIA,03612,075751,0,0,22,13,22,52,103,4,55
15,001,CONFLUENCIA,03612,075752,0,0,24,13,20,65,100,4,47
15,001,CONFLUENCIA,03612,075753,0,0,24,19,19,56,118,5,30
15,001,CONFLUENCIA,03612,075754,0,0,21,11,20,57,93,4,47
15,001,CONFLUENCIA,03612,075755,0,0,24,16,16,48,120,3,47
15,001,CONFLUENCIA,03612,075756,0,0,14,15,13,74,111,0,39
15,001,CONFLUENCIA,03612,075757,0,0,29,16,18,61,117,5,29
15,001,CONFLUENCIA,03612,075758,0,0,24,15,21,54,114,3,36
15,001,CONFLUENCIA,03612,075759,0,0,2,15,23,62,102,2,41
15,001,CONFLUENCIA,03612,075760,0,0,15,6,17,75,108,7,38
15,001,CONFLUENCIA,03612,075761,0,0,20,18,23,70,96,2,33
15,001,CONFLUENCIA,03612,075762,0,0,26,15,21,45,104,3,44
15,001,CONFLUENCIA,03612,075763,0,0,20,19,19,54,111,5,51
15,001,CONFLUENCIA,03612,075764,0,0,38,14,21,35,113,5,49
15,001,CONFLUENCIA,03612,075765,0,0,17,10,23,58,108,6,46
15,001,CONFLUENCIA,03612,075766,0,0,15,17,26,71,99,2,45
15,001,CONFLUENCIA,03612,075767,0,0,20,10,19,60,110,3,31
15,001,CONFLUENCIA,03612,075768,0,0,22,15,28,60,94,2,40
15,001,CONFLUENCIA,03613,075769,0,0,14,17,18,40,120,4,32
15,001,CONFLUENCIA,03613,075770,0,0,29,13,5,46,111,6,31
15,001,CONFLUENCIA,03613,075771,0,0,22,10,13,33,135,3,34
15,001,CONFLUENCIA,03613,075772,0,0,26,11,11,52,108,1,31
15,001,CONFLUENCIA,03613,075773,0,0,12,13,14,60,106,4,31
15,001,CONFLUENCIA,03613,075774,0,0,13,15,9,42,128,1,37
15,001,CONFLUENCIA,03613,075775,0,0,26,19,7,40,121,1,40
15,001,CONFLUENCIA,03613,075776,0,0,13,9,13,62,128,4,42
15,001,CONFLUENCIA,03613,075777,0,0,22,10,13,51,108,0,40
15,001,CONFLUENCIA,03613,075778,0,0,1,11,20,55,112,4,31
15,001,CONFLUENCIA,03613,075779,0,0,17,11,10,46,118,1,38
15,001,CONFLUENCIA,03613,075780,0,0,13,11,11,55,117,2,40
15,001,CONFLUENCIA,03613,075781,0,0,19,18,10,59,122,1,22
15,001,CONFLUENCIA,03613,075782,0,0,15,13,12,49,117,4,32
15,001,CONFLUENCIA,03613,075783,0,0,19,9,14,52,108,1,44
15,001,CONFLUENCIA,03613,075784,0,0,15,17,14,50,109,2,48
15,001,CONFLUENCIA,03613,075785,0,0,21,10,24,46,117,2,27
15,001,CONFLUENCIA,03613,075786,0,0,10,8,16,48,123,0,45
15,001,CONFLUENCIA,03613,075787,0,0,15,12,10,55,97,4,48
15,001,CONFLUENCIA,03613,075788,0,0,17,17,16,51,134,2,29
15,001,CONFLUENCIA,03613,075789,0,0,21,7,13,48,133,5,37
15,001,CONFLUENCIA,03614,075790,0,0,22,13,14,47,123,3,47
15,001,CONFLUENCIA,03614,075791,0,0,23,21,17,61,96,3,46
15,001,CONFLUENCIA,03614,075792,0,0,16,12,8,54,141,4,35
15,001,CONFLUENCIA,03614,075793,0,0,16,17,16,72,95,3,42
15,001,CONFLUENCIA,03614,075794,0,0,14,8,12,71,117,1,47
15,001,CONFLUENCIA,03614,075795,0,0,16,11,15,63,119,2,34
15,001,CONFLUENCIA,03614,075796,0,0,1,13,18,58,107,1,46
15,001,CONFLUENCIA,03614,075797,0,0,23,7,10,64,118,2,40
15,001,CONFLUENCIA,03614,075798,0,0,20,13,17,63,107,2,41
15,001,CONFLUENCIA,03614,075799,0,0,25,19,19,56,106,3,30
15,001,CONFLUENCIA,03614,075800,0,0,28,10,12,64,118,0,40
15,001,CONFLUENCIA,03614,075801,0,0,20,12,18,63,104,3,36
15,001,CONFLUENCIA,03614,075802,0,0,30,16,17,64,90,4,41
15,001,CONFLUENCIA,03614,075803,0,0,34,15,19,47,102,5,41
15,001,CONFLUENCIA,03614,075804,0,0,26,11,12,60,87,1,42
15,001,CONFLUENCIA,03614,075805,0,0,26,10,11,54,91,2,34
15,001,CONFLUENCIA,03614,075806,0,0,21,16,14,64,98,0,40
15,001,CONFLUENCIA,03614,075807,0,0,20,8,15,65,112,4,45
15,001,CONFLUENCIA,03615,075808,0,0,29,10,20,77,51,3,57
15,001,CONFLUENCIA,03615,075809,0,0,38,9,16,72,80,6,51
15,001,CONFLUENCIA,03615,075810,0,0,16,15,9,74,55,13,67
15,001,CONFLUENCIA,03615,075811,0,0,22,22,19,82,77,2,40
15,001,CONFLUENCIA,03615,075812,0,0,37,6,18,72,85,6,34
15,001,CONFLUENCIA,03615,075813,0,0,21,9,25,81,80,5,51
15,001,CONFLUENCIA,03615,075814,0,0,35,8,10,62,78,3,67
15,001,CONFLUENCIA,03615,075815,0,0,34,7,9,78,59,4,63
15,001,CONFLUENCIA,03615,075816,0,0,28,13,10,80,72,2,51
15,001,CONFLUENCIA,03615,075817,0,0,33,7,17,75,60,5,54
15,001,CONFLUENCIA,03615,075818,0,0,35,8,16,83,69,2,57
15,001,CONFLUENCIA,03615,075819,0,0,23,12,22,87,54,2,51
15,001,CONFLUENCIA,03616,075820,0,0,28,10,29,72,70,2,51
15,001,CONFLUENCIA,03616,075821,0,0,14,8,12,88,91,1,49
15,001,CONFLUENCIA,03616,075822,0,0,31,15,18,87,74,5,38
15,001,CONFLUENCIA,03616,075823,0,0,25,11,23,81,67,6,49
15,001,CONFLUENCIA,03616,075824,0,0,27,15,20,69,63,5,63
15,001,CONFLUENCIA,03616,075825,0,0,38,13,18,77,76,0,44
15,001,CONFLUENCIA,03616,075826,0,0,33,16,24,64,69,6,56
15,001,CONFLUENCIA,03616,075827,0,0,32,12,22,88,73,4,46
15,001,CONFLUENCIA,03616,075828,0,0,30,12,17,67,81,9,58
15,001,CONFLUENCIA,03616,075829,0,0,25,8,16,86,87,2,49
15,001,CONFLUENCIA,03616,075830,0,0,17,14,13,74,86,6,56
15,001,CONFLUENCIA,03616,075831,0,0,25,9,14,77,76,3,51
15,001,CONFLUENCIA,03616,075832,0,0,27,16,17,92,66,3,50
15,001,CONFLUENCIA,03616,075833,0,0,24,9,21,76,87,5,48
15,001,CONFLUENCIA,03616,075834,0,0,17,9,26,79,79,3,52
15,001,CONFLUENCIA,03616,075835,0,0,34,15,19,77,65,5,56
15,001,CONFLUENCIA,03616,075836,0,0,34,16,18,68,94,4,44
15,001,CONFLUENCIA,03616,075837,0,0,33,13,14,73,73,5,60
15,001,CONFLUENCIA,03616,075838,0,0,37,14,11,90,74,0,45
15,001,CONFLUENCIA,03616,075839,0,0,37,15,13,86,67,2,45
15,001,CONFLUENCIA,03616,075840,0,0,0,9,16,81,78,4,47
15,001,CONFLUENCIA,03616,075841,0,0,43,16,21,88,67,3,43
15,001,CONFLUENCIA,03616,075842,0,0,33,14,23,72,73,6,56
15,001,CONFLUENCIA,03616,075843,0,0,22,16,22,93,76,3,50
15,001,CONFLUENCIA,03616,075844,0,0,32,21,21,85,21,5,61
15,001,CONFLUENCIA,03616,075845,0,0,25,11,25,72,89,3,42
15,001,CONFLUENCIA,03616,075846,0,0,27,12,22,82,77,4,59
15,001,CONFLUENCIA,03616,075847,0,0,22,11,18,80,74,8,52
15,001,CONFLUENCIA,03616,075848,0,0,35,9,21,91,64,4,60
15,001,CONFLUENCIA,03616,075849,0,0,30,11,15,89,66,3,50
15,001,CONFLUENCIA,03616,075850,0,0,24,12,16,97,61,2,42
15,001,CONFLUENCIA,03616,075851,0,0,34,10,14,92,56,3,49
15,001,CONFLUENCIA,03616,075852,0,0,28,15,28,72,67,3,62
15,001,CONFLUENCIA,03616,075853,0,0,21,14,15,80,74,7,61
15,001,CONFLUENCIA,03616,075854,0,0,1,14,21,71,67,0,46
15,001,CONFLUENCIA,03616,075855,0,0,28,12,23,84,68,5,51
15,001,CONFLUENCIA,03616,075856,0,0,30,9,21,93,68,1,49
15,001,CONFLUENCIA,03616,075857,0,0,0,9,23,90,72,3,34
15,001,CONFLUENCIA,03616,075858,0,0,20,10,17,90,73,6,49
15,001,CONFLUENCIA,03616,075859,0,0,36,12,17,88,54,10,54
15,001,CONFLUENCIA,03616,075860,0,0,27,22,21,80,69,5,49
15,001,CONFLUENCIA,03616,075861,0,0,20,16,24,81,58,2,50
15,001,CONFLUENCIA,03616,075862,0,0,32,12,19,77,64,2,56
15,001,CONFLUENCIA,03616,075863,0,0,36,10,12,62,61,7,64
15,001,CONFLUENCIA,03616,075864,0,0,27,7,25,85,62,0,60
15,001,CONFLUENCIA,03616,075865,0,0,32,9,15,70,71,3,63
15,001,CONFLUENCIA,03616,075866,0,0,26,13,18,64,81,4,49
15,001,CONFLUENCIA,03616,075867,0,0,30,19,22,83,79,6,39
15,001,CONFLUENCIA,03616,075868,0,0,18,18,14,101,66,0,33
15,001,CONFLUENCIA,03616,075869,0,0,24,13,19,83,68,5,56
15,001,CONFLUENCIA,03616,075870,0,0,27,5,16,72,87,6,53
15,001,CONFLUENCIA,03616,075871,0,0,24,16,12,68,71,4,64
15,001,CONFLUENCIA,03617,075872,0,0,32,16,16,45,106,2,36
15,001,CONFLUENCIA,03617,075873,0,0,28,21,16,47,104,4,35
15,001,CONFLUENCIA,03617,075874,0,0,28,13,13,42,118,4,35
15,001,CONFLUENCIA,03617,075875,0,0,30,14,11,54,117,1,32
15,001,CONFLUENCIA,03617,075876,0,0,20,16,17,65,94,4,49
15,001,CONFLUENCIA,03617,075877,0,0,29,23,20,54,93,2,39
15,001,CONFLUENCIA,03617,075878,0,0,25,19,15,59,112,1,35
15,001,CONFLUENCIA,03618,075879,0,0,27,14,17,107,57,3,50
15,001,CONFLUENCIA,03618,075880,0,0,36,15,26,78,61,3,60
15,001,CONFLUENCIA,03618,075881,0,0,18,12,27,104,73,4,50
15,001,CONFLUENCIA,03618,075882,0,0,27,13,20,110,56,3,47
15,001,CONFLUENCIA,03618,075883,0,0,32,12,17,78,69,5,59
15,001,CONFLUENCIA,03618,075884,0,0,39,16,13,106,33,6,63
15,001,CONFLUENCIA,03618,075885,0,0,49,12,26,90,49,2,60
15,001,CONFLUENCIA,03618,075886,0,0,32,20,17,101,57,2,55
15,001,CONFLUENCIA,03618,075887,0,0,38,15,22,93,44,3,57
15,001,CONFLUENCIA,03618,075888,0,0,3,15,12,104,52,4,50
15,001,CONFLUENCIA,03618,075889,0,0,35,10,21,101,59,1,43
15,001,CONFLUENCIA,03618,075890,0,0,17,17,15,90,60,2,62
15,001,CONFLUENCIA,03618,075891,0,0,41,14,26,88,64,1,50
15,001,CONFLUENCIA,03618,075892,0,0,35,20,18,97,71,2,42
15,001,CONFLUENCIA,03618,075893,0,0,37,13,17,86,64,3,46
15,001,CONFLUENCIA,03618,075894,0,0,21,13,17,77,64,2,49
15,001,CONFLUENCIA,03618,075895,0,0,30,22,24,79,5,2,54
15,001,CONFLUENCIA,03618,075896,0,0,31,9,20,107,59,2,50
15,001,CONFLUENCIA,03618,075897,0,0,26,17,25,106,61,2,42
15,001,CONFLUENCIA,03618,075898,0,0,27,17,25,87,52,4,59
15,001,CONFLUENCIA,03618,075899,0,0,53,14,21,101,43,8,44
15,001,CONFLUENCIA,03618,075900,0,0,31,22,18,110,49,6,48
15,001,CONFLUENCIA,03618,075901,0,0,32,14,14,81,61,2,62
15,001,CONFLUENCIA,03618,075902,0,0,33,17,13,96,58,5,38
15,001,CONFLUENCIA,03618,075903,0,0,37,19,23,95,49,2,58
15,001,CONFLUENCIA,03618,075904,0,0,27,14,16,96,63,4,52
15,001,CONFLUENCIA,03618,075905,0,0,33,8,19,110,68,4,42
15,001,CONFLUENCIA,03618,075906,0,0,41,6,16,95,58,2,61
15,001,CONFLUENCIA,03618,075907,0,0,28,11,21,107,48,4,42
15,001,CONFLUENCIA,03618,075908,0,0,18,15,12,98,57,4,54
15,001,CONFLUENCIA,03618,075909,0,0,32,13,16,91,66,5,43
15,001,CONFLUENCIA,03618,075910,0,0,37,18,22,92,63,0,54
15,001,CONFLUENCIA,03618,075911,0,0,27,19,21,96,77,3,34
15,001,CONFLUENCIA,03618,075912,0,0,32,6,24,91,66,4,44
15,001,CONFLUENCIA,03618,075913,0,0,20,13,22,96,55,2,52
15,001,CONFLUENCIA,03618,075914,0,0,22,15,23,92,67,2,59
15,001,CONFLUENCIA,03618,075915,0,0,37,8,25,87,70,6,51
15,001,CONFLUENCIA,03618,075916,0,0,34,16,22,68,65,9,63
15,001,CONFLUENCIA,03618,075917,0,0,39,14,14,93,48,3,68
15,001,CONFLUENCIA,03618,075918,0,0,37,19,19,81,57,7,52
15,001,CONFLUENCIA,03618,075919,0,0,44,16,12,100,66,2,51
15,001,CONFLUENCIA,03618,075920,0,0,35,12,19,83,76,2,54
15,001,CONFLUENCIA,03618,075921,0,0,37,15,23,80,70,3,59
15,001,CONFLUENCIA,03618,075922,0,0,29,12,18,98,64,3,58
15,001,CONFLUENCIA,03618,075923,0,0,21,17,18,99,66,4,52
15,001,CONFLUENCIA,03618,075924,0,0,31,10,13,124,57,2,37
15,001,CONFLUENCIA,03618,075925,0,0,35,12,21,98,55,2,54
15,001,CONFLUENCIA,03618,075926,0,0,21,12,25,96,73,0,52
15,001,CONFLUENCIA,03618,075927,0,0,26,10,17,94,70,7,46
15,001,CONFLUENCIA,03618,075928,0,0,35,18,14,94,57,6,43
15,001,CONFLUENCIA,03618,075929,0,0,25,17,19,64,64,2,55
15,001,CONFLUENCIA,03618,075930,0,0,25,14,13,99,63,2,52
15,001,CONFLUENCIA,03618,075931,0,0,42,17,15,116,55,0,47
15,001,CONFLUENCIA,03618,075932,0,0,30,5,11,101,54,3,61
15,001,CONFLUENCIA,03618,075933,0,0,27,15,22,98,60,3,66
15,001,CONFLUENCIA,03618,075934,0,0,34,24,25,94,49,5,47
15,001,CONFLUENCIA,03618,075935,0,0,32,16,20,86,74,3,39
15,001,CONFLUENCIA,03618,075936,0,0,35,16,18,94,65,7,51
15,001,CONFLUENCIA,03618,075937,0,0,26,17,21,93,63,7,44
15,001,CONFLUENCIA,03618,075938,0,0,27,14,21,93,53,4,62
15,001,CONFLUENCIA,03618,075939,0,0,27,12,13,121,45,2,54
15,001,CONFLUENCIA,03618,075940,0,0,27,12,16,98,51,1,43
15,001,CONFLUENCIA,03618,075941,0,0,26,17,20,99,67,3,48
15,001,CONFLUENCIA,03618,075942,0,0,36,20,22,82,62,0,42
15,001,CONFLUENCIA,03618,075943,0,0,30,7,13,100,74,6,50
15,001,CONFLUENCIA,03618,075944,0,0,32,9,22,85,59,2,61
15,001,CONFLUENCIA,03618,075945,0,0,25,13,28,82,71,7,40
15,001,CONFLUENCIA,03618,075946,0,0,35,18,11,109,54,2,49
15,001,CONFLUENCIA,03618,075947,0,0,36,14,22,77,56,5,56
15,001,CONFLUENCIA,03618,075948,0,0,25,21,15,78,67,2,60
15,001,CONFLUENCIA,03618,075949,0,0,16,16,14,86,69,8,59
15,001,CONFLUENCIA,03618,075950,0,0,34,12,24,84,65,6,48
15,001,CONFLUENCIA,03618,075951,0,0,46,15,20,83,60,2,60
15,001,CONFLUENCIA,03618,075952,0,0,0,0,0,0,0,0,0
15,001,CONFLUENCIA,03618,075953,0,0,42,18,14,88,50,1,63
15,001,CONFLUENCIA,03618,075954,0,0,26,14,25,88,58,3,47
15,001,CONFLUENCIA,03618,075955,0,0,27,18,22,122,62,0,38
15,001,CONFLUENCIA,03618,075956,0,0,28,4,17,100,57,1,53
15,001,CONFLUENCIA,03618,075957,0,0,31,8,24,97,49,5,59
15,001,CONFLUENCIA,03618,075958,0,0,36,12,19,90,58,1,45
15,001,CONFLUENCIA,03618,075959,0,0,35,12,15,77,63,3,70
15,001,CONFLUENCIA,03618,075960,0,0,33,5,28,91,66,4,49
15,001,CONFLUENCIA,03618,075961,0,0,37,11,21,103,47,0,41
15,001,CONFLUENCIA,03618,075962,0,0,59,8,23,85,53,4,58
15,001,CONFLUENCIA,03618,075963,0,0,0,0,0,0,0,0,0
15,001,CONFLUENCIA,03618,075964,0,0,3,22,22,97,62,6,51
15,001,CONFLUENCIA,03618,075965,0,0,29,12,5,82,58,8,54
15,001,CONFLUENCIA,03618,075966,0,0,36,16,27,82,65,6,50
15,001,CONFLUENCIA,03618,075967,0,0,31,18,24,82,56,4,58
15,001,CONFLUENCIA,03618,075968,0,0,32,7,13,85,61,8,48
15,001,CONFLUENCIA,03618,075969,0,0,29,14,18,90,67,0,37
15,001,CONFLUENCIA,03618,075970,0,0,42,14,21,106,58,1,39
15,001,CONFLUENCIA,03618,075971,0,0,42,15,17,80,66,9,54
15,001,CONFLUENCIA,03618,075972,0,0,41,9,18,100,54,1,54
15,001,CONFLUENCIA,03618,075973,0,0,26,14,16,108,55,5,67
15,001,CONFLUENCIA,03618,075974,0,0,37,15,18,105,60,5,47
15,001,CONFLUENCIA,03618,075975,0,0,12,20,20,85,57,6,47
15,001,CONFLUENCIA,03618,075976,0,0,27,20,17,93,61,0,51
15,001,CONFLUENCIA,03618,075977,0,0,30,9,27,96,62,6,39
15,001,CONFLUENCIA,03618,075978,0,0,42,12,16,91,52,3,48
15,001,CONFLUENCIA,03618,075979,0,0,23,15,21,97,68,4,50
15,001,CONFLUENCIA,03618,075980,0,0,27,15,19,100,58,1,54
15,001,CONFLUENCIA,03618,075981,0,0,29,7,20,117,61,2,43
15,001,CONFLUENCIA,03618,075982,0,0,30,6,18,107,56,2,61
15,001,CONFLUENCIA,03618,075983,0,0,31,17,18,100,51,5,56
15,001,CONFLUENCIA,03618,075984,0,0,28,13,18,113,59,5,47
15,001,CONFLUENCIA,03618,075985,0,0,22,24,20,103,75,2,37
15,001,CONFLUENCIA,03618,075986,0,0,33,18,16,109,60,2,50
15,001,CONFLUENCIA,03618,075987,0,0,31,4,17,88,82,2,48
15,001,CONFLUENCIA,03618,075988,0,0,38,10,18,96,64,0,58
15,001,CONFLUENCIA,03618,075989,0,0,34,9,17,91,73,5,54
15,001,CONFLUENCIA,03618,075990,0,0,34,6,24,109,60,3,47
15,001,CONFLUENCIA,03618,075991,0,0,33,18,13,89,77,4,39
15,001,CONFLUENCIA,03618,075992,0,0,42,15,15,90,59,3,57
15,001,CONFLUENCIA,03618,075993,0,0,20,17,22,102,54,3,61
15,001,CONFLUENCIA,03618,075994,0,0,33,16,18,84,59,9,56
15,001,CONFLUENCIA,03618,075995,0,0,35,21,21,85,50,7,55
15,001,CONFLUENCIA,03618,075996,0,0,29,12,23,90,60,2,67
15,001,CONFLUENCIA,03618,075997,0,0,25,12,18,111,47,1,56
15,001,CONFLUENCIA,03618,075998,0,0,39,17,22,86,52,5,52
15,001,CONFLUENCIA,03618,075999,0,0,27,22,20,103,51,6,40
15,001,CONFLUENCIA,03618,076000,0,0,37,14,19,106,44,4,55
15,001,CONFLUENCIA,03618,076001,0,0,43,11,9,85,68,7,51
15,001,CONFLUENCIA,03618,076002,0,0,34,10,21,95,53,2,45
15,001,CONFLUENCIA,03619,076003,0,0,31,13,13,103,39,3,68
15,001,CONFLUENCIA,03619,076004,0,0,55,9,19,92,32,3,59
15,001,CONFLUENCIA,03619,076005,0,0,25,9,17,108,35,1,80
15,001,CONFLUENCIA,03619,076006,0,0,42,11,38,90,47,0,0
15,001,CONFLUENCIA,03619,076007,0,0,34,6,19,94,37,6,74
15,001,CONFLUENCIA,03619,076008,0,0,36,9,18,84,30,3,75
15,001,CONFLUENCIA,03619,076009,0,0,33,10,15,116,38,4,56
15,001,CONFLUENCIA,03619,076010,0,0,11,91,7,40,19,0,73
15,001,CONFLUENCIA,03619,076011,0,0,41,9,16,105,33,1,72
15,001,CONFLUENCIA,03619,076012,0,0,33,14,19,102,42,5,61
15,001,CONFLUENCIA,03620,076013,0,0,35,9,5,172,14,2,34
15,001,CONFLUENCIA,03620,076014,0,0,26,17,8,137,30,1,39
15,001,CONFLUENCIA,03620,076015,0,0,24,9,9,160,20,1,46
15,001,CONFLUENCIA,03621,076016,0,0,23,16,19,119,60,1,40
15,001,CONFLUENCIA,03621,076017,0,0,38,14,17,105,62,2,65
15,001,CONFLUENCIA,03621,076018,0,0,45,5,13,105,51,2,56
15,001,CONFLUENCIA,03621,076019,0,0,24,12,12,134,38,3,53
15,001,CONFLUENCIA,03621,076020,0,0,41,12,15,105,52,2,50
15,001,CONFLUENCIA,03621,076021,0,0,34,10,31,94,59,4,55
15,001,CONFLUENCIA,03621,076022,0,0,11,5,24,128,31,5,61
15,001,CONFLUENCIA,03621,076023,0,0,26,13,25,103,59,3,47
15,001,CONFLUENCIA,03621,076024,0,0,21,11,14,94,67,0,65
15,001,CONFLUENCIA,03621,076025,0,0,34,6,13,108,63,7,56
15,001,CONFLUENCIA,03621,076026,0,0,46,19,11,109,47,1,45
15,001,CONFLUENCIA,03621,076027,0,0,40,14,20,85,50,2,52
15,001,CONFLUENCIA,03621,076028,0,0,31,7,11,93,59,5,70
15,001,CONFLUENCIA,03621,076029,0,0,34,17,19,99,43,2,73
15,001,CONFLUENCIA,03621,076030,0,0,33,13,32,109,39,1,63
15,001,CONFLUENCIA,03621,076031,0,0,20,8,15,130,67,5,56
15,001,CONFLUENCIA,03621,076032,0,0,0,12,24,84,49,3,76
15,001,CONFLUENCIA,03621,076033,0,0,37,15,22,98,56,1,51
15,001,CONFLUENCIA,03621,076034,0,0,39,19,15,100,52,4,61
15,001,CONFLUENCIA,03621,076035,0,0,0,0,0,0,0,0,0
15,001,CONFLUENCIA,03621,076036,0,0,2,11,14,96,54,4,56
15,001,CONFLUENCIA,03621,076037,0,0,0,12,20,99,42,2,53
15,001,CONFLUENCIA,03621,076038,0,0,27,20,21,125,45,3,41
15,001,CONFLUENCIA,03621,076039,0,0,34,13,15,113,56,5,51
15,001,CONFLUENCIA,03621,076040,0,0,41,13,18,102,44,2,63
15,001,CONFLUENCIA,03621,076041,0,0,30,11,16,113,43,3,60
15,001,CONFLUENCIA,03621,076042,0,0,34,15,17,93,60,1,58
15,001,CONFLUENCIA,03621,076043,0,0,31,12,21,93,61,4,67
15,001,CONFLUENCIA,03621,076044,0,0,29,11,19,121,59,6,47
15,001,CONFLUENCIA,03621,076045,0,0,32,13,27,122,44,5,47
15,001,CONFLUENCIA,03621,076046,0,0,42,10,21,118,41,3,66
15,001,CONFLUENCIA,03621,076047,0,0,28,14,11,105,59,7,48
15,001,CONFLUENCIA,03621,076048,0,0,30,10,16,108,48,0,65
15,001,CONFLUENCIA,03621,076049,0,0,34,14,18,106,51,3,55
15,001,CONFLUENCIA,03621,076050,0,0,28,8,21,78,84,1,59
15,001,CONFLUENCIA,03621,076051,0,0,24,9,17,96,59,9,52
15,001,CONFLUENCIA,03621,076052,0,0,29,22,12,96,63,8,46
15,001,CONFLUENCIA,03621,076053,0,0,31,8,10,88,67,1,61
15,001,CONFLUENCIA,03621,076054,0,0,26,9,22,114,48,3,57
15,001,CONFLUENCIA,03621,076055,0,0,33,18,18,87,52,8,63
15,001,CONFLUENCIA,03621,076056,0,0,43,8,14,102,53,2,70
15,001,CONFLUENCIA,03621,076057,0,0,53,16,13,92,36,4,67
15,001,CONFLUENCIA,03621,076058,0,0,36,15,15,93,58,3,63
15,001,CONFLUENCIA,03621,076059,0,0,20,15,20,117,57,4,42
15,001,CONFLUENCIA,03621,076060,0,0,41,14,17,99,51,0,49
15,001,CONFLUENCIA,03621,076061,0,0,37,13,17,93,61,3,51
15,001,CONFLUENCIA,03621,076062,0,0,42,11,25,96,55,5,56
15,001,CONFLUENCIA,03621,076063,0,0,27,12,15,104,60,2,60
15,001,CONFLUENCIA,03621,076064,0,0,50,11,22,85,70,2,55
15,001,CONFLUENCIA,03621,076065,0,0,31,15,11,106,61,3,50
15,001,CONFLUENCIA,03621,076066,0,0,31,11,15,101,61,1,53
15,001,CONFLUENCIA,03621,076067,0,0,51,15,8,95,46,3,77
15,001,CONFLUENCIA,03621,076068,0,0,25,12,29,91,65,4,52
15,001,CONFLUENCIA,03621,076069,0,0,28,12,18,76,56,6,60
15,001,CONFLUENCIA,03621,076070,0,0,36,5,19,96,45,2,71
15,001,CONFLUENCIA,03621,076071,0,0,40,15,0,116,45,4,49
15,001,CONFLUENCIA,03621,076072,0,0,15,17,20,95,41,2,54
15,001,CONFLUENCIA,03621,076073,0,0,37,12,21,122,38,3,57
15,001,CONFLUENCIA,03621,076074,0,0,26,15,18,95,53,3,60
15,001,CONFLUENCIA,03621,076075,0,0,41,16,18,109,32,5,58
15,001,CONFLUENCIA,03621,076076,0,0,30,11,21,112,42,2,49
15,001,CONFLUENCIA,03621,076077,0,0,20,13,21,90,73,4,55
15,001,CONFLUENCIA,03621,076078,0,0,36,9,14,117,42,6,55
15,001,CONFLUENCIA,03621,076079,0,0,38,20,25,117,48,1,52
15,001,CONFLUENCIA,03621,076080,0,0,35,10,20,96,49,5,59
15,001,CONFLUENCIA,03621,076081,0,0,39,9,12,109,58,1,43
15,001,CONFLUENCIA,03621,076082,0,0,49,8,18,95,68,4,47
15,001,CONFLUENCIA,03621,076083,0,0,41,14,23,88,46,2,61
15,001,CONFLUENCIA,03621,076084,0,0,35,10,22,105,50,8,51
15,001,CONFLUENCIA,03621,076085,0,0,28,14,16,114,38,1,64
15,001,CONFLUENCIA,03621,076086,0,0,32,17,15,96,58,2,65
15,001,CONFLUENCIA,03621,076087,0,0,0,11,15,109,52,3,57
15,001,CONFLUENCIA,03621,076088,0,0,38,14,15,106,55,3,49
15,001,CONFLUENCIA,03621,076089,0,0,3,10,25,123,44,5,50
15,001,CONFLUENCIA,03621,076090,0,0,25,12,21,108,50,4,60
15,001,CONFLUENCIA,03621,076091,0,0,31,15,19,98,49,3,63
15,001,CONFLUENCIA,03621,076092,0,0,37,13,14,95,55,5,63
15,001,CONFLUENCIA,03621,076093,0,0,17,23,28,98,59,3,57
15,001,CONFLUENCIA,03621,076094,0,0,37,5,9,109,48,1,60
15,001,CONFLUENCIA,03621,076095,0,0,25,13,21,101,53,5,52
15,001,CONFLUENCIA,03621,076096,0,0,22,16,9,131,39,1,57
15,001,CONFLUENCIA,03621,076097,0,0,35,18,21,102,43,2,52
15,001,CONFLUENCIA,03621,076098,0,0,45,5,8,117,37,9,60
15,001,CONFLUENCIA,03621,076099,0,0,29,11,21,104,58,5,57
15,001,CONFLUENCIA,03621,076100,0,0,44,13,27,105,34,0,54
15,001,CONFLUENCIA,03621,076101,0,0,29,14,19,105,66,2,41
15,001,CONFLUENCIA,03621,076102,0,0,28,10,15,90,52,5,58
15,001,CONFLUENCIA,03621,076103,0,0,28,14,13,113,51,3,58
15,001,CONFLUENCIA,03621,076104,0,0,26,16,21,122,38,3,67
15,001,CONFLUENCIA,03621,076105,0,0,35,9,19,105,52,3,64
15,001,CONFLUENCIA,03621,076106,0,0,17,15,14,117,37,4,63
15,001,CONFLUENCIA,03621,076107,0,0,27,10,20,116,47,3,54
15,001,CONFLUENCIA,03621,076108,0,0,32,15,11,123,49,4,46
15,001,CONFLUENCIA,03621,076109,0,0,52,9,23,91,51,4,62
15,001,CONFLUENCIA,03621,076110,0,0,28,15,19,98,60,1,51
15,001,CONFLUENCIA,03621,076111,0,0,24,12,25,100,51,3,55
15,001,CONFLUENCIA,03621,076112,0,0,24,10,14,103,66,3,52
15,001,CONFLUENCIA,03621,076113,0,0,37,10,19,138,38,1,42
15,001,CONFLUENCIA,03621,076114,0,0,41,10,14,107,33,4,65
15,001,CONFLUENCIA,03621,076115,0,0,10,19,22,118,54,0,64
15,001,CONFLUENCIA,03621,076116,0,0,37,10,21,104,45,2,63
15,001,CONFLUENCIA,03621,076117,0,0,30,8,20,116,50,3,53
15,001,CONFLUENCIA,03621,076118,0,0,16,12,10,105,42,3,87
15,001,CONFLUENCIA,03621,076119,0,0,38,11,19,86,59,4,60
15,001,CONFLUENCIA,03621,076120,0,0,42,10,16,106,51,4,61
15,001,CONFLUENCIA,03621,076121,0,0,21,11,21,122,46,2,54
15,001,CONFLUENCIA,03621,076122,0,0,0,0,0,0,0,0,0
15,001,CONFLUENCIA,03621,076123,0,0,51,10,20,89,61,2,58
15,001,CONFLUENCIA,03621,076124,0,0,32,11,14,110,62,4,53
15,001,CONFLUENCIA,03621,076125,0,0,30,7,21,116,49,3,58
15,001,CONFLUENCIA,03621,076126,0,0,17,13,15,122,47,1,53
15,001,CONFLUENCIA,03621,076127,0,0,50,11,17,96,53,5,58
15,001,CONFLUENCIA,03621,076128,0,0,29,18,22,102,42,2,60
15,001,CONFLUENCIA,03621,076129,0,0,24,13,13,99,63,5,49
15,001,CONFLUENCIA,03621,076130,0,0,24,12,21,106,56,3,63
15,001,CONFLUENCIA,03621,076131,0,0,28,9,10,100,50,3,73
15,001,CONFLUENCIA,03621,076132,0,0,22,14,17,106,48,6,53
15,001,CONFLUENCIA,03621,076133,0,0,28,12,15,107,49,2,61
15,001,CONFLUENCIA,03621,076134,0,0,30,9,18,108,54,2,52
15,001,CONFLUENCIA,03621,076135,0,0,42,8,20,91,47,6,58
15,001,CONFLUENCIA,03621,076136,0,0,31,15,25,93,55,0,57
15,001,CONFLUENCIA,03621,076137,0,0,18,14,24,101,56,1,63
15,001,CONFLUENCIA,03621,076138,0,0,41,10,13,101,56,3,59
15,001,CONFLUENCIA,03621,076139,0,0,40,7,15,118,26,0,71
15,001,CONFLUENCIA,03621,076140,0,0,49,4,22,95,50,2,56
15,001,CONFLUENCIA,03621,076141,0,0,29,11,21,106,54,1,57
15,001,CONFLUENCIA,03621,076142,0,0,40,8,15,100,43,5,68
15,001,CONFLUENCIA,03621,076143,0,0,30,18,25,104,50,3,59
15,001,CONFLUENCIA,03621,076144,0,0,31,18,14,104,58,0,47
15,001,CONFLUENCIA,03621,076145,0,0,29,12,14,92,52,4,66
15,001,CONFLUENCIA,03621,076146,0,0,4,11,26,75,83,5,92
15,001,CONFLUENCIA,03621,076147,0,0,45,14,16,90,52,2,73
15,001,CONFLUENCIA,03621,076148,0,0,34,8,22,111,43,5,58
15,001,CONFLUENCIA,03622,076149,0,0,17,8,13,88,64,2,45
15,001,CONFLUENCIA,03622,076150,0,0,23,13,11,105,62,4,50
15,001,CONFLUENCIA,03622,076151,0,0,23,13,14,100,36,3,56
15,001,CONFLUENCIA,03622,076152,0,0,21,17,19,85,76,4,51
15,001,CONFLUENCIA,03622,076153,0,0,32,14,16,85,65,1,46
15,001,CONFLUENCIA,03622,076154,0,0,24,10,15,82,57,3,65
15,001,CONFLUENCIA,03622,076155,0,0,32,15,10,90,74,2,44
15,001,CONFLUENCIA,03622,076156,0,0,24,16,17,77,64,1,48
15,001,CONFLUENCIA,03622,076157,0,0,18,11,15,89,52,5,56
15,001,CONFLUENCIA,03622,076158,0,0,20,9,14,94,56,2,65
15,001,CONFLUENCIA,03622,076159,0,0,23,15,16,88,48,6,54
15,001,CONFLUENCIA,03622,076160,0,0,36,6,18,80,65,3,48
15,001,CONFLUENCIA,03622,076161,0,0,36,10,12,73,74,5,55
15,001,CONFLUENCIA,03622,076162,0,0,29,7,13,87,56,3,52
15,001,CONFLUENCIA,03623,076163,0,0,28,10,17,106,44,2,52
15,001,CONFLUENCIA,03623,076164,0,0,35,10,8,106,57,4,50
15,001,CONFLUENCIA,03623,076165,0,0,0,0,0,0,0,0,0
15,001,CONFLUENCIA,03623,076166,0,0,27,14,15,90,55,6,56
15,001,CONFLUENCIA,03623,076167,0,0,60,1,13,101,41,7,47
15,001,CONFLUENCIA,03623,076168,0,0,30,9,17,102,51,5,58
15,001,CONFLUENCIA,03623,076169,0,0,21,16,14,81,60,4,54
15,001,CONFLUENCIA,03623,076170,0,0,44,9,12,101,51,0,42
15,001,CONFLUENCIA,03623,076171,0,0,34,8,11,126,56,1,41
15,001,CONFLUENCIA,03623,076172,0,0,33,9,15,115,52,1,50
15,001,CONFLUENCIA,03623,076173,0,0,33,10,17,106,40,4,70
15,001,CONFLUENCIA,03623,076174,0,0,29,12,13,120,40,3,56
15,001,CONFLUENCIA,03623,076175,0,0,35,10,12,109,54,1,55
15,001,CONFLUENCIA,03623,076176,0,0,35,13,10,103,50,3,57
15,001,CONFLUENCIA,03623,076177,0,0,50,8,18,94,42,3,60
15,001,CONFLUENCIA,03623,076178,0,0,62,6,16,90,56,3,45
15,001,CONFLUENCIA,03623,076179,0,0,3,15,11,108,58,3,44
15,001,CONFLUENCIA,03624,076180,0,0,0,17,10,117,53,5,48
15,001,CONFLUENCIA,03624,076181,0,0,37,20,6,118,58,2,28
15,001,CONFLUENCIA,03624,076182,0,0,40,20,16,122,35,0,38
15,001,CONFLUENCIA,03624,076183,0,0,55,13,8,135,44,3,43
15,001,CONFLUENCIA,03624,076184,0,0,44,17,0,123,45,0,46
15,001,CONFLUENCIA,03624,076185,0,0,46,13,10,149,41,3,27
15,001,CONFLUENCIA,03624,076186,0,0,1,20,26,138,44,4,33
15,001,CONFLUENCIA,03624,076187,0,0,47,19,14,117,47,1,42
15,001,CONFLUENCIA,03624,076188,0,0,2,16,10,110,58,3,43
15,001,CONFLUENCIA,03624,076189,0,0,37,14,18,128,41,1,50
15,001,CONFLUENCIA,03624,076190,0,0,47,12,10,127,51,2,37
15,001,CONFLUENCIA,03624,076191,0,0,26,14,10,135,44,6,43
15,001,CONFLUENCIA,03624,076192,0,0,0,13,22,145,34,4,30
15,001,CONFLUENCIA,03624,076193,0,0,5,8,15,163,61,3,41
15,001,CONFLUENCIA,03624,076194,0,0,29,15,12,131,50,1,31
15,001,CONFLUENCIA,03624,076195,0,0,0,16,15,141,39,3,34
15,001,CONFLUENCIA,03624,076196,0,0,31,15,7,132,48,2,51
15,001,CONFLUENCIA,03624,076197,0,0,38,8,15,133,45,8,42
15,001,CONFLUENCIA,03624,076198,0,0,63,14,15,119,44,0,48
15,001,CONFLUENCIA,03624,076199,0,0,37,16,16,124,49,2,32
15,001,CONFLUENCIA,03624,076200,0,0,22,10,15,132,56,0,43
15,001,CONFLUENCIA,03624,076201,0,0,28,13,18,126,39,1,37
15,001,CONFLUENCIA,03624,076202,0,0,35,14,13,113,61,2,38
15,001,CONFLUENCIA,03624,076203,0,0,3,21,15,137,39,1,49
15,001,CONFLUENCIA,03624,076204,0,0,29,20,17,124,56,2,25
15,001,CONFLUENCIA,03624,076205,0,0,42,18,11,124,56,3,36
15,001,CONFLUENCIA,03624,076206,0,0,34,12,15,119,50,0,31
15,001,CONFLUENCIA,03624,076207,0,0,32,43,51,21,109,4,2
15,001,CONFLUENCIA,03624,076208,0,0,0,14,19,109,66,2,43
15,001,CONFLUENCIA,03624,076209,0,0,27,18,11,113,57,4,47
15,001,CONFLUENCIA,03624,076210,0,0,23,22,11,141,45,3,42
15,001,CONFLUENCIA,03624,076211,0,0,39,23,14,144,35,1,32
15,001,CONFLUENCIA,03624,076212,0,0,2,26,11,119,37,1,44
15,001,CONFLUENCIA,03624,076213,0,0,36,20,14,118,41,3,44
15,001,CONFLUENCIA,03624,076214,0,0,39,19,12,145,29,2,39
15,001,CONFLUENCIA,03624,076215,0,0,37,28,14,106,14,7,36
15,001,CONFLUENCIA,03624,076216,0,0,44,17,12,103,56,3,40
15,001,CONFLUENCIA,03624,076217,0,0,2,18,10,133,46,4,37
15,001,CONFLUENCIA,03624,076218,0,0,39,12,7,147,43,2,33
15,001,CONFLUENCIA,03624,076219,0,0,38,12,8,144,30,2,36
15,001,CONFLUENCIA,03624,076220,0,0,30,16,9,135,48,0,39
15,001,CONFLUENCIA,03624,076221,0,0,24,15,23,121,58,0,36
15,001,CONFLUENCIA,03624,076222,0,0,41,12,14,145,28,3,45
15,001,CONFLUENCIA,03624,076223,0,0,21,18,11,115,51,5,47
15,001,CONFLUENCIA,03624,076224,0,0,0,0,0,0,0,0,0
15,001,CONFLUENCIA,03624,076225,0,0,71,0,8,118,36,0,52
15,001,CONFLUENCIA,03624,076226,0,0,5,17,14,127,48,5,36
15,001,CONFLUENCIA,03624,076227,0,0,0,14,14,153,40,3,28
15,001,CONFLUENCIA,03624,076228,0,0,0,17,21,141,35,5,35
15,001,CONFLUENCIA,03624,076229,0,0,36,18,11,105,53,2,47
15,001,CONFLUENCIA,03624,076230,0,0,35,31,10,120,45,0,35
15,001,CONFLUENCIA,03624,076231,0,0,43,12,12,151,32,3,39
15,001,CONFLUENCIA,03624,076232,0,0,37,15,0,119,52,2,37
15,001,CONFLUENCIA,03624,076233,0,0,34,10,15,133,50,4,29
15,001,CONFLUENCIA,03624,076234,0,0,48,21,20,129,31,2,30
15,001,CONFLUENCIA,03624,076235,0,0,29,23,12,113,49,3,47
15,001,CONFLUENCIA,03624,076236,0,0,38,19,11,110,65,2,32
15,001,CONFLUENCIA,03624,076237,0,0,22,28,20,113,50,1,34
15,001,CONFLUENCIA,03624,076238,0,0,0,13,7,140,35,1,46
15,001,CONFLUENCIA,03624,076239,0,0,28,15,8,133,48,2,46
15,001,CONFLUENCIA,03624,076240,0,0,41,19,8,137,52,0,20
15,001,CONFLUENCIA,03624,076241,0,0,38,13,11,127,45,4,98
15,001,CONFLUENCIA,03624,076242,0,0,31,17,21,120,39,6,37
15,001,CONFLUENCIA,03624,076243,0,0,54,16,13,135,42,2,33
15,001,CONFLUENCIA,03624,076244,0,0,41,20,9,127,35,0,56
15,001,CONFLUENCIA,03624,076245,0,0,44,12,7,137,45,2,43
15,001,CONFLUENCIA,03624,076246,0,0,32,17,17,115,46,4,34
15,001,CONFLUENCIA,03624,076247,0,0,43,17,10,151,46,2,33
15,001,CONFLUENCIA,03624,076248,0,0,29,12,23,124,51,1,38
15,001,CONFLUENCIA,03624,076249,0,0,0,0,0,0,0,0,0
15,001,CONFLUENCIA,03624,076250,0,0,27,23,7,124,61,5,30
15,001,CONFLUENCIA,03624,076251,0,0,32,22,16,114,51,2,40
15,001,CONFLUENCIA,03624,076252,0,0,27,10,13,144,41,3,3
15,001,CONFLUENCIA,03624,076253,0,0,28,12,9,132,50,0,44
15,001,CONFLUENCIA,03624,076254,0,0,39,17,10,135,38,2,42
15,001,CONFLUENCIA,03624,076255,0,0,38,18,9,120,54,2,31
15,001,CONFLUENCIA,03624,076256,0,0,33,22,16,116,46,1,31
15,001,CONFLUENCIA,03624,076257,0,0,35,15,11,125,49,4,50
15,001,CONFLUENCIA,03624,076258,0,0,27,16,17,141,42,2,37
15,001,CONFLUENCIA,03624,076259,0,0,42,10,16,135,38,2,40
15,001,CONFLUENCIA,03624,076260,0,0,41,16,6,115,44,6,50
15,001,CONFLUENCIA,03624,076261,0,0,47,22,11,125,37,4,36
15,001,CONFLUENCIA,03624,076262,0,0,31,39,15,0,47,2,34
15,001,CONFLUENCIA,03624,076263,0,0,46,9,8,127,42,1,39
15,001,CONFLUENCIA,03625,076264,0,0,1,3,1,74,10,1,19
15,001,CONFLUENCIA,03626,076265,0,0,47,24,12,96,46,2,51
15,001,CONFLUENCIA,03626,076266,0,0,28,33,10,113,53,3,52
15,001,CONFLUENCIA,03626,076267,0,0,35,18,12,89,73,2,36
15,001,CONFLUENCIA,03626,076268,0,0,0,17,13,107,70,2,40
15,001,CONFLUENCIA,03626,076269,0,0,0,15,17,10,73,3,61
15,001,CONFLUENCIA,03626,076270,0,0,27,23,19,97,47,5,55
15,001,CONFLUENCIA,03626,076271,0,0,31,19,14,106,47,1,61
15,001,CONFLUENCIA,03626,076272,0,0,36,22,15,113,44,3,39
15,001,CONFLUENCIA,03626,076273,0,0,0,0,0,0,0,0,0
15,001,CONFLUENCIA,03626,076274,0,0,15,23,15,128,52,2,44
15,001,CONFLUENCIA,03627,076275,0,0,24,19,16,132,45,1,59
15,001,CONFLUENCIA,03627,076276,0,0,42,15,12,95,50,5,65
15,001,CONFLUENCIA,03627,076277,0,0,37,17,11,108,37,4,57
15,001,CONFLUENCIA,03627,076278,0,0,35,14,15,92,36,2,69
15,001,CONFLUENCIA,03627,076279,0,0,23,17,13,110,56,3,53
15,001,CONFLUENCIA,03627,076280,0,0,4,16,11,112,38,2,20
15,001,CONFLUENCIA,03627,076281,0,0,29,17,8,126,55,2,55
15,001,CONFLUENCIA,03627,076282,0,0,25,23,12,92,67,1,46
15,001,CONFLUENCIA,03627,076283,0,0,35,25,13,105,49,0,56
15,001,CONFLUENCIA,03627,076284,0,0,17,12,20,117,43,0,60
15,001,CONFLUENCIA,03627,076285,0,0,0,13,11,112,44,4,56
15,001,CONFLUENCIA,03627,076286,0,0,37,19,8,107,49,2,50
15,001,CONFLUENCIA,03627,076287,0,0,34,14,5,124,47,3,42
15,001,CONFLUENCIA,03627,076288,0,0,35,11,4,108,60,3,62
15,001,CONFLUENCIA,03627,076289,0,0,38,14,13,115,38,1,57
15,001,CONFLUENCIA,03627,076290,0,0,34,13,5,120,51,3,52
15,001,CONFLUENCIA,03627,076291,0,0,39,21,11,108,39,1,62
15,001,CONFLUENCIA,03627,076292,0,0,4,17,6,123,50,5,54
15,001,CONFLUENCIA,03627,076293,0,0,39,14,9,100,33,6,72
15,001,CONFLUENCIA,03627,076294,0,0,30,28,15,94,62,0,51
15,001,CONFLUENCIA,03627,076295,0,0,27,23,17,94,65,1,38
15,001,CONFLUENCIA,03627,076296,0,0,41,20,13,93,52,2,45
15,001,CONFLUENCIA,03627,076297,0,0,33,27,15,110,51,3,50
15,001,CONFLUENCIA,03627,076298,0,0,19,18,17,112,49,3,62
15,001,CONFLUENCIA,03627,076299,0,0,30,14,10,117,44,3,57
15,001,CONFLUENCIA,03627,076300,0,0,30,26,14,101,71,1,50
15,001,CONFLUENCIA,03627,076301,0,0,1,24,18,94,45,2,40
15,001,CONFLUENCIA,03627,076302,0,0,36,22,19,124,48,2,44
15,001,CONFLUENCIA,03627,076303,0,0,29,20,4,104,53,0,53
15,001,CONFLUENCIA,03627,076304,0,0,25,23,8,109,57,1,63
15,001,CONFLUENCIA,03627,076305,0,0,35,15,17,101,40,1,61
15,001,CONFLUENCIA,03628,076306,0,0,6,1,1,18,9,1,4
15,001,CONFLUENCIA,03629,076307,0,0,25,6,1,57,21,1,77
15,001,CONFLUENCIA,03630,076308,0,0,17,4,6,60,64,1,87
15,001,CONFLUENCIA,03630,076309,0,0,12,8,4,40,71,1,80
15,001,CONFLUENCIA,03630,076310,0,0,15,4,12,38,60,2,97
15,001,CONFLUENCIA,03630,076311,0,0,18,12,16,41,62,4,82
15,001,CONFLUENCIA,03630,076312,0,0,13,4,11,58,54,4,106
15,001,CONFLUENCIA,03631,076313,0,0,34,22,13,103,46,2,53
15,001,CONFLUENCIA,03631,076314,0,0,40,14,9,100,41,2,72
15,001,CONFLUENCIA,03631,076315,0,0,19,14,16,101,61,2,48
15,001,CONFLUENCIA,03631,076316,0,0,36,18,20,85,61,5,59
15,001,CONFLUENCIA,03631,076317,0,0,50,22,4,94,52,0,62
15,001,CONFLUENCIA,03631,076318,0,0,26,12,14,102,45,3,54
15,001,CONFLUENCIA,03631,076319,0,0,28,19,15,103,52,3,42
15,001,CONFLUENCIA,03631,076320,0,0,31,9,11,113,49,6,60
15,001,CONFLUENCIA,03631,076321,0,0,37,11,13,110,48,1,34
15,001,CONFLUENCIA,03631,076322,0,0,1,24,25,104,35,1,56
15,001,CONFLUENCIA,03631,076323,0,0,0,8,14,111,44,2,49
15,001,CONFLUENCIA,03631,076324,0,0,48,10,12,93,51,5,51
15,001,CONFLUENCIA,03631,076325,0,0,0,12,11,124,42,2,43
15,001,CONFLUENCIA,03631,076326,0,0,27,12,10,103,48,2,64
15,001,CONFLUENCIA,03631,076327,0,0,52,28,14,87,53,3,55
15,001,CONFLUENCIA,03631,076328,0,0,1,22,11,67,64,0,43
15,001,CONFLUENCIA,03631,076329,0,0,36,20,14,97,52,2,47
15,001,CONFLUENCIA,03631,076330,0,0,29,15,17,106,56,5,43
15,001,CONFLUENCIA,03631,076331,0,0,34,17,16,112,52,1,44
15,001,CONFLUENCIA,03631,076332,0,0,30,16,9,124,49,5,45
15,001,CONFLUENCIA,03631,076333,0,0,14,8,8,141,54,5,38
15,001,CONFLUENCIA,03631,076334,0,0,21,14,10,114,59,5,49
15,001,CONFLUENCIA,03631,076335,0,0,56,13,10,112,36,2,41
15,001,CONFLUENCIA,03631,076336,0,0,32,14,6,95,54,3,68
15,001,CONFLUENCIA,03632,076337,0,0,25,3,8,65,49,0,52
15,001,CONFLUENCIA,03633,076338,0,0,35,18,12,96,70,7,50
15,001,CONFLUENCIA,03633,076339,0,0,28,26,12,103,47,2,49
15,001,CONFLUENCIA,03633,076340,0,0,28,26,13,100,83,0,40
15,001,CONFLUENCIA,03633,076341,0,0,30,14,19,93,83,5,36
15,001,CONFLUENCIA,03633,076342,0,0,47,9,7,98,66,3,47
15,001,CONFLUENCIA,03633,076343,0,0,41,13,17,108,56,5,38
15,001,CONFLUENCIA,03633,076344,0,0,31,11,19,107,64,2,49
15,001,CONFLUENCIA,03633,076345,0,0,32,21,17,102,59,7,38
15,001,CONFLUENCIA,03633,076346,0,0,30,27,21,110,55,6,53
15,001,CONFLUENCIA,03633,076347,0,0,37,17,16,114,75,2,32
15,001,CONFLUENCIA,03633,076348,0,0,73,18,9,86,81,4,40
15,001,CONFLUENCIA,03633,076349,0,0,33,10,20,111,75,1,33
15,001,CONFLUENCIA,03633,076350,0,0,31,11,19,99,70,7,46
15,001,CONFLUENCIA,03633,076351,0,0,43,12,0,107,54,1,42
15,001,CONFLUENCIA,03633,076352,0,0,43,13,16,105,56,0,41
15,001,CONFLUENCIA,03633,076353,0,0,45,16,17,123,59,2,36
15,001,CONFLUENCIA,03633,076354,0,0,34,22,24,128,59,4,26
15,001,CONFLUENCIA,03633,076355,0,0,39,18,23,114,50,3,41
15,001,CONFLUENCIA,03633,076356,0,0,41,20,9,118,65,0,31
15,001,CONFLUENCIA,03633,076357,0,0,0,18,16,92,66,2,36
15,001,CONFLUENCIA,03633,076358,0,0,45,19,17,90,62,3,44
15,001,CONFLUENCIA,03633,076359,0,0,45,13,23,102,67,0,35
15,001,CONFLUENCIA,03633,076360,0,0,38,16,14,83,72,4,40
15,001,CONFLUENCIA,03633,076361,0,0,34,20,11,100,72,7,47
15,001,CONFLUENCIA,03633,076362,0,0,0,23,17,75,86,4,39
15,001,CONFLUENCIA,03633,076363,0,0,32,13,21,125,53,3,40
15,001,CONFLUENCIA,03633,076364,0,0,40,17,17,89,65,0,43
15,001,CONFLUENCIA,03633,076365,0,0,37,11,18,106,66,2,35
15,001,CONFLUENCIA,03633,076366,0,0,40,20,14,76,67,3,40
15,001,CONFLUENCIA,03633,076367,0,0,26,17,12,106,82,7,48
15,001,CONFLUENCIA,03633,076368,0,0,2,18,14,107,57,1,31
15,001,CONFLUENCIA,03633,076369,0,0,35,20,20,74,75,3,50
15,001,CONFLUENCIA,03633,076370,0,0,31,18,14,99,70,1,54
15,001,CONFLUENCIA,03633,076371,0,0,28,25,14,98,72,5,50
15,001,CONFLUENCIA,03633,076372,0,0,27,14,19,93,83,3,35
15,001,CONFLUENCIA,03633,076373,0,0,40,21,12,91,83,1,36
15,001,CONFLUENCIA,03633,076374,0,0,34,14,8,105,76,5,38
15,001,CONFLUENCIA,03633,076375,0,0,31,19,18,96,82,3,37
15,001,CONFLUENCIA,03633,076376,0,0,28,13,14,106,60,3,50
15,001,CONFLUENCIA,03633,076377,0,0,38,30,16,106,59,2,39
15,001,CONFLUENCIA,03633,076378,0,0,47,10,10,111,57,41,46
15,001,CONFLUENCIA,03633,076379,0,0,25,10,13,118,71,1,34
15,001,CONFLUENCIA,03633,076380,0,0,29,10,14,127,52,5,41
15,001,CONFLUENCIA,03633,076381,0,0,0,16,13,116,61,0,39
15,001,CONFLUENCIA,03633,076382,0,0,37,16,22,95,73,2,42
15,001,CONFLUENCIA,03633,076383,0,0,39,13,9,99,72,3,43
15,001,CONFLUENCIA,03633,076384,0,0,42,19,10,116,54,2,43
15,001,CONFLUENCIA,03633,076385,0,0,34,26,11,94,74,6,38
15,001,CONFLUENCIA,03633,076386,0,0,34,16,18,90,77,5,40
15,001,CONFLUENCIA,03633,076387,0,0,32,18,11,108,72,4,51
15,001,CONFLUENCIA,03633,076388,0,0,26,9,19,111,86,2,32
15,001,CONFLUENCIA,03633,076389,0,0,40,13,21,90,64,2,61
15,001,CONFLUENCIA,03633,076390,0,0,0,11,16,121,45,4,45
15,001,CONFLUENCIA,03633,076391,0,0,35,12,13,113,55,4,49
15,001,CONFLUENCIA,03633,076392,0,0,35,11,15,100,67,2,47
15,001,CONFLUENCIA,03633,076393,0,0,42,10,23,81,78,9,48
15,001,CONFLUENCIA,03633,076394,0,0,45,13,18,103,63,5,40
15,001,CONFLUENCIA,03633,076395,0,0,33,20,25,92,69,4,39
15,001,CONFLUENCIA,03633,076396,0,0,34,15,20,103,62,3,39
15,001,CONFLUENCIA,03633,076397,0,0,37,15,27,106,61,4,30
15,001,CONFLUENCIA,03633,076398,0,0,36,25,26,92,64,5,38
15,001,CONFLUENCIA,03633,076399,0,0,35,15,32,96,51,5,49
15,001,CONFLUENCIA,03633,076400,0,0,31,16,21,109,68,6,37
15,001,CONFLUENCIA,03633,076401,0,0,28,14,13,127,61,1,46
15,001,CONFLUENCIA,03633,076402,0,0,0,25,12,111,63,1,36
15,001,CONFLUENCIA,03633,076403,0,0,26,14,28,101,65,2,33
15,001,CONFLUENCIA,03633,076404,0,0,26,25,13,90,76,7,38
15,001,CONFLUENCIA,03633,076405,0,0,45,15,17,91,55,6,47
15,001,CONFLUENCIA,03633,076406,0,0,0,0,0,0,0,0,0
15,001,CONFLUENCIA,03633,076407,0,0,43,8,16,96,62,3,15
15,001,CONFLUENCIA,03633,076408,0,0,46,10,12,96,67,4,41
15,001,CONFLUENCIA,03633,076409,0,0,38,12,23,96,71,4,34
15,001,CONFLUENCIA,03633,076410,0,0,0,14,17,99,61,4,40
15,001,CONFLUENCIA,03633,076411,0,0,37,18,16,122,46,2,33
15,001,CONFLUENCIA,03633,076412,0,0,37,13,16,91,75,3,29
15,001,CONFLUENCIA,03633,076413,0,0,25,15,20,105,57,2,56
15,001,CONFLUENCIA,03633,076414,0,0,54,15,18,87,61,3,41
15,001,CONFLUENCIA,03633,076415,0,0,41,17,17,100,68,3,45
15,001,CONFLUENCIA,03633,076416,0,0,35,20,10,104,67,3,50
15,001,CONFLUENCIA,03633,076417,0,0,22,26,13,94,67,5,48
15,001,CONFLUENCIA,03633,076418,0,0,32,15,12,125,56,1,44
15,001,CONFLUENCIA,03633,076419,0,0,27,20,17,100,70,5,41
15,001,CONFLUENCIA,03633,076420,0,0,0,9,14,112,75,1,31
15,001,CONFLUENCIA,03633,076421,0,0,42,12,12,108,49,6,47
15,001,CONFLUENCIA,03633,076422,0,0,42,10,16,100,75,2,29
15,001,CONFLUENCIA,03633,076423,0,0,37,20,25,100,75,3,30
15,001,CONFLUENCIA,03633,076424,0,0,24,17,15,111,75,2,34
15,001,CONFLUENCIA,03633,076425,0,0,43,14,18,88,74,3,37
15,001,CONFLUENCIA,03633,076426,0,0,46,19,19,105,66,2,29
15,001,CONFLUENCIA,03633,076427,0,0,19,22,15,110,55,5,48
15,001,CONFLUENCIA,03633,076428,0,0,37,22,11,106,52,3,55
15,001,CONFLUENCIA,03633,076429,0,0,40,18,19,112,70,2,36
15,001,CONFLUENCIA,03633,076430,0,0,37,20,15,85,70,4,43
15,001,CONFLUENCIA,03633,076431,0,0,37,18,24,104,61,1,46
15,001,CONFLUENCIA,03633,076432,0,0,43,14,19,89,70,3,37
15,001,CONFLUENCIA,03633,076433,0,0,32,17,12,104,76,5,40
15,001,CONFLUENCIA,03634,076434,0,0,14,1,3,55,27,0,8
15,001,CONFLUENCIA,03635,076435,0,0,0,13,17,121,52,3,32
15,001,CONFLUENCIA,03635,076436,0,0,32,16,20,148,49,1,29
15,001,CONFLUENCIA,03635,076437,0,0,46,15,10,137,36,0,40
15,001,CONFLUENCIA,03635,076438,0,0,32,16,14,121,63,3,34
15,001,CONFLUENCIA,03635,076439,0,0,43,10,12,111,49,2,41
15,001,CONFLUENCIA,03635,076440,0,0,36,8,18,115,52,1,39
15,001,CONFLUENCIA,03635,076441,0,0,49,0,18,117,54,0,21
15,001,CONFLUENCIA,03635,076442,0,0,51,9,6,136,42,1,33
15,001,CONFLUENCIA,03635,076443,0,0,35,10,12,103,66,1,33
15,001,CONFLUENCIA,03635,076444,0,0,1,10,11,139,53,6,33
15,001,CONFLUENCIA,03635,076445,0,0,14,16,14,99,94,1,37
15,001,CONFLUENCIA,03635,076446,0,0,34,17,28,103,71,4,29
15,001,CONFLUENCIA,03635,076447,0,0,29,15,17,116,62,0,30
15,001,CONFLUENCIA,03635,076448,0,0,23,9,23,96,83,2,38
15,001,CONFLUENCIA,03635,076449,0,0,30,10,12,150,46,3,28
15,001,CONFLUENCIA,03635,076450,0,0,39,20,9,130,55,1,38
15,001,CONFLUENCIA,03635,076451,0,0,33,17,17,141,43,0,31
15,001,CONFLUENCIA,03635,076452,0,0,25,10,15,123,63,2,34
15,001,CONFLUENCIA,03635,076453,0,0,29,16,12,120,55,2,29
15,001,CONFLUENCIA,03635,076454,0,0,45,17,12,119,35,1,39
15,001,CONFLUENCIA,03635,076455,0,0,31,13,10,103,63,2,34
15,001,CONFLUENCIA,03635,076456,0,0,56,13,10,114,55,3,35
15,001,CONFLUENCIA,03635,076457,0,0,38,17,12,105,88,2,30
15,001,CONFLUENCIA,03635,076458,0,0,6,14,11,110,60,4,40
15,001,CONFLUENCIA,03635,076459,0,0,27,13,24,124,56,3,32
15,001,CONFLUENCIA,03635,076460,0,0,36,19,9,102,80,5,34
15,001,CONFLUENCIA,03635,076461,0,0,39,9,14,119,46,4,31
15,001,CONFLUENCIA,03635,076462,0,0,34,13,15,120,57,2,40
15,001,CONFLUENCIA,03635,076463,0,0,47,12,16,110,56,3,38
15,001,CONFLUENCIA,03635,076464,0,0,35,20,12,107,59,1,33
15,001,CONFLUENCIA,03635,076465,0,0,17,11,9,102,89,2,43
15,001,CONFLUENCIA,03635,076466,0,0,23,15,11,105,69,2,39
15,001,CONFLUENCIA,03635,076467,0,0,22,17,13,132,52,2,38
15,001,CONFLUENCIA,03635,076468,0,0,29,11,12,135,55,1,34
15,001,CONFLUENCIA,03635,076469,0,0,34,9,12,111,60,3,41
15,001,CONFLUENCIA,03635,076470,0,0,41,15,16,121,65,2,22
15,001,CONFLUENCIA,03635,076471,0,0,0,9,26,119,38,1,48
15,001,CONFLUENCIA,03635,076472,0,0,2,9,8,122,67,2,40
15,001,CONFLUENCIA,03635,076473,0,0,33,10,9,138,57,6,37
15,001,CONFLUENCIA,03635,076474,0,0,38,14,15,105,55,2,52
15,001,CONFLUENCIA,03635,076475,0,0,24,18,13,106,64,2,34
15,001,CONFLUENCIA,03635,076476,0,0,18,10,28,96,71,2,43
15,001,CONFLUENCIA,03635,076477,0,0,22,18,17,132,54,3,42
15,001,CONFLUENCIA,03635,076478,0,0,33,12,13,122,65,4,28
15,001,CONFLUENCIA,03635,076479,0,0,24,11,17,106,69,3,39
15,001,CONFLUENCIA,03635,076480,0,0,35,15,17,102,54,3,51
15,001,CONFLUENCIA,03635,076481,0,0,20,16,11,138,55,3,37
15,001,CONFLUENCIA,03635,076482,0,0,35,12,20,117,65,5,40
15,001,CONFLUENCIA,03635,076483,0,0,24,15,19,129,39,3,36
15,001,CONFLUENCIA,03635,076484,0,0,28,20,18,128,40,4,36
15,001,CONFLUENCIA,03635,076485,0,0,33,8,12,112,60,4,38
15,001,CONFLUENCIA,03635,076486,0,0,31,9,14,114,60,3,35
15,001,CONFLUENCIA,03635,076487,0,0,34,17,6,124,50,2,43
15,001,CONFLUENCIA,03635,076488,0,0,13,14,5,137,49,5,44
15,001,CONFLUENCIA,03635,076489,0,0,2,18,10,130,38,7,45
15,001,CONFLUENCIA,03635,076490,0,0,1,9,10,135,51,3,38
15,001,CONFLUENCIA,03635,076491,0,0,35,15,21,108,59,3,31
15,001,CONFLUENCIA,03635,076492,0,0,36,19,14,116,59,2,24
15,001,CONFLUENCIA,03635,076493,0,0,0,0,0,0,0,0,0
15,001,CONFLUENCIA,03635,076494,0,0,0,0,0,0,0,0,0
15,001,CONFLUENCIA,03635,076495,0,0,33,12,11,120,57,3,42
15,001,CONFLUENCIA,03635,076496,0,0,46,9,19,102,55,4,42
15,001,CONFLUENCIA,03635,076497,0,0,30,14,13,139,53,1,42
15,001,CONFLUENCIA,03635,076498,0,0,0,0,0,0,0,0,0
15,001,CONFLUENCIA,03635,076499,0,0,26,19,20,124,53,2,32
15,001,CONFLUENCIA,03635,076500,0,0,55,8,11,124,35,0,47
15,001,CONFLUENCIA,03635,076501,0,0,33,13,12,118,54,6,47
15,001,CONFLUENCIA,03635,076502,0,0,42,17,13,109,64,2,36
15,001,CONFLUENCIA,03635,076503,0,0,51,12,20,134,48,0,30
15,001,CONFLUENCIA,03635,076504,0,0,31,16,19,112,61,6,22
15,001,CONFLUENCIA,03635,076505,0,0,22,18,18,112,67,3,41
15,001,CONFLUENCIA,03635,076506,0,0,26,23,11,110,75,2,36
15,001,CONFLUENCIA,03635,076507,0,0,35,15,11,122,49,2,39
15,001,CONFLUENCIA,03635,076508,0,0,22,8,12,143,53,0,37
15,001,CONFLUENCIA,03635,076509,0,0,32,15,8,118,68,4,38
15,001,CONFLUENCIA,03635,076510,0,0,39,21,8,137,48,5,25
15,001,CONFLUENCIA,03635,076511,0,0,38,13,11,104,73,1,36
15,001,CONFLUENCIA,03635,076512,0,0,27,13,25,118,51,2,47
15,001,CONFLUENCIA,03635,076513,0,0,40,11,14,112,64,2,37
15,001,CONFLUENCIA,03635,076514,0,0,20,18,23,98,78,6,35
15,001,CONFLUENCIA,03635,076515,0,0,33,17,17,110,65,6,25
15,001,CONFLUENCIA,03635,076516,0,0,45,16,17,125,45,2,34
15,001,CONFLUENCIA,03635,076517,0,0,35,9,15,130,46,3,51
15,001,CONFLUENCIA,03635,076518,0,0,29,14,7,133,50,3,34
15,001,CONFLUENCIA,03635,076519,0,0,35,20,17,108,42,2,38
15,001,CONFLUENCIA,03635,076520,0,0,32,10,18,132,50,0,34
15,001,CONFLUENCIA,03635,076521,0,0,28,15,19,135,39,6,28
15,001,CONFLUENCIA,03635,076522,0,0,47,23,15,100,56,1,43
15,001,CONFLUENCIA,03635,076523,0,0,0,10,19,105,59,4,44
15,001,CONFLUENCIA,03636,076524,0,0,26,10,9,103,55,1,22
15,001,CONFLUENCIA,03636,076525,0,0,31,10,9,111,39,1,25
15,001,CONFLUENCIA,03637,076526,0,0,16,6,8,112,61,0,50
15,001,CONFLUENCIA,03637,076527,0,0,34,11,10,130,35,0,57
15,001,CONFLUENCIA,03637,076528,0,0,19,15,8,118,53,4,62
15,001,CONFLUENCIA,03637,076529,0,0,39,13,10,106,48,0,57
15,001,CONFLUENCIA,03637,076530,0,0,32,3,4,143,41,3,50
15,001,CONFLUENCIA,03637,076531,0,0,0,132,7,0,31,3,55
15,001,CONFLUENCIA,03637,076532,0,0,28,11,8,143,32,2,54
15,001,CONFLUENCIA,03637,076533,0,0,46,9,6,125,35,2,55
15,001,CONFLUENCIA,03637,076534,0,0,22,11,12,132,48,2,53
15,001,CONFLUENCIA,03637,076535,0,0,43,8,6,103,65,0,47
15,002,ZAPALA,03638,076536,0,0,34,18,6,77,72,2,28
15,002,ZAPALA,03638,076537,0,0,0,15,6,94,56,3,30
15,002,ZAPALA,03638,076538,0,0,16,12,14,88,66,2,25
15,002,ZAPALA,03638,076539,0,0,27,16,16,87,72,3,33
15,002,ZAPALA,03638,076540,0,0,16,20,12,104,58,3,28
15,002,ZAPALA,03638,076541,0,0,0,11,7,88,64,3,39
15,002,ZAPALA,03638,076542,0,0,20,12,11,76,73,4,35
15,002,ZAPALA,03638,076543,0,0,26,9,12,87,85,3,30
15,002,ZAPALA,03638,076544,0,0,35,13,9,78,70,2,33
15,002,ZAPALA,03639,076545,0,0,33,25,9,101,71,5,32
15,002,ZAPALA,03639,076546,0,0,38,13,16,143,33,3,49
15,002,ZAPALA,03639,076547,0,0,38,17,14,102,65,5,45
15,002,ZAPALA,03639,076548,0,0,27,16,13,79,76,5,51
15,002,ZAPALA,03639,076549,0,0,42,14,12,84,72,5,50
15,002,ZAPALA,03639,076550,0,0,39,14,13,108,57,2,47
15,002,ZAPALA,03639,076551,0,0,28,17,13,117,77,2,45
15,002,ZAPALA,03639,076552,0,0,31,14,13,122,48,0,46
15,002,ZAPALA,03639,076553,0,0,31,16,13,106,56,2,41
15,002,ZAPALA,03639,076554,0,0,42,27,9,88,51,3,43
15,002,ZAPALA,03639,076555,0,0,38,19,12,119,57,1,25
15,002,ZAPALA,03639,076556,0,0,0,20,15,98,62,2,36
15,002,ZAPALA,03639,076557,0,0,2,14,13,107,59,1,48
15,002,ZAPALA,03639,076558,0,0,44,10,11,114,55,1,36
15,002,ZAPALA,03639,076559,0,0,41,17,12,104,60,1,37
15,002,ZAPALA,03639,076560,0,0,45,12,7,113,49,0,56
15,002,ZAPALA,03639,076561,0,0,41,22,14,95,52,2,50
15,002,ZAPALA,03639,076562,0,0,36,9,9,106,58,0,45
15,002,ZAPALA,03639,076563,0,0,47,16,12,112,44,0,44
15,002,ZAPALA,03639,076564,0,0,32,15,9,125,53,3,43
15,002,ZAPALA,03639,076565,0,0,32,23,10,23,54,3,41
15,002,ZAPALA,03639,076566,0,0,47,14,11,102,54,3,43
15,002,ZAPALA,03639,076567,0,0,32,19,8,100,63,3,34
15,002,ZAPALA,03639,076568,0,0,36,8,16,115,50,3,51
15,002,ZAPALA,03639,076569,0,0,51,11,8,118,53,1,35
15,002,ZAPALA,03639,076570,0,0,26,24,13,103,45,3,41
15,002,ZAPALA,03639,076571,0,0,37,20,6,138,53,4,33
15,002,ZAPALA,03639,076572,0,0,51,9,8,100,64,3,44
15,002,ZAPALA,03639,076573,0,0,32,23,18,94,53,5,37
15,002,ZAPALA,03639,076574,0,0,23,16,16,95,56,0,61
15,002,ZAPALA,03639,076575,0,0,17,17,9,123,58,1,28
15,002,ZAPALA,03640,076576,0,0,1,25,12,91,103,2,39
15,002,ZAPALA,03640,076577,0,0,231,0,0,18,0,6,35
15,002,ZAPALA,03640,076578,0,0,32,22,15,106,66,1,39
15,002,ZAPALA,03640,076579,0,0,25,22,8,105,70,4,41
15,002,ZAPALA,03640,076580,0,0,23,16,21,107,66,6,32
15,002,ZAPALA,03640,076581,0,0,26,14,21,88,85,4,36
15,002,ZAPALA,03640,076582,0,0,14,19,9,90,75,2,43
15,002,ZAPALA,03640,076583,0,0,52,17,14,88,63,2,49
15,002,ZAPALA,03640,076584,0,0,27,21,10,91,73,5,32
15,002,ZAPALA,03640,076585,0,0,40,12,10,84,66,3,51
15,002,ZAPALA,03640,076586,0,0,54,10,21,83,69,3,33
15,002,ZAPALA,03640,076587,0,0,43,15,12,99,69,6,39
15,002,ZAPALA,03640,076588,0,0,23,13,24,101,86,3,28
15,002,ZAPALA,03640,076589,0,0,0,0,0,0,0,0,0
15,002,ZAPALA,03640,076590,0,0,33,20,15,97,71,3,53
15,002,ZAPALA,03640,076591,0,0,33,13,10,78,92,4,37
15,002,ZAPALA,03640,076592,0,0,38,9,20,75,92,2,49
15,002,ZAPALA,03640,076593,0,0,38,20,13,105,77,5,31
15,002,ZAPALA,03640,076594,0,0,29,21,13,109,56,5,39
15,002,ZAPALA,03640,076595,0,0,0,14,13,123,54,3,33
15,002,ZAPALA,03640,076596,0,0,29,15,11,104,77,3,38
15,002,ZAPALA,03640,076597,0,0,48,10,8,112,69,30,35
15,002,ZAPALA,03640,076598,0,0,32,16,9,94,78,3,38
15,002,ZAPALA,03640,076599,0,0,29,16,9,101,75,0,36
15,002,ZAPALA,03640,076600,0,0,39,15,15,105,41,4,55
15,002,ZAPALA,03640,076601,0,0,43,11,17,131,61,0,33
15,002,ZAPALA,03640,076602,0,0,0,12,11,128,59,5,50
15,002,ZAPALA,03640,076603,0,0,42,11,8,95,72,2,48
15,002,ZAPALA,03640,076604,0,0,35,14,12,79,81,2,47
15,002,ZAPALA,03640,076605,0,0,39,17,18,97,64,3,39
15,002,ZAPALA,03640,076606,0,0,30,11,9,101,87,2,40
15,002,ZAPALA,03640,076607,0,0,43,19,13,83,50,3,59
15,002,ZAPALA,03640,076608,0,0,0,22,13,22,64,4,44
15,002,ZAPALA,03640,076609,0,0,40,10,17,100,66,0,39
15,002,ZAPALA,03640,076610,0,0,27,16,10,99,75,3,35
15,002,ZAPALA,03640,076611,0,0,25,15,22,86,72,0,38
15,002,ZAPALA,03640,076612,0,0,32,11,11,94,88,2,32
15,002,ZAPALA,03640,076613,0,0,33,28,9,88,83,1,34
15,002,ZAPALA,03640,076614,0,0,23,20,10,88,88,1,44
15,002,ZAPALA,03640,076615,0,0,33,13,18,102,70,3,36
15,002,ZAPALA,03640,076616,0,0,34,14,17,99,78,0,41
15,002,ZAPALA,03640,076617,0,0,22,12,9,96,86,1,42
15,002,ZAPALA,03640,076618,0,0,26,11,8,117,75,5,40
15,002,ZAPALA,03641,076619,0,0,6,1,1,17,4,0,20
15,002,ZAPALA,03642,076620,0,0,15,9,6,106,60,1,74
15,002,ZAPALA,03642,076621,0,0,20,9,7,120,50,0,53
15,002,ZAPALA,03642,076622,0,0,30,12,7,122,44,0,55
15,002,ZAPALA,03642,076623,0,0,14,7,10,125,40,1,78
15,002,ZAPALA,03642,076624,0,0,17,6,4,143,33,0,61
15,002,ZAPALA,03642,076625,0,0,27,9,4,115,55,1,50
15,002,ZAPALA,03642,076626,0,0,18,7,7,108,39,4,80
15,002,ZAPALA,03643,076627,0,0,23,1,3,62,7,1,105
15,002,ZAPALA,03643,076628,0,0,22,1,3,42,14,2,112
15,002,ZAPALA,03644,076629,0,0,20,7,0,88,14,1,77
15,002,ZAPALA,03645,076630,0,0,35,5,5,125,18,0,88
15,002,ZAPALA,03646,076631,0,0,18,8,1,53,13,1,83
15,002,ZAPALA,03647,076632,0,0,23,4,1,102,10,0,107
15,002,ZAPALA,03648,076633,0,0,5,4,0,39,9,0,43
15,003,AELO,03649,076634,0,0,0,17,3,144,38,4,28
15,003,AELO,03649,076635,0,0,34,11,6,130,54,1,28
15,003,AELO,03649,076636,0,0,42,14,8,127,37,4,22
15,003,AELO,03649,076637,0,0,39,15,6,138,35,4,28
15,003,AELO,03649,076638,0,0,32,14,11,128,53,0,28
15,003,AELO,03649,076639,0,0,41,14,9,118,46,0,26
15,003,AELO,03649,076640,0,0,34,14,4,142,36,1,25
15,003,AELO,03649,076641,0,0,34,11,5,133,49,1,28
15,003,AELO,03649,076642,0,0,32,8,4,128,40,1,36
15,003,AELO,03649,076643,0,0,30,18,10,135,54,0,14
15,003,AELO,03649,076644,0,0,27,19,12,130,35,2,37
15,003,AELO,03649,076645,0,0,0,19,9,124,47,1,39
15,003,AELO,03649,076646,0,0,37,16,9,147,27,1,27
15,003,AELO,03649,076647,0,0,53,12,11,118,45,3,34
15,003,AELO,03649,076648,0,0,54,13,13,114,37,2,36
15,003,AELO,03649,076649,0,0,35,12,8,151,35,2,24
15,003,AELO,03649,076650,0,0,39,15,4,115,41,0,39
15,003,AELO,03649,076651,0,0,27,12,7,130,48,6,23
15,003,AELO,03649,076652,0,0,39,5,8,145,34,0,31
15,003,AELO,03649,076653,0,0,29,6,4,140,50,1,29
15,003,AELO,03650,076654,0,0,39,9,4,77,35,0,47
15,003,AELO,03650,076655,0,0,28,9,1,67,39,1,60
15,003,AELO,03650,076656,0,0,1,1,9,77,34,1,62
15,003,AELO,03650,076657,0,0,6,4,5,93,26,1,50
15,003,AELO,03650,076658,0,0,19,7,0,78,24,0,80
15,003,AELO,03650,076659,0,0,0,0,0,0,0,0,0
15,003,AELO,03650,076660,0,0,17,11,5,95,38,1,64
15,003,AELO,03650,076661,0,0,17,7,11,103,33,1,47
15,003,AELO,03650,076662,0,0,3,7,8,82,26,0,51
15,003,AELO,03650,076663,0,0,28,9,6,109,24,0,50
15,003,AELO,03650,076664,0,0,32,11,2,99,28,1,65
15,003,AELO,03650,076665,0,0,58,5,5,81,24,4,56
15,003,AELO,03650,076666,0,0,21,10,7,97,15,1,51
15,003,AELO,03650,076667,0,0,35,6,3,78,28,2,46
15,003,AELO,03650,076668,0,0,22,5,1,74,30,2,63
15,003,AELO,03650,076669,0,0,26,6,6,98,26,1,50
15,003,AELO,03651,076670,0,0,2,2,0,20,6,0,10
15,003,AELO,03652,076671,0,0,1,0,0,7,3,0,112
15,003,AELO,03653,076672,0,0,32,2,1,37,9,2,38
15,004,PEHUENCHES,03654,076673,0,0,35,11,2,59,28,2,116
15,004,PEHUENCHES,03654,076674,0,0,41,14,5,51,23,2,128
15,004,PEHUENCHES,03654,076675,0,0,67,17,6,5,47,3,108
15,004,PEHUENCHES,03654,076676,0,0,2,8,4,62,29,1,111
15,004,PEHUENCHES,03654,076677,0,0,40,12,9,50,39,0,104
15,004,PEHUENCHES,03654,076678,0,0,31,7,6,46,38,2,113
15,004,PEHUENCHES,03654,076679,0,0,42,14,5,48,35,2,119
15,004,PEHUENCHES,03654,076680,0,0,32,9,3,54,35,2,134
15,004,PEHUENCHES,03654,076681,0,0,50,10,7,47,43,3,103
15,004,PEHUENCHES,03654,076682,0,0,21,9,4,45,35,1,122
15,004,PEHUENCHES,03654,076683,0,0,27,15,7,54,37,5,114
15,004,PEHUENCHES,03654,076684,0,0,25,9,7,53,47,2,106
15,004,PEHUENCHES,03654,076685,0,0,62,11,4,44,38,0,102
15,004,PEHUENCHES,03654,076686,0,0,26,12,3,66,41,2,94
15,004,PEHUENCHES,03654,076687,0,0,34,6,3,55,41,1,119
15,004,PEHUENCHES,03654,076688,0,0,20,9,2,43,45,0,133
15,004,PEHUENCHES,03654,076689,0,0,35,9,7,56,37,3,101
15,004,PEHUENCHES,03654,076690,0,0,60,9,3,45,30,2,119
15,004,PEHUENCHES,03654,076691,0,0,48,9,8,58,36,0,98
15,004,PEHUENCHES,03654,076692,0,0,39,11,2,64,20,1,111
15,004,PEHUENCHES,03654,076693,0,0,26,10,5,57,34,2,118
15,004,PEHUENCHES,03654,076694,0,0,48,11,4,62,41,4,97
15,004,PEHUENCHES,03654,076695,0,0,50,6,4,72,31,0,106
15,004,PEHUENCHES,03654,076696,0,0,49,13,4,40,42,5,89
15,004,PEHUENCHES,03654,076697,0,0,30,8,3,64,35,4,100
15,004,PEHUENCHES,03654,076698,0,0,36,6,5,55,29,1,129
15,004,PEHUENCHES,03654,076699,0,0,31,6,4,66,35,2,111
15,004,PEHUENCHES,03654,076700,0,0,53,11,0,52,22,0,113
15,004,PEHUENCHES,03654,076701,0,0,32,14,7,58,25,0,112
15,004,PEHUENCHES,03654,076702,0,0,36,0,0,50,6,0,130
15,004,PEHUENCHES,03654,076703,0,0,52,1,5,52,31,1,116
15,004,PEHUENCHES,03654,076704,0,0,38,7,1,49,42,1,110
15,004,PEHUENCHES,03654,076705,0,0,0,11,5,57,43,1,102
15,004,PEHUENCHES,03654,076706,0,0,27,14,4,54,3,2,113
15,004,PEHUENCHES,03654,076707,0,0,33,5,3,56,42,3,115
15,004,PEHUENCHES,03654,076708,0,0,0,0,0,0,0,0,0
15,004,PEHUENCHES,03654,076709,0,0,54,11,4,57,30,0,112
15,004,PEHUENCHES,03654,076710,0,0,54,9,4,50,40,0,118
15,004,PEHUENCHES,03654,076711,0,0,49,4,3,42,46,1,108
15,004,PEHUENCHES,03654,076712,0,0,28,7,4,57,33,0,109
15,004,PEHUENCHES,03654,076713,0,0,44,9,6,47,47,0,101
15,004,PEHUENCHES,03654,076714,0,0,46,12,0,50,36,6,105
15,004,PEHUENCHES,03654,076715,0,0,0,8,10,51,36,2,104
15,004,PEHUENCHES,03654,076716,0,0,0,5,3,46,30,3,121
15,004,PEHUENCHES,03654,076717,0,0,0,12,10,56,47,1,108
15,004,PEHUENCHES,03654,076718,0,0,40,8,6,51,37,7,112
15,004,PEHUENCHES,03654,076719,0,0,47,6,5,33,40,0,123
15,004,PEHUENCHES,03654,076720,0,0,33,2,2,49,47,2,111
15,004,PEHUENCHES,03655,076721,0,0,15,0,1,1,12,0,56
15,004,PEHUENCHES,03656,076722,0,0,2,1,0,13,1,0,34
15,004,PEHUENCHES,03657,076723,0,0,0,1,1,18,2,1,16
15,004,PEHUENCHES,03658,076724,0,0,18,4,3,62,31,1,128
15,004,PEHUENCHES,03658,076725,0,0,20,6,2,74,26,1,125
15,004,PEHUENCHES,03658,076726,0,0,36,7,6,59,21,0,120
15,004,PEHUENCHES,03658,076727,0,0,27,14,5,82,20,0,95
15,004,PEHUENCHES,03658,076728,0,0,23,11,1,71,26,0,100
15,004,PEHUENCHES,03658,076729,0,0,10,8,6,70,29,1,118
15,004,PEHUENCHES,03658,076730,0,0,29,8,4,81,25,0,97
15,004,PEHUENCHES,03659,076731,0,0,2,1,2,117,20,0,46
15,004,PEHUENCHES,03659,076732,0,0,1,1,1,122,14,2,59
15,004,PEHUENCHES,03659,076733,0,0,17,1,5,101,12,2,54
15,004,PEHUENCHES,03659,076734,0,0,0,4,0,112,20,1,47
15,005,CHOS MALAL,03660,076735,0,0,29,7,9,116,36,1,60
15,005,CHOS MALAL,03660,076736,0,0,43,10,9,85,53,2,66
15,005,CHOS MALAL,03660,076737,0,0,35,12,10,109,35,0,51
15,005,CHOS MALAL,03660,076738,0,0,34,12,14,82,51,1,50
15,005,CHOS MALAL,03660,076739,0,0,47,12,7,90,55,2,50
15,005,CHOS MALAL,03660,076740,0,0,35,13,10,87,50,1,57
15,005,CHOS MALAL,03660,076741,0,0,33,11,5,100,42,1,73
15,005,CHOS MALAL,03660,076742,0,0,26,5,17,80,49,3,68
15,005,CHOS MALAL,03660,076743,0,0,26,11,9,81,58,0,56
15,005,CHOS MALAL,03660,076744,0,0,26,12,13,84,54,2,63
15,005,CHOS MALAL,03660,076745,0,0,25,9,5,106,41,1,68
15,005,CHOS MALAL,03660,076746,0,0,1,12,14,98,54,4,59
15,005,CHOS MALAL,03660,076747,0,0,29,4,5,118,33,2,60
15,005,CHOS MALAL,03660,076748,0,0,14,9,8,100,44,3,70
15,005,CHOS MALAL,03660,076749,0,0,1,15,10,104,44,0,48
15,005,CHOS MALAL,03660,076750,0,0,25,13,13,91,62,0,46
15,005,CHOS MALAL,03660,076751,0,0,1,7,11,112,44,4,57
15,005,CHOS MALAL,03660,076752,0,0,28,10,8,93,46,2,65
15,005,CHOS MALAL,03660,076753,0,0,31,10,13,92,46,2,71
15,005,CHOS MALAL,03660,076754,0,0,31,5,9,68,51,3,60
15,005,CHOS MALAL,03660,076755,0,0,23,11,10,98,49,2,56
15,005,CHOS MALAL,03660,076756,0,0,39,13,11,80,51,0,51
15,005,CHOS MALAL,03660,076757,0,0,24,15,6,122,41,0,50
15,005,CHOS MALAL,03660,076758,0,0,33,14,7,86,40,3,66
15,005,CHOS MALAL,03660,076759,0,0,26,12,13,96,29,3,67
15,005,CHOS MALAL,03660,076760,0,0,26,7,9,94,44,2,68
15,005,CHOS MALAL,03660,076761,0,0,30,16,10,78,56,3,62
15,005,CHOS MALAL,03660,076762,0,0,31,7,12,84,53,2,68
15,005,CHOS MALAL,03660,076763,0,0,35,11,5,91,2,3,51
15,005,CHOS MALAL,03660,076764,0,0,18,8,11,82,42,1,73
15,005,CHOS MALAL,03660,076765,0,0,52,7,19,97,48,1,47
15,005,CHOS MALAL,03660,076766,0,0,11,11,11,96,54,3,47
15,005,CHOS MALAL,03661,076767,0,0,18,1,3,50,7,0,59
15,005,CHOS MALAL,03662,076768,0,0,17,4,0,63,7,0,73
15,005,CHOS MALAL,03663,076769,0,0,20,2,3,124,19,1,98
15,005,CHOS MALAL,03664,076770,0,0,28,5,6,114,14,2,77
15,005,CHOS MALAL,03664,076771,0,0,26,1,1,117,9,0,95
15,005,CHOS MALAL,03664,076772,0,0,7,3,4,124,6,1,88
15,005,CHOS MALAL,03665,076773,0,0,10,2,1,37,0,0,31
15,005,CHOS MALAL,03666,076774,0,0,6,1,0,13,1,0,4
15,005,CHOS MALAL,03667,076775,0,0,0,0,0,6,3,0,19
15,005,CHOS MALAL,03668,076776,0,0,0,0,2,9,2,0,74
15,006,MINAS,03669,076777,0,0,26,9,10,124,19,1,65
15,006,MINAS,03669,076778,0,0,20,8,16,116,32,1,54
15,006,MINAS,03669,076779,0,0,29,13,8,115,35,2,55
15,006,MINAS,03669,076780,0,0,31,12,11,118,23,1,72
15,006,MINAS,03669,076781,0,0,25,11,5,117,25,0,68
15,006,MINAS,03669,076782,0,0,23,10,17,104,34,0,61
15,006,MINAS,03669,076783,0,0,26,9,5,113,24,1,72
15,006,MINAS,03670,076784,0,0,40,11,1,57,16,1,125
15,006,MINAS,03671,076785,0,0,13,2,1,66,10,0,152
15,006,MINAS,03671,076786,0,0,26,7,3,65,13,0,125
15,006,MINAS,03672,076787,0,0,16,3,4,80,4,0,39
15,006,MINAS,03672,076788,0,0,16,1,3,63,8,1,53
15,006,MINAS,03673,076789,0,0,7,5,5,130,17,3,49
15,006,MINAS,03673,076790,0,0,26,8,10,106,9,1,50
15,006,MINAS,03673,076791,0,0,33,6,3,97,18,2,56
15,006,MINAS,03674,076792,0,0,8,0,0,32,2,0,13
15,006,MINAS,03675,076793,0,0,15,2,3,81,26,1,107
15,006,MINAS,03675,076794,0,0,23,5,5,90,18,1,85
15,006,MINAS,03675,076795,0,0,23,4,5,64,31,0,122
15,006,MINAS,03675,076796,0,0,33,2,8,93,24,2,94
15,006,MINAS,03676,076797,0,0,40,4,1,57,0,0,108
15,006,MINAS,03676,076798,0,0,26,2,2,65,4,0,101
15,006,MINAS,03677,076799,0,0,47,1,0,28,5,0,132
15,006,MINAS,03677,076800,0,0,32,2,2,33,7,1,123
15,007,ORQUN,03678,076801,0,0,32,7,3,161,8,2,59
15,007,ORQUN,03678,076802,0,0,38,7,4,156,14,0,46
15,007,ORQUN,03678,076803,0,0,27,2,9,164,17,1,41
15,007,ORQUN,03678,076804,0,0,25,12,3,176,21,1,42
15,007,ORQUN,03679,076805,0,0,0,0,0,6,2,0,3
15,007,ORQUN,03680,076806,0,0,32,9,0,70,15,2,121
15,007,ORQUN,03680,076807,0,0,64,6,3,62,11,0,116
15,007,ORQUN,03680,076808,0,0,42,8,5,46,17,2,126
15,007,ORQUN,03681,076809,0,0,12,13,8,61,44,2,46
15,007,ORQUN,03681,076810,0,0,16,4,11,93,39,3,55
15,007,ORQUN,03681,076811,0,0,22,10,8,73,48,3,48
15,007,ORQUN,03682,076812,0,0,16,5,5,44,22,1,94
15,007,ORQUN,03682,076813,0,0,20,3,1,48,25,0,77
15,007,ORQUN,03682,076814,0,0,21,5,3,48,21,0,89
15,007,ORQUN,03683,076815,0,0,17,1,0,46,5,0,41
15,007,ORQUN,03684,076816,0,0,7,0,0,9,4,0,12
15,007,ORQUN,03685,076817,0,0,0,2,0,12,1,0,17
15,007,ORQUN,03686,076818,0,0,1,1,1,13,4,0,20
15,007,ORQUN,03687,076819,0,0,31,1,0,105,5,0,132
15,008,LONCOPU,03688,076820,0,0,30,20,9,94,31,2,79
15,008,LONCOPU,03688,076821,0,0,25,15,9,77,42,2,92
15,008,LONCOPU,03688,076822,0,0,8,9,6,80,42,1,87
15,008,LONCOPU,03688,076823,0,0,35,17,3,72,49,5,81
15,008,LONCOPU,03688,076824,0,0,24,20,7,23,47,0,72
15,008,LONCOPU,03688,076825,0,0,14,15,31,84,41,0,78
15,008,LONCOPU,03688,076826,0,0,34,16,11,84,39,1,71
15,008,LONCOPU,03688,076827,0,0,50,6,9,116,22,2,85
15,008,LONCOPU,03688,076828,0,0,0,0,0,0,0,0,0
15,008,LONCOPU,03688,076829,0,0,61,13,9,86,38,6,69
15,008,LONCOPU,03688,076830,0,0,23,6,9,83,52,2,81
15,008,LONCOPU,03688,076831,0,0,34,15,15,88,55,1,63
15,008,LONCOPU,03688,076832,0,0,38,15,5,93,36,0,91
15,008,LONCOPU,03689,076833,0,0,0,2,1,30,3,0,9
15,008,LONCOPU,03690,076834,0,0,0,1,0,3,3,0,35
15,008,LONCOPU,03691,076835,0,0,28,1,1,60,1,0,105
15,008,LONCOPU,03691,076836,0,0,30,1,0,57,4,1,94
15,008,LONCOPU,03692,076837,0,0,15,0,2,70,3,1,75
15,008,LONCOPU,03692,076838,0,0,15,1,0,34,7,0,100
15,008,LONCOPU,03693,076839,0,0,5,1,0,22,1,0,22
15,008,LONCOPU,03694,076840,0,0,20,3,1,47,5,0,47
15,009,PICUNCHES,03695,076841,0,0,33,11,5,71,76,2,63
15,009,PICUNCHES,03695,076842,0,0,25,13,6,73,61,1,50
15,009,PICUNCHES,03695,076843,0,0,38,10,4,99,69,3,38
15,009,PICUNCHES,03695,076844,0,0,26,10,4,75,66,0,58
15,009,PICUNCHES,03695,076845,0,0,26,7,2,93,58,1,54
15,009,PICUNCHES,03695,076846,0,0,27,11,5,77,56,0,58
15,009,PICUNCHES,03695,076847,0,0,34,11,3,82,49,0,61
15,009,PICUNCHES,03695,076848,0,0,24,5,3,90,53,2,63
15,009,PICUNCHES,03695,076849,0,0,7,7,4,134,36,4,66
15,009,PICUNCHES,03695,076850,0,0,22,15,4,87,73,0,50
15,009,PICUNCHES,03695,076851,0,0,24,10,6,79,58,1,69
15,009,PICUNCHES,03695,076852,0,0,29,12,7,76,58,0,59
15,009,PICUNCHES,03695,076853,0,0,40,5,4,69,61,0,71
15,009,PICUNCHES,03696,076854,0,0,2,0,1,10,1,0,17
15,009,PICUNCHES,03697,076855,0,0,19,1,4,43,16,3,139
15,009,PICUNCHES,03697,076856,0,0,0,0,0,0,0,0,0
15,009,PICUNCHES,03697,076857,0,0,30,4,2,66,18,0,116
15,009,PICUNCHES,03698,076858,0,0,8,0,0,9,7,0,72
15,009,PICUNCHES,03699,076859,0,0,8,0,0,13,2,0,22
15,009,PICUNCHES,03700,076860,0,0,7,1,0,41,7,0,25
15,009,PICUNCHES,03701,076861,0,0,2,1,0,1,11,0,5
15,010,ALUMIN,03702,076862,0,0,2,11,9,81,41,5,60
15,010,ALUMIN,03702,076863,0,0,30,14,9,84,38,2,74
15,010,ALUMIN,03702,076864,0,0,23,13,21,84,41,5,78
15,010,ALUMIN,03702,076865,0,0,27,12,16,73,50,3,68
15,010,ALUMIN,03702,076866,0,0,36,6,9,79,48,7,60
15,010,ALUMIN,03702,076867,0,0,22,11,15,95,41,2,68
15,010,ALUMIN,03702,076868,0,0,40,7,9,97,28,4,77
15,010,ALUMIN,03702,076869,0,0,29,9,10,81,35,1,90
15,010,ALUMIN,03702,076870,0,0,37,8,11,90,49,4,57
15,010,ALUMIN,03702,076871,0,0,34,13,6,86,38,0,78
15,010,ALUMIN,03702,076872,0,0,24,10,8,82,49,1,74
15,010,ALUMIN,03702,076873,0,0,30,12,8,88,52,3,64
15,010,ALUMIN,03702,076874,0,0,14,11,7,84,49,1,87
15,010,ALUMIN,03703,076875,0,0,10,3,1,30,8,2,41
15,010,ALUMIN,03704,076876,0,0,0,1,2,28,11,0,32
15,010,ALUMIN,03705,076877,0,0,27,2,0,63,2,1,99
15,010,ALUMIN,03705,076878,0,0,22,0,1,72,3,0,112
15,010,ALUMIN,03706,076879,0,0,0,3,0,17,17,0,7
15,010,ALUMIN,03707,076880,0,0,1,2,2,36,4,0,18
15,010,ALUMIN,03708,076881,0,0,18,7,7,53,39,0,58
15,010,ALUMIN,03708,076882,0,0,10,9,8,41,36,1,69
15,010,ALUMIN,03708,076883,0,0,21,4,5,46,48,1,64
15,010,ALUMIN,03708,076884,0,0,33,7,7,57,32,0,69
15,010,ALUMIN,03708,076885,0,0,27,9,8,35,39,1,58
15,010,ALUMIN,03709,076886,0,0,3,6,5,37,41,2,74
15,010,ALUMIN,03710,076887,0,0,58,4,5,101,6,0,52
15,010,ALUMIN,03711,076888,0,0,9,0,1,9,9,0,14
15,011,CATN LIL,03712,076889,0,0,42,9,2,108,19,3,50
15,011,CATN LIL,03712,076890,0,0,11,8,10,106,16,2,54
15,011,CATN LIL,03712,076891,0,0,34,3,2,120,18,1,51
15,011,CATN LIL,03713,076892,0,0,0,1,0,31,8,1,45
15,011,CATN LIL,03714,076893,0,0,8,0,0,19,4,0,27
15,011,CATN LIL,03715,076894,0,0,0,2,0,10,0,0,7
15,011,CATN LIL,03716,076895,0,0,7,1,3,49,4,0,55
15,011,CATN LIL,03717,076896,0,0,0,0,0,15,6,0,16
15,011,CATN LIL,03718,076897,0,0,0,1,1,25,4,0,21
15,011,CATN LIL,03719,076898,0,0,16,4,5,13,17,0,64
15,012,PICN LEUF,03720,076899,0,0,25,15,5,138,31,5,39
15,012,PICN LEUF,03720,076900,0,0,17,9,7,119,39,2,56
15,012,PICN LEUF,03720,076901,0,0,25,19,4,109,34,3,49
15,012,PICN LEUF,03720,076902,0,0,32,12,4,120,35,0,45
15,012,PICN LEUF,03720,076903,0,0,22,22,7,129,52,6,27
15,012,PICN LEUF,03720,076904,0,0,18,11,7,132,41,1,48
15,012,PICN LEUF,03720,076905,0,0,0,0,0,0,0,0,0
15,012,PICN LEUF,03720,076906,0,0,18,13,13,137,24,1,36
15,012,PICN LEUF,03720,076907,0,0,18,8,9,128,46,2,55
15,012,PICN LEUF,03720,076908,0,0,14,13,12,154,32,2,44
15,012,PICN LEUF,03721,076909,0,0,13,3,0,45,13,1,91
15,012,PICN LEUF,03721,076910,0,0,9,1,0,39,8,3,101
15,012,PICN LEUF,03722,076911,0,0,29,5,10,78,16,2,138
15,013,COLLN CUR,03723,076912,0,0,38,4,4,102,29,0,84
15,013,COLLN CUR,03723,076913,0,0,46,5,7,76,48,3,81
15,013,COLLN CUR,03723,076914,0,0,29,4,4,96,41,2,91
15,013,COLLN CUR,03723,076915,0,0,19,10,6,88,30,1,98
15,013,COLLN CUR,03723,076916,0,0,34,7,14,95,38,1,71
15,013,COLLN CUR,03723,076917,0,0,25,9,12,88,51,1,83
15,013,COLLN CUR,03723,076918,0,0,26,7,5,118,26,2,85
15,013,COLLN CUR,03723,076919,0,0,2,12,14,80,39,3,86
15,013,COLLN CUR,03723,076920,0,0,21,7,5,88,24,3,104
15,013,COLLN CUR,03724,076921,0,0,17,4,1,87,9,1,45
15,013,COLLN CUR,03724,076922,0,0,23,1,1,72,14,0,61
15,013,COLLN CUR,03725,076923,0,0,0,0,0,8,2,0,12
15,013,COLLN CUR,03726,076924,0,0,3,3,0,29,3,1,23
15,013,COLLN CUR,03727,076925,0,0,1,3,0,56,9,1,47
15,013,COLLN CUR,03728,076926,0,0,4,0,0,16,4,0,11
15,014,HUILICHES,03729,076927,0,0,33,17,14,100,58,5,42
15,014,HUILICHES,03729,076928,0,0,24,10,4,98,65,1,56
15,014,HUILICHES,03729,076929,0,0,31,9,7,101,75,4,47
15,014,HUILICHES,03729,076930,0,0,35,15,13,79,58,4,53
15,014,HUILICHES,03729,076931,0,0,26,18,16,92,67,2,46
15,014,HUILICHES,03729,076932,0,0,34,4,14,117,37,1,69
15,014,HUILICHES,03729,076933,0,0,54,14,16,100,71,2,49
15,014,HUILICHES,03729,076934,0,0,49,12,16,64,62,6,55
15,014,HUILICHES,03729,076935,0,0,23,22,13,89,56,5,46
15,014,HUILICHES,03729,076936,0,0,0,10,0,64,83,7,32
15,014,HUILICHES,03729,076937,0,0,25,16,13,90,56,1,59
15,014,HUILICHES,03729,076938,0,0,27,10,11,104,52,3,75
15,014,HUILICHES,03729,076939,0,0,27,15,13,97,61,3,67
15,014,HUILICHES,03729,076940,0,0,31,11,11,95,64,3,56
15,014,HUILICHES,03729,076941,0,0,12,14,15,108,64,2,51
15,014,HUILICHES,03729,076942,0,0,53,13,9,108,46,4,60
15,014,HUILICHES,03729,076943,0,0,32,15,11,95,63,1,45
15,014,HUILICHES,03729,076944,0,0,27,15,9,119,57,2,38
15,014,HUILICHES,03729,076945,0,0,39,11,13,88,69,1,44
15,014,HUILICHES,03729,076946,0,0,19,7,16,89,62,4,45
15,014,HUILICHES,03729,076947,0,0,19,21,20,73,62,0,49
15,014,HUILICHES,03729,076948,0,0,33,17,22,89,74,0,45
15,014,HUILICHES,03729,076949,0,0,0,0,0,0,0,0,0
15,014,HUILICHES,03729,076950,0,0,26,17,5,104,69,2,50
15,014,HUILICHES,03729,076951,0,0,32,16,23,94,64,3,55
15,014,HUILICHES,03729,076952,0,0,33,12,8,90,67,3,57
15,014,HUILICHES,03729,076953,0,0,19,12,8,83,79,3,45
15,014,HUILICHES,03729,076954,0,0,43,7,19,103,46,3,68
15,014,HUILICHES,03729,076955,0,0,22,15,21,89,66,1,44
15,014,HUILICHES,03729,076956,0,0,35,14,9,67,61,1,67
15,014,HUILICHES,03729,076957,0,0,39,19,11,80,61,9,45
15,014,HUILICHES,03729,076958,0,0,34,4,15,96,77,1,41
15,014,HUILICHES,03729,076959,0,0,20,17,14,76,81,3,38
15,014,HUILICHES,03729,076960,0,0,24,9,10,111,59,1,49
15,014,HUILICHES,03729,076961,0,0,20,13,17,71,79,1,63
15,014,HUILICHES,03729,076962,0,0,28,21,12,74,77,2,59
15,014,HUILICHES,03730,076963,0,0,8,1,4,35,12,0,39
15,014,HUILICHES,03731,076964,0,0,44,4,6,51,6,0,40
15,014,HUILICHES,03732,076965,0,0,16,2,2,99,5,0,53
15,014,HUILICHES,03732,076966,0,0,21,1,3,66,6,1,60
15,014,HUILICHES,03733,076967,0,0,17,2,1,90,5,1,93
15,014,HUILICHES,03734,076968,0,0,28,4,1,56,12,1,60
15,014,HUILICHES,03734,076969,0,0,16,3,2,65,5,2,69
15,015,LCAR,03735,076970,0,0,30,16,8,49,123,4,18
15,015,LCAR,03735,076971,0,0,15,17,14,79,111,5,23
15,015,LCAR,03735,076972,0,0,23,17,12,78,101,9,15
15,015,LCAR,03735,076973,0,0,31,15,18,64,103,3,17
15,015,LCAR,03735,076974,0,0,15,12,14,70,103,5,16
15,015,LCAR,03735,076975,0,0,29,16,13,74,102,4,19
15,015,LCAR,03735,076976,0,0,27,24,9,101,74,7,17
15,015,LCAR,03735,076977,0,0,29,13,13,109,78,1,10
15,015,LCAR,03735,076978,0,0,31,11,22,65,107,2,24
15,015,LCAR,03735,076979,0,0,26,12,17,72,91,2,22
15,015,LCAR,03735,076980,0,0,23,15,11,91,93,3,24
15,015,LCAR,03735,076981,0,0,0,0,0,0,0,0,0
15,015,LCAR,03735,076982,0,0,29,13,9,94,91,2,17
15,015,LCAR,03735,076983,0,0,22,24,14,65,118,2,19
15,015,LCAR,03735,076984,0,0,24,11,10,86,112,3,18
15,015,LCAR,03735,076985,0,0,28,18,11,76,88,4,15
15,015,LCAR,03735,076986,0,0,17,13,22,85,77,2,14
15,015,LCAR,03735,076987,0,0,26,12,15,66,109,7,21
15,015,LCAR,03735,076988,0,0,33,8,19,80,102,3,26
15,015,LCAR,03735,076989,0,0,15,20,15,88,91,6,18
15,015,LCAR,03735,076990,0,0,22,19,18,72,91,4,19
15,015,LCAR,03735,076991,0,0,35,16,12,92,81,1,16
15,015,LCAR,03735,076992,0,0,27,12,18,69,110,2,17
15,015,LCAR,03735,076993,0,0,23,11,20,88,87,6,19
15,015,LCAR,03735,076994,0,0,28,14,16,87,88,4,19
15,015,LCAR,03735,076995,0,0,27,14,14,73,87,3,14
15,015,LCAR,03735,076996,0,0,27,10,18,80,94,3,17
15,015,LCAR,03735,076997,0,0,20,18,15,98,97,0,18
15,015,LCAR,03735,076998,0,0,25,17,20,76,99,2,17
15,015,LCAR,03735,076999,0,0,21,0,20,78,85,7,26
15,015,LCAR,03735,077000,0,0,32,13,10,86,93,3,22
15,015,LCAR,03735,077001,0,0,25,10,10,63,112,5,22
15,015,LCAR,03735,077002,0,0,14,10,15,66,100,5,28
15,015,LCAR,03735,077003,0,0,25,12,13,86,84,4,31
15,015,LCAR,03735,077004,0,0,27,10,11,101,87,2,22
15,015,LCAR,03735,077005,0,0,24,14,10,69,106,6,16
15,015,LCAR,03736,077006,0,0,33,13,17,81,106,1,21
15,015,LCAR,03736,077007,0,0,37,9,6,92,83,3,33
15,015,LCAR,03736,077008,0,0,12,16,15,99,86,3,26
15,015,LCAR,03736,077009,0,0,20,14,14,72,108,4,20
15,015,LCAR,03736,077010,0,0,31,17,14,67,113,3,21
15,015,LCAR,03736,077011,0,0,22,16,16,88,91,3,27
15,015,LCAR,03736,077012,0,0,33,16,15,89,89,3,26
15,015,LCAR,03736,077013,0,0,24,13,16,119,72,3,32
15,015,LCAR,03736,077014,0,0,32,12,19,94,76,0,26
15,015,LCAR,03736,077015,0,0,0,12,22,82,81,0,22
15,015,LCAR,03736,077016,0,0,31,9,15,80,105,3,24
15,015,LCAR,03736,077017,0,0,15,17,15,74,110,3,23
15,015,LCAR,03736,077018,0,0,35,16,18,116,56,7,34
15,015,LCAR,03736,077019,0,0,28,10,12,69,113,5,19
15,015,LCAR,03736,077020,0,0,0,0,0,0,0,0,0
15,015,LCAR,03736,077021,0,0,32,18,15,73,111,3,21
15,015,LCAR,03736,077022,0,0,20,18,13,82,87,5,28
15,015,LCAR,03736,077023,0,0,21,22,12,78,86,5,30
15,015,LCAR,03736,077024,0,0,30,13,19,80,92,3,23
15,015,LCAR,03736,077025,0,0,23,10,10,85,105,0,15
15,015,LCAR,03736,077026,0,0,3,14,16,77,100,5,27
15,015,LCAR,03736,077027,0,0,32,17,20,98,84,3,23
15,015,LCAR,03736,077028,0,0,23,10,18,83,87,4,20
15,015,LCAR,03736,077029,0,0,27,15,14,67,99,7,18
15,015,LCAR,03736,077030,0,0,36,15,9,102,79,2,25
15,015,LCAR,03736,077031,0,0,24,14,23,79,97,3,24
15,015,LCAR,03736,077032,0,0,28,16,15,88,94,1,18
15,015,LCAR,03736,077033,0,0,25,15,18,91,85,0,33
15,015,LCAR,03736,077034,0,0,55,11,9,92,69,3,16
15,015,LCAR,03736,077035,0,0,23,17,11,76,102,5,26
15,015,LCAR,03736,077036,0,0,24,15,16,84,93,6,19
15,015,LCAR,03736,077037,0,0,21,12,13,97,79,4,27
15,015,LCAR,03736,077038,0,0,26,17,12,91,88,4,17
15,015,LCAR,03736,077039,0,0,18,17,14,82,103,4,20
15,015,LCAR,03736,077040,0,0,28,11,14,76,115,3,18
15,015,LCAR,03736,077041,0,0,32,11,26,74,108,1,21
15,015,LCAR,03736,077042,0,0,27,8,15,81,94,0,28
15,015,LCAR,03736,077043,0,0,28,13,19,89,99,2,22
15,015,LCAR,03736,077044,0,0,27,9,20,73,118,2,21
15,015,LCAR,03736,077045,0,0,27,18,11,85,84,3,29
15,015,LCAR,03736,077046,0,0,25,6,13,103,72,3,29
15,015,LCAR,03736,077047,0,0,30,12,14,79,85,5,24
15,015,LCAR,03736,077048,0,0,20,15,13,72,117,0,20
15,015,LCAR,03737,077049,0,0,8,10,12,63,103,2,19
15,015,LCAR,03738,077050,0,0,1,1,1,8,0,1,1
15,015,LCAR,03739,077051,0,0,16,0,7,0,15,1,0
15,015,LCAR,03740,077052,0,0,30,9,13,73,23,2,17
15,015,LCAR,03741,077053,0,0,4,0,1,6,25,0,2
15,015,LCAR,03742,077054,0,0,9,11,7,34,84,1,13
15,015,LCAR,03743,077055,0,0,3,1,1,3,28,0,4
15,016,LOS LAGOS,03744,077056,0,0,38,17,9,72,71,4,20
15,016,LOS LAGOS,03744,077057,0,0,28,14,11,77,85,6,30
15,016,LOS LAGOS,03744,077058,0,0,25,22,5,98,78,3,17
15,016,LOS LAGOS,03744,077059,0,0,32,7,19,75,91,3,16
15,016,LOS LAGOS,03744,077060,0,0,24,15,17,83,73,1,27
15,016,LOS LAGOS,03744,077061,0,0,20,18,10,94,75,3,29
15,016,LOS LAGOS,03744,077062,0,0,25,20,16,72,85,2,27
15,016,LOS LAGOS,03744,077063,0,0,3,20,10,103,73,0,21
15,016,LOS LAGOS,03744,077064,0,0,18,15,12,61,101,6,15
15,016,LOS LAGOS,03744,077065,0,0,13,16,9,78,115,2,19
15,016,LOS LAGOS,03744,077066,0,0,28,25,12,71,78,3,16
15,016,LOS LAGOS,03744,077067,0,0,19,11,12,77,93,5,17
15,016,LOS LAGOS,03744,077068,0,0,22,12,10,99,83,2,14
15,016,LOS LAGOS,03744,077069,0,0,26,15,15,66,87,1,24
15,016,LOS LAGOS,03744,077070,0,0,24,17,13,79,88,4,19
15,016,LOS LAGOS,03744,077071,0,0,18,10,10,79,85,4,27
15,016,LOS LAGOS,03744,077072,0,0,34,20,11,74,79,1,17
15,016,LOS LAGOS,03744,077073,0,0,28,20,11,66,86,1,32
15,016,LOS LAGOS,03744,077074,0,0,19,14,16,82,86,4,27
15,016,LOS LAGOS,03744,077075,0,0,19,15,5,76,84,3,26
15,016,LOS LAGOS,03744,077076,0,0,11,23,9,76,84,3,30
15,016,LOS LAGOS,03744,077077,0,0,27,22,17,76,76,3,13
15,016,LOS LAGOS,03744,077078,0,0,26,13,16,73,78,5,21
15,016,LOS LAGOS,03744,077079,0,0,25,26,12,87,75,0,18
15,016,LOS LAGOS,03744,077080,0,0,23,25,10,76,78,1,26
15,016,LOS LAGOS,03744,077081,0,0,23,14,16,85,88,4,17
15,016,LOS LAGOS,03744,077082,0,0,27,15,8,58,92,2,25
15,016,LOS LAGOS,03744,077083,0,0,28,18,10,66,85,4,18
15,016,LOS LAGOS,03744,077084,0,0,26,15,16,74,86,3,17
15,016,LOS LAGOS,03744,077085,0,0,21,21,21,72,74,4,13
15,016,LOS LAGOS,03744,077086,0,0,23,17,16,83,83,2,18
15,016,LOS LAGOS,03745,077087,0,0,8,2,2,17,15,0,5
15,016,LOS LAGOS,03746,077088,0,0,21,7,3,59,34,1,71
15,016,LOS LAGOS,03746,077089,0,0,13,8,4,57,45,0,52
15,016,LOS LAGOS,03747,077090,0,0,0,2,0,11,6,0,12
15,016,LOS LAGOS,03748,077091,0,0,6,2,0,9,30,2,3
