codprov,depto,coddepto,circuito,mesa,electores,blancos,nulos,0069,0131,0184,0534
11,Atreuco,001,0001 ,0001,297,61,2,7,80,15,85
11,Atreuco,001,0001 ,0002,298,58,0,6,85,13,99
11,Atreuco,001,0001 ,0003,297,69,0,2,60,17,98
11,Atreuco,001,0001 ,0004,296,86,0,2,97,12,58
11,Atreuco,001,0001 ,0005,296,50,22,4,82,26,66
11,Atreuco,001,0002 ,0006,349,35,2,16,124,17,109
11,Atreuco,001,0002 ,0007,349,45,0,15,120,13,108
11,Atreuco,001,0002 ,0008,348,42,0,15,127,18,84
11,Atreuco,001,0002 ,0009,348,31,0,11,137,12,103
11,Atreuco,001,0002 ,0010,348,48,2,13,114,15,105
11,Atreuco,001,0002 ,0011,348,41,3,12,130,11,88
11,Atreuco,001,0002 ,0012,348,48,4,19,123,21,87
11,Atreuco,001,0002 ,0013,348,46,1,7,136,17,95
11,Atreuco,001,0002 ,0014,348,48,1,16,125,17,95
11,Atreuco,001,0002 ,0015,348,41,0,9,112,17,108
11,Atreuco,001,0002 ,0016,348,31,1,15,112,27,115
11,Atreuco,001,0002 ,0017,348,45,0,17,108,20,108
11,Atreuco,001,0002 ,0018,348,41,0,13,128,22,101
11,Atreuco,001,0003 ,0019,305,33,0,1,111,7,122
11,Atreuco,001,0003 ,0020,305,34,0,0,110,0,124
11,Atreuco,001,0003 ,0021,305,22,0,1,127,2,112
11,Atreuco,001,0003 ,0022,305,36,0,6,103,6,119
11,Atreuco,001,0003 ,0023,304,22,0,5,107,3,137
11,Atreuco,001,0003 ,0024,304,29,0,12,109,6,123
11,Atreuco,001,0003 ,0025,304,24,0,0,122,5,117
11,Atreuco,001,0004 ,0026,316,58,0,2,136,14,86
11,Atreuco,001,0004 ,0027,316,60,1,2,122,10,87
11,Atreuco,001,0005 ,0028,191,34,0,0,44,3,91
11,Atreuco,001,0005 ,0029,191,26,0,2,46,2,97
11,Capital,002,0006 ,0030,340,32,0,1,130,7,137
11,Capital,002,0006 ,0031,340,31,1,1,139,6,124
11,Capital,002,0006 ,0032,340,30,0,2,122,2,155
11,Capital,002,0006 ,0033,341,33,3,1,137,13,122
11,Capital,002,0006 ,0034,340,43,3,1,103,4,157
11,Capital,002,0009 ,0035,350,63,4,8,95,34,81
11,Capital,002,0009 ,0036,350,52,3,6,84,26,101
11,Capital,002,0009 ,0037,350,50,1,11,100,30,72
11,Capital,002,0009 ,0038,350,0,2,6,79,38,93
11,Capital,002,0009 ,0039,350,53,1,7,86,25,88
11,Capital,002,0009 ,0040,350,67,0,9,82,22,96
11,Capital,002,0009 ,0041,350,44,2,3,87,31,99
11,Capital,002,0009 ,0042,351,63,0,15,83,24,93
11,Capital,002,0009 ,0043,350,62,0,5,105,34,69
11,Capital,002,0009 ,0044,350,70,2,8,81,30,73
11,Capital,002,0009 ,0045,350,63,0,6,82,26,94
11,Capital,002,0009 ,0046,351,48,7,10,86,30,88
11,Capital,002,0009 ,0047,350,44,1,3,88,37,92
11,Capital,002,0009 ,0048,350,48,0,9,87,21,116
11,Capital,002,0009 ,0049,350,50,3,6,62,30,106
11,Capital,002,0009 ,0050,350,0,0,10,76,29,110
11,Capital,002,0009 ,0051,350,53,3,9,76,18,106
11,Capital,002,0009 ,0052,350,52,1,6,110,36,59
11,Capital,002,0009 ,0053,350,69,2,5,114,39,52
11,Capital,002,0009 ,0054,351,56,1,13,96,32,74
11,Capital,002,0009 ,0055,350,0,0,0,0,0,0
11,Capital,002,0009 ,0056,350,81,2,8,100,17,78
11,Capital,002,0009 ,0057,350,47,1,7,83,37,91
11,Capital,002,0009 ,0058,350,56,0,8,90,33,88
11,Capital,002,0009 ,0059,350,73,3,4,93,31,76
11,Capital,002,0009 ,0060,350,53,4,4,82,28,101
11,Capital,002,0009 ,0061,350,55,0,8,98,36,77
11,Capital,002,0009 ,0062,350,50,3,6,72,36,110
11,Capital,002,0009 ,0063,350,41,0,11,75,25,111
11,Capital,002,0009 ,0064,351,96,1,8,32,26,110
11,Capital,002,0009 ,0065,350,62,0,17,60,28,115
11,Capital,002,0009 ,0066,350,59,3,6,102,29,83
11,Capital,002,0009 ,0067,350,44,2,4,86,35,107
11,Capital,002,0009 ,0068,350,54,7,5,94,28,88
11,Capital,002,0009 ,0069,350,53,2,5,91,30,93
11,Capital,002,0009 ,0070,350,51,4,6,74,19,118
11,Capital,002,0009 ,0071,351,47,2,9,77,27,100
11,Capital,002,0009 ,0072,350,52,4,8,97,27,82
11,Capital,002,0009 ,0073,350,64,3,9,92,20,101
11,Capital,002,0009 ,0074,350,50,2,5,74,30,111
11,Capital,002,0009 ,0075,350,57,1,3,94,31,92
11,Capital,002,0009 ,0076,350,58,4,7,88,34,83
11,Capital,002,0009 ,0077,350,61,1,5,75,25,92
11,Capital,002,0009 ,0078,350,58,3,5,85,24,99
11,Capital,002,0009 ,0079,350,47,1,6,84,37,101
11,Capital,002,0009 ,0080,350,48,1,4,98,27,102
11,Capital,002,0009 ,0081,350,46,7,4,101,38,71
11,Capital,002,0009 ,0082,350,51,5,5,88,36,82
11,Capital,002,0009 ,0083,350,50,4,10,119,19,82
11,Capital,002,0009 ,0084,350,52,0,6,90,25,85
11,Capital,002,0009 ,0085,350,49,0,6,99,27,96
11,Capital,002,0009 ,0086,350,40,2,2,76,28,122
11,Capital,002,0009 ,0087,350,46,2,12,98,30,85
11,Capital,002,0009 ,0088,350,88,5,4,80,29,85
11,Capital,002,0009 ,0089,350,0,0,8,71,42,107
11,Capital,002,0009 ,0090,350,50,4,5,83,25,114
11,Capital,002,0009 ,0091,350,65,1,10,82,35,78
11,Capital,002,0009 ,0092,350,52,3,1,76,23,111
11,Capital,002,0009 ,0093,350,41,13,10,74,31,114
11,Capital,002,0009 ,0094,350,60,4,6,91,31,75
11,Capital,002,0009 ,0095,349,53,13,6,84,36,82
11,Capital,002,0009 ,0096,350,61,6,12,102,33,63
11,Capital,002,0009 ,0097,350,61,3,2,103,33,73
11,Capital,002,0009 ,0098,350,55,1,8,76,27,105
11,Capital,002,0009 ,0099,350,49,4,7,92,38,74
11,Capital,002,0009 ,0100,350,65,3,10,86,39,77
11,Capital,002,0009 ,0101,350,0,5,10,71,41,103
11,Capital,002,0009 ,0102,350,55,1,5,70,28,125
11,Capital,002,0009 ,0103,351,51,2,1,96,28,100
11,Capital,002,0009 ,0104,350,59,0,5,72,26,119
11,Capital,002,0009 ,0105,350,39,2,5,88,44,101
11,Capital,002,0009 ,0106,351,43,1,14,96,23,90
11,Capital,002,0009 ,0107,350,58,2,8,89,33,79
11,Capital,002,0009 ,0108,350,55,2,3,91,27,97
11,Capital,002,0009 ,0109,349,60,0,5,94,29,80
11,Capital,002,0009 ,0110,349,78,0,11,83,35,85
11,Capital,002,0009 ,0111,349,56,6,5,79,28,88
11,Capital,002,0009 ,0112,349,58,5,7,75,38,92
11,Capital,002,0009 ,0113,349,64,3,6,93,37,70
11,Capital,002,0009 ,0114,349,37,4,10,103,30,74
11,Capital,002,0009 ,0115,349,53,3,3,89,24,94
11,Capital,002,0009 ,0116,349,51,2,10,96,25,90
11,Capital,002,0009 ,0117,349,60,0,8,83,26,101
11,Capital,002,0009 ,0118,349,51,1,17,79,30,91
11,Capital,002,0009 ,0119,349,54,1,5,98,41,73
11,Capital,002,0009 ,0120,349,57,8,10,83,37,74
11,Capital,002,0009 ,0121,350,55,3,5,79,29,91
11,Capital,002,0009 ,0122,349,46,3,9,76,27,97
11,Capital,002,0009 ,0123,349,59,0,9,85,28,84
11,Capital,002,0009 ,0124,349,43,1,6,75,34,103
11,Capital,002,0009 ,0125,349,58,1,10,95,41,78
11,Capital,002,0009 ,0126,349,44,1,14,94,31,87
11,Capital,002,0009 ,0127,350,0,0,6,62,31,97
11,Capital,002,0009 ,0128,349,61,0,6,92,30,81
11,Capital,002,0009 ,0129,349,55,4,9,98,34,82
11,Capital,002,0009 ,0130,349,60,1,6,103,32,70
11,Capital,002,0009 ,0131,349,57,0,11,84,36,87
11,Capital,002,0009 ,0132,349,0,0,9,87,30,81
11,Capital,002,0009 ,0133,349,71,1,5,67,26,103
11,Capital,002,0009 ,0134,349,43,3,10,99,31,94
11,Capital,002,0009 ,0135,349,56,0,5,77,28,103
11,Capital,002,0009 ,0136,349,52,7,4,84,38,92
11,Capital,002,0009 ,0137,349,54,4,13,89,38,83
11,Capital,002,0009 ,0138,349,49,6,6,90,33,104
11,Capital,002,0009 ,0139,349,58,3,7,83,26,87
11,Capital,002,0009 ,0140,349,54,4,8,83,26,101
11,Capital,002,0009 ,0141,350,53,5,6,72,40,95
11,Capital,002,0009 ,0142,349,66,0,10,75,20,103
11,Capital,002,0009 ,0143,349,50,2,7,101,34,72
11,Capital,002,0009 ,0144,349,47,3,7,97,40,95
11,Capital,002,0009 ,0145,349,69,2,9,94,34,73
11,Capital,002,0009 ,0146,349,63,0,7,72,22,106
11,Capital,002,0009 ,0147,349,44,2,6,100,36,83
11,Capital,002,0009 ,0148,349,54,1,5,89,30,83
11,Capital,002,0009 ,0149,349,52,5,2,104,26,86
11,Capital,002,0009 ,0150,349,52,0,10,96,28,90
11,Capital,002,0009 ,0151,349,43,2,10,104,28,85
11,Capital,002,0009 ,0152,349,48,0,2,76,24,110
11,Capital,002,0009 ,0153,349,71,0,2,89,27,83
11,Capital,002,0009 ,0154,350,46,0,8,96,30,105
11,Capital,002,0010 ,0155,348,58,3,6,92,31,86
11,Capital,002,0010 ,0156,349,73,2,4,90,34,76
11,Capital,002,0010 ,0157,350,53,1,2,112,27,95
11,Capital,002,0010 ,0158,349,54,0,4,82,34,89
11,Capital,002,0010 ,0159,349,63,1,9,78,34,89
11,Capital,002,0010 ,0160,349,48,0,8,69,32,108
11,Capital,002,0010 ,0161,349,65,2,6,104,29,90
11,Capital,002,0010 ,0162,349,69,4,10,93,28,64
11,Capital,002,0010 ,0163,349,42,2,3,110,38,93
11,Capital,002,0010 ,0164,349,60,4,7,101,22,96
11,Capital,002,0010 ,0165,349,50,4,9,95,33,91
11,Capital,002,0010 ,0166,349,55,1,8,86,23,99
11,Capital,002,0010 ,0167,349,51,0,11,85,31,106
11,Capital,002,0010 ,0168,350,49,1,9,101,39,86
11,Capital,002,0010 ,0169,349,60,0,7,89,28,91
11,Capital,002,0010 ,0170,349,60,0,16,90,33,78
11,Capital,002,0010 ,0171,349,121,2,7,40,27,86
11,Capital,002,0010 ,0172,349,59,1,7,76,25,105
11,Capital,002,0010 ,0173,349,65,1,7,78,36,91
11,Capital,002,0010 ,0174,348,65,4,5,83,27,78
11,Capital,002,0010 ,0175,349,67,3,7,90,40,76
11,Capital,002,0010 ,0176,349,52,1,10,89,50,81
11,Capital,002,0010 ,0177,349,51,0,5,83,27,106
11,Capital,002,0010 ,0178,349,0,0,8,99,25,80
11,Capital,002,0010 ,0179,349,40,4,16,84,19,116
11,Capital,002,0010 ,0180,349,56,0,6,76,21,118
11,Capital,002,0010 ,0181,349,59,3,10,76,35,95
11,Capital,002,0010 ,0182,349,48,2,7,88,35,94
11,Capital,002,0010 ,0183,349,65,0,8,70,31,104
11,Capital,002,0010 ,0184,349,62,4,5,92,34,87
11,Capital,002,0010 ,0185,349,62,1,9,76,27,108
11,Capital,002,0010 ,0186,350,46,2,11,78,25,105
11,Capital,002,0010 ,0187,349,45,1,10,76,18,132
11,Capital,002,0010 ,0188,349,48,0,10,80,31,116
11,Capital,002,0010 ,0189,350,72,0,14,88,23,78
11,Capital,002,0010 ,0190,349,95,0,9,81,42,79
11,Capital,002,0010 ,0191,350,60,2,8,94,32,89
11,Capital,002,0010 ,0192,349,57,0,6,76,25,112
11,Capital,002,0010 ,0193,350,45,1,12,79,35,119
11,Capital,002,0010 ,0194,349,46,0,12,89,40,73
11,Capital,002,0010 ,0195,349,0,0,5,75,25,129
11,Capital,002,0010 ,0196,349,51,2,10,75,28,99
11,Capital,002,0010 ,0197,349,57,2,5,62,37,114
11,Capital,002,0010 ,0198,349,63,1,11,76,32,95
11,Capital,002,0010 ,0199,349,53,3,7,89,35,103
11,Capital,002,0010 ,0200,349,46,2,4,105,33,78
11,Capital,002,0010 ,0201,349,67,0,7,98,17,74
11,Capital,002,0010 ,0202,350,57,0,6,84,35,91
11,Capital,002,0010 ,0203,349,52,7,9,93,35,80
11,Capital,002,0010 ,0204,349,48,2,5,101,24,105
11,Capital,002,0010 ,0205,349,58,2,6,79,39,95
11,Capital,002,0010 ,0206,349,50,1,8,95,23,104
11,Capital,002,0010 ,0207,349,47,2,11,82,38,89
11,Capital,002,0010 ,0208,349,66,0,7,99,33,68
11,Capital,002,0010 ,0209,349,55,1,7,93,25,94
11,Capital,002,0010 ,0210,349,69,3,13,95,30,73
11,Capital,002,0010 ,0211,349,69,0,2,91,23,94
11,Capital,002,0010 ,0212,349,55,3,9,89,23,105
11,Capital,002,0010 ,0213,349,54,4,6,99,28,82
11,Capital,002,0010 ,0214,349,46,1,7,84,35,101
11,Capital,002,0010 ,0215,349,59,0,1,95,31,81
11,Capital,002,0010 ,0216,349,63,6,5,69,26,111
11,Capital,002,0010 ,0217,349,53,0,13,89,20,98
11,Capital,002,0010 ,0218,348,53,2,2,97,27,86
11,Capital,002,0010 ,0219,348,73,6,7,87,25,84
11,Capital,002,0010 ,0220,348,43,0,5,78,32,121
11,Capital,002,0010 ,0221,348,40,3,6,88,36,120
11,Capital,002,0010 ,0222,348,51,0,5,77,33,110
11,Capital,002,0010 ,0223,348,64,2,4,99,43,76
11,Capital,002,0010 ,0224,348,64,2,12,77,31,90
11,Capital,002,0010 ,0225,348,40,5,9,73,37,116
11,Capital,002,0010 ,0226,349,70,0,8,75,42,81
11,Capital,002,0010 ,0227,348,56,1,13,104,23,91
11,Capital,002,0010 ,0228,348,60,0,6,104,31,75
11,Capital,002,0010 ,0229,348,48,3,6,96,19,102
11,Capital,002,0010 ,0230,348,38,4,13,76,41,98
11,Capital,002,0010 ,0231,348,0,0,10,94,37,102
11,Capital,002,0010 ,0232,348,51,2,9,100,20,92
11,Capital,002,0010 ,0233,349,60,3,13,86,22,103
11,Capital,002,0010 ,0234,348,67,2,8,70,32,105
11,Capital,002,0010 ,0235,348,59,1,4,79,28,100
11,Capital,002,0010 ,0236,348,63,3,2,85,29,109
11,Capital,002,0010 ,0237,348,57,1,3,107,32,86
11,Capital,002,0010 ,0238,348,66,3,7,89,29,81
11,Capital,002,0010 ,0239,348,60,3,12,85,28,102
11,Capital,002,0010 ,0240,348,72,2,8,76,34,85
11,Capital,002,0010 ,0241,348,56,12,8,83,39,82
11,Capital,002,0010 ,0242,348,54,3,11,96,35,89
11,Capital,002,0010 ,0243,348,56,0,5,104,36,78
11,Capital,002,0010 ,0244,348,61,3,1,80,31,87
11,Capital,002,0010 ,0245,349,61,0,6,90,30,85
11,Capital,002,0010 ,0246,348,71,3,12,90,28,81
11,Capital,002,0010 ,0247,348,68,0,4,104,33,77
11,Capital,002,0010 ,0248,348,50,0,13,85,24,112
11,Capital,002,0010 ,0249,348,48,5,7,98,26,90
11,Capital,002,0010 ,0250,348,66,3,3,98,33,68
11,Capital,002,0010 ,0251,348,62,3,8,101,24,70
11,Capital,002,0010 ,0252,348,56,3,8,91,30,96
11,Capital,002,0010 ,0253,349,36,2,12,85,26,102
11,Capital,002,0010 ,0254,348,44,7,10,81,35,111
11,Capital,002,0010 ,0255,348,63,0,8,82,23,101
11,Capital,002,0010 ,0256,348,51,1,5,97,21,99
11,Capital,002,0010 ,0257,348,40,3,8,84,37,111
11,Capital,002,0010 ,0258,348,63,0,7,78,38,96
11,Capital,002,0010 ,0259,348,0,0,7,93,36,91
11,Capital,002,0010 ,0260,348,99,5,10,96,21,48
11,Capital,002,0010 ,0261,348,57,0,3,108,33,84
11,Capital,002,0010 ,0262,348,30,4,4,90,27,87
11,Capital,002,0010 ,0263,348,49,4,5,95,26,95
11,Capital,002,0010 ,0264,348,57,2,7,81,40,103
11,Capital,002,0010 ,0265,348,46,5,4,84,25,120
11,Capital,002,0010 ,0266,348,78,0,10,72,18,96
11,Capital,002,0010 ,0267,349,57,1,6,82,29,99
11,Capital,002,0010 ,0268,348,49,2,3,82,32,111
11,Capital,002,0010 ,0269,348,52,0,7,92,31,91
11,Capital,002,0010 ,0270,348,50,4,9,97,24,100
11,Capital,002,0010 ,0271,348,46,2,9,96,33,96
11,Capital,002,0010 ,0272,348,45,0,8,87,36,93
11,Capital,002,0010 ,0273,348,63,0,7,94,20,91
11,Capital,002,0010 ,0274,348,62,2,8,102,35,62
11,Capital,002,0010 ,0275,348,66,5,6,92,34,74
11,Capital,002,0010 ,0276,348,52,1,3,89,29,107
11,Capital,002,0010 ,0277,348,57,6,9,71,31,108
11,Capital,002,0010 ,0278,348,58,4,6,102,39,60
11,Capital,002,0010 ,0279,348,42,1,7,77,35,98
11,Capital,002,0010 ,0280,348,69,1,5,74,24,102
11,Capital,002,0010 ,0281,348,60,0,10,103,28,83
11,Capital,002,0010 ,0282,349,56,2,9,97,40,78
11,Capital,002,0010 ,0283,348,54,1,4,88,33,106
11,Capital,002,0010 ,0284,349,54,1,5,100,39,79
11,Capital,002,0010 ,0285,348,54,5,2,93,36,87
11,Capital,002,0010 ,0286,348,45,1,6,90,32,106
11,Capital,002,0010 ,0287,348,107,0,1,39,30,90
11,Capital,002,0010 ,0288,348,59,4,8,72,34,104
11,Caleu Caleu,003,0011 ,0289,343,48,0,19,166,12,49
11,Caleu Caleu,003,0011 ,0290,344,54,10,13,153,24,32
11,Caleu Caleu,003,0011 ,0291,345,0,0,0,0,0,0
11,Caleu Caleu,003,0011 ,0292,344,53,0,18,169,22,25
11,Caleu Caleu,003,0011 ,0293,348,61,0,11,175,29,35
11,Catriló,004,0013 ,0294,332,54,0,1,115,18,102
11,Catriló,004,0013 ,0295,331,41,1,5,109,14,118
11,Catriló,004,0013 ,0296,331,58,1,0,112,20,95
11,Catriló,004,0013 ,0297,330,34,1,0,128,14,99
11,Catriló,004,0013 ,0298,331,48,4,2,103,16,107
11,Catriló,004,0013 ,0299,331,63,0,2,119,17,95
11,Catriló,004,0013 ,0300,331,33,0,1,147,14,94
11,Catriló,004,0013 ,0301,332,40,0,1,117,21,113
11,Catriló,004,0013 ,0302,331,45,2,2,143,8,77
11,Catriló,004,0013 ,0303,330,48,0,3,119,21,98
11,Catriló,004,0013 ,0304,330,49,0,0,118,26,78
11,Catriló,004,0014 ,0305,55,14,0,0,18,4,8
11,Catriló,004,0015 ,0306,308,46,3,0,94,17,106
11,Catriló,004,0015 ,0307,307,41,0,0,122,15,89
11,Catriló,004,0015 ,0308,307,36,0,0,129,15,96
11,Catriló,004,0015 ,0309,307,48,0,3,132,15,70
11,Catriló,004,0015 ,0310,307,40,2,4,115,19,88
11,Catriló,004,0016 ,0311,289,31,4,3,136,22,72
11,Catriló,004,0016 ,0312,289,23,4,0,132,11,0
11,Catriló,004,0016 ,0313,289,24,3,1,170,10,50
11,Chalileo,005,0017 ,0314,31,2,0,0,16,1,0
11,Chalileo,005,0018 ,0315,346,80,1,2,163,17,33
11,Chalileo,005,0018 ,0316,346,70,3,1,171,9,44
11,Chalileo,005,0018 ,0317,346,66,1,3,179,12,38
11,Chalileo,005,0018 ,0318,346,78,5,2,159,17,31
11,Chalileo,005,0018 ,0319,346,66,0,0,157,18,35
11,Chalileo,005,0018 ,0320,345,75,0,1,154,21,47
11,Chalileo,005,0018 ,0321,345,67,0,1,150,24,52
11,Chapaleufu,006,0019 ,0322,300,41,0,0,108,2,112
11,Chapaleufu,006,0019 ,0323,300,29,0,0,98,0,141
11,Chapaleufu,006,0019 ,0324,299,47,0,2,99,7,118
11,Chapaleufu,006,0019 ,0325,298,35,0,0,116,5,115
11,Chapaleufu,006,0019 ,0326,298,28,0,0,107,9,119
11,Chapaleufu,006,0019A,0327,145,29,0,0,34,2,62
11,Chapaleufu,006,0020 ,0328,323,74,0,4,92,12,97
11,Chapaleufu,006,0021 ,0329,234,49,0,0,56,21,60
11,Chapaleufu,006,0021 ,0330,234,43,0,3,56,22,55
11,Chapaleufu,006,0021 ,0331,233,47,0,2,77,22,43
11,Chapaleufu,006,0022 ,0332,341,63,2,2,104,20,106
11,Chapaleufu,006,0022 ,0333,341,63,0,3,86,26,109
11,Chapaleufu,006,0022 ,0334,341,163,9,2,80,18,113
11,Chapaleufu,006,0022 ,0335,341,2,66,2,90,25,109
11,Chapaleufu,006,0022 ,0336,341,71,1,0,93,30,115
11,Chapaleufu,006,0022 ,0337,339,61,2,3,85,9,121
11,Chapaleufu,006,0022 ,0338,340,72,0,3,83,21,103
11,Chapaleufu,006,0022 ,0339,340,58,1,4,104,20,106
11,Chapaleufu,006,0022 ,0340,340,61,2,0,70,17,139
11,Chapaleufu,006,0022 ,0341,340,71,3,2,87,16,114
11,Chapaleufu,006,0022 ,0342,340,86,0,5,90,23,90
11,Chapaleufu,006,0022 ,0343,340,66,1,3,82,17,101
11,Chapaleufu,006,0022 ,0344,340,68,2,3,99,17,107
11,Chapaleufu,006,0022 ,0345,340,0,76,2,98,17,108
11,Chapaleufu,006,0022 ,0346,340,60,2,6,83,17,121
11,Chapaleufu,006,0022 ,0347,340,97,16,2,83,20,73
11,Chapaleufu,006,0022 ,0348,340,70,2,5,88,16,114
11,Chapaleufu,006,0022 ,0349,340,57,2,9,93,21,112
11,Chapaleufu,006,0022 ,0350,340,74,1,1,64,21,136
11,Chapaleufu,006,0022 ,0351,340,58,2,2,95,17,113
11,Chapaleufu,006,0023 ,0352,323,36,0,17,164,8,68
11,Chapaleufu,006,0023 ,0353,323,36,0,15,135,11,87
11,Chical-co,007,0024 ,0354,215,25,0,0,104,19,30
11,Chical-co,007,0024 ,0355,214,2,1,2,90,26,16
11,Chical-co,007,0025 ,0356,258,59,0,4,126,1,34
11,Chical-co,007,0025 ,0357,258,64,0,0,128,9,21
11,Chical-co,007,0025 ,0358,257,50,0,0,139,9,19
11,Conhelo,008,0026 ,0359,255,24,0,0,153,6,39
11,Conhelo,008,0026 ,0360,255,20,0,3,119,7,68
11,Conhelo,008,0027 ,0361,346,47,0,3,115,23,107
11,Conhelo,008,0027 ,0362,346,40,0,0,131,19,94
11,Conhelo,008,0027 ,0363,346,43,0,2,123,27,110
11,Conhelo,008,0027 ,0364,346,21,2,6,104,17,142
11,Conhelo,008,0027 ,0365,346,39,0,5,124,21,101
11,Conhelo,008,0027 ,0366,346,44,6,1,135,19,91
11,Conhelo,008,0027 ,0367,346,23,2,1,138,23,101
11,Conhelo,008,0027 ,0368,347,37,4,2,130,14,107
11,Conhelo,008,0027 ,0369,346,41,3,6,115,15,111
11,Conhelo,008,0027 ,0370,346,35,4,3,124,15,104
11,Conhelo,008,0027 ,0371,346,43,1,1,121,19,98
11,Conhelo,008,0027 ,0372,347,45,0,4,130,14,99
11,Conhelo,008,0027 ,0373,345,35,1,2,120,16,96
11,Conhelo,008,0027 ,0374,345,36,0,2,102,21,132
11,Conhelo,008,0027 ,0375,345,38,1,7,119,13,97
11,Conhelo,008,0027 ,0376,345,45,1,1,112,24,97
11,Conhelo,008,0027 ,0377,345,36,1,0,120,17,111
11,Conhelo,008,0027 ,0378,345,48,3,4,120,13,106
11,Conhelo,008,0027 ,0379,345,2,31,3,129,19,104
11,Conhelo,008,0027 ,0380,345,49,4,2,109,23,106
11,Conhelo,008,0027 ,0381,345,37,1,2,112,18,111
11,Conhelo,008,0027 ,0382,345,31,1,2,115,17,111
11,Conhelo,008,0027 ,0383,345,34,0,2,111,22,110
11,Conhelo,008,0027 ,0384,345,37,0,1,127,24,110
11,Conhelo,008,0027 ,0385,345,45,0,2,107,16,116
11,Conhelo,008,0028 ,0386,176,22,1,3,41,8,76
11,Conhelo,008,0028 ,0387,175,26,1,1,44,8,80
11,Conhelo,008,0029 ,0388,266,37,0,1,86,8,108
11,Conhelo,008,0029 ,0389,265,45,0,2,92,4,95
11,Conhelo,008,0030 ,0390,244,39,0,0,127,13,30
11,Conhelo,008,0031 ,0391,349,44,1,2,120,14,133
11,Conhelo,008,0031 ,0392,349,37,3,2,111,10,131
11,Conhelo,008,0031 ,0393,349,55,0,4,125,7,117
11,Conhelo,008,0031 ,0394,349,61,0,1,127,12,98
11,Conhelo,008,0031 ,0395,348,66,0,2,111,11,108
11,Conhelo,008,0031 ,0396,348,55,0,3,123,15,110
11,Conhelo,008,0031 ,0397,348,48,0,2,113,13,124
11,Curaco,009,0032 ,0398,296,44,6,0,188,4,24
11,Curaco,009,0033 ,0399,245,40,1,0,120,27,23
11,Curaco,009,0033 ,0400,243,49,0,2,107,38,23
11,Guatrache,010,0034 ,0401,312,44,0,0,104,7,129
11,Guatrache,010,0034 ,0402,312,28,0,0,114,10,130
11,Guatrache,010,0034 ,0403,312,26,0,3,135,9,94
11,Guatrache,010,0034 ,0404,311,33,0,1,101,15,132
11,Guatrache,010,0034 ,0405,311,29,0,2,102,11,137
11,Guatrache,010,0034 ,0406,311,32,0,0,113,7,123
11,Guatrache,010,0035 ,0407,316,49,1,3,68,3,142
11,Guatrache,010,0035 ,0408,317,28,0,9,83,6,151
11,Guatrache,010,0035 ,0409,316,33,1,4,50,5,195
11,Guatrache,010,0036 ,0410,342,53,0,2,55,38,105
11,Guatrache,010,0036 ,0411,341,40,0,0,67,30,128
11,Guatrache,010,0036 ,0412,341,38,0,4,55,34,146
11,Guatrache,010,0036 ,0413,341,34,0,3,48,25,142
11,Guatrache,010,0036 ,0414,341,31,0,2,69,19,122
11,Guatrache,010,0036 ,0415,341,44,1,2,57,30,158
11,Guatrache,010,0036 ,0416,341,35,0,4,61,30,105
11,Guatrache,010,0036 ,0417,341,43,0,3,55,24,108
11,Guatrache,010,0036 ,0418,341,40,0,5,54,34,127
11,Guatrache,010,0036 ,0419,340,37,0,2,52,32,141
11,Guatrache,010,0036 ,0420,340,43,0,2,48,26,142
11,Guatrache,010,0036 ,0421,340,34,0,3,44,28,138
11,Guatrache,010,0037 ,0422,63,5,0,0,30,2,15
11,Guatrache,010,0038 ,0423,239,32,0,1,43,5,134
11,Guatrache,010,0038 ,0424,239,26,0,1,65,6,108
11,Hucal,011,0039 ,0425,323,46,0,2,116,9,89
11,Hucal,011,0039 ,0426,323,56,0,0,128,10,85
11,Hucal,011,0039 ,0427,323,43,0,3,126,14,89
11,Hucal,011,0039 ,0428,323,40,0,0,144,15,74
11,Hucal,011,0039 ,0429,323,47,0,2,118,14,90
11,Hucal,011,0039A,0430,201,27,2,0,77,4,69
11,Hucal,011,0039A,0431,199,20,6,0,62,5,89
11,Hucal,011,0040 ,0432,313,38,0,1,103,16,102
11,Hucal,011,0040 ,0433,315,31,0,2,91,21,129
11,Hucal,011,0040 ,0434,313,38,6,2,108,22,79
11,Hucal,011,0040 ,0435,313,49,0,0,74,18,119
11,Hucal,011,0040 ,0436,313,38,0,0,87,25,103
11,Hucal,011,0040 ,0437,313,50,0,3,91,22,105
11,Hucal,011,0040 ,0438,313,0,0,2,80,36,113
11,Hucal,011,0040 ,0439,313,36,4,0,113,16,100
11,Hucal,011,0042 ,0440,309,65,0,4,75,35,84
11,Hucal,011,0042 ,0441,309,48,1,5,79,34,90
11,Hucal,011,0042 ,0442,308,56,3,8,76,35,78
11,Hucal,011,0042 ,0443,308,48,2,3,96,44,60
11,Hucal,011,0042 ,0444,308,62,0,3,98,38,45
11,Hucal,011,0042 ,0445,308,55,0,4,90,30,75
11,Hucal,011,0042 ,0446,308,69,2,3,86,29,80
11,Hucal,011,0042 ,0447,308,58,0,4,91,40,64
11,Loventue,012,0043 ,0448,337,43,0,1,122,15,120
11,Loventue,012,0045 ,0449,127,29,0,0,74,3,4
11,Loventue,012,0046 ,0450,337,28,0,1,180,2,87
11,Loventue,012,0046 ,0451,336,38,1,1,188,5,68
11,Loventue,012,0047 ,0452,295,24,0,1,168,1,72
11,Loventue,012,0047 ,0453,295,32,0,1,148,6,79
11,Loventue,012,0047 ,0454,295,37,0,0,151,8,70
11,Loventue,012,0047 ,0455,294,41,0,2,127,6,74
11,Loventue,012,0048 ,0456,333,83,0,4,137,13,49
11,Loventue,012,0048 ,0457,333,74,3,1,116,20,60
11,Loventue,012,0048 ,0458,333,52,4,13,149,9,49
11,Loventue,012,0048 ,0459,333,97,0,2,152,10,34
11,Loventue,012,0048 ,0460,333,1,131,8,90,17,50
11,Loventue,012,0048 ,0461,333,83,4,3,126,10,59
11,Loventue,012,0048 ,0462,333,82,0,2,136,17,52
11,Loventue,012,0048 ,0463,334,86,9,0,107,17,61
11,Loventue,012,0048 ,0464,333,67,0,4,128,21,75
11,Loventue,012,0048 ,0465,333,98,0,0,139,17,29
11,Loventue,012,0048 ,0466,333,82,0,2,146,15,47
11,Loventue,012,0048 ,0467,333,96,1,1,147,12,32
11,Loventue,012,0048 ,0468,333,76,0,5,144,8,49
11,Loventue,012,0048 ,0469,333,88,0,1,142,18,51
11,Loventue,012,0048 ,0470,333,99,0,3,118,20,54
11,Loventue,012,0048 ,0471,333,82,0,4,115,16,75
11,Lihuel Calel,013,0049 ,0472,250,17,0,0,129,8,63
11,Limay Mahuida,014,0053 ,0473,258,22,0,0,123,19,65
11,Limay Mahuida,014,0054 ,0474,202,25,0,0,93,6,10
11,Maraco,015,0055 ,0475,319,46,1,3,142,23,87
11,Maraco,015,0056 ,0476,235,34,0,2,92,30,56
11,Maraco,015,0056 ,0477,234,35,0,1,78,49,51
11,Maraco,015,0057 ,0478,345,67,4,6,111,36,68
11,Maraco,015,0057 ,0479,346,17,1,8,95,45,52
11,Maraco,015,0057 ,0480,345,69,8,7,102,38,65
11,Maraco,015,0057 ,0481,346,73,0,6,104,41,61
11,Maraco,015,0057 ,0482,345,91,9,3,105,38,51
11,Maraco,015,0057 ,0483,345,76,6,9,79,47,65
11,Maraco,015,0057 ,0484,345,81,0,4,102,42,51
11,Maraco,015,0057 ,0485,346,63,4,4,84,31,96
11,Maraco,015,0057 ,0486,346,57,2,5,100,42,70
11,Maraco,015,0057 ,0487,345,63,0,7,102,48,66
11,Maraco,015,0057 ,0488,345,3,10,3,96,49,58
11,Maraco,015,0057 ,0489,345,70,1,8,103,38,64
11,Maraco,015,0057 ,0490,346,58,1,4,97,47,76
11,Maraco,015,0057 ,0491,345,81,1,5,108,49,43
11,Maraco,015,0057 ,0492,345,52,5,10,101,38,75
11,Maraco,015,0057 ,0493,345,39,0,7,105,43,59
11,Maraco,015,0057 ,0494,345,86,6,4,88,42,54
11,Maraco,015,0057 ,0495,345,87,1,7,90,41,55
11,Maraco,015,0057 ,0496,345,85,0,4,88,43,54
11,Maraco,015,0057 ,0497,345,83,0,4,88,52,65
11,Maraco,015,0057 ,0498,346,77,6,10,104,48,39
11,Maraco,015,0057 ,0499,346,75,0,13,93,37,68
11,Maraco,015,0057 ,0500,345,61,4,4,119,41,55
11,Maraco,015,0057 ,0501,345,81,0,5,107,31,59
11,Maraco,015,0057 ,0502,346,77,2,2,111,37,53
11,Maraco,015,0057 ,0503,344,71,0,9,105,45,53
11,Maraco,015,0057 ,0504,344,79,6,6,106,36,51
11,Maraco,015,0057 ,0505,345,47,1,6,99,25,86
11,Maraco,015,0057 ,0506,344,75,0,4,88,36,83
11,Maraco,015,0057 ,0507,346,47,2,6,125,42,39
11,Maraco,015,0057 ,0508,345,0,0,0,0,0,0
11,Maraco,015,0057 ,0509,345,73,0,2,10,37,59
11,Maraco,015,0057 ,0510,344,62,5,13,95,43,69
11,Maraco,015,0057 ,0511,344,80,1,2,94,37,73
11,Maraco,015,0057 ,0512,344,78,2,2,107,52,45
11,Maraco,015,0057 ,0513,344,78,0,9,107,42,51
11,Maraco,015,0057 ,0514,345,69,4,7,122,40,44
11,Maraco,015,0057 ,0515,344,67,1,11,73,41,73
11,Maraco,015,0057 ,0516,344,85,0,6,103,46,57
11,Maraco,015,0057 ,0517,344,79,3,4,119,34,46
11,Maraco,015,0057 ,0518,344,51,0,4,110,50,71
11,Maraco,015,0057 ,0519,344,76,0,6,107,39,53
11,Maraco,015,0057 ,0520,344,65,0,5,112,47,43
11,Maraco,015,0057 ,0521,344,71,2,3,103,46,59
11,Maraco,015,0057 ,0522,344,89,5,5,116,38,44
11,Maraco,015,0057 ,0523,343,71,0,4,106,51,48
11,Maraco,015,0057 ,0524,344,73,6,5,98,44,50
11,Maraco,015,0057 ,0525,344,73,0,5,109,34,54
11,Maraco,015,0057 ,0526,344,82,0,10,104,39,52
11,Maraco,015,0057 ,0527,344,66,0,3,119,45,61
11,Maraco,015,0057 ,0528,345,70,4,6,88,40,65
11,Maraco,015,0057 ,0529,344,1,8,2,112,42,53
11,Maraco,015,0057 ,0530,344,76,0,8,110,44,49
11,Maraco,015,0057 ,0531,344,58,7,5,101,57,61
11,Maraco,015,0057 ,0532,344,84,3,4,91,43,56
11,Maraco,015,0057 ,0533,343,80,4,1,105,38,46
11,Maraco,015,0057 ,0534,344,76,0,6,134,34,45
11,Maraco,015,0057 ,0535,344,64,9,7,99,56,51
11,Maraco,015,0057 ,0536,344,71,0,8,106,43,52
11,Maraco,015,0058 ,0537,347,74,5,4,92,45,66
11,Maraco,015,0058 ,0538,347,68,9,6,85,42,81
11,Maraco,015,0058 ,0539,347,61,4,8,89,34,78
11,Maraco,015,0058 ,0540,348,51,0,6,93,45,90
11,Maraco,015,0058 ,0541,348,73,2,11,95,39,60
11,Maraco,015,0058 ,0542,347,74,1,4,95,43,76
11,Maraco,015,0058 ,0543,347,68,0,3,100,39,67
11,Maraco,015,0058 ,0544,347,66,1,6,104,45,65
11,Maraco,015,0058 ,0545,349,50,3,9,104,40,68
11,Maraco,015,0058 ,0546,349,68,0,3,95,34,91
11,Maraco,015,0058 ,0547,347,49,1,4,102,47,75
11,Maraco,015,0058 ,0548,347,75,1,14,83,31,81
11,Maraco,015,0058 ,0549,347,74,2,6,87,27,76
11,Maraco,015,0058 ,0550,347,64,2,6,102,42,66
11,Maraco,015,0058 ,0551,348,74,5,46,35,46,70
11,Maraco,015,0058 ,0552,347,58,2,14,81,51,69
11,Maraco,015,0058 ,0553,347,74,1,11,97,34,63
11,Maraco,015,0058 ,0554,347,90,1,9,82,39,70
11,Maraco,015,0058 ,0555,347,77,0,6,101,40,71
11,Maraco,015,0058 ,0556,347,63,0,4,98,35,77
11,Maraco,015,0058 ,0557,347,69,3,4,72,42,86
11,Maraco,015,0058 ,0558,346,54,0,7,100,44,64
11,Maraco,015,0058 ,0559,346,56,2,3,118,38,62
11,Maraco,015,0058 ,0560,346,59,5,4,95,46,61
11,Maraco,015,0058 ,0561,346,52,1,4,76,48,67
11,Maraco,015,0058 ,0562,347,63,1,6,100,35,69
11,Maraco,015,0058 ,0563,346,55,4,2,91,36,81
11,Maraco,015,0058 ,0564,346,72,0,4,83,45,74
11,Maraco,015,0058 ,0565,346,64,0,6,91,37,102
11,Maraco,015,0058 ,0566,346,68,3,8,84,40,68
11,Maraco,015,0058 ,0567,346,65,2,12,83,34,75
11,Maraco,015,0058 ,0568,346,57,0,2,95,32,83
11,Maraco,015,0058 ,0569,346,77,4,6,94,40,70
11,Maraco,015,0058 ,0570,346,62,1,4,110,33,51
11,Maraco,015,0058 ,0571,347,74,2,5,114,44,49
11,Maraco,015,0058 ,0572,346,65,0,7,94,34,76
11,Maraco,015,0058 ,0573,346,76,0,6,94,45,55
11,Maraco,015,0058 ,0574,346,59,4,7,86,47,70
11,Maraco,015,0058 ,0575,346,73,2,6,96,44,67
11,Maraco,015,0058 ,0576,347,48,1,8,87,28,89
11,Maraco,015,0058 ,0577,346,55,0,13,101,31,66
11,Maraco,015,0058 ,0578,346,65,1,7,128,38,54
11,Maraco,015,0058 ,0579,347,74,3,3,97,40,70
11,Maraco,015,0058 ,0580,346,77,2,10,93,36,65
11,Maraco,015,0058 ,0581,346,69,1,8,118,40,55
11,Maraco,015,0058 ,0582,346,54,1,5,88,43,85
11,Maraco,015,0058 ,0583,346,85,0,8,86,34,69
11,Maraco,015,0058 ,0584,346,54,3,6,97,42,75
11,Maraco,015,0058 ,0585,346,79,11,4,98,37,55
11,Maraco,015,0058 ,0586,348,78,1,6,113,28,56
11,Maraco,015,0058 ,0587,346,63,2,6,88,40,69
11,Maraco,015,0058 ,0588,346,73,0,11,105,38,66
11,Maraco,015,0058 ,0589,347,68,1,8,92,40,67
11,Maraco,015,0058 ,0590,346,59,4,7,91,28,86
11,Maraco,015,0058 ,0591,346,48,10,13,101,43,65
11,Maraco,015,0058 ,0592,346,74,0,10,103,34,55
11,Maraco,015,0058 ,0593,346,89,1,2,91,31,56
11,Maraco,015,0058 ,0594,346,67,0,10,80,45,83
11,Maraco,015,0058 ,0595,346,70,2,7,76,48,75
11,Maraco,015,0058 ,0596,346,71,0,7,105,35,64
11,Maraco,015,0058 ,0597,346,49,0,5,80,34,108
11,Maraco,015,0058 ,0598,347,67,0,3,92,46,73
11,Maraco,015,0058 ,0599,346,88,0,2,126,39,48
11,Maraco,015,0058 ,0600,346,52,0,8,88,38,94
11,Maraco,015,0058 ,0601,346,55,2,8,127,36,66
11,Maraco,015,0058 ,0602,346,64,7,11,99,44,58
11,Maraco,015,0058 ,0603,346,62,3,9,97,52,65
11,Maraco,015,0058 ,0604,346,61,1,6,115,33,59
11,Maraco,015,0058 ,0605,346,84,0,6,99,30,66
11,Maraco,015,0058 ,0606,346,56,9,15,76,56,79
11,Maraco,015,0058 ,0607,346,63,1,12,111,34,73
11,Maraco,015,0058 ,0608,346,63,2,9,76,50,85
11,Maraco,015,0058 ,0609,346,72,0,7,100,45,51
11,Maraco,015,0058 ,0610,346,62,3,12,100,41,55
11,Maraco,015,0058 ,0611,346,53,0,7,95,39,83
11,Maraco,015,0058 ,0612,346,79,0,7,83,46,74
11,Maraco,015,0058 ,0613,346,48,7,5,93,31,76
11,Maraco,015,0058 ,0614,346,74,1,7,94,30,70
11,Maraco,015,0058 ,0615,346,69,5,2,94,43,59
11,Maraco,015,0058 ,0616,346,74,2,12,96,47,58
11,Maraco,015,0058 ,0617,346,75,4,7,105,39,58
11,Maraco,015,0058 ,0618,346,59,2,7,112,46,55
11,Maraco,015,0059 ,0619,208,26,1,2,103,16,42
11,Maraco,015,0059 ,0620,208,42,0,3,87,9,47
11,Maraco,015,0060 ,0621,56,11,0,1,4,7,13
11,Puelen,016,0061 ,0622,347,109,3,4,95,28,39
11,Puelen,016,0061 ,0623,347,110,0,4,113,30,38
11,Puelen,016,0061 ,0624,348,142,1,0,0,44,0
11,Puelen,016,0061 ,0625,348,128,12,4,85,24,42
11,Puelen,016,0061 ,0626,349,123,0,2,145,23,31
11,Puelen,016,0061 ,0627,348,105,1,0,100,41,49
11,Puelen,016,0061 ,0628,346,137,3,1,104,26,37
11,Puelen,016,0061 ,0629,347,0,0,2,104,32,45
11,Puelen,016,0061 ,0630,346,0,0,5,95,32,33
11,Puelen,016,0061 ,0631,348,129,5,0,101,28,38
11,Puelen,016,0061 ,0632,346,157,0,1,95,21,34
11,Puelen,016,0061 ,0633,347,114,4,2,116,29,29
11,Puelen,016,0061 ,0634,347,103,1,2,101,33,51
11,Puelen,016,0061 ,0635,347,116,0,1,106,35,46
11,Puelen,016,0061 ,0636,347,129,1,4,92,32,35
11,Puelen,016,0061 ,0637,347,118,0,2,110,21,33
11,Puelen,016,0061 ,0638,347,136,0,8,99,26,34
11,Puelen,016,0061 ,0639,347,144,0,1,89,21,39
11,Puelen,016,0061 ,0640,346,127,0,0,104,19,32
11,Puelen,016,0061 ,0641,346,104,5,3,98,27,48
11,Puelen,016,0062 ,0642,305,70,0,0,105,11,77
11,Puelen,016,0062 ,0643,303,1,0,2,120,0,100
11,Quemu Quemu,017,0063 ,0644,334,46,0,2,139,6,90
11,Quemu Quemu,017,0063 ,0645,334,66,0,1,106,10,110
11,Quemu Quemu,017,0063 ,0646,334,42,0,3,115,8,96
11,Quemu Quemu,017,0063 ,0647,334,42,0,4,129,5,91
11,Quemu Quemu,017,0063 ,0648,333,53,2,3,115,13,101
11,Quemu Quemu,017,0063 ,0649,333,54,0,4,133,7,83
11,Quemu Quemu,017,0063 ,0650,333,55,0,2,121,9,94
11,Quemu Quemu,017,0063 ,0651,333,41,0,5,116,14,97
11,Quemu Quemu,017,0064 ,0652,343,30,0,2,167,6,98
11,Quemu Quemu,017,0064 ,0653,343,22,0,3,161,10,102
11,Quemu Quemu,017,0065 ,0654,336,51,6,2,93,26,108
11,Quemu Quemu,017,0065 ,0655,335,56,0,0,114,20,96
11,Quemu Quemu,017,0065 ,0656,335,53,0,0,82,29,126
11,Quemu Quemu,017,0065 ,0657,335,31,0,6,99,23,120
11,Quemu Quemu,017,0065 ,0658,335,46,0,1,90,17,122
11,Quemu Quemu,017,0065 ,0659,335,44,1,5,95,22,112
11,Quemu Quemu,017,0065 ,0660,335,60,0,5,105,34,81
11,Quemu Quemu,017,0065 ,0661,335,50,0,2,99,26,89
11,Quemu Quemu,017,0065 ,0662,335,0,0,0,0,0,0
11,Quemu Quemu,017,0065 ,0663,335,60,1,1,97,17,99
11,Quemu Quemu,017,0066 ,0664,112,22,1,1,20,4,51
11,Quemu Quemu,017,0067 ,0665,44,3,0,1,19,2,11
11,Quemu Quemu,017,0068 ,0666,293,71,0,4,77,4,101
11,Quemu Quemu,017,0068 ,0667,292,66,1,1,74,11,102
11,Rancul,018,0069 ,0668,340,8,0,2,146,16,104
11,Rancul,018,0069 ,0669,340,46,0,2,104,18,121
11,Rancul,018,0069 ,0670,340,19,0,1,174,8,79
11,Rancul,018,0069 ,0671,341,40,0,0,152,9,76
11,Rancul,018,0069 ,0672,339,43,1,2,152,9,75
11,Rancul,018,0069 ,0673,339,46,0,1,153,8,90
11,Rancul,018,0070 ,0674,5,0,0,0,0,1,0
11,Rancul,018,0071 ,0675,308,12,0,0,170,4,92
11,Rancul,018,0071 ,0676,308,21,2,1,150,4,103
11,Rancul,018,0071 ,0677,307,17,0,1,166,3,85
11,Rancul,018,0071 ,0678,307,17,0,1,158,4,92
11,Rancul,018,0072 ,0679,333,65,1,1,65,8,150
11,Rancul,018,0072 ,0680,333,64,0,1,71,15,131
11,Rancul,018,0072 ,0681,333,66,0,2,88,17,118
11,Rancul,018,0072 ,0682,333,51,1,0,92,17,131
11,Rancul,018,0072 ,0683,333,44,0,5,69,13,148
11,Rancul,018,0072 ,0684,332,59,0,1,77,29,131
11,Rancul,018,0073 ,0685,203,61,0,0,79,7,42
11,Rancul,018,0074 ,0686,203,50,0,0,95,4,40
11,Rancul,018,0074 ,0687,202,69,1,0,75,7,40
11,Rancul,018,0075 ,0688,348,29,3,1,139,8,103
11,Rancul,018,0075 ,0689,348,30,2,0,124,10,138
11,Rancul,018,0075 ,0690,348,31,3,0,140,10,121
11,Rancul,018,0075 ,0691,348,32,3,0,131,10,111
11,Rancul,018,0075 ,0692,348,46,1,1,139,14,106
11,Rancul,018,0075 ,0693,348,38,5,1,124,7,0
11,Rancul,018,0075 ,0694,348,45,1,0,128,7,110
11,Rancul,018,0075 ,0695,348,48,0,0,140,3,88
11,Rancul,018,0075 ,0696,348,32,0,3,144,7,121
11,Realicó,019,0076 ,0697,302,83,0,2,98,23,55
11,Realicó,019,0077 ,0698,326,44,0,10,105,16,110
11,Realicó,019,0077 ,0699,326,44,0,9,85,22,123
11,Realicó,019,0077 ,0700,325,41,1,16,86,14,139
11,Realicó,019,0077 ,0701,325,49,0,13,74,13,125
11,Realicó,019,0078 ,0702,275,42,1,1,70,5,123
11,Realicó,019,0079 ,0703,296,44,2,4,90,7,109
11,Realicó,019,0079 ,0704,295,37,1,1,73,19,136
11,Realicó,019,0079 ,0705,296,39,1,5,84,14,118
11,Realicó,019,0079 ,0706,295,25,1,3,93,12,126
11,Realicó,019,0080 ,0707,172,39,0,0,68,11,45
11,Realicó,019,0081 ,0708,347,46,0,4,128,12,88
11,Realicó,019,0081 ,0709,347,37,0,4,126,21,112
11,Realicó,019,0081 ,0710,347,37,0,8,102,12,112
11,Realicó,019,0081 ,0711,347,0,0,5,127,14,89
11,Realicó,019,0081 ,0712,347,44,0,6,132,30,79
11,Realicó,019,0081 ,0713,347,48,2,12,128,21,81
11,Realicó,019,0081 ,0714,346,40,2,3,132,19,92
11,Realicó,019,0081 ,0715,346,52,4,2,142,14,79
11,Realicó,019,0081 ,0716,346,53,3,6,141,23,63
11,Realicó,019,0081 ,0717,346,39,10,10,115,10,102
11,Realicó,019,0081 ,0718,346,53,0,6,111,22,92
11,Realicó,019,0081 ,0719,346,44,1,3,147,21,77
11,Realicó,019,0082 ,0720,337,42,2,1,117,17,101
11,Realicó,019,0082 ,0721,337,40,0,3,116,13,119
11,Realicó,019,0082 ,0722,337,28,1,0,106,23,113
11,Realicó,019,0082 ,0723,337,26,0,5,124,16,107
11,Realicó,019,0082 ,0724,337,33,0,2,113,12,120
11,Realicó,019,0082 ,0725,337,36,3,5,102,24,104
11,Realicó,019,0082 ,0726,337,52,0,2,104,19,91
11,Realicó,019,0082 ,0727,337,41,1,5,98,14,120
11,Realicó,019,0082 ,0728,336,44,0,4,127,13,94
11,Realicó,019,0082 ,0729,336,43,1,2,128,17,83
11,Realicó,019,0082 ,0730,336,50,0,2,124,12,95
11,Realicó,019,0082 ,0731,336,23,0,2,131,18,90
11,Realicó,019,0082 ,0732,336,51,0,3,90,16,115
11,Realicó,019,0082 ,0733,336,13,3,2,128,0,124
11,Realicó,019,0082 ,0734,336,47,4,7,95,11,108
11,Realicó,019,0082 ,0735,336,45,0,2,118,14,108
11,Realicó,019,0082 ,0736,336,47,0,3,106,16,106
11,Realicó,019,0082 ,0737,336,55,0,2,103,12,105
11,Realicó,019,0082 ,0738,336,46,0,1,116,11,96
11,Realicó,019,0082 ,0739,336,51,0,3,107,16,97
11,Toay,020,0083 ,0740,1,0,0,0,0,1,1
11,Toay,020,0084 ,0741,8,3,0,0,0,2,1
11,Toay,020,0085 ,0742,3,0,0,0,0,2,1
11,Toay,020,0086 ,0743,340,59,6,8,116,33,61
11,Toay,020,0086 ,0744,340,36,7,6,100,27,88
11,Toay,020,0086 ,0745,340,39,2,9,93,33,89
11,Toay,020,0086 ,0746,340,51,0,3,69,40,113
11,Toay,020,0086 ,0747,340,35,1,7,105,31,91
11,Toay,020,0086 ,0748,340,43,1,2,132,31,66
11,Toay,020,0086 ,0749,340,58,0,8,93,37,78
11,Toay,020,0086 ,0750,340,129,1,4,11,53,77
11,Toay,020,0086 ,0751,340,48,3,5,124,34,83
11,Toay,020,0086 ,0752,340,62,2,8,109,29,61
11,Toay,020,0086 ,0753,340,53,0,8,105,24,98
11,Toay,020,0086 ,0754,339,0,0,3,96,27,83
11,Toay,020,0086 ,0755,340,57,0,6,110,18,85
11,Toay,020,0086 ,0756,339,56,1,10,103,32,62
11,Toay,020,0086 ,0757,340,32,0,4,123,25,85
11,Toay,020,0086 ,0758,339,0,0,9,98,34,79
11,Toay,020,0086 ,0759,339,65,0,8,67,45,89
11,Toay,020,0086 ,0760,339,51,0,11,121,29,64
11,Toay,020,0086 ,0761,338,60,0,5,75,37,96
11,Toay,020,0086 ,0762,339,0,0,9,130,22,72
11,Toay,020,0086 ,0763,339,51,0,7,108,34,86
11,Toay,020,0086 ,0764,339,62,4,3,118,37,62
11,Toay,020,0086 ,0765,339,42,2,0,119,41,76
11,Toay,020,0086 ,0766,339,50,2,2,98,21,91
11,Toay,020,0086 ,0767,339,55,0,6,99,27,87
11,Toay,020,0086 ,0768,339,46,1,7,101,28,83
11,Toay,020,0086 ,0769,341,1,0,3,98,40,75
11,Toay,020,0086 ,0770,339,58,0,8,70,48,97
11,Toay,020,0086 ,0771,339,52,2,4,98,24,82
11,Toay,020,0086 ,0772,340,59,0,8,108,18,73
11,Toay,020,0086 ,0773,339,56,2,9,99,26,73
11,Toay,020,0086 ,0774,339,1,2,8,90,34,93
11,Trenel,021,0087 ,0775,331,42,0,1,148,7,90
11,Trenel,021,0087 ,0776,331,31,0,1,129,9,116
11,Trenel,021,0087 ,0777,330,25,0,1,147,10,88
11,Trenel,021,0088 ,0778,248,42,0,3,84,15,67
11,Trenel,021,0088 ,0779,248,49,0,4,79,22,68
11,Trenel,021,0089 ,0780,322,43,1,2,118,7,94
11,Trenel,021,0089 ,0781,322,37,0,2,139,10,75
11,Trenel,021,0089 ,0782,322,1,0,1,111,13,87
11,Trenel,021,0089 ,0783,322,40,2,0,133,16,75
11,Trenel,021,0089 ,0784,322,39,0,0,135,13,80
11,Trenel,021,0089 ,0785,322,50,1,1,126,14,88
11,Trenel,021,0089 ,0786,322,68,4,2,106,14,74
11,Trenel,021,0089 ,0787,321,43,2,1,117,11,85
11,Trenel,021,0089 ,0788,321,36,1,1,149,17,52
11,Trenel,021,0089 ,0789,321,38,0,0,118,19,82
11,Utracán,022,0090 ,0790,343,49,0,0,117,21,120
11,Utracán,022,0090 ,0791,342,77,0,2,88,33,116
11,Utracán,022,0091 ,0792,314,40,18,0,112,2,111
11,Utracán,022,0092 ,0793,264,0,0,2,97,24,53
11,Utracán,022,0093 ,0794,343,1,1,3,63,42,45
11,Utracán,022,0093 ,0795,343,75,18,6,53,34,71
11,Utracán,022,0093 ,0796,343,0,0,4,63,35,80
11,Utracán,022,0093 ,0797,343,78,5,8,66,40,76
11,Utracán,022,0093 ,0798,343,108,0,0,52,39,67
11,Utracán,022,0093 ,0799,343,164,2,3,53,31,75
11,Utracán,022,0093 ,0800,343,0,2,3,61,27,58
11,Utracán,022,0093 ,0801,343,0,0,2,64,29,60
11,Utracán,022,0093 ,0802,343,100,1,1,50,22,86
11,Utracán,022,0093 ,0803,343,95,8,1,63,29,84
11,Utracán,022,0093 ,0804,343,113,0,0,50,30,81
11,Utracán,022,0093 ,0805,343,87,0,3,69,32,69
11,Utracán,022,0093 ,0806,343,90,0,1,54,38,79
11,Utracán,022,0093 ,0807,343,107,0,4,67,32,57
11,Utracán,022,0093 ,0808,343,110,0,3,65,30,61
11,Utracán,022,0093 ,0809,343,0,0,4,88,21,73
11,Utracán,022,0093 ,0810,343,92,3,0,65,31,68
11,Utracán,022,0093 ,0811,343,108,3,1,78,31,60
11,Utracán,022,0093 ,0812,344,89,3,2,76,41,14
11,Utracán,022,0093 ,0813,343,12,16,11,67,38,61
11,Utracán,022,0093 ,0814,343,98,2,2,73,26,62
11,Utracán,022,0093 ,0815,343,113,0,0,64,33,61
11,Utracán,022,0093 ,0816,345,95,0,2,74,31,70
11,Utracán,022,0093 ,0817,343,99,1,1,72,33,60
11,Utracán,022,0093 ,0818,343,105,0,3,59,43,67
11,Utracán,022,0093 ,0819,342,96,0,1,66,31,63
11,Utracán,022,0093 ,0820,343,70,16,1,80,24,66
11,Utracán,022,0093 ,0821,343,101,3,5,71,20,61
11,Utracán,022,0093 ,0822,344,98,2,1,72,41,63
11,Utracán,022,0093 ,0823,344,97,2,9,55,38,78
11,Utracán,022,0093 ,0824,343,106,0,2,50,51,51
11,Utracán,022,0093 ,0825,342,104,0,2,70,22,60
11,Utracán,022,0093 ,0826,343,96,0,1,59,31,77
11,Utracán,022,0094 ,0827,223,21,0,1,103,3,79
11,Utracán,022,0094 ,0828,223,17,0,0,96,5,89
11,Utracán,022,0095 ,0829,127,30,0,0,41,7,45
