codprov,depto,coddepto,circuito,mesa,electores,blancos,nulos,0061,0501,0504,0548,0549
12,Capital,001,0001A,0001,303,4,5,6,53,1,137,8
12,Capital,001,0001A,0002,302,21,4,8,41,6,135,14
12,Capital,001,0001A,0003,305,3,4,9,49,2,126,4
12,Capital,001,0001A,0004,306,14,5,10,44,3,142,11
12,Capital,001,0001A,0005,304,12,2,14,41,4,142,5
12,Capital,001,0001A,0006,306,3,0,11,33,2,148,11
12,Capital,001,0001A,0007,302,15,5,6,46,4,141,9
12,Capital,001,0001A,0008,303,11,4,12,37,4,136,5
12,Capital,001,0001A,0009,305,13,0,12,46,9,131,11
12,Capital,001,0001A,0010,305,15,4,12,141,2,130,13
12,Capital,001,0001A,0840,404,0,0,0,0,0,0,0
12,Capital,001,0001B,0011,296,21,0,8,65,7,131,5
12,Capital,001,0001B,0012,296,11,4,14,47,5,150,6
12,Capital,001,0001B,0013,296,20,0,8,54,7,137,9
12,Capital,001,0001B,0014,292,34,3,5,49,5,139,4
12,Capital,001,0001B,0015,295,15,2,5,58,6,136,2
12,Capital,001,0001B,0016,295,9,3,8,61,1,140,5
12,Capital,001,0001B,0017,293,12,3,9,55,11,125,7
12,Capital,001,0001B,0018,295,19,0,10,76,9,118,9
12,Capital,001,0001C,0019,325,20,7,7,77,5,146,15
12,Capital,001,0001C,0020,324,25,3,13,68,5,149,6
12,Capital,001,0001C,0021,323,23,0,8,55,4,160,9
12,Capital,001,0001C,0022,324,18,8,11,67,5,139,10
12,Capital,001,0001C,0023,320,28,5,9,67,2,132,10
12,Capital,001,0001C,0024,321,28,2,6,69,5,135,7
12,Capital,001,0001C,0025,318,17,5,3,68,5,154,12
12,Capital,001,0001C,0026,323,21,7,8,66,1,145,7
12,Capital,001,0001C,0027,320,0,0,6,68,3,145,9
12,Capital,001,0001C,0028,318,0,0,0,73,1,142,8
12,Capital,001,0001C,0029,323,0,0,4,82,4,144,7
12,Capital,001,0001C,0030,321,2,12,9,78,5,127,7
12,Capital,001,0001C,0031,320,16,3,7,69,4,148,9
12,Capital,001,0001C,0032,326,0,0,12,73,9,142,10
12,Capital,001,0001C,0033,323,22,6,11,69,8,149,3
12,Capital,001,0001D,0034,336,18,9,6,109,1,116,5
12,Capital,001,0001D,0035,334,4,17,7,96,0,119,17
12,Capital,001,0001D,0036,330,7,21,6,117,6,111,10
12,Capital,001,0001D,0037,331,30,23,8,98,1,104,10
12,Capital,001,0001D,0038,328,14,0,7,116,3,97,8
12,Capital,001,0001D,0039,329,0,0,7,110,5,117,10
12,Capital,001,0001D,0040,330,23,5,15,97,2,114,8
12,Capital,001,0001D,0041,336,3,5,7,120,3,105,8
12,Capital,001,0001D,0042,331,3,6,2,100,3,119,7
12,Capital,001,0001D,0043,330,15,5,7,125,6,113,6
12,Capital,001,0001D,0044,330,5,5,5,116,6,114,1
12,Capital,001,0001D,0045,332,22,2,10,100,5,116,12
12,Capital,001,0001D,0046,330,17,5,6,121,8,110,1
12,Capital,001,0001D,0047,331,34,1,10,104,5,113,10
12,Capital,001,0001E,0048,311,6,0,14,48,4,149,18
12,Capital,001,0001E,0049,309,0,4,15,49,2,147,14
12,Capital,001,0001E,0050,312,13,4,16,56,3,138,10
12,Capital,001,0001E,0051,310,1,6,12,40,2,156,10
12,Capital,001,0001E,0052,313,8,7,10,71,2,136,8
12,Capital,001,0001E,0053,311,11,5,9,51,3,167,5
12,Capital,001,0001F,0054,276,18,0,11,35,4,132,9
12,Capital,001,0001F,0055,275,11,2,16,29,4,136,10
12,Capital,001,0001F,0056,278,9,1,9,36,7,124,4
12,Capital,001,0001F,0057,276,10,1,11,39,2,127,8
12,Capital,001,0001F,0058,276,16,3,4,37,6,119,11
12,Capital,001,0001G,0059,331,10,1,16,47,7,138,11
12,Capital,001,0001G,0060,329,15,0,10,43,6,153,9
12,Capital,001,0001G,0061,330,14,2,5,49,6,140,11
12,Capital,001,0001G,0062,328,18,1,17,47,8,135,12
12,Capital,001,0001G,0063,330,18,3,14,44,5,153,8
12,Capital,001,0001G,0064,331,15,4,8,49,8,163,11
12,Capital,001,0001H,0065,329,26,7,5,96,3,121,13
12,Capital,001,0001H,0066,338,26,3,8,121,6,104,4
12,Capital,001,0001H,0067,332,17,2,7,132,6,109,5
12,Capital,001,0001H,0068,332,19,7,4,121,1,121,7
12,Capital,001,0001H,0069,332,3,9,6,108,3,117,10
12,Capital,001,0001H,0070,335,30,2,8,104,6,101,5
12,Capital,001,0001H,0071,332,32,12,7,95,4,111,11
12,Capital,001,0001H,0072,331,21,4,5,116,2,94,15
12,Capital,001,0001H,0073,333,18,0,11,139,2,98,10
12,Capital,001,0001H,0074,333,0,0,10,78,4,139,13
12,Capital,001,0001H,0075,330,19,3,4,115,4,96,12
12,Capital,001,0001H,0076,332,21,2,7,102,5,124,13
12,Capital,001,0001H,0077,332,24,8,4,120,8,93,11
12,Capital,001,0001H,0078,333,32,0,5,140,2,90,9
12,Capital,001,0001H,0079,331,3,9,7,134,4,106,9
12,Capital,001,0001H,0080,333,1,10,6,114,3,121,6
12,Capital,001,0001H,0081,332,23,10,3,105,4,109,8
12,Capital,001,0001H,0082,332,25,5,5,108,2,112,6
12,Capital,001,0001H,0083,336,26,3,7,122,1,103,11
12,Capital,001,0001H,0084,336,30,0,7,116,1,105,11
12,Capital,001,0001H,0085,334,22,7,5,123,11,97,6
12,Capital,001,0001H,0086,331,29,10,9,84,6,116,6
12,Capital,001,0001H,0087,330,3,5,3,113,4,114,16
12,Capital,001,0001H,0088,330,4,37,11,92,1,111,16
12,Capital,001,0001H,0089,329,4,8,5,137,3,80,11
12,Capital,001,0001H,0090,331,0,0,8,124,8,92,11
12,Capital,001,0001H,0091,336,27,4,5,121,5,86,12
12,Capital,001,0001H,0092,328,4,10,5,108,3,114,13
12,Capital,001,0001H,0093,330,2,7,5,119,2,102,8
12,Capital,001,0001H,0094,331,13,5,8,114,6,111,13
12,Capital,001,0001H,0095,335,30,4,9,96,2,110,8
12,Capital,001,0001H,0096,332,16,5,10,103,4,107,3
12,Capital,001,0001H,0097,330,16,11,6,118,5,116,6
12,Capital,001,0001H,0098,332,17,5,5,129,2,99,4
12,Capital,001,0001I,0099,334,0,0,7,140,7,91,13
12,Capital,001,0001I,0100,336,3,1,7,105,2,103,13
12,Capital,001,0001I,0101,338,6,5,5,129,6,92,11
12,Capital,001,0001I,0102,339,23,2,3,113,1,96,17
12,Capital,001,0001I,0103,340,3,4,1,106,4,113,10
12,Capital,001,0001I,0104,338,0,0,5,93,7,115,9
12,Capital,001,0001I,0105,333,0,0,9,127,4,79,15
12,Capital,001,0001I,0106,340,27,2,7,99,5,117,9
12,Capital,001,0001I,0107,335,15,5,9,116,3,98,6
12,Capital,001,0001I,0108,333,0,0,4,104,3,105,21
12,Capital,001,0001I,0109,335,0,0,9,101,3,120,13
12,Capital,001,0001I,0110,335,33,2,7,126,3,93,9
12,Capital,001,0001I,0111,336,24,5,7,113,7,101,13
12,Capital,001,0001I,0112,337,19,2,3,144,0,89,15
12,Capital,001,0001I,0113,337,35,3,6,113,2,96,9
12,Capital,001,0001I,0114,334,22,6,7,112,6,104,12
12,Capital,001,0001I,0115,334,28,5,4,116,3,101,9
12,Capital,001,0001I,0116,333,34,0,7,125,4,90,11
12,Capital,001,0001I,0117,339,3,6,4,98,2,109,16
12,Capital,001,0001I,0118,338,22,6,5,125,2,105,9
12,Capital,001,0001I,0119,338,28,7,10,91,4,114,15
12,Capital,001,0001I,0120,335,42,4,1,0,1,101,0
12,Capital,001,0001I,0121,335,6,5,5,117,5,100,8
12,Capital,001,0001I,0122,334,10,7,0,113,4,107,14
12,Capital,001,0001I,0123,337,0,0,5,111,2,103,12
12,Capital,001,0001I,0124,340,19,3,7,102,0,114,12
12,Capital,001,0001I,0125,334,28,0,5,109,1,97,20
12,Capital,001,0001I,0126,334,22,6,0,113,4,107,16
12,Capital,001,0001I,0127,336,27,5,4,121,4,101,11
12,Capital,001,0001I,0128,338,16,7,8,100,1,114,11
12,Capital,001,0001I,0129,334,0,0,4,113,3,112,9
12,Capital,001,0001I,0130,333,37,8,6,124,4,105,12
12,Capital,001,0001I,0131,331,22,7,5,121,1,99,10
12,Capital,001,0001I,0132,334,4,7,4,123,6,85,17
12,Capital,001,0001I,0133,333,8,13,3,119,3,89,16
12,Capital,001,0001I,0134,337,23,6,3,100,7,127,7
12,Capital,001,0001I,0135,335,26,4,4,121,1,94,10
12,Capital,001,0001I,0136,334,40,4,7,104,5,85,13
12,Capital,001,0001I,0137,337,0,0,0,0,0,0,0
12,Capital,001,0001I,0138,332,15,3,4,116,6,103,9
12,Capital,001,0001I,0139,336,0,0,12,110,4,99,10
12,Capital,001,0001I,0140,336,1,3,1,139,4,97,3
12,Capital,001,0001I,0141,334,0,0,4,113,1,100,9
12,Capital,001,0001I,0142,332,7,6,5,108,4,111,9
12,Capital,001,0001I,0143,336,5,0,4,122,5,95,1
12,Capital,001,0001I,0144,333,19,8,6,114,0,112,9
12,Capital,001,0001I,0145,337,20,0,4,132,8,80,20
12,Capital,001,0001I,0146,333,30,0,7,133,0,72,11
12,Capital,001,0001I,0147,333,33,5,4,121,1,99,9
12,Capital,001,0001I,0148,332,28,14,1,114,5,95,14
12,Capital,001,0001I,0149,329,3,10,6,109,1,92,12
12,Capital,001,0001I,0150,332,4,32,10,105,2,118,13
12,Capital,001,0001I,0151,334,28,7,5,112,4,110,11
12,Capital,001,0001I,0152,334,21,4,4,117,2,95,12
12,Capital,001,0001J,0153,317,1,5,3,76,2,145,11
12,Capital,001,0001J,0154,316,0,8,10,76,3,120,15
12,Capital,001,0001J,0155,317,4,8,3,77,3,121,9
12,Capital,001,0001J,0156,317,24,1,10,63,4,136,10
12,Capital,001,0001J,0157,318,14,3,9,84,6,141,7
12,Capital,001,0001J,0158,319,1,1,3,78,2,135,12
12,Capital,001,0001J,0159,315,25,4,5,65,3,128,6
12,Capital,001,0001J,0160,319,6,4,8,70,2,133,16
12,Capital,001,0001K,0161,307,3,1,15,54,5,112,10
12,Capital,001,0001K,0162,307,12,5,14,47,4,130,9
12,Capital,001,0001K,0163,306,21,0,9,44,10,138,5
12,Capital,001,0001K,0164,307,22,1,5,46,5,134,6
12,Capital,001,0001K,0165,310,16,0,8,47,0,129,8
12,Capital,001,0001K,0166,309,14,4,3,57,4,127,8
12,Capital,001,0001K,0167,306,0,5,8,40,3,141,10
12,Capital,001,0001K,0168,306,10,2,14,59,5,125,11
12,Capital,001,0001K,0169,306,14,5,4,43,3,128,8
12,Capital,001,0001K,0170,306,3,17,9,46,5,125,11
12,Capital,001,0001K,0171,311,9,0,4,50,3,126,8
12,Capital,001,0001L,0172,326,27,2,4,105,1,111,8
12,Capital,001,0001L,0173,328,2,2,11,86,4,123,9
12,Capital,001,0001L,0174,325,19,9,0,89,5,130,12
12,Capital,001,0001L,0175,324,0,0,1,82,4,130,11
12,Capital,001,0001L,0176,327,19,8,12,81,4,138,6
12,Capital,001,0001L,0177,327,18,2,6,97,2,126,12
12,Capital,001,0001L,0178,328,7,14,10,103,5,108,9
12,Capital,001,0001L,0179,326,34,0,6,88,7,127,8
12,Capital,001,0001L,0180,326,34,1,7,94,2,109,11
12,Capital,001,0001L,0181,327,19,3,3,102,0,136,9
12,Capital,001,0001L,0182,323,28,2,9,60,3,151,15
12,Capital,001,0001L,0183,326,14,11,16,99,3,119,8
12,Capital,001,0001L,0184,327,21,0,6,87,0,146,11
12,Capital,001,0001L,0185,324,18,9,6,86,3,111,9
12,Capital,001,0001L,0186,329,2,8,6,73,4,137,16
12,Capital,001,0001L,0187,323,20,7,8,91,1,119,13
12,Capital,001,0001L,0188,324,16,10,7,87,5,137,9
12,Capital,001,0001L,0189,324,1,5,6,103,6,126,7
12,Capital,001,0001L,0190,327,22,5,10,80,5,111,15
12,Capital,001,0001L,0191,323,23,10,5,89,6,118,14
12,Capital,001,0001L,0192,327,2,5,17,94,5,111,2
12,Capital,001,0001L,0193,324,5,10,6,87,5,128,10
12,Capital,001,0001L,0194,322,20,7,9,86,1,129,19
12,Capital,001,0001L,0195,325,2,3,12,85,3,130,10
12,Capital,001,0001L,0196,325,4,6,7,109,9,115,10
12,Capital,001,0001L,0197,330,18,1,5,110,4,121,10
12,Capital,001,0001L,0198,327,28,4,15,79,3,133,12
12,Capital,001,0001L,0199,328,0,0,5,112,9,94,13
12,Capital,001,0001L,0200,325,3,11,3,96,4,118,13
12,Capital,001,0001L,0201,325,17,3,15,83,3,126,9
12,Capital,001,0001L,0202,325,31,0,11,98,2,110,9
12,Capital,001,0001L,0203,329,0,0,9,83,4,142,14
12,Capital,001,0001L,0204,327,22,10,7,84,1,131,11
12,Capital,001,0001L,0205,326,13,8,10,75,2,129,14
12,Capital,001,0001L,0206,324,1,9,7,92,5,130,8
12,Capital,001,0001L,0207,324,11,3,8,89,4,114,13
12,Capital,001,0001L,0208,324,24,9,8,83,1,121,14
12,Capital,001,0001L,0209,326,18,1,6,112,4,120,7
12,Capital,001,0001L,0210,326,19,6,11,81,3,126,8
12,Capital,001,0001M,0211,330,11,4,7,87,2,143,12
12,Capital,001,0001M,0212,331,2,23,10,85,7,129,9
12,Capital,001,0001M,0213,333,18,0,8,71,1,156,10
12,Capital,001,0001M,0214,336,1,1,10,99,0,129,12
12,Capital,001,0001M,0215,335,3,0,8,63,5,157,13
12,Capital,001,0001M,0216,333,0,0,8,63,6,145,10
12,Capital,001,0001M,0217,330,23,6,10,73,3,156,8
12,Capital,001,0001M,0218,335,0,0,4,90,7,124,15
12,Capital,001,0001M,0219,334,22,4,16,66,3,151,9
12,Capital,001,0001M,0220,331,0,0,13,68,6,149,11
12,Capital,001,0001M,0221,331,4,5,5,87,6,142,8
12,Capital,001,0001M,0222,329,28,0,5,81,5,126,14
12,Capital,001,0001M,0223,338,22,4,6,73,7,144,13
12,Capital,001,0001M,0224,330,12,7,8,83,1,137,12
12,Capital,001,0001M,0225,331,27,9,12,78,3,120,14
12,Capital,001,0001M,0226,331,18,8,5,73,3,147,9
12,Capital,001,0001M,0227,333,14,5,8,73,2,163,12
12,Capital,001,0001M,0228,330,15,3,7,92,3,133,13
12,Capital,001,0001M,0229,335,16,4,6,60,4,171,6
12,Capital,001,0001M,0230,334,37,6,7,68,3,147,11
12,Capital,001,0001M,0231,332,19,3,8,83,5,131,11
12,Capital,001,0001M,0232,333,14,7,7,81,2,165,9
12,Capital,001,0001M,0233,331,24,7,12,59,4,145,7
12,Capital,001,0001M,0234,335,14,6,6,71,8,161,8
12,Capital,001,0001M,0235,330,0,0,0,0,0,0,0
12,Capital,001,0001M,0236,330,26,11,6,84,2,130,8
12,Capital,001,0001M,0237,332,2,4,6,79,12,141,5
12,Capital,001,0001M,0238,334,16,4,13,86,3,130,13
12,Capital,001,0001M,0239,332,13,5,4,88,5,144,8
12,Capital,001,0001M,0240,335,22,7,13,89,5,142,9
12,Capital,001,0001M,0241,332,19,0,13,74,5,160,9
12,Capital,001,0001N,0242,324,4,0,4,104,7,128,8
12,Capital,001,0001N,0243,330,27,3,9,82,3,136,8
12,Capital,001,0001N,0244,325,0,0,8,82,2,113,10
12,Capital,001,0001N,0245,328,1,6,6,104,6,125,11
12,Capital,001,0001N,0246,328,17,15,5,106,3,125,7
12,Capital,001,0001N,0247,325,17,8,4,95,2,132,6
12,Capital,001,0001N,0248,326,29,5,3,95,5,133,6
12,Capital,001,0001N,0249,328,65,5,16,80,4,88,10
12,Capital,001,0001N,0250,330,23,0,6,83,6,140,7
12,Capital,001,0001N,0251,325,23,13,9,89,2,133,17
12,Capital,001,0001N,0252,324,21,5,12,84,1,121,15
12,Capital,001,0001N,0253,328,28,5,3,97,1,128,9
12,Capital,001,0001N,0254,326,21,7,8,89,5,124,8
12,Capital,001,0001N,0255,327,0,0,4,76,5,151,9
12,Capital,001,0001N,0256,330,22,2,11,84,6,142,17
12,Capital,001,0001N,0257,327,26,2,6,87,3,125,14
12,Capital,001,0001N,0258,329,25,0,7,91,6,142,7
12,Capital,001,0001N,0259,329,5,5,12,69,3,132,5
12,Capital,001,0001N,0260,325,2,10,10,99,4,116,12
12,Capital,001,0001N,0261,325,30,7,5,80,5,127,11
12,Capital,001,0001N,0262,326,3,7,0,0,0,0,0
12,Capital,001,0001N,0263,326,14,3,2,109,4,127,16
12,Capital,001,0001N,0264,326,19,6,7,75,5,146,11
12,Capital,001,0001N,0265,325,37,3,9,80,1,135,8
12,Capital,001,0001N,0266,326,32,0,11,77,6,132,14
12,Capital,001,0001N,0267,328,29,0,2,92,2,124,6
12,Capital,001,0001N,0268,328,2,5,7,72,6,147,9
12,Capital,001,0001N,0269,325,0,0,7,100,2,120,6
12,Capital,001,0001N,0270,325,0,0,7,87,4,139,10
12,Capital,001,0001N,0271,330,22,6,7,89,4,125,16
12,Capital,001,0001N,0272,331,1,8,11,85,7,129,10
12,Capital,001,0001N,0273,330,19,5,6,86,4,129,18
12,Capital,001,0001N,0274,327,6,11,5,73,4,148,14
12,Capital,001,0001N,0275,327,4,5,11,107,6,119,9
12,Capital,001,0001N,0276,327,6,5,8,97,6,139,1
12,Capital,001,0001O,0277,320,12,1,11,74,5,148,4
12,Capital,001,0001O,0278,318,21,6,9,76,8,143,1
12,Capital,001,0001O,0279,317,7,20,10,61,6,134,14
12,Capital,001,0001O,0280,316,19,0,12,52,3,162,8
12,Capital,001,0001O,0281,317,26,1,10,36,4,165,8
12,Capital,001,0001O,0282,315,2,7,7,49,4,158,6
12,Capital,001,0001O,0283,317,1,5,7,40,6,167,6
12,Capital,001,0001O,0284,316,20,1,9,69,6,143,5
12,Capital,001,0001O,0285,316,13,6,7,58,13,151,9
12,Capital,001,0001O,0286,317,16,2,3,64,5,152,12
12,Capital,001,0001P,0287,333,1,30,13,89,2,120,10
12,Capital,001,0001P,0288,330,25,6,7,99,1,113,7
12,Capital,001,0001P,0289,339,23,3,13,75,6,135,6
12,Capital,001,0001P,0290,332,31,2,10,100,4,124,5
12,Capital,001,0001P,0291,332,2,25,9,91,5,140,6
12,Capital,001,0001P,0292,333,18,8,8,90,3,153,5
12,Capital,001,0001P,0293,337,2,3,5,87,3,131,8
12,Capital,001,0001P,0294,336,24,1,10,74,1,144,13
12,Capital,001,0001P,0295,342,28,0,9,96,0,123,8
12,Capital,001,0001P,0296,333,18,5,12,106,2,131,10
12,Capital,001,0001P,0297,333,27,5,6,111,4,110,11
12,Capital,001,0001P,0298,332,18,2,6,93,5,122,15
12,Capital,001,0001P,0299,339,6,2,7,83,3,133,13
12,Capital,001,0001P,0300,334,19,6,5,111,1,102,8
12,Capital,001,0001P,0301,335,24,5,7,91,6,134,8
12,Capital,001,0001P,0302,337,34,0,11,81,5,134,16
12,Capital,001,0001P,0303,329,3,6,12,74,3,139,10
12,Capital,001,0001P,0304,331,20,2,6,114,7,118,7
12,Capital,001,0001P,0305,332,21,5,7,117,2,120,7
12,Capital,001,0001P,0306,331,22,4,7,86,4,121,11
12,Capital,001,0001P,0307,331,21,2,12,75,3,136,13
12,Capital,001,0001P,0308,327,31,7,4,97,3,129,10
12,Capital,001,0001P,0309,342,17,7,13,85,6,137,11
12,Capital,001,0001P,0310,330,9,1,2,34,2,44,2
12,Capital,001,0001P,0311,333,0,4,9,80,3,144,19
12,Capital,001,0001P,0312,339,1,8,4,111,5,118,17
12,Capital,001,0001P,0313,333,21,3,7,85,4,140,10
12,Capital,001,0001P,0314,334,22,4,6,91,6,136,7
12,Capital,001,0001P,0315,339,22,0,7,95,6,130,12
12,Capital,001,0001P,0316,332,26,2,14,89,3,134,8
12,Capital,001,0001P,0317,341,18,9,8,74,7,140,14
12,Capital,001,0001P,0318,331,24,4,5,91,6,129,9
12,Capital,001,0001P,0319,335,16,4,6,97,13,130,0
12,Capital,001,0001P,0320,335,0,0,7,77,4,148,8
12,Capital,001,0001P,0321,329,14,9,16,86,4,132,10
12,Capital,001,0001P,0322,336,5,6,9,79,7,144,8
12,Capital,001,0001P,0323,334,20,4,9,80,7,141,9
12,Capital,001,0001P,0324,333,18,5,7,108,1,113,7
12,Capital,001,0001P,0325,338,27,0,6,86,4,142,10
12,Capital,001,0001P,0326,330,24,7,3,96,4,135,9
12,Capital,001,0001P,0327,335,22,8,8,106,0,129,6
12,Capital,001,0001P,0328,339,27,8,12,70,6,122,10
12,Capital,001,0001Q,0329,134,4,0,0,42,0,50,0
12,Capital,001,0001R,0330,42,0,1,1,20,0,8,1
12,Capital,001,0001S,0331,127,3,1,0,43,0,51,1
12,Capital,001,0001T,0332,207,0,0,0,54,0,91,0
12,Capital,001,0001U,0333,130,0,2,0,60,0,32,2
12,Capital,001,0001V,0334,260,0,4,0,95,2,77,4
12,Capital,001,0001W,0335,100,5,0,0,35,0,34,1
12,Capital,001,0001X,0336,59,0,0,0,26,0,20,0
12,Capital,001,0002A,0337,329,2,7,9,130,6,90,11
12,Capital,001,0002A,0338,329,25,16,7,134,1,81,7
12,Capital,001,0002A,0339,324,23,9,7,116,5,97,4
12,Capital,001,0002A,0340,326,28,12,6,103,10,90,10
12,Capital,001,0002A,0341,328,0,0,8,97,1,94,14
12,Capital,001,0002A,0342,326,19,8,7,107,7,111,11
12,Capital,001,0002A,0343,329,9,25,11,99,2,103,12
12,Capital,001,0002A,0344,326,39,11,7,107,3,109,6
12,Capital,001,0002A,0345,329,3,10,4,122,6,98,7
12,Capital,001,0002A,0346,329,28,8,8,123,2,88,13
12,Capital,001,0002A,0347,331,37,8,11,121,3,86,9
12,Capital,001,0002A,0348,330,9,13,4,103,5,114,2
12,Capital,001,0002A,0349,330,22,8,9,108,1,103,13
12,Capital,001,0002A,0350,327,4,4,5,106,6,102,9
12,Capital,001,0002A,0351,326,3,10,6,133,5,72,8
12,Capital,001,0002A,0352,325,8,2,10,105,2,104,10
12,Capital,001,0002A,0353,324,1,5,7,118,2,84,12
12,Capital,001,0002A,0354,331,0,0,5,123,3,73,12
12,Capital,001,0002A,0355,327,9,10,16,101,3,94,10
12,Capital,001,0002A,0356,323,6,19,2,102,5,88,8
12,Capital,001,0002A,0357,330,23,4,9,116,2,91,7
12,Capital,001,0002A,0358,328,23,13,10,129,1,96,5
12,Capital,001,0002A,0359,324,17,9,8,128,0,97,11
12,Capital,001,0002A,0360,325,4,3,6,109,3,112,7
12,Capital,001,0002A,0361,327,25,5,12,119,2,97,9
12,Capital,001,0002A,0362,322,17,8,14,110,6,83,14
12,Capital,001,0002B,0363,321,0,0,5,106,1,87,10
12,Capital,001,0002B,0364,323,24,5,11,82,4,116,8
12,Capital,001,0002B,0365,327,26,2,4,111,3,101,15
12,Capital,001,0002B,0366,323,0,0,5,99,6,108,3
12,Capital,001,0002B,0367,319,19,4,7,107,2,107,7
12,Capital,001,0002B,0368,321,34,6,6,111,6,90,8
12,Capital,001,0002B,0369,319,25,0,5,113,3,96,14
12,Capital,001,0002B,0370,322,31,3,8,106,7,77,11
12,Capital,001,0002B,0371,319,26,4,4,98,8,112,14
12,Capital,001,0002B,0372,320,26,2,5,86,4,98,11
12,Capital,001,0002C,0373,330,29,10,7,81,4,130,7
12,Capital,001,0002C,0374,331,4,7,9,94,2,139,5
12,Capital,001,0002C,0375,331,25,7,8,67,7,151,5
12,Capital,001,0002C,0376,333,33,15,5,67,8,145,6
12,Capital,001,0002C,0377,339,26,4,9,88,7,139,2
12,Capital,001,0002C,0378,329,29,3,4,104,6,121,13
12,Capital,001,0002C,0379,334,4,9,11,62,4,156,11
12,Capital,001,0002C,0380,332,3,1,3,100,3,123,7
12,Capital,001,0002C,0381,331,21,15,5,104,6,107,8
12,Capital,001,0002C,0382,331,25,17,6,86,5,125,13
12,Capital,001,0002C,0383,331,18,4,13,72,6,144,13
12,Capital,001,0002C,0384,335,18,7,5,100,2,142,9
12,Capital,001,0002C,0385,333,1,12,7,75,6,138,13
12,Capital,001,0002C,0386,328,5,9,6,78,1,137,14
12,Capital,001,0002C,0387,336,0,0,8,77,6,133,10
12,Capital,001,0002C,0388,332,4,7,10,65,8,144,10
12,Capital,001,0002C,0389,333,21,8,10,79,2,152,14
12,Capital,001,0002C,0390,333,13,6,13,96,8,128,11
12,Capital,001,0002C,0391,331,24,4,6,109,4,119,12
12,Capital,001,0002C,0392,333,20,13,9,103,9,120,6
12,Capital,001,0002C,0393,333,29,0,13,76,6,142,6
12,Capital,001,0002C,0394,331,16,8,7,84,10,127,8
12,Capital,001,0002C,0395,329,11,8,17,62,5,151,7
12,Capital,001,0002C,0396,334,22,5,8,85,8,136,9
12,Capital,001,0002C,0397,326,19,12,2,88,4,122,19
12,Capital,001,0002D,0398,317,0,0,11,99,3,109,10
12,Capital,001,0002D,0399,317,94,0,8,84,1,121,10
12,Capital,001,0002D,0400,317,22,8,4,83,4,137,11
12,Capital,001,0002D,0401,316,23,1,10,82,6,127,7
12,Capital,001,0002D,0402,319,4,5,11,77,4,128,12
12,Capital,001,0002D,0403,321,21,12,11,85,5,117,15
12,Capital,001,0002D,0404,318,26,6,13,74,3,123,11
12,Capital,001,0002D,0405,321,25,4,17,87,3,116,12
12,Capital,001,0002D,0406,318,20,8,8,87,7,110,7
12,Capital,001,0002D,0407,322,7,10,17,87,3,97,10
12,Capital,001,0002D,0408,324,14,2,5,87,4,126,10
12,Capital,001,0002D,0409,317,33,1,8,80,1,109,10
12,Capital,001,0002D,0410,317,23,3,7,77,5,119,16
12,Capital,001,0002D,0411,319,22,6,8,80,5,131,12
12,Capital,001,0002D,0412,322,4,2,9,88,4,117,9
12,Capital,001,0002D,0413,320,0,0,9,75,7,136,6
12,Capital,001,0002D,0414,317,3,5,11,77,9,140,7
12,Capital,001,0002D,0415,320,19,1,9,79,8,127,12
12,Capital,001,0002D,0416,316,0,0,4,76,4,139,11
12,Sanagasta,002,0003 ,0417,322,0,0,4,196,3,68,3
12,Sanagasta,002,0003 ,0418,317,10,12,4,188,1,58,3
12,Sanagasta,002,0003 ,0419,317,8,2,0,226,2,47,0
12,Sanagasta,002,0003 ,0420,319,13,4,2,183,1,85,5
12,Sanagasta,002,0003 ,0421,319,8,2,4,212,3,60,1
12,Sanagasta,002,0003 ,0422,314,7,6,4,201,0,51,2
12,Sanagasta,002,0003 ,0423,313,3,1,5,207,0,68,2
12,Sanagasta,002,0003 ,0424,319,7,2,3,198,1,65,2
12,Castro Barros,003,0004 ,0425,266,0,1,1,156,1,44,0
12,Castro Barros,003,0004 ,0426,265,2,35,4,160,0,32,2
12,Castro Barros,003,0004 ,0427,260,7,0,1,181,1,41,0
12,Castro Barros,003,0005A,0428,277,12,2,1,170,0,44,0
12,Castro Barros,003,0005A,0429,278,11,1,2,158,1,60,3
12,Castro Barros,003,0005A,0430,275,3,5,3,164,0,51,4
12,Castro Barros,003,0005A,0431,279,9,0,1,182,1,49,1
12,Castro Barros,003,0005A,0432,275,11,8,2,157,0,46,4
12,Castro Barros,003,0005B,0433,325,7,0,1,193,2,74,1
12,Castro Barros,003,0006A,0434,196,10,0,0,112,1,42,1
12,Castro Barros,003,0006A,0435,197,4,4,2,102,0,43,2
12,Castro Barros,003,0006B,0436,196,6,3,2,124,2,38,0
12,Castro Barros,003,0007 ,0437,241,1,0,1,148,0,44,0
12,Castro Barros,003,0008A,0438,220,4,0,1,108,0,50,5
12,Castro Barros,003,0008A,0439,221,9,0,0,105,0,61,3
12,Castro Barros,003,0008B,0440,130,1,0,1,82,0,28,0
12,Castro Barros,003,0008C,0441,271,3,0,0,161,0,66,0
12,Arauco,004,0009A,0442,328,2,6,8,103,4,101,3
12,Arauco,004,0009A,0443,330,3,11,5,111,5,99,11
12,Arauco,004,0009A,0444,327,2,7,2,113,6,96,13
12,Arauco,004,0009A,0445,328,3,11,4,107,15,85,4
12,Arauco,004,0009A,0446,327,0,0,7,146,4,88,7
12,Arauco,004,0009A,0447,329,3,4,2,107,4,127,9
12,Arauco,004,0009A,0448,329,2,3,7,157,5,67,8
12,Arauco,004,0009A,0449,332,6,8,5,126,6,82,5
12,Arauco,004,0009A,0450,327,2,7,3,106,5,104,6
12,Arauco,004,0009A,0451,328,3,0,0,135,4,94,7
12,Arauco,004,0009A,0452,328,6,8,6,112,4,95,2
12,Arauco,004,0009A,0453,334,6,10,3,107,7,98,11
12,Arauco,004,0009A,0454,327,6,7,4,122,2,93,5
12,Arauco,004,0009A,0455,328,7,9,2,115,3,110,6
12,Arauco,004,0009A,0456,332,4,0,5,149,6,86,5
12,Arauco,004,0009A,0457,330,3,1,4,138,1,88,8
12,Arauco,004,0009A,0458,331,2,13,3,129,4,87,6
12,Arauco,004,0009A,0459,328,0,6,2,122,4,101,8
12,Arauco,004,0009A,0460,327,14,0,3,134,1,85,5
12,Arauco,004,0009A,0461,331,3,7,4,121,7,93,3
12,Arauco,004,0009A,0462,330,5,3,4,139,11,78,3
12,Arauco,004,0009A,0463,329,3,8,2,112,4,100,4
12,Arauco,004,0009A,0464,328,17,0,5,133,6,75,6
12,Arauco,004,0009B,0465,194,4,0,2,126,2,6,3
12,Arauco,004,0009B,0466,193,1,2,2,109,1,10,1
12,Arauco,004,0010 ,0467,311,5,9,3,157,3,58,5
12,Arauco,004,0010 ,0468,315,2,0,2,156,4,64,3
12,Arauco,004,0010 ,0469,313,9,0,5,174,4,48,8
12,Arauco,004,0010 ,0470,309,4,3,0,140,4,71,4
12,Arauco,004,0011A,0471,235,4,4,4,102,4,64,3
12,Arauco,004,0011A,0472,236,6,6,3,80,6,68,8
12,Arauco,004,0011A,0473,234,5,3,6,102,7,48,7
12,Arauco,004,0011B,0474,31,0,0,0,22,0,4,1
12,Arauco,004,0012A,0475,252,3,0,0,136,1,34,0
12,Arauco,004,0012B,0476,248,0,4,2,97,6,57,1
12,Arauco,004,0012B,0477,250,8,2,1,114,1,50,1
12,Arauco,004,0012B,0478,249,9,0,0,127,0,50,4
12,Arauco,004,0012B,0479,247,9,0,4,95,2,63,4
12,San Blas de los Sauces,005,0013 ,0480,293,0,4,4,98,1,121,0
12,San Blas de los Sauces,005,0013 ,0481,301,3,2,0,61,2,164,2
12,San Blas de los Sauces,005,0014A,0482,326,4,2,3,122,1,117,9
12,San Blas de los Sauces,005,0014B,0483,180,0,1,4,72,2,50,2
12,San Blas de los Sauces,005,0015 ,0484,309,4,0,1,122,3,115,1
12,San Blas de los Sauces,005,0015 ,0485,305,1,1,4,111,4,124,3
12,San Blas de los Sauces,005,0015 ,0486,310,7,0,3,116,1,123,4
12,San Blas de los Sauces,005,0016A,0487,233,0,5,3,109,3,59,2
12,San Blas de los Sauces,005,0016A,0488,238,2,3,1,108,1,72,3
12,San Blas de los Sauces,005,0016B,0489,327,11,0,0,118,1,133,3
12,San Blas de los Sauces,005,0017 ,0490,223,3,5,3,124,2,45,1
12,Chilecito,006,0018A,0491,331,1,6,7,115,2,131,7
12,Chilecito,006,0018A,0492,333,1,3,7,94,0,134,3
12,Chilecito,006,0018A,0493,333,0,1,8,78,4,142,4
12,Chilecito,006,0018A,0494,332,4,3,5,90,1,132,1
12,Chilecito,006,0018A,0495,335,3,4,0,88,4,110,11
12,Chilecito,006,0018A,0496,335,0,0,3,110,3,131,6
12,Chilecito,006,0018A,0497,331,2,5,4,98,4,145,5
12,Chilecito,006,0018A,0498,331,1,3,5,87,1,145,4
12,Chilecito,006,0018A,0499,331,2,0,9,91,3,142,7
12,Chilecito,006,0018A,0500,329,2,7,9,101,0,134,9
12,Chilecito,006,0018A,0501,329,5,0,6,62,1,166,5
12,Chilecito,006,0018A,0502,329,4,3,6,106,0,122,5
12,Chilecito,006,0018A,0503,335,4,3,4,85,1,152,12
12,Chilecito,006,0018A,0504,330,5,0,4,95,1,121,5
12,Chilecito,006,0018A,0505,331,3,5,8,106,1,129,10
12,Chilecito,006,0018A,0506,331,7,0,7,95,2,136,5
12,Chilecito,006,0018A,0507,327,3,3,6,105,2,140,4
12,Chilecito,006,0018A,0508,334,4,5,3,73,1,154,10
12,Chilecito,006,0018A,0509,332,5,7,4,99,2,132,5
12,Chilecito,006,0018A,0510,331,0,8,12,79,4,148,5
12,Chilecito,006,0018A,0511,331,2,2,4,81,5,150,11
12,Chilecito,006,0018A,0512,333,1,5,3,90,7,136,5
12,Chilecito,006,0018A,0513,332,0,4,2,110,2,137,3
12,Chilecito,006,0018A,0514,329,1,4,9,105,2,110,5
12,Chilecito,006,0018A,0515,328,1,0,11,82,1,150,4
12,Chilecito,006,0018A,0516,328,9,0,2,83,2,144,7
12,Chilecito,006,0018A,0517,329,3,5,10,87,4,134,8
12,Chilecito,006,0018A,0518,333,2,2,8,84,3,145,7
12,Chilecito,006,0018A,0519,332,0,4,3,115,0,132,9
12,Chilecito,006,0018A,0520,329,3,5,3,77,4,134,4
12,Chilecito,006,0018A,0521,330,3,4,4,84,5,154,0
12,Chilecito,006,0018A,0522,328,3,4,2,100,0,136,3
12,Chilecito,006,0018A,0523,327,4,0,7,85,5,159,3
12,Chilecito,006,0018A,0524,330,8,0,1,96,3,153,8
12,Chilecito,006,0018A,0525,332,2,3,3,75,3,155,2
12,Chilecito,006,0018A,0526,331,1,4,12,73,2,155,4
12,Chilecito,006,0018A,0527,327,2,3,4,107,3,125,7
12,Chilecito,006,0018A,0528,331,10,0,2,90,3,146,7
12,Chilecito,006,0018A,0529,329,7,0,1,92,1,141,1
12,Chilecito,006,0018A,0530,330,0,4,4,88,2,145,14
12,Chilecito,006,0018A,0531,331,4,5,6,87,4,145,7
12,Chilecito,006,0018A,0532,329,3,2,7,95,4,136,7
12,Chilecito,006,0018A,0533,329,7,0,6,89,1,133,3
12,Chilecito,006,0018A,0534,330,2,1,6,98,6,154,3
12,Chilecito,006,0018A,0535,333,0,7,6,68,1,149,6
12,Chilecito,006,0018A,0536,333,3,3,4,106,1,133,5
12,Chilecito,006,0018A,0537,331,5,7,5,88,2,148,3
12,Chilecito,006,0018A,0538,334,2,9,7,115,0,136,6
12,Chilecito,006,0018A,0539,327,7,0,9,82,2,154,6
12,Chilecito,006,0018A,0540,332,3,9,4,92,1,143,7
12,Chilecito,006,0018A,0541,332,2,8,2,89,4,146,4
12,Chilecito,006,0018A,0542,337,4,0,5,80,1,151,5
12,Chilecito,006,0018A,0543,331,3,4,6,110,1,134,4
12,Chilecito,006,0018A,0544,334,0,2,8,79,2,151,2
12,Chilecito,006,0018A,0545,333,0,4,5,84,2,156,10
12,Chilecito,006,0018A,0546,332,3,5,0,88,5,148,3
12,Chilecito,006,0018A,0547,333,4,5,2,99,2,139,4
12,Chilecito,006,0018A,0548,332,0,4,7,85,1,130,8
12,Chilecito,006,0018A,0549,328,2,4,6,64,2,153,5
12,Chilecito,006,0018A,0550,327,7,0,2,106,3,131,7
12,Chilecito,006,0018A,0551,327,0,11,8,81,2,149,4
12,Chilecito,006,0018A,0552,330,0,4,4,68,2,170,1
12,Chilecito,006,0018A,0553,328,3,7,3,90,0,151,3
12,Chilecito,006,0018A,0554,329,1,0,4,83,1,158,4
12,Chilecito,006,0018A,0555,329,2,3,2,91,2,136,6
12,Chilecito,006,0018A,0556,331,2,4,7,76,4,149,6
12,Chilecito,006,0018A,0557,326,0,2,10,101,4,122,8
12,Chilecito,006,0018B,0558,81,0,0,0,0,0,0,0
12,Chilecito,006,0019 ,0559,249,0,2,7,78,2,117,5
12,Chilecito,006,0019 ,0560,251,3,4,5,57,2,123,5
12,Chilecito,006,0020 ,0561,291,2,1,1,90,5,124,6
12,Chilecito,006,0020 ,0562,292,2,5,3,111,1,102,5
12,Chilecito,006,0020 ,0563,294,1,2,4,113,2,116,2
12,Chilecito,006,0020 ,0564,290,4,5,6,132,0,81,10
12,Chilecito,006,0021 ,0565,333,7,0,1,128,1,105,7
12,Chilecito,006,0021 ,0566,339,7,0,4,119,2,122,5
12,Chilecito,006,0021 ,0567,333,7,0,2,152,0,91,2
12,Chilecito,006,0021 ,0568,336,11,0,5,140,3,114,2
12,Chilecito,006,0022A,0569,319,5,3,1,152,4,100,3
12,Chilecito,006,0022A,0570,315,0,5,3,157,0,87,2
12,Chilecito,006,0022A,0571,316,7,0,2,134,3,109,1
12,Chilecito,006,0022A,0572,315,5,0,2,115,5,122,2
12,Chilecito,006,0022A,0573,314,8,2,0,152,2,101,3
12,Chilecito,006,0022B,0574,230,1,1,3,121,2,71,0
12,Chilecito,006,0023A,0575,272,8,1,1,150,0,69,1
12,Chilecito,006,0023A,0576,274,2,2,5,155,1,60,0
12,Chilecito,006,0023A,0577,272,0,3,1,142,1,74,5
12,Chilecito,006,0023A,0578,274,0,13,3,161,1,53,3
12,Chilecito,006,0023A,0579,271,3,0,4,162,1,48,6
12,Chilecito,006,0023B,0580,152,2,1,1,87,2,42,0
12,Chilecito,006,0023C,0581,167,8,2,1,89,1,33,2
12,Chilecito,006,0024 ,0582,291,1,8,3,150,4,79,2
12,Chilecito,006,0024 ,0583,291,3,0,4,125,2,93,3
12,Chilecito,006,0024 ,0584,284,4,4,2,131,1,81,0
12,Chilecito,006,0024 ,0585,289,3,5,2,156,3,70,3
12,Chilecito,006,0024 ,0586,293,4,5,1,128,2,79,2
12,Chilecito,006,0024 ,0587,290,5,0,2,130,2,85,2
12,Chilecito,006,0025 ,0588,337,3,4,5,159,5,73,4
12,Chilecito,006,0025 ,0589,340,1,0,9,138,1,99,5
12,Chilecito,006,0025 ,0590,335,5,6,2,172,4,90,0
12,Chilecito,006,0025 ,0591,340,2,2,2,151,2,101,7
12,Chilecito,006,0025 ,0592,337,2,10,0,154,0,98,3
12,Chilecito,006,0025 ,0593,349,8,1,2,169,5,72,3
12,Chilecito,006,0025 ,0594,339,12,0,4,165,2,88,1
12,Chilecito,006,0025 ,0595,336,7,0,1,176,4,79,4
12,Chilecito,006,0025 ,0596,341,6,9,3,81,6,162,3
12,Chilecito,006,0025 ,0597,339,2,7,5,154,4,93,7
12,Chilecito,006,0025 ,0598,339,7,0,3,163,1,96,8
12,Chilecito,006,0025 ,0599,338,5,4,1,124,2,112,0
12,Chilecito,006,0025 ,0600,346,11,0,6,132,3,109,8
12,Famatina,007,0026 ,0601,329,3,0,4,113,1,150,1
12,Famatina,007,0026 ,0602,332,2,3,4,116,2,156,0
12,Famatina,007,0026 ,0603,333,8,0,5,104,1,157,4
12,Famatina,007,0026 ,0604,331,1,4,2,88,1,185,0
12,Famatina,007,0026 ,0605,330,7,0,3,89,1,188,0
12,Famatina,007,0026 ,0606,330,3,4,0,117,1,157,2
12,Famatina,007,0026 ,0607,329,4,3,1,127,1,139,0
12,Famatina,007,0027 ,0608,176,3,2,0,61,0,80,0
12,Famatina,007,0027 ,0609,177,0,4,0,70,1,66,0
12,Famatina,007,0028A,0610,274,2,2,2,151,0,72,0
12,Famatina,007,0028A,0611,267,0,1,1,135,0,79,0
12,Famatina,007,0028A,0612,268,0,5,7,141,2,62,0
12,Famatina,007,0028B,0613,316,3,2,1,127,2,114,1
12,Famatina,007,0028C,0614,75,2,0,0,33,0,23,0
12,Famatina,007,0028D,0615,225,0,1,0,80,0,112,0
12,Famatina,007,0029A,0616,244,2,2,3,107,0,93,0
12,Famatina,007,0029A,0617,241,0,1,2,113,0,90,0
12,Famatina,007,0029A,0618,244,2,3,1,99,2,96,0
12,Famatina,007,0029B,0619,97,1,1,0,41,0,44,0
12,Coronel Felipe Varela,008,0030A,0620,324,4,0,1,157,0,75,9
12,Coronel Felipe Varela,008,0030A,0621,326,17,0,0,189,0,69,8
12,Coronel Felipe Varela,008,0030A,0622,325,11,5,0,184,0,63,7
12,Coronel Felipe Varela,008,0030A,0623,322,16,0,0,182,0,74,7
12,Coronel Felipe Varela,008,0030A,0624,323,18,5,1,167,0,68,8
12,Coronel Felipe Varela,008,0030A,0625,321,16,0,1,153,2,68,7
12,Coronel Felipe Varela,008,0030A,0626,324,0,0,2,174,0,77,10
12,Coronel Felipe Varela,008,0030A,0627,327,10,4,0,170,0,85,11
12,Coronel Felipe Varela,008,0030A,0628,323,16,1,2,168,0,86,13
12,Coronel Felipe Varela,008,0030A,0629,323,18,8,0,182,0,57,2
12,Coronel Felipe Varela,008,0030A,0630,321,19,1,0,184,1,55,10
12,Coronel Felipe Varela,008,0030A,0631,322,12,0,3,165,1,66,10
12,Coronel Felipe Varela,008,0030B,0632,192,5,0,0,82,0,66,1
12,Coronel Felipe Varela,008,0030B,0633,194,8,0,0,89,1,64,4
12,Coronel Felipe Varela,008,0030C,0634,245,1,3,0,149,0,30,9
12,Coronel Felipe Varela,008,0030C,0635,244,5,2,2,139,0,36,12
12,Coronel Felipe Varela,008,0031A,0636,271,11,0,0,152,0,54,5
12,Coronel Felipe Varela,008,0031A,0637,272,9,0,1,138,0,87,2
12,Coronel Felipe Varela,008,0031A,0638,270,0,0,0,152,0,55,5
12,Coronel Felipe Varela,008,0031B,0639,223,0,5,0,148,0,26,2
12,Coronel Felipe Varela,008,0031C,0640,91,0,0,0,67,0,2,0
12,Coronel Felipe Varela,008,0031D,0641,56,0,5,0,45,0,2,0
12,Coronel Felipe Varela,008,0031E,0642,50,0,0,0,31,0,13,0
12,Coronel Felipe Varela,008,0032 ,0643,301,0,0,0,202,0,29,2
12,Coronel Felipe Varela,008,0032 ,0644,295,11,0,1,207,0,28,4
12,Coronel Felipe Varela,008,0032 ,0645,297,15,4,1,209,0,16,3
12,Coronel Felipe Varela,008,0032 ,0646,296,17,5,1,207,0,23,1
12,Coronel Felipe Varela,008,0032 ,0647,295,19,3,0,239,1,14,0
12,Coronel Felipe Varela,008,0032 ,0648,294,22,2,1,180,1,39,4
12,Coronel Felipe Varela,008,0032 ,0649,293,21,0,1,206,1,27,1
12,Coronel Felipe Varela,008,0032A,0650,287,14,0,0,206,0,35,3
12,Coronel Felipe Varela,008,0032B,0651,51,0,2,0,35,0,1,0
12,General Lamadrid,009,0033 ,0652,328,3,2,0,191,1,64,4
12,General Lamadrid,009,0033 ,0653,330,2,2,0,145,2,111,1
12,General Lamadrid,009,0033 ,0654,324,2,3,0,167,0,90,1
12,General Lamadrid,009,0033 ,0655,328,1,1,0,217,3,56,2
12,General Lamadrid,009,0033 ,0656,325,0,2,1,155,2,105,4
12,Vinchina,010,0034A,0657,295,6,0,0,158,0,91,1
12,Vinchina,010,0034A,0658,300,7,0,0,168,0,68,1
12,Vinchina,010,0034A,0659,294,6,1,1,172,1,60,1
12,Vinchina,010,0034A,0660,297,0,0,0,163,1,71,0
12,Vinchina,010,0034A,0661,300,6,1,1,165,0,74,0
12,Vinchina,010,0034A,0662,291,7,1,1,158,1,71,0
12,Vinchina,010,0034A,0663,297,8,0,0,171,1,68,1
12,Vinchina,010,0034B,0664,48,1,0,0,28,0,8,0
12,Vinchina,010,0035A,0665,265,3,0,0,172,0,35,1
12,Vinchina,010,0035B,0666,37,0,1,0,18,0,4,0
12,Independencia,011,0036 ,0667,314,3,2,1,145,2,97,7
12,Independencia,011,0036 ,0668,319,8,0,3,126,7,96,10
12,Independencia,011,0036 ,0669,315,10,0,5,148,2,74,7
12,Independencia,011,0036 ,0670,320,7,6,1,150,6,85,3
12,Independencia,011,0036 ,0671,317,2,4,6,131,2,96,10
12,Independencia,011,0036 ,0672,312,5,0,3,133,2,103,8
12,Independencia,011,0037A,0673,215,0,2,7,86,4,59,3
12,Independencia,011,0037B,0674,94,2,0,3,61,1,15,1
12,Chamical,012,0038A,0675,329,5,3,3,103,2,141,6
12,Chamical,012,0038A,0676,329,1,1,2,137,5,110,2
12,Chamical,012,0038A,0677,331,2,8,2,116,2,137,1
12,Chamical,012,0038A,0678,334,1,0,3,90,3,158,3
12,Chamical,012,0038A,0679,329,2,4,4,121,3,115,9
12,Chamical,012,0038A,0680,332,4,3,3,128,3,124,4
12,Chamical,012,0038A,0681,334,10,13,8,110,0,113,4
12,Chamical,012,0038A,0682,332,1,4,1,123,2,125,1
12,Chamical,012,0038A,0683,330,8,0,1,112,0,121,7
12,Chamical,012,0038A,0684,330,11,0,3,105,1,124,4
12,Chamical,012,0038A,0685,332,1,1,4,126,6,124,5
12,Chamical,012,0038A,0686,330,1,5,0,104,0,141,3
12,Chamical,012,0038A,0687,327,10,0,4,101,2,128,4
12,Chamical,012,0038A,0688,332,4,5,1,106,0,137,5
12,Chamical,012,0038A,0689,330,3,3,3,109,3,120,2
12,Chamical,012,0038A,0690,330,4,2,6,99,3,133,4
12,Chamical,012,0038A,0691,329,2,2,2,141,3,119,1
12,Chamical,012,0038A,0692,334,9,0,5,109,1,130,4
12,Chamical,012,0038A,0693,328,5,3,2,113,6,116,1
12,Chamical,012,0038A,0694,327,1,4,2,109,2,132,2
12,Chamical,012,0038A,0695,330,2,2,2,125,1,118,4
12,Chamical,012,0038A,0696,333,2,7,1,124,2,125,1
12,Chamical,012,0038A,0697,325,2,3,4,147,0,111,5
12,Chamical,012,0038A,0698,336,1,5,4,110,2,120,4
12,Chamical,012,0038A,0699,333,5,1,1,114,2,118,4
12,Chamical,012,0038A,0700,331,3,6,5,123,2,121,7
12,Chamical,012,0038A,0701,335,8,0,3,126,1,111,4
12,Chamical,012,0038A,0702,331,1,2,5,110,2,123,6
12,Chamical,012,0038A,0703,330,6,1,2,105,3,146,4
12,Chamical,012,0038A,0704,333,1,2,4,118,1,138,4
12,Chamical,012,0038A,0705,330,9,0,4,93,0,143,3
12,Chamical,012,0038A,0706,332,3,3,2,98,1,152,4
12,Chamical,012,0038A,0707,327,4,5,2,103,2,117,5
12,Chamical,012,0038B,0708,21,0,0,0,6,0,5,0
12,Chamical,012,0039 ,0709,286,3,3,5,165,2,54,2
12,Chamical,012,0040A,0710,76,1,0,0,18,2,17,0
12,Chamical,012,0040B,0711,49,2,0,0,16,1,18,0
12,General Angel Vicente Peñaloza,013,0041A,0712,304,3,4,1,139,3,93,5
12,General Angel Vicente Peñaloza,013,0041A,0713,303,7,6,1,136,5,82,8
12,General Angel Vicente Peñaloza,013,0041A,0714,305,7,9,0,112,3,119,7
12,General Angel Vicente Peñaloza,013,0041A,0715,306,7,2,2,140,7,97,5
12,General Angel Vicente Peñaloza,013,0041B,0716,228,0,10,5,93,0,63,5
12,General Angel Vicente Peñaloza,013,0041B,0717,231,14,0,1,88,2,79,6
12,General Angel Vicente Peñaloza,013,0041C,0718,131,1,0,2,66,0,25,1
12,General Angel Vicente Peñaloza,013,0041D,0719,106,0,0,1,39,0,43,3
12,General Angel Vicente Peñaloza,013,0041E,0720,154,1,1,1,71,1,45,5
12,General Angel Vicente Peñaloza,013,0041F,0721,122,1,2,0,65,2,24,2
12,General Angel Vicente Peñaloza,013,0041G,0722,76,4,1,1,30,0,17,6
12,General Angel Vicente Peñaloza,013,0041H,0723,112,2,0,2,54,2,30,5
12,General Belgrano,014,0042 ,0724,332,1,2,0,139,3,120,7
12,General Belgrano,014,0042 ,0725,333,2,1,3,125,1,96,5
12,General Belgrano,014,0042 ,0726,332,1,8,5,128,4,93,5
12,General Belgrano,014,0042 ,0727,336,2,4,2,122,2,121,3
12,General Belgrano,014,0042 ,0728,331,3,7,3,100,1,130,4
12,General Belgrano,014,0042 ,0729,337,3,0,3,130,1,108,6
12,General Belgrano,014,0042 ,0730,340,2,2,3,119,4,109,10
12,General Belgrano,014,0042 ,0731,335,14,0,5,117,1,121,10
12,General Belgrano,014,0042 ,0732,335,2,1,2,138,2,113,7
12,General Belgrano,014,0042 ,0733,333,4,5,3,134,3,107,8
12,General Belgrano,014,0042 ,0734,332,1,4,2,128,4,104,9
12,General Belgrano,014,0042 ,0735,332,0,5,3,128,2,100,5
12,General Belgrano,014,0042 ,0736,329,1,7,1,112,3,113,9
12,General Belgrano,014,0043 ,0737,271,0,0,4,108,7,72,5
12,General Belgrano,014,0044 ,0738,299,7,8,1,125,2,71,3
12,General Belgrano,014,0045A,0739,309,3,0,2,130,1,96,5
12,General Belgrano,014,0045A,0740,307,8,0,3,136,2,83,2
12,General Belgrano,014,0045A,0741,310,2,0,8,143,2,84,3
12,General Belgrano,014,0045B,0742,79,1,1,1,38,1,13,2
12,General Belgrano,014,0046 ,0743,138,0,3,3,55,0,29,0
12,General Juan Facundo Quiroga,015,0047A,0744,305,3,0,0,151,0,100,0
12,General Juan Facundo Quiroga,015,0047A,0745,307,4,2,0,114,0,134,1
12,General Juan Facundo Quiroga,015,0047A,0746,308,0,0,1,165,0,91,0
12,General Juan Facundo Quiroga,015,0047A,0747,307,19,0,3,120,0,126,1
12,General Juan Facundo Quiroga,015,0047B,0748,118,0,0,0,64,0,31,1
12,General Juan Facundo Quiroga,015,0048A,0749,304,12,0,0,201,0,40,0
12,General Juan Facundo Quiroga,015,0048B,0750,203,12,0,0,92,0,71,1
12,General Juan Facundo Quiroga,015,0048B,0751,201,6,1,1,104,0,60,1
12,General Juan Facundo Quiroga,015,0049A,0752,175,2,1,0,81,0,55,0
12,General Juan Facundo Quiroga,015,0049B,0753,39,1,0,0,18,0,11,0
12,General Juan Facundo Quiroga,015,0049C,0754,64,0,0,0,29,0,14,0
12,General Juan Facundo Quiroga,015,0049D,0755,257,6,3,0,124,0,78,1
12,General Juan Facundo Quiroga,015,0049D,0756,257,1,1,0,100,0,97,1
12,General Juan Facundo Quiroga,015,0049D,0757,257,10,1,0,130,1,90,0
12,General Juan Facundo Quiroga,015,0050 ,0758,292,5,0,1,159,1,66,5
12,General Ortiz de Ocampo,016,0051A,0759,292,2,2,3,143,1,70,6
12,General Ortiz de Ocampo,016,0051A,0760,294,0,2,3,145,2,66,0
12,General Ortiz de Ocampo,016,0051A,0761,295,3,1,3,135,2,67,6
12,General Ortiz de Ocampo,016,0051A,0762,298,3,9,1,129,4,82,5
12,General Ortiz de Ocampo,016,0051A,0763,296,1,3,3,139,1,70,4
12,General Ortiz de Ocampo,016,0051A,0764,290,4,3,5,136,1,66,7
12,General Ortiz de Ocampo,016,0051B,0765,236,7,3,2,107,1,54,4
12,General Ortiz de Ocampo,016,0052A,0766,334,4,1,1,160,0,80,3
12,General Ortiz de Ocampo,016,0052A,0767,324,6,3,1,126,3,108,4
12,General Ortiz de Ocampo,016,0052A,0768,327,3,3,1,123,2,94,4
12,General Ortiz de Ocampo,016,0052A,0769,325,10,0,0,131,1,98,4
12,General Ortiz de Ocampo,016,0052A,0770,325,5,5,2,115,2,127,7
12,General Ortiz de Ocampo,016,0052A,0771,324,2,9,1,136,5,97,4
12,General Ortiz de Ocampo,016,0052A,0772,327,0,0,2,141,2,93,2
12,General Ortiz de Ocampo,016,0052A,0773,325,8,0,1,139,4,89,5
12,General Ortiz de Ocampo,016,0052A,0774,325,1,0,2,145,3,104,5
12,General Ortiz de Ocampo,016,0052A,0775,329,0,5,2,129,2,112,6
12,General Ortiz de Ocampo,016,0052B,0776,18,0,0,0,8,0,4,0
12,General Ortiz de Ocampo,016,0053 ,0777,288,1,10,4,152,0,39,6
12,General Ortiz de Ocampo,016,0054A,0778,330,1,4,2,142,4,77,4
12,General Ortiz de Ocampo,016,0054B,0779,167,2,3,0,78,1,43,1
12,Rosario Vera Peñaloza,017,0055A,0780,332,9,1,0,163,3,85,1
12,Rosario Vera Peñaloza,017,0055A,0781,325,8,14,1,157,2,76,0
12,Rosario Vera Peñaloza,017,0055A,0782,329,0,0,0,172,3,57,0
12,Rosario Vera Peñaloza,017,0055A,0783,330,21,8,3,149,2,85,1
12,Rosario Vera Peñaloza,017,0055A,0784,330,0,0,3,177,2,48,0
12,Rosario Vera Peñaloza,017,0055A,0785,330,11,3,2,168,1,82,0
12,Rosario Vera Peñaloza,017,0055A,0786,327,14,6,4,159,4,73,2
12,Rosario Vera Peñaloza,017,0055A,0787,327,11,2,0,179,1,71,1
12,Rosario Vera Peñaloza,017,0055A,0788,328,0,0,3,174,1,62,2
12,Rosario Vera Peñaloza,017,0055A,0789,331,17,9,3,144,2,72,1
12,Rosario Vera Peñaloza,017,0055A,0790,329,12,5,3,152,1,69,1
12,Rosario Vera Peñaloza,017,0055A,0791,327,12,3,1,155,2,100,1
12,Rosario Vera Peñaloza,017,0055A,0792,328,12,3,2,157,6,75,0
12,Rosario Vera Peñaloza,017,0055A,0793,328,17,6,2,165,1,57,2
12,Rosario Vera Peñaloza,017,0055A,0794,328,36,0,1,147,3,62,3
12,Rosario Vera Peñaloza,017,0055A,0795,331,15,0,2,161,8,69,1
12,Rosario Vera Peñaloza,017,0055A,0796,327,11,3,4,137,1,96,2
12,Rosario Vera Peñaloza,017,0055A,0797,326,15,0,0,160,4,77,0
12,Rosario Vera Peñaloza,017,0055A,0798,326,11,4,1,163,2,80,3
12,Rosario Vera Peñaloza,017,0055A,0799,325,5,2,1,170,5,65,3
12,Rosario Vera Peñaloza,017,0055A,0800,325,8,3,5,170,8,70,2
12,Rosario Vera Peñaloza,017,0055A,0801,332,12,2,2,176,4,59,1
12,Rosario Vera Peñaloza,017,0055A,0802,329,14,5,2,162,2,68,2
12,Rosario Vera Peñaloza,017,0055A,0803,326,8,6,0,150,8,74,0
12,Rosario Vera Peñaloza,017,0055A,0804,328,12,0,4,166,0,76,0
12,Rosario Vera Peñaloza,017,0055A,0805,327,1,2,2,154,2,86,1
12,Rosario Vera Peñaloza,017,0055A,0806,331,16,8,0,155,6,67,3
12,Rosario Vera Peñaloza,017,0055B,0807,151,3,0,0,102,0,2,0
12,Rosario Vera Peñaloza,017,0055C,0808,208,5,1,0,102,0,60,0
12,Rosario Vera Peñaloza,017,0055D,0809,59,4,2,0,38,0,2,0
12,Rosario Vera Peñaloza,017,0055E,0810,111,6,0,0,77,0,13,0
12,Rosario Vera Peñaloza,017,0056A,0811,174,3,0,0,125,0,14,0
12,Rosario Vera Peñaloza,017,0056B,0812,323,8,0,0,219,0,41,0
12,Rosario Vera Peñaloza,017,0056C,0813,235,4,0,0,136,0,23,0
12,Rosario Vera Peñaloza,017,0057A,0814,317,18,0,3,203,1,52,2
12,Rosario Vera Peñaloza,017,0057A,0815,312,9,0,0,222,2,42,0
12,Rosario Vera Peñaloza,017,0057B,0816,151,5,0,0,115,0,9,0
12,Rosario Vera Peñaloza,017,0058A,0817,191,10,0,1,124,0,22,0
12,Rosario Vera Peñaloza,017,0058B,0818,110,0,0,0,81,0,5,0
12,Rosario Vera Peñaloza,017,0059 ,0819,178,3,0,1,124,0,24,0
12,Rosario Vera Peñaloza,017,0059 ,0820,176,3,2,1,136,0,16,0
12,General San Martín,018,0060 ,0821,319,2,9,2,117,1,113,15
12,General San Martín,018,0060 ,0822,316,0,1,2,140,1,107,5
12,General San Martín,018,0060 ,0823,313,1,7,1,142,2,86,7
12,General San Martín,018,0060 ,0824,315,2,6,1,132,0,114,9
12,General San Martín,018,0060 ,0825,312,7,4,0,138,6,85,6
12,General San Martín,018,0060 ,0826,313,2,1,2,127,2,106,3
12,General San Martín,018,0060 ,0827,318,2,1,2,129,2,116,10
12,General San Martín,018,0060 ,0828,314,2,4,2,121,0,119,3
12,General San Martín,018,0061A,0829,84,0,1,0,40,2,16,1
12,General San Martín,018,0061B,0830,209,3,1,1,105,1,16,6
12,General San Martín,018,0061C,0831,185,6,1,1,97,0,36,2
12,General San Martín,018,0061D,0832,107,0,1,1,72,1,12,2
12,General San Martín,018,0062A,0833,213,9,0,2,72,3,28,3
12,General San Martín,018,0062B,0834,58,1,0,0,29,1,3,2
12,General San Martín,018,0062C,0835,87,1,0,0,46,1,1,1
12,General San Martín,018,0062D,0836,93,2,1,0,44,0,13,0
12,General San Martín,018,0062E,0837,286,8,1,2,150,1,39,3
