codprov,depto,coddepto,circuito,mesa,electores,blancos,nulos,0012,0013,0063,0068,0501,0504,0522
12,Capital,001,0001A,0001,335,38,1,7,5,6,0,47,3,107
12,Capital,001,0001A,0002,335,56,0,9,0,13,2,41,4,115
12,Capital,001,0001A,0003,334,44,0,3,0,14,1,38,4,120
12,Capital,001,0001A,0004,334,3,5,5,1,12,1,32,4,127
12,Capital,001,0001A,0005,334,34,0,7,0,4,0,29,3,140
12,Capital,001,0001A,0006,334,45,1,9,0,14,1,41,5,106
12,Capital,001,0001A,0007,334,34,2,12,0,8,0,40,6,131
12,Capital,001,0001A,0008,334,45,0,10,1,8,0,36,6,108
12,Capital,001,0001B,0009,308,33,2,8,1,6,5,55,2,105
12,Capital,001,0001B,0010,308,84,2,9,1,9,0,48,2,75
12,Capital,001,0001B,0011,308,46,2,2,0,12,1,56,5,102
12,Capital,001,0001B,0012,308,38,1,8,0,10,1,38,3,112
12,Capital,001,0001B,0013,308,38,2,6,0,9,1,46,4,94
12,Capital,001,0001B,0014,307,36,0,12,1,7,2,67,0,94
12,Capital,001,0001B,0015,307,36,6,7,3,14,1,64,0,89
12,Capital,001,0001C,0016,338,46,3,5,1,11,1,89,3,84
12,Capital,001,0001C,0017,338,0,0,10,0,9,0,68,0,96
12,Capital,001,0001C,0018,338,48,1,6,0,6,1,64,3,100
12,Capital,001,0001C,0019,338,55,0,8,0,12,3,74,4,89
12,Capital,001,0001C,0020,338,44,0,8,0,12,2,63,6,102
12,Capital,001,0001C,0021,338,37,0,10,3,7,0,83,7,85
12,Capital,001,0001C,0022,338,53,3,7,0,7,4,79,7,78
12,Capital,001,0001C,0023,338,50,1,5,1,11,2,63,3,97
12,Capital,001,0001C,0024,338,44,4,6,0,8,3,74,4,101
12,Capital,001,0001C,0025,338,49,7,3,3,8,1,81,4,73
12,Capital,001,0001C,0026,337,2,1,5,0,18,0,73,2,89
12,Capital,001,0001C,0027,337,2,0,1,1,14,3,93,2,74
12,Capital,001,0001C,0028,337,59,3,2,0,8,4,75,3,111
12,Capital,001,0001C,0029,337,1,0,4,0,14,1,80,5,82
12,Capital,001,0001D,0030,333,47,0,7,1,6,0,96,1,49
12,Capital,001,0001D,0031,332,49,2,4,0,3,3,98,1,58
12,Capital,001,0001D,0032,332,37,0,6,0,7,1,108,4,63
12,Capital,001,0001D,0033,332,78,7,2,1,11,2,91,3,58
12,Capital,001,0001D,0034,332,5,45,6,0,4,1,82,5,75
12,Capital,001,0001D,0035,332,42,0,3,0,12,3,99,3,62
12,Capital,001,0001D,0036,332,78,0,7,2,9,0,98,5,26
12,Capital,001,0001D,0037,332,5,3,9,2,13,1,84,4,56
12,Capital,001,0001D,0038,332,44,5,0,0,10,0,95,2,67
12,Capital,001,0001D,0039,332,38,5,5,1,11,0,93,3,67
12,Capital,001,0001D,0040,332,0,0,9,3,6,2,92,4,28
12,Capital,001,0001D,0041,332,3,0,2,2,6,0,87,6,56
12,Capital,001,0001D,0042,332,29,0,9,4,6,1,104,5,56
12,Capital,001,0001D,0043,332,44,0,4,0,10,1,101,1,61
12,Capital,001,0001E,0044,296,41,2,2,3,12,0,40,5,109
12,Capital,001,0001E,0045,296,0,0,6,2,8,2,31,5,104
12,Capital,001,0001E,0046,296,38,0,7,3,10,4,41,11,102
12,Capital,001,0001E,0047,296,46,2,7,3,11,2,39,6,99
12,Capital,001,0001E,0048,295,33,6,8,2,12,1,42,3,97
12,Capital,001,0001E,0049,295,1,2,3,1,9,1,56,3,96
12,Capital,001,0001F,0050,294,34,0,6,0,11,4,36,5,89
12,Capital,001,0001F,0051,293,36,2,13,0,11,1,25,6,98
12,Capital,001,0001F,0052,293,23,0,5,1,6,0,41,3,97
12,Capital,001,0001F,0053,293,37,0,5,1,10,2,42,9,93
12,Capital,001,0001G,0054,299,34,0,9,2,15,1,32,5,85
12,Capital,001,0001G,0055,299,31,0,9,1,12,0,44,1,112
12,Capital,001,0001G,0056,299,1,0,5,1,14,0,55,1,99
12,Capital,001,0001G,0057,299,42,0,11,1,7,1,50,3,90
12,Capital,001,0001G,0058,299,35,0,10,0,9,1,37,2,110
12,Capital,001,0001G,0059,299,36,2,5,4,18,1,31,3,105
12,Capital,001,0001H,0060,332,38,4,2,1,18,0,91,2,73
12,Capital,001,0001H,0061,332,50,5,5,0,10,1,75,4,71
12,Capital,001,0001H,0062,332,0,0,4,0,11,1,98,1,46
12,Capital,001,0001H,0063,332,54,2,4,1,15,0,82,0,50
12,Capital,001,0001H,0064,332,4,2,2,0,6,1,80,5,71
12,Capital,001,0001H,0065,332,42,5,2,1,11,1,86,1,59
12,Capital,001,0001H,0066,332,0,0,4,1,6,0,84,1,59
12,Capital,001,0001H,0067,332,56,3,2,0,6,3,89,3,49
12,Capital,001,0001H,0068,332,47,3,6,0,10,1,96,3,48
12,Capital,001,0001H,0069,332,40,0,3,2,15,0,80,3,65
12,Capital,001,0001H,0070,332,34,0,7,1,12,1,84,0,60
12,Capital,001,0001H,0071,332,41,0,3,0,9,0,71,2,68
12,Capital,001,0001H,0072,332,61,0,3,0,16,0,72,0,63
12,Capital,001,0001H,0073,332,52,3,10,0,8,2,90,3,55
12,Capital,001,0001H,0074,332,3,0,2,0,15,1,94,2,76
12,Capital,001,0001H,0075,332,48,0,7,1,9,0,98,5,62
12,Capital,001,0001H,0076,332,32,2,5,1,13,2,95,2,69
12,Capital,001,0001H,0077,331,6,4,6,1,7,2,85,1,71
12,Capital,001,0001H,0078,331,41,0,4,1,9,3,89,3,63
12,Capital,001,0001H,0079,331,47,6,0,0,8,2,100,2,68
12,Capital,001,0001H,0080,331,54,4,3,2,10,1,104,1,57
12,Capital,001,0001H,0081,331,40,0,4,0,8,1,96,2,71
12,Capital,001,0001H,0082,331,1,0,4,0,8,0,80,2,61
12,Capital,001,0001H,0083,331,35,2,0,1,6,1,100,0,65
12,Capital,001,0001H,0084,331,5,0,9,0,25,3,71,2,51
12,Capital,001,0001H,0085,331,3,1,2,0,11,0,92,3,47
12,Capital,001,0001H,0086,331,1,4,5,3,12,1,68,2,61
12,Capital,001,0001H,0087,331,6,1,5,0,3,0,94,1,65
12,Capital,001,0001H,0088,331,48,0,11,1,11,2,91,2,54
12,Capital,001,0001H,0089,331,57,4,5,1,8,2,87,2,52
12,Capital,001,0001H,0090,331,57,2,6,1,12,4,82,5,65
12,Capital,001,0001H,0091,331,6,0,5,0,21,0,0,0,0
12,Capital,001,0001H,0092,331,6,0,8,0,13,0,90,5,49
12,Capital,001,0001H,0093,331,43,4,3,1,10,0,81,4,62
12,Capital,001,0001H,0094,331,0,7,6,1,6,1,86,6,71
12,Capital,001,0001H,0095,331,51,1,4,1,11,1,88,2,53
12,Capital,001,0001I,0096,337,41,1,3,1,7,0,90,1,74
12,Capital,001,0001I,0097,336,6,6,0,0,0,0,66,0,72
12,Capital,001,0001I,0098,336,5,2,0,1,12,0,64,4,63
12,Capital,001,0001I,0099,336,58,0,3,0,14,3,78,5,33
12,Capital,001,0001I,0100,336,0,2,3,2,11,3,60,1,73
12,Capital,001,0001I,0101,336,6,5,1,0,13,1,74,2,72
12,Capital,001,0001I,0102,336,3,5,1,1,8,1,99,7,79
12,Capital,001,0001I,0103,336,39,1,2,1,16,0,74,0,75
12,Capital,001,0001I,0104,336,158,0,5,0,14,0,87,1,71
12,Capital,001,0001I,0105,336,47,0,4,0,10,2,74,3,64
12,Capital,001,0001I,0106,336,35,3,1,1,17,0,54,5,96
12,Capital,001,0001I,0107,336,56,1,3,0,9,0,77,3,57
12,Capital,001,0001I,0108,336,7,1,6,8,9,1,88,3,44
12,Capital,001,0001I,0109,336,6,0,3,2,14,0,101,3,199
12,Capital,001,0001I,0110,336,2,4,2,0,11,1,88,0,68
12,Capital,001,0001I,0111,336,51,4,3,0,12,1,79,3,64
12,Capital,001,0001I,0112,336,58,1,0,2,6,1,86,2,64
12,Capital,001,0001I,0113,336,28,2,3,1,11,2,99,2,52
12,Capital,001,0001I,0114,336,39,3,4,0,8,0,88,2,78
12,Capital,001,0001I,0115,336,29,2,3,0,8,2,107,2,32
12,Capital,001,0001I,0116,336,13,0,2,0,9,0,78,1,58
12,Capital,001,0001I,0117,336,49,0,4,0,14,2,81,3,83
12,Capital,001,0001I,0118,336,38,2,1,0,7,0,79,2,64
12,Capital,001,0001I,0119,336,65,1,5,1,3,1,86,1,45
12,Capital,001,0001I,0120,336,59,2,3,0,6,1,92,1,63
12,Capital,001,0001I,0121,336,37,0,3,1,12,0,95,0,67
12,Capital,001,0001I,0122,336,0,0,2,2,14,0,83,7,62
12,Capital,001,0001I,0123,336,65,0,4,3,6,1,88,3,68
12,Capital,001,0001I,0124,336,56,0,1,0,10,0,83,4,53
12,Capital,001,0001I,0125,336,3,2,3,0,0,0,89,4,77
12,Capital,001,0001I,0126,336,44,0,3,1,7,3,82,2,62
12,Capital,001,0001I,0127,336,43,4,7,1,18,1,81,0,68
12,Capital,001,0001I,0128,336,47,2,4,1,12,2,99,0,60
12,Capital,001,0001I,0129,336,53,2,5,0,16,1,73,3,69
12,Capital,001,0001I,0130,336,6,1,2,1,4,1,95,0,66
12,Capital,001,0001I,0131,336,50,7,0,2,9,2,82,4,51
12,Capital,001,0001I,0132,336,51,3,2,1,0,1,72,3,70
12,Capital,001,0001I,0133,336,49,3,4,0,8,1,66,2,68
12,Capital,001,0001I,0134,336,58,0,5,0,7,0,77,2,61
12,Capital,001,0001I,0135,336,43,0,2,1,10,1,79,2,73
12,Capital,001,0001I,0136,336,47,1,6,0,13,0,84,2,49
12,Capital,001,0001I,0137,336,41,2,2,1,14,2,73,12,53
12,Capital,001,0001I,0138,336,31,5,0,0,5,2,101,0,76
12,Capital,001,0001I,0139,336,43,2,8,1,6,1,68,3,73
12,Capital,001,0001I,0140,336,43,0,6,1,5,1,78,4,51
12,Capital,001,0001I,0141,336,44,1,4,0,13,0,0,96,52
12,Capital,001,0001I,0142,336,35,2,6,0,8,1,97,4,63
12,Capital,001,0001I,0143,336,42,0,3,0,8,2,68,0,73
12,Capital,001,0001I,0144,336,50,3,4,2,11,2,83,4,45
12,Capital,001,0001I,0145,336,69,4,3,1,0,0,92,2,59
12,Capital,001,0001I,0146,336,58,0,7,0,8,0,80,4,60
12,Capital,001,0001I,0147,336,49,2,5,0,12,0,73,2,46
12,Capital,001,0001I,0148,336,40,1,2,1,9,2,81,5,83
12,Capital,001,0001I,0149,336,42,2,16,0,8,0,96,2,72
12,Capital,001,0001I,0150,336,45,0,1,2,12,0,74,1,58
12,Capital,001,0001J,0151,293,33,2,5,0,12,0,66,5,82
12,Capital,001,0001J,0152,292,41,0,4,3,13,2,69,2,72
12,Capital,001,0001J,0153,292,41,0,4,0,12,3,49,3,98
12,Capital,001,0001J,0154,292,44,1,5,0,12,0,60,1,94
12,Capital,001,0001J,0155,292,46,0,9,2,8,2,51,4,68
12,Capital,001,0001J,0156,292,42,2,6,0,12,1,41,1,95
12,Capital,001,0001J,0157,292,31,2,5,0,16,1,61,3,79
12,Capital,001,0001K,0158,320,49,2,1,1,6,1,58,5,102
12,Capital,001,0001K,0159,320,33,0,4,0,8,1,45,3,105
12,Capital,001,0001K,0160,320,0,1,5,2,10,1,54,1,98
12,Capital,001,0001K,0161,320,40,5,0,2,14,3,47,2,95
12,Capital,001,0001K,0162,320,148,0,3,1,8,2,48,8,84
12,Capital,001,0001K,0163,320,34,1,4,1,7,2,47,5,110
12,Capital,001,0001K,0164,319,34,0,7,0,11,0,56,3,83
12,Capital,001,0001K,0165,319,53,0,3,0,10,0,43,4,90
12,Capital,001,0001K,0166,319,24,0,7,0,7,2,48,0,107
12,Capital,001,0001L,0167,340,53,1,4,1,10,2,83,2,78
12,Capital,001,0001L,0168,340,48,2,8,0,13,4,69,2,65
12,Capital,001,0001L,0169,340,0,0,11,1,14,0,67,4,73
12,Capital,001,0001L,0170,340,44,3,8,5,6,2,72,4,80
12,Capital,001,0001L,0171,339,49,0,2,0,8,4,75,4,99
12,Capital,001,0001L,0172,339,38,7,3,0,7,3,81,0,95
12,Capital,001,0001L,0173,339,3,5,11,2,8,1,83,4,84
12,Capital,001,0001L,0174,339,5,4,3,0,8,1,72,5,86
12,Capital,001,0001L,0175,339,50,0,6,1,9,1,75,3,81
12,Capital,001,0001L,0176,339,53,2,2,1,17,0,78,6,85
12,Capital,001,0001L,0177,339,7,3,12,1,0,2,68,3,40
12,Capital,001,0001L,0178,339,5,5,9,2,7,2,78,4,67
12,Capital,001,0001L,0179,339,40,1,5,0,10,1,62,9,89
12,Capital,001,0001L,0180,339,132,0,0,1,11,0,71,3,0
12,Capital,001,0001L,0181,339,50,3,7,3,16,1,73,2,91
12,Capital,001,0001L,0182,339,52,6,7,2,10,0,61,10,86
12,Capital,001,0001L,0183,339,56,3,7,2,7,1,71,2,89
12,Capital,001,0001L,0184,339,39,7,6,1,17,0,76,3,82
12,Capital,001,0001L,0185,339,43,7,8,1,9,0,70,5,89
12,Capital,001,0001L,0186,339,35,1,4,0,7,1,65,3,106
12,Capital,001,0001L,0187,339,52,0,2,2,13,3,67,6,84
12,Capital,001,0001L,0188,339,2,9,3,1,8,2,73,6,76
12,Capital,001,0001L,0189,339,51,2,3,1,8,2,82,3,102
12,Capital,001,0001L,0190,339,61,3,4,0,10,1,58,4,91
12,Capital,001,0001L,0191,339,53,8,3,0,13,3,77,0,71
12,Capital,001,0001L,0192,339,45,3,3,0,6,1,93,0,77
12,Capital,001,0001L,0193,339,6,4,3,2,8,2,81,5,85
12,Capital,001,0001L,0194,339,0,0,0,0,9,2,139,5,1
12,Capital,001,0001L,0195,339,41,3,7,1,16,1,63,3,72
12,Capital,001,0001L,0196,339,43,1,5,0,6,6,76,7,98
12,Capital,001,0001L,0197,339,2,1,7,0,9,0,57,7,97
12,Capital,001,0001L,0198,339,41,6,4,1,11,2,69,6,90
12,Capital,001,0001L,0199,339,38,7,6,5,12,1,78,1,81
12,Capital,001,0001L,0200,339,15,3,6,1,10,2,74,4,99
12,Capital,001,0001L,0201,339,80,1,0,1,0,1,64,0,90
12,Capital,001,0001L,0202,339,44,0,12,2,9,1,93,3,76
12,Capital,001,0001L,0203,339,53,2,4,2,13,4,64,6,83
12,Capital,001,0001L,0204,339,47,5,1,0,7,4,89,0,73
12,Capital,001,0001L,0205,339,47,1,5,0,9,1,81,5,87
12,Capital,001,0001M,0206,334,42,3,4,1,12,1,75,0,83
12,Capital,001,0001M,0207,333,17,20,11,2,14,2,86,6,80
12,Capital,001,0001M,0208,333,69,0,9,1,10,0,75,4,69
12,Capital,001,0001M,0209,333,3,4,5,1,8,0,74,5,76
12,Capital,001,0001M,0210,333,1,1,1,0,15,0,73,4,99
12,Capital,001,0001M,0211,333,69,7,9,3,0,2,66,6,88
12,Capital,001,0001M,0212,333,3,2,4,1,12,0,69,4,106
12,Capital,001,0001M,0213,333,0,3,6,0,13,0,65,0,81
12,Capital,001,0001M,0214,333,58,0,5,1,7,2,68,6,80
12,Capital,001,0001M,0215,333,50,0,9,0,7,1,57,7,101
12,Capital,001,0001M,0216,333,55,0,6,1,8,1,63,5,104
12,Capital,001,0001M,0217,333,0,0,6,0,9,0,59,2,85
12,Capital,001,0001M,0218,333,53,0,3,4,13,0,59,1,92
12,Capital,001,0001M,0219,333,62,2,4,0,12,1,54,4,94
12,Capital,001,0001M,0220,333,39,1,5,4,10,0,64,5,104
12,Capital,001,0001M,0221,333,58,3,4,0,13,2,68,5,83
12,Capital,001,0001M,0222,333,36,3,7,4,8,3,67,4,96
12,Capital,001,0001M,0223,333,49,1,4,1,5,1,58,3,115
12,Capital,001,0001M,0224,333,2,0,6,2,11,1,66,7,109
12,Capital,001,0001M,0225,333,3,0,5,1,9,1,71,6,97
12,Capital,001,0001M,0226,333,49,3,6,0,12,1,63,4,102
12,Capital,001,0001M,0227,333,3,2,7,2,12,6,53,5,105
12,Capital,001,0001M,0228,333,68,0,9,0,8,2,58,2,106
12,Capital,001,0001M,0229,333,0,0,11,1,12,1,57,9,95
12,Capital,001,0001M,0230,333,59,2,4,0,15,3,58,4,79
12,Capital,001,0001M,0231,333,49,3,4,0,13,4,69,2,97
12,Capital,001,0001M,0232,333,2,0,4,0,13,1,72,4,89
12,Capital,001,0001M,0233,333,47,0,2,1,8,1,63,6,86
12,Capital,001,0001M,0234,333,4,3,8,1,15,1,74,11,76
12,Capital,001,0001M,0235,333,1,1,2,0,16,0,74,6,98
12,Capital,001,0001M,0236,333,46,3,8,1,16,3,65,2,104
12,Capital,001,0001M,0237,333,58,8,4,1,9,2,65,7,92
12,Capital,001,0001M,0238,333,42,0,4,1,11,1,72,7,100
12,Capital,001,0001N,0239,332,0,0,3,4,13,0,95,7,63
12,Capital,001,0001N,0240,332,54,2,8,0,20,2,103,4,56
12,Capital,001,0001N,0241,332,1,3,9,2,6,3,84,3,57
12,Capital,001,0001N,0242,332,49,2,10,2,7,1,74,6,80
12,Capital,001,0001N,0243,332,41,0,1,0,13,1,85,1,80
12,Capital,001,0001N,0244,332,47,3,5,1,11,2,81,0,76
12,Capital,001,0001N,0245,332,56,0,2,0,9,2,83,3,82
12,Capital,001,0001N,0246,332,54,0,4,0,9,0,70,4,85
12,Capital,001,0001N,0247,331,64,2,9,0,12,1,75,5,88
12,Capital,001,0001N,0248,331,42,2,1,0,11,1,87,5,69
12,Capital,001,0001N,0249,331,60,5,6,4,9,0,60,6,92
12,Capital,001,0001N,0250,331,58,1,3,3,8,1,95,2,57
12,Capital,001,0001N,0251,331,44,2,8,1,14,1,70,5,85
12,Capital,001,0001N,0252,331,57,4,8,0,10,1,80,1,70
12,Capital,001,0001N,0253,331,44,0,4,1,13,1,60,4,108
12,Capital,001,0001N,0254,331,0,0,2,1,9,0,74,1,75
12,Capital,001,0001N,0255,331,2,2,3,2,12,1,72,3,87
12,Capital,001,0001N,0256,331,41,4,6,1,12,0,80,7,80
12,Capital,001,0001N,0257,331,41,3,8,1,16,1,76,5,85
12,Capital,001,0001N,0258,331,61,0,5,0,6,1,90,0,64
12,Capital,001,0001N,0259,331,56,8,6,0,6,0,71,6,81
12,Capital,001,0001N,0260,331,36,3,11,1,9,5,62,5,97
12,Capital,001,0001N,0261,331,59,3,5,1,10,0,104,4,69
12,Capital,001,0001N,0262,331,54,0,7,0,17,0,59,2,86
12,Capital,001,0001N,0263,331,43,2,10,0,10,2,92,5,73
12,Capital,001,0001N,0264,331,51,0,4,2,11,3,95,4,66
12,Capital,001,0001N,0265,331,46,3,7,2,5,0,71,3,76
12,Capital,001,0001N,0266,331,36,2,6,0,15,1,71,2,95
12,Capital,001,0001N,0267,331,46,2,11,2,14,1,78,2,80
12,Capital,001,0001N,0268,331,1,1,9,1,14,2,99,3,91
12,Capital,001,0001N,0269,331,54,3,4,1,16,2,77,7,72
12,Capital,001,0001N,0270,331,60,0,5,1,21,0,68,2,87
12,Capital,001,0001N,0271,331,57,0,6,0,10,1,81,1,72
12,Capital,001,0001N,0272,331,2,4,2,3,8,0,88,4,95
12,Capital,001,0001N,0273,331,50,3,6,2,10,2,73,2,83
12,Capital,001,0001N,0274,331,64,1,3,0,8,4,75,5,73
12,Capital,001,0001N,0275,331,51,3,6,3,10,1,74,3,75
12,Capital,001,0001O,0276,333,40,0,6,1,10,2,71,12,106
12,Capital,001,0001O,0277,332,53,3,9,1,12,1,52,3,121
12,Capital,001,0001O,0278,332,3,2,8,1,18,4,56,11,106
12,Capital,001,0001O,0279,332,35,2,6,0,8,6,53,8,120
12,Capital,001,0001O,0280,332,52,0,9,0,10,1,52,6,41
12,Capital,001,0001O,0281,332,33,1,7,1,11,6,51,3,117
12,Capital,001,0001O,0282,332,50,3,6,2,17,0,57,1,110
12,Capital,001,0001O,0283,332,46,1,10,1,13,3,54,5,117
12,Capital,001,0001P,0284,338,69,1,5,0,16,2,78,3,63
12,Capital,001,0001P,0285,338,50,1,4,1,19,3,82,5,55
12,Capital,001,0001P,0286,338,2,2,4,1,9,1,79,5,74
12,Capital,001,0001P,0287,338,66,3,3,0,16,2,77,9,71
12,Capital,001,0001P,0288,338,39,0,7,2,12,2,90,5,75
12,Capital,001,0001P,0289,338,57,6,9,0,11,3,71,4,82
12,Capital,001,0001P,0290,338,55,5,4,4,9,2,98,5,70
12,Capital,001,0001P,0291,338,54,1,0,1,14,5,68,7,99
12,Capital,001,0001P,0292,338,53,2,9,2,8,2,71,4,87
12,Capital,001,0001P,0293,338,35,0,7,0,11,0,86,5,73
12,Capital,001,0001P,0294,338,47,1,10,2,8,2,59,5,81
12,Capital,001,0001P,0295,338,46,1,7,0,10,2,81,6,72
12,Capital,001,0001P,0296,338,31,5,4,2,8,2,86,3,61
12,Capital,001,0001P,0297,338,3,4,5,5,7,0,75,0,82
12,Capital,001,0001P,0298,338,32,2,6,0,10,1,80,4,73
12,Capital,001,0001P,0299,338,45,1,1,1,11,1,71,6,90
12,Capital,001,0001P,0300,338,1,3,5,2,16,0,56,6,51
12,Capital,001,0001P,0301,338,44,4,7,0,10,0,90,1,71
12,Capital,001,0001P,0302,338,62,5,4,1,19,1,78,4,55
12,Capital,001,0001P,0303,338,40,0,4,0,13,4,74,5,74
12,Capital,001,0001P,0304,338,1,0,8,1,11,4,77,6,78
12,Capital,001,0001P,0305,338,52,1,10,0,6,1,77,2,101
12,Capital,001,0001P,0306,337,0,0,0,0,15,0,63,5,111
12,Capital,001,0001P,0307,337,34,1,7,3,21,1,73,4,92
12,Capital,001,0001P,0308,337,3,2,4,1,12,0,77,1,84
12,Capital,001,0001P,0309,337,54,2,3,1,12,3,73,23,81
12,Capital,001,0001P,0310,337,1,4,4,0,15,2,94,3,65
12,Capital,001,0001P,0311,337,42,0,4,1,9,1,80,6,84
12,Capital,001,0001P,0312,337,0,5,6,2,14,3,75,1,75
12,Capital,001,0001P,0313,337,54,0,4,3,13,1,69,6,88
12,Capital,001,0001P,0314,337,1,0,4,3,17,1,88,6,82
12,Capital,001,0001P,0315,337,51,0,8,1,5,2,70,4,81
12,Capital,001,0001P,0316,337,34,9,7,1,12,4,80,5,81
12,Capital,001,0001P,0317,337,44,8,5,1,19,1,67,8,74
12,Capital,001,0001P,0318,337,42,0,5,1,18,2,70,1,93
12,Capital,001,0001P,0319,337,55,0,2,1,19,2,65,3,66
12,Capital,001,0001P,0320,337,50,1,4,4,12,0,72,1,90
12,Capital,001,0001P,0321,337,66,0,12,1,13,0,83,4,65
12,Capital,001,0001P,0322,337,3,3,0,6,10,2,82,1,93
12,Capital,001,0001P,0323,337,1,0,7,1,12,0,61,5,107
12,Capital,001,0001P,0324,337,51,0,2,0,14,0,77,6,83
12,Capital,001,0001P,0325,337,53,3,8,1,8,1,74,3,80
12,Capital,001,0001P,0326,337,48,1,7,1,15,2,68,4,80
12,Capital,001,0001P,0327,337,36,2,10,2,13,3,73,1,84
12,Capital,001,0001P,0328,337,54,2,6,2,6,3,85,0,76
12,Capital,001,0001P,0329,337,42,1,8,1,16,0,76,5,71
12,Capital,001,0001P,0330,337,49,0,4,0,8,0,79,8,85
12,Capital,001,0001P,0331,337,50,2,7,0,6,1,82,4,74
12,Capital,001,0001P,0332,337,50,2,2,2,4,2,79,4,75
12,Capital,001,0001P,0333,337,34,1,5,2,14,2,80,5,95
12,Capital,001,0001P,0334,337,50,1,4,2,10,2,61,3,94
12,Capital,001,0001P,0335,337,50,2,3,1,7,1,66,5,84
12,Capital,001,0001P,0336,337,0,0,8,1,7,2,70,3,62
12,Capital,001,0001P,0337,337,52,4,5,2,5,1,70,1,78
12,Capital,001,0001P,0338,337,2,1,1,0,18,3,74,6,84
12,Capital,001,0001P,0339,337,37,1,7,1,16,1,87,2,82
12,Capital,001,0001P,0340,337,139,3,8,0,9,2,15,6,54
12,Capital,001,0001P,0341,337,33,3,5,0,5,1,74,4,77
12,Capital,001,0001P,0342,337,0,0,4,0,7,5,54,67,82
12,Capital,001,0001Q,0343,120,0,0,0,0,0,0,49,0,6
12,Capital,001,0001R,0344,36,1,0,0,0,1,0,15,0,0
12,Capital,001,0001S,0345,115,1,0,1,1,3,0,29,1,6
12,Capital,001,0001T,0346,193,0,0,0,0,0,0,69,0,16
12,Capital,001,0001U,0347,104,2,1,0,0,0,0,47,0,1
12,Capital,001,0001V,0348,274,1,1,1,1,3,2,83,0,19
12,Capital,001,0001W,0349,105,3,0,1,0,1,0,45,0,8
12,Capital,001,0001X,0350,50,2,0,0,0,0,0,25,0,3
12,Capital,001,0002A,0351,340,43,6,2,0,11,3,99,2,67
12,Capital,001,0002A,0352,340,37,6,3,3,7,1,103,1,54
12,Capital,001,0002A,0353,340,55,1,5,0,5,1,75,4,72
12,Capital,001,0002A,0354,340,49,7,2,0,7,2,85,8,52
12,Capital,001,0002A,0355,340,5,1,5,1,4,1,72,8,52
12,Capital,001,0002A,0356,340,44,0,6,1,7,1,99,5,72
12,Capital,001,0002A,0357,340,45,3,1,2,9,1,81,2,82
12,Capital,001,0002A,0358,340,2,4,3,0,12,0,99,0,67
12,Capital,001,0002A,0359,340,4,4,1,5,13,1,93,0,64
12,Capital,001,0002A,0360,340,32,8,5,1,11,0,111,3,71
12,Capital,001,0002A,0361,340,51,2,3,0,11,0,113,3,55
12,Capital,001,0002A,0362,340,40,0,4,2,11,0,109,4,55
12,Capital,001,0002A,0363,340,57,2,7,1,7,1,94,2,55
12,Capital,001,0002A,0364,340,38,6,2,2,10,3,86,7,55
12,Capital,001,0002A,0365,340,46,6,5,1,9,0,96,2,48
12,Capital,001,0002A,0366,339,38,1,2,0,7,1,99,5,71
12,Capital,001,0002A,0367,339,3,0,5,1,11,0,98,2,27
12,Capital,001,0002A,0368,339,41,2,6,2,13,0,86,1,66
12,Capital,001,0002A,0369,339,8,3,4,2,9,1,107,4,57
12,Capital,001,0002A,0370,339,5,6,2,2,13,2,80,5,54
12,Capital,001,0002A,0371,339,10,6,5,0,14,3,90,1,49
12,Capital,001,0002A,0372,339,55,0,4,1,8,0,96,3,55
12,Capital,001,0002A,0373,339,53,5,4,3,7,0,89,3,56
12,Capital,001,0002A,0374,339,2,4,9,0,11,1,110,12,46
12,Capital,001,0002A,0375,339,38,0,1,0,12,1,112,3,45
12,Capital,001,0002A,0376,339,45,6,8,3,9,0,96,6,55
12,Capital,001,0002B,0377,332,50,0,8,0,5,1,93,1,56
12,Capital,001,0002B,0378,332,56,0,7,1,5,4,68,3,89
12,Capital,001,0002B,0379,331,2,2,4,1,5,5,82,5,81
12,Capital,001,0002B,0380,331,51,6,4,0,10,0,101,1,57
12,Capital,001,0002B,0381,331,3,7,4,0,22,3,79,3,62
12,Capital,001,0002B,0382,331,0,0,5,5,7,1,83,0,0
12,Capital,001,0002B,0383,331,57,0,5,1,17,3,73,2,64
12,Capital,001,0002B,0384,331,2,3,4,1,12,5,103,1,66
12,Capital,001,0002B,0385,331,0,0,6,1,9,0,89,8,73
12,Capital,001,0002B,0386,331,46,2,6,0,10,2,72,0,84
12,Capital,001,0002B,0387,331,48,2,6,3,11,3,78,2,71
12,Capital,001,0002C,0388,335,6,4,5,1,10,0,81,4,77
12,Capital,001,0002C,0389,335,46,1,4,1,11,2,75,3,106
12,Capital,001,0002C,0390,335,52,6,8,0,18,1,68,6,77
12,Capital,001,0002C,0391,335,46,4,5,1,12,2,71,5,95
12,Capital,001,0002C,0392,335,66,3,12,0,15,0,63,3,94
12,Capital,001,0002C,0393,335,37,6,6,3,7,0,73,2,112
12,Capital,001,0002C,0394,335,0,0,5,0,12,0,74,4,87
12,Capital,001,0002C,0395,335,47,5,2,2,12,1,80,2,94
12,Capital,001,0002C,0396,335,6,3,10,0,10,0,86,1,82
12,Capital,001,0002C,0397,334,2,7,2,0,16,1,81,2,63
12,Capital,001,0002C,0398,334,50,2,11,2,15,1,66,3,81
12,Capital,001,0002C,0399,334,44,2,8,0,20,0,72,4,92
12,Capital,001,0002C,0400,334,47,4,4,2,9,1,92,2,80
12,Capital,001,0002C,0401,334,49,5,7,0,15,1,66,5,87
12,Capital,001,0002C,0402,334,32,6,6,0,9,2,68,3,101
12,Capital,001,0002C,0403,334,67,1,7,3,9,1,82,5,84
12,Capital,001,0002C,0404,334,38,6,3,1,13,0,73,1,100
12,Capital,001,0002C,0405,334,51,0,3,1,11,1,73,1,97
12,Capital,001,0002C,0406,334,47,3,13,0,12,5,67,2,80
12,Capital,001,0002C,0407,334,60,3,7,0,11,2,79,1,66
12,Capital,001,0002C,0408,334,45,0,9,1,22,0,81,4,78
12,Capital,001,0002C,0409,334,57,6,10,0,13,0,76,8,79
12,Capital,001,0002C,0410,334,6,3,8,0,14,4,67,4,84
12,Capital,001,0002C,0411,334,42,0,11,1,22,4,73,5,87
12,Capital,001,0002C,0412,334,38,5,9,3,8,2,68,7,85
12,Capital,001,0002C,0413,334,57,0,6,0,15,2,74,3,81
12,Capital,001,0002C,0414,334,49,0,3,2,14,3,90,3,80
12,Capital,001,0002D,0415,325,46,1,1,3,8,4,75,3,85
12,Capital,001,0002D,0416,325,39,9,40,1,11,2,68,4,76
12,Capital,001,0002D,0417,325,48,6,4,2,15,2,59,7,84
12,Capital,001,0002D,0418,325,73,1,4,0,17,0,65,3,64
12,Capital,001,0002D,0419,325,49,5,5,0,9,2,71,5,86
12,Capital,001,0002D,0420,325,58,0,6,1,14,5,66,5,94
12,Capital,001,0002D,0421,325,51,8,2,2,15,1,59,4,72
12,Capital,001,0002D,0422,325,3,2,3,2,6,0,65,7,86
12,Capital,001,0002D,0423,325,58,0,7,1,9,1,68,12,66
12,Capital,001,0002D,0424,325,49,0,5,0,3,1,72,0,82
12,Capital,001,0002D,0425,325,62,5,3,2,15,1,64,5,68
12,Capital,001,0002D,0426,325,56,7,4,1,7,1,60,1,91
12,Capital,001,0002D,0427,325,8,1,4,0,0,3,69,3,68
12,Capital,001,0002D,0428,325,48,1,6,2,11,0,61,1,86
12,Capital,001,0002D,0429,325,58,0,7,0,15,3,75,4,73
12,Capital,001,0002D,0430,324,2,2,5,0,6,0,68,2,98
12,Capital,001,0002D,0431,324,58,3,3,0,9,2,72,2,78
12,Capital,001,0002D,0432,324,5,3,5,3,14,1,53,2,89
12,Capital,001,0002D,0433,324,39,4,2,0,12,0,61,8,105
12,Capital,001,0002D,0434,324,4,2,7,0,13,0,57,5,89
12,Capital,001,0002D,0435,324,3,1,3,1,8,4,60,5,92
12,Sanagasta,002,0003 ,0436,303,38,0,1,1,3,0,140,1,54
12,Sanagasta,002,0003 ,0437,303,42,9,3,0,0,0,115,0,66
12,Sanagasta,002,0003 ,0438,303,23,0,4,0,1,0,164,0,48
12,Sanagasta,002,0003 ,0439,302,33,0,8,0,4,0,156,0,49
12,Sanagasta,002,0003 ,0440,302,28,1,1,3,8,1,140,1,61
12,Sanagasta,002,0003 ,0441,302,25,0,2,0,2,0,173,0,43
12,Sanagasta,002,0003 ,0442,302,25,8,1,0,0,1,133,0,47
12,Sanagasta,002,0003 ,0443,302,0,0,9,0,2,0,153,0,46
12,Sanagasta,002,0003 ,0444,302,36,0,10,0,8,2,122,2,55
12,Castro Barros,003,0004 ,0445,278,22,0,2,0,7,0,138,1,58
12,Castro Barros,003,0004 ,0446,278,23,5,1,1,4,1,130,1,57
12,Castro Barros,003,0004 ,0447,277,14,2,0,0,0,8,133,1,51
12,Castro Barros,003,0005A,0448,302,20,0,6,0,3,0,124,0,69
12,Castro Barros,003,0005A,0449,301,17,0,6,0,2,2,135,0,51
12,Castro Barros,003,0005A,0450,301,0,0,7,1,0,1,118,1,96
12,Castro Barros,003,0005A,0451,301,21,0,2,1,4,1,146,0,43
12,Castro Barros,003,0005A,0452,301,30,0,3,1,0,1,116,0,55
12,Castro Barros,003,0005B,0453,325,36,0,4,0,4,0,137,2,68
12,Castro Barros,003,0006A,0454,203,24,0,0,0,3,1,82,0,44
12,Castro Barros,003,0006A,0455,203,15,0,0,0,0,0,71,1,48
12,Castro Barros,003,0006B,0456,181,4,0,1,0,3,0,82,1,31
12,Castro Barros,003,0007 ,0457,245,2,0,1,0,5,1,112,9,39
12,Castro Barros,003,0008A,0458,220,18,0,6,0,2,1,72,0,48
12,Castro Barros,003,0008A,0459,219,17,0,4,1,0,0,83,0,47
12,Castro Barros,003,0008B,0460,164,13,1,2,0,1,2,76,2,29
12,Castro Barros,003,0008C,0461,288,13,0,0,1,3,0,128,2,56
12,Arauco,004,0009A,0462,337,6,2,0,0,3,0,82,2,78
12,Arauco,004,0009A,0463,337,31,8,1,0,7,0,79,0,59
12,Arauco,004,0009A,0464,337,31,4,2,0,4,0,89,0,77
12,Arauco,004,0009A,0465,337,47,0,1,0,0,1,90,0,68
12,Arauco,004,0009A,0466,337,39,0,11,0,2,0,92,0,56
12,Arauco,004,0009A,0467,337,1,1,1,0,0,1,77,2,77
12,Arauco,004,0009A,0468,337,4,0,3,1,3,0,90,1,70
12,Arauco,004,0009A,0469,337,25,6,2,0,6,0,99,0,46
12,Arauco,004,0009A,0470,337,42,1,4,0,5,0,79,2,55
12,Arauco,004,0009A,0471,337,33,0,2,0,4,0,105,1,73
12,Arauco,004,0009A,0472,337,30,2,1,0,5,0,101,0,75
12,Arauco,004,0009A,0473,337,41,0,1,2,0,1,80,1,64
12,Arauco,004,0009A,0474,337,37,6,3,2,6,1,68,1,68
12,Arauco,004,0009A,0475,337,33,4,5,0,2,0,85,0,60
12,Arauco,004,0009A,0476,337,33,4,6,0,7,1,71,1,53
12,Arauco,004,0009A,0477,337,0,0,0,0,6,1,92,1,56
12,Arauco,004,0009A,0478,336,0,0,6,0,0,1,93,0,56
12,Arauco,004,0009A,0479,336,40,10,3,0,2,0,72,0,81
12,Arauco,004,0009A,0480,336,2,5,1,0,4,0,85,1,43
12,Arauco,004,0009A,0481,336,22,4,1,2,8,0,94,0,67
12,Arauco,004,0009A,0482,336,32,0,0,1,9,0,105,1,45
12,Arauco,004,0009A,0483,336,37,2,0,1,9,1,97,1,65
12,Arauco,004,0009A,0484,336,2,3,2,0,5,0,96,0,46
12,Arauco,004,0009A,0485,336,39,0,0,0,0,2,97,2,64
12,Arauco,004,0009A,0486,336,26,0,3,0,2,1,92,2,53
12,Arauco,004,0009B,0487,202,1,0,0,1,0,0,105,0,8
12,Arauco,004,0009B,0488,201,0,2,0,0,0,0,97,0,2
12,Arauco,004,0010 ,0489,311,31,0,0,0,8,0,72,0,38
12,Arauco,004,0010 ,0490,311,2,0,1,0,0,1,87,0,45
12,Arauco,004,0010 ,0491,311,1,0,0,0,0,0,94,0,50
12,Arauco,004,0010 ,0492,310,0,0,0,0,2,0,100,0,49
12,Arauco,004,0011A,0493,240,20,5,0,4,0,56,56,1,48
12,Arauco,004,0011A,0494,239,4,1,2,0,1,0,78,0,44
12,Arauco,004,0011B,0495,26,0,0,0,1,0,0,7,0,0
12,Arauco,004,0012A,0496,290,6,0,0,0,0,0,175,0,10
12,Arauco,004,0012B,0497,338,23,0,1,1,2,0,108,1,52
12,Arauco,004,0012B,0498,338,22,0,0,0,0,0,107,0,52
12,Arauco,004,0012B,0499,337,14,0,0,0,0,1,118,1,42
12,San Blas de los Sauces,005,0013 ,0500,309,9,8,2,0,0,0,83,0,85
12,San Blas de los Sauces,005,0013 ,0501,308,26,0,12,0,2,0,57,1,109
12,San Blas de los Sauces,005,0014A,0502,317,27,0,5,0,2,0,126,0,51
12,San Blas de los Sauces,005,0014B,0503,209,14,1,3,1,0,0,67,0,37
12,San Blas de los Sauces,005,0015 ,0504,334,18,0,12,0,4,0,118,1,72
12,San Blas de los Sauces,005,0015 ,0505,334,14,0,1,0,0,0,121,1,74
12,San Blas de los Sauces,005,0015 ,0506,333,17,2,3,0,3,0,126,0,86
12,San Blas de los Sauces,005,0016A,0507,250,21,0,2,0,2,0,126,1,30
12,San Blas de los Sauces,005,0016A,0508,250,33,0,2,0,3,0,105,0,45
12,San Blas de los Sauces,005,0016B,0509,338,21,5,6,0,1,2,118,2,80
12,San Blas de los Sauces,005,0017 ,0510,228,8,0,0,1,3,2,139,1,29
12,Chilecito,006,0018A,0511,338,4,5,1,1,7,2,75,2,71
12,Chilecito,006,0018A,0512,338,36,4,1,0,5,0,95,3,102
12,Chilecito,006,0018A,0513,338,50,0,1,0,10,1,50,1,98
12,Chilecito,006,0018A,0514,338,7,0,0,0,8,2,54,4,96
12,Chilecito,006,0018A,0515,338,46,2,3,2,12,0,56,1,98
12,Chilecito,006,0018A,0516,338,53,0,1,0,4,0,79,0,87
12,Chilecito,006,0018A,0517,338,50,0,0,0,8,4,70,2,97
12,Chilecito,006,0018A,0518,338,65,0,2,0,6,1,59,1,83
12,Chilecito,006,0018A,0519,338,15,0,1,0,11,1,63,5,129
12,Chilecito,006,0018A,0520,338,50,0,0,0,1,2,87,2,93
12,Chilecito,006,0018A,0521,338,113,0,1,2,3,0,54,2,37
12,Chilecito,006,0018A,0522,338,1,0,1,3,11,0,59,4,77
12,Chilecito,006,0018A,0523,338,55,0,1,2,6,0,70,6,91
12,Chilecito,006,0018A,0524,338,63,0,1,0,7,0,59,0,92
12,Chilecito,006,0018A,0525,338,53,2,1,2,10,3,46,4,96
12,Chilecito,006,0018A,0526,338,0,1,0,4,3,1,79,1,78
12,Chilecito,006,0018A,0527,338,92,0,1,2,3,1,66,2,46
12,Chilecito,006,0018A,0528,338,66,0,1,0,3,0,56,1,100
12,Chilecito,006,0018A,0529,338,5,3,0,0,6,0,59,6,108
12,Chilecito,006,0018A,0530,338,6,5,0,0,4,0,70,2,93
12,Chilecito,006,0018A,0531,338,5,0,3,2,7,0,49,5,93
12,Chilecito,006,0018A,0532,338,49,0,2,0,10,2,55,1,129
12,Chilecito,006,0018A,0533,338,52,0,3,2,11,1,66,2,99
12,Chilecito,006,0018A,0534,338,50,0,2,4,8,0,67,1,90
12,Chilecito,006,0018A,0535,338,73,0,0,2,9,2,64,2,92
12,Chilecito,006,0018A,0536,338,48,0,1,0,5,2,65,6,110
12,Chilecito,006,0018A,0537,338,49,0,1,0,0,0,64,2,98
12,Chilecito,006,0018A,0538,338,46,0,2,0,5,1,66,1,105
12,Chilecito,006,0018A,0539,338,2,0,7,1,5,2,52,3,105
12,Chilecito,006,0018A,0540,338,54,3,0,0,6,1,79,1,78
12,Chilecito,006,0018A,0541,338,64,0,2,0,5,0,52,0,96
12,Chilecito,006,0018A,0542,338,56,6,6,0,4,0,74,4,91
12,Chilecito,006,0018A,0543,338,53,0,1,0,7,1,59,3,94
12,Chilecito,006,0018A,0544,338,37,0,1,1,6,2,60,5,121
12,Chilecito,006,0018A,0545,338,48,5,1,0,7,0,75,0,104
12,Chilecito,006,0018A,0546,338,47,2,0,0,3,0,55,3,122
12,Chilecito,006,0018A,0547,338,57,9,0,0,8,3,56,4,101
12,Chilecito,006,0018A,0548,338,47,0,1,0,6,2,66,1,91
12,Chilecito,006,0018A,0549,338,51,0,1,0,12,0,60,11,100
12,Chilecito,006,0018A,0550,338,47,3,1,1,2,1,71,2,88
12,Chilecito,006,0018A,0551,338,58,0,0,0,6,0,63,1,88
12,Chilecito,006,0018A,0552,338,60,0,1,0,4,0,68,2,90
12,Chilecito,006,0018A,0553,338,51,0,1,0,5,0,64,1,92
12,Chilecito,006,0018A,0554,338,11,0,2,2,3,0,66,2,93
12,Chilecito,006,0018A,0555,338,72,2,0,2,3,2,66,3,86
12,Chilecito,006,0018A,0556,338,53,2,3,2,4,1,55,3,89
12,Chilecito,006,0018A,0557,338,57,0,0,1,7,1,62,0,87
12,Chilecito,006,0018A,0558,338,60,11,2,1,8,0,71,2,70
12,Chilecito,006,0018A,0559,338,65,0,1,0,3,3,83,2,85
12,Chilecito,006,0018A,0560,338,72,0,2,0,9,1,76,1,87
12,Chilecito,006,0018A,0561,338,107,0,1,0,3,1,0,0,3
12,Chilecito,006,0018A,0562,338,66,6,1,0,5,1,67,1,78
12,Chilecito,006,0018A,0563,338,47,0,0,1,10,1,63,4,85
12,Chilecito,006,0018A,0564,338,45,0,1,0,3,3,54,3,89
12,Chilecito,006,0018A,0565,338,49,0,2,1,8,61,0,3,100
12,Chilecito,006,0018A,0566,338,45,0,2,0,7,3,58,3,100
12,Chilecito,006,0018A,0567,338,69,0,0,0,6,1,64,0,89
12,Chilecito,006,0018A,0568,338,41,0,2,2,5,0,50,2,99
12,Chilecito,006,0018A,0569,338,53,0,2,1,7,0,62,5,100
12,Chilecito,006,0018A,0570,338,45,1,1,1,4,2,60,6,94
12,Chilecito,006,0018A,0571,338,55,0,1,0,9,1,47,3,109
12,Chilecito,006,0018A,0572,338,53,4,0,0,9,1,74,0,92
12,Chilecito,006,0018A,0573,338,63,8,0,0,6,1,64,4,74
12,Chilecito,006,0018A,0574,338,64,0,2,0,5,0,58,6,110
12,Chilecito,006,0018A,0575,337,37,1,2,0,6,0,79,2,93
12,Chilecito,006,0018A,0576,337,58,0,1,1,2,0,69,0,93
12,Chilecito,006,0018A,0577,337,48,0,2,1,11,1,77,7,85
12,Chilecito,006,0018A,0578,337,52,5,0,1,5,1,53,3,112
12,Chilecito,006,0018A,0579,337,40,3,0,0,7,0,72,6,87
12,Chilecito,006,0018B,0580,87,15,0,2,0,4,1,30,1,13
12,Chilecito,006,0019 ,0581,297,62,0,1,1,5,0,66,1,78
12,Chilecito,006,0019 ,0582,296,59,0,7,0,8,0,42,2,95
12,Chilecito,006,0020 ,0583,324,4,0,0,0,0,0,77,1,0
12,Chilecito,006,0020 ,0584,323,70,0,2,1,3,2,71,4,71
12,Chilecito,006,0020 ,0585,323,3,0,0,1,8,1,73,2,82
12,Chilecito,006,0020 ,0586,323,0,0,2,0,10,0,92,4,74
12,Chilecito,006,0021 ,0587,276,33,0,3,0,5,0,85,2,52
12,Chilecito,006,0021 ,0588,276,7,0,1,0,7,0,86,3,68
12,Chilecito,006,0021 ,0589,276,33,0,0,1,5,0,86,1,69
12,Chilecito,006,0021 ,0590,275,31,4,0,0,6,0,96,0,40
12,Chilecito,006,0021 ,0591,275,38,0,0,0,2,0,88,3,56
12,Chilecito,006,0022A,0592,289,21,2,0,0,4,1,98,3,74
12,Chilecito,006,0022A,0593,289,49,0,0,0,3,2,111,1,40
12,Chilecito,006,0022A,0594,289,1,3,1,1,0,0,99,2,71
12,Chilecito,006,0022A,0595,289,3,2,0,1,4,1,87,0,52
12,Chilecito,006,0022A,0596,289,43,5,0,0,5,1,95,2,53
12,Chilecito,006,0022A,0597,288,3,7,0,0,0,0,106,0,43
12,Chilecito,006,0022B,0598,245,3,1,0,0,0,0,104,0,54
12,Chilecito,006,0023A,0599,291,48,0,2,3,0,0,108,0,56
12,Chilecito,006,0023A,0600,291,46,0,0,1,4,0,102,3,67
12,Chilecito,006,0023A,0601,291,61,0,0,1,0,0,101,0,56
12,Chilecito,006,0023A,0602,291,46,0,0,1,5,2,112,0,64
12,Chilecito,006,0023A,0603,290,43,0,1,1,3,0,103,1,57
12,Chilecito,006,0023B,0604,166,26,1,1,0,5,1,58,0,39
12,Chilecito,006,0023C,0605,168,28,8,1,1,5,0,66,1,25
12,Chilecito,006,0024 ,0606,306,21,0,1,0,3,0,124,0,49
12,Chilecito,006,0024 ,0607,306,22,0,0,1,4,3,115,1,60
12,Chilecito,006,0024 ,0608,306,34,1,3,1,2,2,110,2,29
12,Chilecito,006,0024 ,0609,305,25,5,0,1,1,2,124,3,46
12,Chilecito,006,0024 ,0610,305,27,3,0,0,0,0,138,0,41
12,Chilecito,006,0024 ,0611,305,1,4,1,0,4,1,124,1,44
12,Chilecito,006,0024 ,0612,305,3,2,1,0,4,0,108,1,46
12,Chilecito,006,0025 ,0613,332,35,8,0,2,6,2,115,0,57
12,Chilecito,006,0025 ,0614,332,32,0,0,0,3,0,117,2,73
12,Chilecito,006,0025 ,0615,332,40,0,0,0,5,2,125,4,55
12,Chilecito,006,0025 ,0616,332,39,0,0,0,7,2,117,0,57
12,Chilecito,006,0025 ,0617,332,41,0,0,0,11,0,119,2,71
12,Chilecito,006,0025 ,0618,332,31,3,0,1,6,0,123,0,79
12,Chilecito,006,0025 ,0619,332,41,0,0,0,3,0,124,1,50
12,Chilecito,006,0025 ,0620,332,45,0,0,0,9,1,114,0,54
12,Chilecito,006,0025 ,0621,332,39,4,1,0,3,0,142,2,54
12,Chilecito,006,0025 ,0622,332,56,0,0,1,7,0,129,1,63
12,Chilecito,006,0025 ,0623,332,34,0,1,0,8,2,110,1,55
12,Chilecito,006,0025 ,0624,332,51,0,4,1,1,1,108,0,61
12,Chilecito,006,0025 ,0625,332,3,0,1,2,2,2,109,0,83
12,Chilecito,006,0025 ,0626,332,3,4,0,0,7,0,111,2,57
12,Chilecito,006,0025 ,0627,332,3,4,1,1,8,1,87,0,86
12,Famatina,007,0026 ,0628,306,21,0,1,0,2,0,95,4,111
12,Famatina,007,0026 ,0629,306,32,0,1,0,1,0,89,0,107
12,Famatina,007,0026 ,0630,306,28,0,0,1,8,1,98,1,111
12,Famatina,007,0026 ,0631,305,17,1,1,1,4,0,83,1,120
12,Famatina,007,0026 ,0632,305,11,0,4,0,6,2,70,0,127
12,Famatina,007,0026 ,0633,305,34,0,2,0,7,0,72,0,138
12,Famatina,007,0026 ,0634,305,33,0,3,0,3,1,86,2,108
12,Famatina,007,0026 ,0635,305,18,4,1,0,3,0,104,2,108
12,Famatina,007,0027 ,0636,176,0,1,0,1,0,0,58,0,61
12,Famatina,007,0027 ,0637,176,3,0,0,0,2,0,58,1,43
12,Famatina,007,0028A,0638,277,14,3,0,1,1,0,167,1,23
12,Famatina,007,0028A,0639,276,20,0,1,0,1,0,146,3,52
12,Famatina,007,0028A,0640,276,16,0,1,0,3,2,157,5,37
12,Famatina,007,0028B,0641,303,2,0,0,0,0,0,148,0,77
12,Famatina,007,0028C,0642,89,0,0,0,0,0,0,36,1,21
12,Famatina,007,0028D,0643,245,6,0,0,0,0,0,73,1,101
12,Famatina,007,0029A,0644,247,13,2,1,0,2,0,109,2,69
12,Famatina,007,0029A,0645,246,18,0,0,1,0,0,124,0,58
12,Famatina,007,0029A,0646,246,3,0,2,1,2,0,103,0,33
12,Famatina,007,0029B,0647,99,0,0,0,1,1,0,33,1,30
12,Felipe Varela,008,0030A,0648,320,49,5,7,0,5,0,79,2,71
12,Felipe Varela,008,0030A,0649,320,49,0,0,1,5,0,100,2,65
12,Felipe Varela,008,0030A,0650,320,54,0,5,0,5,1,109,0,58
12,Felipe Varela,008,0030A,0651,320,30,0,4,1,3,0,117,2,63
12,Felipe Varela,008,0030A,0652,320,3,3,3,0,4,0,106,1,87
12,Felipe Varela,008,0030A,0653,320,34,0,3,2,0,0,96,0,72
12,Felipe Varela,008,0030A,0654,320,49,0,4,1,7,0,80,0,56
12,Felipe Varela,008,0030A,0655,319,41,0,4,0,8,0,73,1,92
12,Felipe Varela,008,0030A,0656,319,41,0,7,3,3,1,110,0,68
12,Felipe Varela,008,0030A,0657,319,1,1,6,0,6,1,94,1,59
12,Felipe Varela,008,0030A,0658,319,61,0,5,0,8,1,95,1,52
12,Felipe Varela,008,0030A,0659,319,61,0,2,0,1,1,118,0,35
12,Felipe Varela,008,0030A,0660,319,37,0,5,1,5,1,98,1,71
12,Felipe Varela,008,0030B,0661,183,37,0,3,0,3,1,52,1,34
12,Felipe Varela,008,0030B,0662,183,18,0,3,0,4,0,79,1,35
12,Felipe Varela,008,0030C,0663,227,38,0,6,0,0,2,80,3,36
12,Felipe Varela,008,0030C,0664,227,29,0,4,1,0,2,83,0,38
12,Felipe Varela,008,0031A,0665,266,30,0,0,0,5,0,95,0,59
12,Felipe Varela,008,0031A,0666,266,27,0,0,1,6,1,81,0,70
12,Felipe Varela,008,0031A,0667,266,40,0,0,0,0,0,91,1,56
12,Felipe Varela,008,0031B,0668,242,0,0,0,0,0,1,112,0,27
12,Felipe Varela,008,0031C,0669,90,0,0,0,0,0,0,0,0,0
12,Felipe Varela,008,0031D,0670,53,2,0,0,0,0,0,34,0,2
12,Felipe Varela,008,0031E,0671,22,0,0,0,0,0,0,9,0,3
12,Felipe Varela,008,0032 ,0672,317,64,0,2,1,7,0,106,1,35
12,Felipe Varela,008,0032 ,0673,317,57,0,3,3,1,0,120,1,33
12,Felipe Varela,008,0032 ,0674,317,7,0,3,1,6,1,86,3,33
12,Felipe Varela,008,0032 ,0675,317,10,0,1,1,2,0,112,2,31
12,Felipe Varela,008,0032 ,0676,317,13,0,3,0,0,1,122,0,29
12,Felipe Varela,008,0032 ,0677,317,32,0,0,0,2,0,89,2,25
12,Felipe Varela,008,0032 ,0678,316,94,0,0,0,0,0,106,0,30
12,Felipe Varela,008,0032A,0679,287,7,0,0,1,2,0,133,0,98
12,Felipe Varela,008,0032B,0680,15,0,0,0,0,0,0,4,0,1
12,General Lamadrid,009,0033 ,0681,333,10,0,1,1,4,0,189,1,50
12,General Lamadrid,009,0033 ,0682,333,15,0,3,0,3,0,134,0,91
12,General Lamadrid,009,0033 ,0683,333,29,0,2,0,2,0,150,1,53
12,General Lamadrid,009,0033 ,0684,333,11,0,2,0,0,1,203,0,47
12,General Lamadrid,009,0033 ,0685,332,15,0,3,0,5,0,179,0,64
12,Vinchina,010,0034A,0686,306,33,0,0,0,4,0,119,2,44
12,Vinchina,010,0034A,0687,306,22,5,2,0,0,0,108,0,41
12,Vinchina,010,0034A,0688,306,30,0,2,0,7,0,132,1,27
12,Vinchina,010,0034A,0689,306,24,0,5,0,6,1,101,0,52
12,Vinchina,010,0034A,0690,306,31,0,9,0,4,0,100,1,54
12,Vinchina,010,0034A,0691,306,14,2,12,0,2,1,100,0,42
12,Vinchina,010,0034A,0692,305,21,2,1,0,2,0,111,1,47
12,Vinchina,010,0034B,0693,35,1,0,0,0,0,0,15,0,0
12,Vinchina,010,0035A,0694,248,19,0,2,0,1,0,114,0,8
12,Vinchina,010,0035B,0695,27,1,1,1,0,0,0,8,0,0
12,Independencia,011,0036 ,0696,336,43,1,12,2,6,2,146,0,16
12,Independencia,011,0036 ,0697,336,27,0,4,1,4,1,138,1,49
12,Independencia,011,0036 ,0698,335,30,0,8,0,3,1,133,0,28
12,Independencia,011,0036 ,0699,335,30,0,2,3,5,3,161,0,23
12,Independencia,011,0036 ,0700,335,26,0,11,2,10,3,140,0,44
12,Independencia,011,0036 ,0701,335,37,0,11,3,4,0,124,2,36
12,Independencia,011,0037A,0702,208,19,0,2,1,4,1,83,0,27
12,Independencia,011,0037B,0703,81,3,0,0,1,1,0,40,0,1
12,Chamical,012,0038A,0704,334,44,1,1,0,11,0,84,2,72
12,Chamical,012,0038A,0705,334,23,0,1,0,7,0,105,0,51
12,Chamical,012,0038A,0706,334,41,6,1,0,9,0,90,2,55
12,Chamical,012,0038A,0707,334,31,0,4,0,15,1,82,0,75
12,Chamical,012,0038A,0708,334,0,0,0,0,0,0,0,0,0
12,Chamical,012,0038A,0709,334,50,0,3,0,10,0,86,2,47
12,Chamical,012,0038A,0710,334,41,5,2,0,5,1,88,1,71
12,Chamical,012,0038A,0711,334,36,0,1,0,13,2,103,2,56
12,Chamical,012,0038A,0712,334,28,6,0,0,13,0,108,1,71
12,Chamical,012,0038A,0713,334,36,1,1,0,6,0,82,5,58
12,Chamical,012,0038A,0714,334,39,1,5,0,9,0,94,1,59
12,Chamical,012,0038A,0715,334,23,3,4,1,6,0,77,1,70
12,Chamical,012,0038A,0716,334,25,5,9,1,6,0,91,0,60
12,Chamical,012,0038A,0717,334,2,1,5,2,11,0,64,3,76
12,Chamical,012,0038A,0718,334,16,0,2,0,12,0,68,0,84
12,Chamical,012,0038A,0719,334,38,0,4,2,8,0,77,0,71
12,Chamical,012,0038A,0720,334,31,0,2,1,12,0,73,3,84
12,Chamical,012,0038A,0721,334,35,0,3,0,5,0,117,1,51
12,Chamical,012,0038A,0722,333,52,1,0,0,8,1,79,0,50
12,Chamical,012,0038A,0723,333,36,2,3,1,8,0,85,2,58
12,Chamical,012,0038A,0724,333,2,10,1,2,4,1,81,2,62
12,Chamical,012,0038A,0725,333,33,0,0,1,5,0,73,0,67
12,Chamical,012,0038A,0726,333,29,0,1,1,9,0,98,1,53
12,Chamical,012,0038A,0727,333,3,0,2,0,7,0,126,0,47
12,Chamical,012,0038A,0728,333,40,4,2,0,0,0,82,0,67
12,Chamical,012,0038A,0729,333,45,0,1,0,8,0,73,1,81
12,Chamical,012,0038A,0730,333,118,6,7,0,4,0,87,1,0
12,Chamical,012,0038A,0731,333,35,2,1,2,12,1,93,0,51
12,Chamical,012,0038A,0732,333,36,0,1,1,5,0,83,0,57
12,Chamical,012,0038A,0733,333,32,2,4,1,3,0,74,0,67
12,Chamical,012,0038A,0734,333,59,0,4,0,15,0,97,2,29
12,Chamical,012,0038A,0735,333,41,0,5,0,11,0,82,0,56
12,Chamical,012,0038A,0736,333,0,0,4,0,6,2,75,2,62
12,Chamical,012,0038A,0737,333,30,3,3,0,13,0,57,0,92
12,Chamical,012,0038A,0738,333,32,8,2,1,10,0,82,2,70
12,Chamical,012,0038B,0739,16,0,0,0,0,0,0,2,0,0
12,Chamical,012,0039 ,0740,224,13,0,0,0,5,0,73,1,22
12,Chamical,012,0040A,0741,33,2,0,0,0,0,0,1,0,2
12,Chamical,012,0040B,0742,35,2,0,1,0,2,0,10,0,6
12,Angel Vicente Peñaloza,013,0041A,0743,327,25,1,0,0,5,0,107,1,39
12,Angel Vicente Peñaloza,013,0041A,0744,326,148,3,0,0,6,0,118,0,38
12,Angel Vicente Peñaloza,013,0041A,0745,326,14,4,2,0,4,0,133,0,46
12,Angel Vicente Peñaloza,013,0041A,0746,326,17,0,0,1,8,0,121,0,46
12,Angel Vicente Peñaloza,013,0041B,0747,238,1,2,1,0,4,0,110,0,25
12,Angel Vicente Peñaloza,013,0041B,0748,238,3,1,1,0,5,0,107,0,40
12,Angel Vicente Peñaloza,013,0041C,0749,130,4,0,0,0,1,0,61,0,3
12,Angel Vicente Peñaloza,013,0041D,0750,103,1,0,1,0,1,0,46,0,7
12,Angel Vicente Peñaloza,013,0041E,0751,149,0,0,0,0,1,0,83,0,4
12,Angel Vicente Peñaloza,013,0041F,0752,116,2,1,0,0,0,0,58,0,15
12,Angel Vicente Peñaloza,013,0041G,0753,76,1,0,0,0,1,0,35,0,6
12,Angel Vicente Peñaloza,013,0041H,0754,131,2,0,0,0,7,0,59,0,20
12,General Belgrano,014,0042 ,0755,321,36,0,9,2,13,0,85,0,77
12,General Belgrano,014,0042 ,0756,321,19,0,5,0,7,0,77,1,44
12,General Belgrano,014,0042 ,0757,321,32,2,9,0,6,0,74,1,55
12,General Belgrano,014,0042 ,0758,321,0,0,1,0,0,0,79,1,66
12,General Belgrano,014,0042 ,0759,321,1,3,9,0,7,1,70,1,54
12,General Belgrano,014,0042 ,0760,321,27,0,7,1,5,0,76,0,55
12,General Belgrano,014,0042 ,0761,321,0,0,0,0,0,0,0,0,0
12,General Belgrano,014,0042 ,0762,320,2,4,4,1,10,1,83,0,47
12,General Belgrano,014,0042 ,0763,320,42,0,7,0,4,1,71,1,55
12,General Belgrano,014,0042 ,0764,320,35,0,8,0,8,0,77,0,61
12,General Belgrano,014,0042 ,0765,320,0,0,0,0,0,0,0,0,0
12,General Belgrano,014,0042 ,0766,320,23,0,8,0,6,0,74,1,58
12,General Belgrano,014,0042 ,0767,320,21,1,5,0,4,0,75,2,53
12,General Belgrano,014,0042 ,0768,320,24,1,13,0,8,0,75,0,62
12,General Belgrano,014,0042 ,0769,320,13,2,7,0,11,0,82,0,72
12,General Belgrano,014,0043 ,0770,236,1,0,0,0,3,0,71,1,18
12,General Belgrano,014,0044 ,0771,280,7,0,9,0,0,0,68,0,18
12,General Belgrano,014,0045A,0772,301,31,0,0,1,5,0,122,0,20
12,General Belgrano,014,0045A,0773,301,25,0,2,0,0,0,106,1,28
12,General Belgrano,014,0045A,0774,300,29,0,2,0,4,0,127,0,28
12,General Belgrano,014,0045B,0775,75,2,0,1,0,1,0,32,0,6
12,General Belgrano,014,0046 ,0776,112,0,0,0,0,5,0,39,0,5
12,Juan Facundo Quiroga,015,0047A,0777,328,56,0,3,0,5,1,129,0,39
12,Juan Facundo Quiroga,015,0047A,0778,328,0,0,3,1,9,1,112,0,48
12,Juan Facundo Quiroga,015,0047A,0779,328,3,0,0,0,6,0,148,2,40
12,Juan Facundo Quiroga,015,0047A,0780,327,0,0,1,0,6,1,110,1,43
12,Juan Facundo Quiroga,015,0047B,0781,104,3,0,4,0,8,1,14,1,12
12,Juan Facundo Quiroga,015,0048A,0782,286,16,0,0,0,0,0,136,0,19
12,Juan Facundo Quiroga,015,0048B,0783,199,12,0,0,1,2,0,102,0,23
12,Juan Facundo Quiroga,015,0048B,0784,199,17,2,0,1,4,0,76,0,29
12,Juan Facundo Quiroga,015,0049A,0785,126,6,0,0,0,5,0,48,2,14
12,Juan Facundo Quiroga,015,0049B,0786,23,0,0,0,0,0,0,0,1,9
12,Juan Facundo Quiroga,015,0049C,0787,52,0,0,0,0,1,0,19,0,3
12,Juan Facundo Quiroga,015,0049D,0788,297,25,0,2,0,7,2,115,2,34
12,Juan Facundo Quiroga,015,0049D,0789,297,41,0,0,0,13,0,99,0,41
12,Juan Facundo Quiroga,015,0049D,0790,297,22,0,5,1,8,0,95,0,44
12,Juan Facundo Quiroga,015,0050 ,0791,237,48,0,1,0,7,0,75,0,17
12,General Ortiz de Ocampo,016,0051A,0792,329,17,1,3,1,14,0,125,2,41
12,General Ortiz de Ocampo,016,0051A,0793,329,28,0,2,1,6,1,146,0,43
12,General Ortiz de Ocampo,016,0051A,0794,328,14,0,2,0,5,0,142,0,42
12,General Ortiz de Ocampo,016,0051A,0795,328,0,0,4,0,8,0,147,0,130
12,General Ortiz de Ocampo,016,0051A,0796,328,28,1,2,0,9,0,119,1,34
12,General Ortiz de Ocampo,016,0051A,0797,328,3,5,0,0,11,0,136,0,14
12,General Ortiz de Ocampo,016,0051B,0798,174,8,0,0,0,4,0,89,0,14
12,General Ortiz de Ocampo,016,0052A,0799,339,36,0,7,0,0,1,150,0,38
12,General Ortiz de Ocampo,016,0052A,0800,338,24,1,3,0,16,0,125,0,44
12,General Ortiz de Ocampo,016,0052A,0801,338,0,0,4,0,9,0,109,0,57
12,General Ortiz de Ocampo,016,0052A,0802,338,23,0,6,1,12,0,110,0,61
12,General Ortiz de Ocampo,016,0052A,0803,338,13,0,6,0,7,0,133,0,61
12,General Ortiz de Ocampo,016,0052A,0804,338,13,0,2,0,7,0,160,0,32
12,General Ortiz de Ocampo,016,0052A,0805,338,4,0,3,0,7,1,124,1,44
12,General Ortiz de Ocampo,016,0052A,0806,338,17,0,7,0,7,0,147,0,41
12,General Ortiz de Ocampo,016,0052A,0807,338,17,0,1,0,8,0,134,0,46
12,General Ortiz de Ocampo,016,0052A,0808,338,3,2,4,0,9,0,119,0,32
12,General Ortiz de Ocampo,016,0052B,0809,12,0,0,0,0,0,0,4,0,1
12,General Ortiz de Ocampo,016,0053 ,0810,246,0,0,0,0,0,0,0,0,0
12,General Ortiz de Ocampo,016,0054A,0811,287,3,0,2,1,0,0,127,0,1
12,General Ortiz de Ocampo,016,0054B,0812,158,2,1,0,0,2,0,65,0,30
12,Rosario Vera Peñaloza,017,0055A,0813,329,2,3,5,0,16,2,75,0,45
12,Rosario Vera Peñaloza,017,0055A,0814,329,90,1,2,0,14,0,90,0,50
12,Rosario Vera Peñaloza,017,0055A,0815,329,46,2,8,0,14,0,70,4,37
12,Rosario Vera Peñaloza,017,0055A,0816,329,35,6,0,0,12,1,73,0,59
12,Rosario Vera Peñaloza,017,0055A,0817,329,3,4,2,1,10,0,117,2,30
12,Rosario Vera Peñaloza,017,0055A,0818,329,58,2,0,0,0,5,1,1,12
12,Rosario Vera Peñaloza,017,0055A,0819,329,0,0,6,0,6,2,94,1,49
12,Rosario Vera Peñaloza,017,0055A,0820,329,40,2,6,1,23,1,85,1,30
12,Rosario Vera Peñaloza,017,0055A,0821,329,1,2,5,0,13,0,80,0,31
12,Rosario Vera Peñaloza,017,0055A,0822,329,25,4,10,0,10,2,96,3,26
12,Rosario Vera Peñaloza,017,0055A,0823,329,27,1,0,2,8,0,108,0,33
12,Rosario Vera Peñaloza,017,0055A,0824,329,42,0,8,0,9,0,92,2,37
12,Rosario Vera Peñaloza,017,0055A,0825,329,55,0,14,1,18,0,66,3,34
12,Rosario Vera Peñaloza,017,0055A,0826,329,48,0,5,0,0,0,72,2,49
12,Rosario Vera Peñaloza,017,0055A,0827,328,3,2,4,0,4,0,68,1,44
12,Rosario Vera Peñaloza,017,0055A,0828,328,38,0,0,2,21,1,89,1,31
12,Rosario Vera Peñaloza,017,0055A,0829,328,52,0,2,2,11,0,80,1,45
12,Rosario Vera Peñaloza,017,0055A,0830,328,47,0,2,0,9,2,93,4,36
12,Rosario Vera Peñaloza,017,0055A,0831,328,3,2,3,1,0,1,71,1,40
12,Rosario Vera Peñaloza,017,0055A,0832,328,38,0,2,0,15,0,87,2,39
12,Rosario Vera Peñaloza,017,0055A,0833,328,1,0,7,1,13,1,94,1,21
12,Rosario Vera Peñaloza,017,0055A,0834,328,0,2,1,2,19,3,92,2,45
12,Rosario Vera Peñaloza,017,0055A,0835,328,3,1,6,0,12,0,114,2,40
12,Rosario Vera Peñaloza,017,0055A,0836,328,44,0,2,1,15,0,82,3,42
12,Rosario Vera Peñaloza,017,0055A,0837,328,47,1,2,1,12,0,87,3,38
12,Rosario Vera Peñaloza,017,0055A,0838,328,1,2,5,0,7,0,68,3,56
12,Rosario Vera Peñaloza,017,0055A,0839,328,44,3,0,1,5,1,164,3,38
12,Rosario Vera Peñaloza,017,0055A,0840,328,0,0,1,1,16,0,114,0,38
12,Rosario Vera Peñaloza,017,0055A,0841,328,37,4,3,0,9,1,79,0,53
12,Rosario Vera Peñaloza,017,0055B,0842,122,3,0,0,0,0,0,26,0,6
12,Rosario Vera Peñaloza,017,0055C,0843,200,35,0,18,0,1,0,36,1,20
12,Rosario Vera Peñaloza,017,0055D,0844,51,3,0,0,0,0,0,14,0,2
12,Rosario Vera Peñaloza,017,0055E,0845,100,4,0,0,0,0,0,61,0,3
12,Rosario Vera Peñaloza,017,0056A,0846,159,2,0,0,0,0,0,131,0,0
12,Rosario Vera Peñaloza,017,0056B,0847,308,38,0,1,0,0,0,147,2,7
12,Rosario Vera Peñaloza,017,0056C,0848,228,3,0,2,0,3,0,90,0,1
12,Rosario Vera Peñaloza,017,0057A,0849,313,49,0,3,0,7,1,106,0,40
12,Rosario Vera Peñaloza,017,0057A,0850,312,21,0,0,0,8,0,150,0,24
12,Rosario Vera Peñaloza,017,0057B,0851,137,11,0,0,0,1,0,64,0,3
12,Rosario Vera Peñaloza,017,0058A,0852,160,13,0,1,1,4,0,74,0,3
12,Rosario Vera Peñaloza,017,0058B,0853,96,0,0,0,0,1,0,53,0,3
12,Rosario Vera Peñaloza,017,0059 ,0854,320,32,0,1,1,6,0,150,2,16
12,General San Martín,018,0060 ,0855,308,14,2,4,0,13,0,99,0,69
12,General San Martín,018,0060 ,0856,308,28,0,0,0,8,0,91,0,58
12,General San Martín,018,0060 ,0857,308,20,5,3,0,7,1,125,0,41
12,General San Martín,018,0060 ,0858,308,20,3,1,0,4,0,114,0,60
12,General San Martín,018,0060 ,0859,308,11,9,3,2,7,0,112,0,61
12,General San Martín,018,0060 ,0860,308,19,3,1,1,7,0,109,1,58
12,General San Martín,018,0060 ,0861,307,26,0,0,1,6,0,105,1,67
12,General San Martín,018,0060 ,0862,307,37,1,0,0,0,0,105,1,72
12,General San Martín,018,0060 ,0863,307,16,2,5,0,8,0,109,0,58
12,General San Martín,018,0061A,0864,68,2,0,0,0,0,0,22,0,4
12,General San Martín,018,0061B,0865,188,3,3,0,0,1,0,82,0,5
12,General San Martín,018,0061C,0866,166,5,0,0,0,1,0,88,0,13
12,General San Martín,018,0061D,0867,109,2,0,0,0,2,0,72,0,0
12,General San Martín,018,0062A,0868,173,3,1,0,0,2,49,9,0,0
12,General San Martín,018,0062B,0869,43,0,0,0,0,0,0,30,0,1
12,General San Martín,018,0062C,0870,74,0,0,0,0,0,0,49,0,0
12,General San Martín,018,0062D,0871,76,0,2,0,0,0,0,28,0,3
12,General San Martín,018,0062E,0872,231,2,0,0,0,1,0,128,0,10
