codprov,depto,coddepto,circuito,mesa,electores,blancos,nulos,0003,0014,0154,0501,0534
16,Adolfo Alsina,001,0001 ,0001,350,4,13,94,5,9,93,42
16,Adolfo Alsina,001,0001 ,0002,349,4,8,96,10,7,89,37
16,Adolfo Alsina,001,0001 ,0003,349,4,15,72,2,11,99,57
16,Adolfo Alsina,001,0001 ,0004,349,0,9,94,11,5,88,43
16,Adolfo Alsina,001,0001 ,0005,350,6,19,77,12,11,90,39
16,Adolfo Alsina,001,0001 ,0006,348,0,0,0,0,0,0,0
16,Adolfo Alsina,001,0001 ,0007,349,8,4,94,5,6,87,35
16,Adolfo Alsina,001,0001 ,0008,349,5,5,78,10,7,103,36
16,Adolfo Alsina,001,0001 ,0009,350,9,8,80,8,11,84,41
16,Adolfo Alsina,001,0001 ,0010,350,7,5,92,6,10,101,44
16,Adolfo Alsina,001,0001 ,0011,349,3,5,121,8,16,70,37
16,Adolfo Alsina,001,0001 ,0012,349,9,3,92,3,4,90,56
16,Adolfo Alsina,001,0001 ,0013,350,0,8,105,5,5,82,43
16,Adolfo Alsina,001,0001 ,0014,349,6,5,83,12,13,97,47
16,Adolfo Alsina,001,0001 ,0015,352,1,6,84,8,5,80,61
16,Adolfo Alsina,001,0001 ,0016,351,19,2,82,7,7,80,55
16,Adolfo Alsina,001,0001 ,0017,349,3,9,107,8,9,70,57
16,Adolfo Alsina,001,0001 ,0018,350,5,5,82,8,2,112,46
16,Adolfo Alsina,001,0001 ,0019,349,1,7,64,9,9,118,40
16,Adolfo Alsina,001,0001 ,0020,349,6,8,99,8,5,93,40
16,Adolfo Alsina,001,0001 ,0021,350,2,8,114,7,6,91,34
16,Adolfo Alsina,001,0001 ,0022,349,7,8,105,6,0,90,38
16,Adolfo Alsina,001,0001 ,0023,349,5,2,90,5,5,116,38
16,Adolfo Alsina,001,0001 ,0024,349,10,4,104,6,2,102,37
16,Adolfo Alsina,001,0001 ,0025,349,7,7,79,9,12,86,39
16,Adolfo Alsina,001,0001 ,0026,349,1,3,88,7,10,102,47
16,Adolfo Alsina,001,0001 ,0027,351,8,3,100,6,2,94,47
16,Adolfo Alsina,001,0001 ,0028,349,0,11,70,8,4,117,33
16,Adolfo Alsina,001,0001 ,0029,351,3,8,114,6,10,82,43
16,Adolfo Alsina,001,0001 ,0030,349,8,12,76,6,8,115,37
16,Adolfo Alsina,001,0001 ,0031,350,0,7,95,7,3,90,0
16,Adolfo Alsina,001,0001 ,0032,349,5,4,86,8,8,113,39
16,Adolfo Alsina,001,0001 ,0033,350,1,3,83,6,4,114,49
16,Adolfo Alsina,001,0001 ,0034,349,3,7,93,4,5,102,43
16,Adolfo Alsina,001,0001 ,0035,350,4,5,75,14,7,99,41
16,Adolfo Alsina,001,0001 ,0036,350,5,3,101,12,6,80,41
16,Adolfo Alsina,001,0001 ,0037,349,0,7,102,6,3,81,48
16,Adolfo Alsina,001,0001 ,0038,348,5,9,101,15,4,72,46
16,Adolfo Alsina,001,0001 ,0039,350,3,1,93,5,4,99,46
16,Adolfo Alsina,001,0001 ,0040,348,4,7,101,4,3,81,55
16,Adolfo Alsina,001,0001 ,0041,350,7,9,96,6,15,82,54
16,Adolfo Alsina,001,0001 ,0042,350,3,4,106,10,7,87,41
16,Adolfo Alsina,001,0001 ,0043,349,5,3,101,6,10,74,54
16,Adolfo Alsina,001,0001 ,0044,349,3,0,105,6,6,106,38
16,Adolfo Alsina,001,0001 ,0045,349,10,4,99,8,3,79,38
16,Adolfo Alsina,001,0001 ,0046,350,5,5,125,7,3,81,41
16,Adolfo Alsina,001,0001 ,0047,349,4,7,104,18,9,79,39
16,Adolfo Alsina,001,0001 ,0048,350,5,8,113,12,6,73,49
16,Adolfo Alsina,001,0001 ,0049,350,5,5,92,4,2,94,51
16,Adolfo Alsina,001,0001 ,0050,349,8,6,97,7,6,96,39
16,Adolfo Alsina,001,0001 ,0051,349,7,16,78,7,6,83,47
16,Adolfo Alsina,001,0001 ,0052,349,7,8,98,4,4,74,52
16,Adolfo Alsina,001,0001 ,0053,349,3,12,95,4,6,97,52
16,Adolfo Alsina,001,0001 ,0054,349,4,6,88,11,7,85,47
16,Adolfo Alsina,001,0001 ,0055,349,12,0,105,6,5,96,29
16,Adolfo Alsina,001,0001 ,0056,350,2,5,97,12,4,88,48
16,Adolfo Alsina,001,0001 ,0057,349,8,6,74,12,12,119,25
16,Adolfo Alsina,001,0001 ,0058,350,0,5,107,10,10,87,43
16,Adolfo Alsina,001,0001 ,0059,349,5,14,90,6,13,88,41
16,Adolfo Alsina,001,0001 ,0060,350,6,5,86,10,4,85,41
16,Adolfo Alsina,001,0001 ,0061,349,4,9,83,7,5,128,0
16,Adolfo Alsina,001,0001 ,0062,351,4,5,81,13,2,128,38
16,Adolfo Alsina,001,0001 ,0063,350,4,6,101,13,13,79,33
16,Adolfo Alsina,001,0001 ,0064,350,7,10,120,7,6,79,52
16,Adolfo Alsina,001,0001 ,0065,348,2,8,85,10,9,97,41
16,Adolfo Alsina,001,0001 ,0066,349,6,6,102,6,7,78,57
16,Adolfo Alsina,001,0001 ,0067,349,1,5,103,6,6,84,63
16,Adolfo Alsina,001,0001 ,0068,349,6,5,85,11,11,87,50
16,Adolfo Alsina,001,0001 ,0069,350,9,9,89,6,5,76,50
16,Adolfo Alsina,001,0001 ,0070,349,10,9,105,3,10,95,38
16,Adolfo Alsina,001,0001 ,0071,350,3,4,97,1,10,97,51
16,Adolfo Alsina,001,0001 ,0072,349,5,5,79,6,9,89,51
16,Adolfo Alsina,001,0001 ,0073,349,10,3,98,6,6,82,38
16,Adolfo Alsina,001,0001 ,0074,350,1,5,100,6,7,83,43
16,Adolfo Alsina,001,0001 ,0075,350,8,6,94,9,5,88,49
16,Adolfo Alsina,001,0001 ,0076,350,3,3,85,3,4,105,51
16,Adolfo Alsina,001,0001 ,0077,349,7,3,88,11,7,102,38
16,Adolfo Alsina,001,0001 ,0078,349,7,8,85,12,6,94,43
16,Adolfo Alsina,001,0001 ,0079,348,6,7,99,9,6,86,40
16,Adolfo Alsina,001,0001 ,0080,349,4,8,92,7,4,83,44
16,Adolfo Alsina,001,0001 ,0081,349,3,11,89,4,10,105,32
16,Adolfo Alsina,001,0001 ,0082,350,5,6,73,7,5,98,58
16,Adolfo Alsina,001,0001 ,0083,349,5,12,88,5,7,113,28
16,Adolfo Alsina,001,0001 ,0084,350,4,5,78,7,7,111,46
16,Adolfo Alsina,001,0001 ,0085,349,5,6,105,5,3,90,39
16,Adolfo Alsina,001,0001 ,0086,349,9,7,74,14,9,115,31
16,Adolfo Alsina,001,0001 ,0087,349,7,10,107,9,8,102,30
16,Adolfo Alsina,001,0001 ,0088,350,5,2,98,7,9,84,33
16,Adolfo Alsina,001,0001 ,0089,349,2,7,88,7,7,101,46
16,Adolfo Alsina,001,0001 ,0090,350,7,9,69,3,8,107,31
16,Adolfo Alsina,001,0001 ,0091,351,7,9,89,6,11,94,43
16,Adolfo Alsina,001,0001 ,0092,351,7,10,93,5,10,93,34
16,Adolfo Alsina,001,0001 ,0093,349,6,7,74,8,11,102,36
16,Adolfo Alsina,001,0001 ,0094,348,7,7,86,9,3,98,41
16,Adolfo Alsina,001,0001 ,0095,349,7,4,121,8,5,61,41
16,Adolfo Alsina,001,0001 ,0096,348,9,10,58,5,4,116,36
16,Adolfo Alsina,001,0001 ,0097,347,3,5,108,11,9,72,33
16,Adolfo Alsina,001,0001 ,0098,349,3,9,103,8,5,80,45
16,Adolfo Alsina,001,0001 ,0099,348,5,11,90,5,3,98,44
16,Adolfo Alsina,001,0001 ,0100,349,3,10,90,8,8,97,47
16,Adolfo Alsina,001,0001 ,0101,349,4,9,98,8,7,104,40
16,Adolfo Alsina,001,0001 ,0102,348,11,5,85,4,4,107,60
16,Adolfo Alsina,001,0001 ,0103,349,0,3,95,11,12,100,39
16,Adolfo Alsina,001,0001 ,0104,348,4,6,75,11,8,116,48
16,Adolfo Alsina,001,0001 ,0105,349,4,3,83,7,4,86,58
16,Adolfo Alsina,001,0001 ,0106,350,5,3,86,5,8,108,50
16,Adolfo Alsina,001,0001 ,0107,349,4,10,103,9,5,97,43
16,Adolfo Alsina,001,0001 ,0108,349,3,12,100,6,4,90,47
16,Adolfo Alsina,001,0001 ,0109,348,6,10,109,12,5,76,41
16,Adolfo Alsina,001,0001 ,0110,349,2,4,83,6,7,85,51
16,Adolfo Alsina,001,0001 ,0111,348,1,6,78,11,7,102,54
16,Adolfo Alsina,001,0001 ,0112,349,3,16,86,10,7,91,45
16,Adolfo Alsina,001,0001 ,0113,349,5,5,105,8,7,87,49
16,Adolfo Alsina,001,0001 ,0114,348,4,3,88,7,6,103,50
16,Adolfo Alsina,001,0001 ,0115,348,9,3,93,1,8,91,51
16,Adolfo Alsina,001,0001 ,0116,348,4,10,106,8,4,78,37
16,Adolfo Alsina,001,0001 ,0117,349,3,12,102,8,7,87,40
16,Adolfo Alsina,001,0001 ,0118,349,2,4,100,9,10,81,40
16,Adolfo Alsina,001,0001 ,0119,348,1,6,90,9,6,108,37
16,Adolfo Alsina,001,0001 ,0120,348,2,7,114,12,7,68,54
16,Adolfo Alsina,001,0001 ,0121,348,10,5,88,6,8,79,55
16,Adolfo Alsina,001,0001 ,0122,348,9,8,83,6,9,103,45
16,Adolfo Alsina,001,0001 ,0123,349,6,4,88,9,6,93,46
16,Adolfo Alsina,001,0001 ,0124,349,2,4,115,5,4,70,53
16,Adolfo Alsina,001,0001 ,0125,348,1,6,102,12,8,81,46
16,Adolfo Alsina,001,0001 ,0126,350,0,0,0,0,0,0,0
16,Adolfo Alsina,001,0001 ,0127,349,4,8,109,7,1,79,41
16,Adolfo Alsina,001,0001 ,0128,348,4,6,82,8,9,91,40
16,Adolfo Alsina,001,0001 ,0129,349,4,8,115,6,8,86,35
16,Adolfo Alsina,001,0001 ,0130,348,7,7,96,4,5,91,43
16,Adolfo Alsina,001,0001 ,0131,349,2,8,76,13,7,90,39
16,Adolfo Alsina,001,0001 ,0132,350,2,7,87,3,9,94,47
16,Adolfo Alsina,001,0001 ,0133,350,3,4,102,8,5,89,36
16,Adolfo Alsina,001,0001 ,0134,350,2,13,91,8,7,78,37
16,Adolfo Alsina,001,0001 ,0135,348,5,3,77,5,9,100,49
16,Adolfo Alsina,001,0001 ,0136,348,1,3,93,9,7,68,58
16,Adolfo Alsina,001,0002 ,0137,303,3,5,73,1,3,91,22
16,Adolfo Alsina,001,0002 ,0138,301,0,0,61,2,5,95,32
16,Adolfo Alsina,001,0002 ,0139,303,1,2,65,2,1,90,36
16,Adolfo Alsina,001,0002 ,0140,303,3,3,71,5,3,93,22
16,Adolfo Alsina,001,0003 ,0141,20,0,0,12,0,0,0,0
16,Adolfo Alsina,001,0004 ,0142,248,4,3,68,1,4,61,17
16,Adolfo Alsina,001,0004 ,0143,248,2,1,50,2,4,84,24
16,Adolfo Alsina,001,0004 ,0144,247,3,5,56,0,4,72,19
16,Conesa,002,0007 ,0145,338,5,5,70,1,3,92,56
16,Conesa,002,0007 ,0146,339,5,9,52,8,6,116,52
16,Conesa,002,0007 ,0147,342,2,6,59,2,5,117,38
16,Conesa,002,0007 ,0148,338,9,1,70,2,3,108,50
16,Conesa,002,0007 ,0149,338,2,5,60,5,5,120,54
16,Conesa,002,0007 ,0150,336,3,4,41,6,5,143,43
16,Conesa,002,0007 ,0151,338,2,4,59,9,2,133,39
16,Conesa,002,0007 ,0152,338,6,6,54,4,1,132,37
16,Conesa,002,0007 ,0153,337,7,7,62,3,3,128,41
16,Conesa,002,0007 ,0154,338,2,1,62,3,4,101,38
16,Conesa,002,0007 ,0155,339,4,11,52,6,5,124,39
16,Conesa,002,0007 ,0156,337,4,1,70,2,4,118,37
16,Conesa,002,0007 ,0157,338,4,4,49,4,5,133,45
16,Conesa,002,0007 ,0158,338,5,4,59,4,3,130,35
16,Conesa,002,0007 ,0159,337,1,10,69,4,7,116,38
16,Conesa,002,0007A,0160,84,1,1,12,1,1,23,7
16,Conesa,002,0008 ,0161,42,0,0,4,0,1,8,3
16,San Antonio Oeste,003,0009 ,0162,348,10,0,65,7,4,132,34
16,San Antonio Oeste,003,0009 ,0163,350,6,9,79,8,8,129,28
16,San Antonio Oeste,003,0009 ,0164,347,7,8,65,3,3,118,49
16,San Antonio Oeste,003,0009 ,0165,348,5,12,71,9,8,101,36
16,San Antonio Oeste,003,0009 ,0166,348,9,8,56,9,9,124,39
16,San Antonio Oeste,003,0009 ,0167,347,6,6,54,10,6,134,38
16,San Antonio Oeste,003,0009 ,0168,347,5,5,50,3,1,139,38
16,San Antonio Oeste,003,0009 ,0169,347,9,0,58,7,13,160,26
16,San Antonio Oeste,003,0009 ,0170,347,14,0,72,8,10,136,36
16,San Antonio Oeste,003,0009 ,0171,346,15,0,69,7,5,116,35
16,San Antonio Oeste,003,0009 ,0172,346,17,0,69,11,3,120,37
16,San Antonio Oeste,003,0009 ,0173,346,14,0,61,9,5,132,39
16,San Antonio Oeste,003,0009 ,0174,347,3,16,61,5,4,141,26
16,San Antonio Oeste,003,0009 ,0175,347,2,10,61,7,10,119,36
16,San Antonio Oeste,003,0009 ,0176,347,1,3,34,9,5,145,42
16,San Antonio Oeste,003,0009 ,0177,346,5,11,44,7,4,137,47
16,San Antonio Oeste,003,0009 ,0178,347,3,4,67,5,6,143,25
16,San Antonio Oeste,003,0009 ,0179,348,12,5,47,1,4,156,35
16,San Antonio Oeste,003,0009 ,0180,348,6,3,55,8,3,131,45
16,San Antonio Oeste,003,0009 ,0181,348,5,2,67,9,8,126,38
16,San Antonio Oeste,003,0009 ,0182,348,5,14,58,9,10,108,43
16,San Antonio Oeste,003,0009 ,0183,346,5,8,44,16,10,133,41
16,San Antonio Oeste,003,0009 ,0184,347,7,6,61,5,5,151,28
16,San Antonio Oeste,003,0009 ,0185,348,7,13,62,7,4,132,29
16,San Antonio Oeste,003,0009 ,0186,347,6,3,58,6,14,156,33
16,San Antonio Oeste,003,0009 ,0187,347,8,6,56,5,3,144,28
16,San Antonio Oeste,003,0009 ,0188,347,8,14,63,10,6,116,36
16,San Antonio Oeste,003,0009 ,0189,347,4,2,73,5,2,139,34
16,San Antonio Oeste,003,0009 ,0190,348,7,6,60,6,4,146,33
16,San Antonio Oeste,003,0009 ,0191,347,15,3,55,6,7,140,38
16,San Antonio Oeste,003,0009 ,0192,346,5,8,55,7,9,141,33
16,San Antonio Oeste,003,0009 ,0193,347,3,3,57,14,5,131,48
16,San Antonio Oeste,003,0009 ,0194,349,9,6,75,1,5,126,37
16,San Antonio Oeste,003,0009 ,0195,348,5,11,53,8,7,125,34
16,San Antonio Oeste,003,0009 ,0196,346,5,8,64,7,6,129,40
16,San Antonio Oeste,003,0009 ,0197,347,8,10,63,7,8,127,30
16,San Antonio Oeste,003,0009 ,0198,346,6,10,70,4,13,113,34
16,San Antonio Oeste,003,0009 ,0199,347,16,7,57,9,9,113,45
16,San Antonio Oeste,003,0009 ,0200,346,4,1,68,13,7,132,37
16,San Antonio Oeste,003,0009A,0201,320,15,4,48,12,4,97,42
16,San Antonio Oeste,003,0009A,0202,320,5,2,64,9,7,87,41
16,San Antonio Oeste,003,0009A,0203,323,9,4,51,4,9,102,40
16,San Antonio Oeste,003,0009A,0204,321,8,3,53,10,6,89,46
16,San Antonio Oeste,003,0009A,0205,320,2,4,63,11,5,87,33
16,San Antonio Oeste,003,0009A,0206,320,8,3,60,4,6,98,37
16,San Antonio Oeste,003,0009A,0207,320,2,5,64,6,8,92,33
16,San Antonio Oeste,003,0009A,0208,319,1,14,44,9,3,94,40
16,San Antonio Oeste,003,0009A,0209,321,8,5,56,9,11,85,37
16,San Antonio Oeste,003,0009A,0210,320,7,7,53,10,12,91,36
16,San Antonio Oeste,003,0009A,0211,320,1,4,56,10,6,97,39
16,San Antonio Oeste,003,0009B,0212,265,5,5,46,2,3,69,39
16,San Antonio Oeste,003,0011 ,0213,337,18,0,43,4,4,121,60
16,San Antonio Oeste,003,0011 ,0214,339,5,4,40,1,5,127,59
16,San Antonio Oeste,003,0011 ,0215,336,12,0,31,5,4,128,54
16,San Antonio Oeste,003,0011 ,0216,338,6,3,56,5,9,101,66
16,San Antonio Oeste,003,0011 ,0217,336,0,0,0,0,0,0,0
16,San Antonio Oeste,003,0011 ,0218,338,4,6,52,6,9,118,45
16,San Antonio Oeste,003,0011 ,0219,337,6,6,54,0,10,99,66
16,San Antonio Oeste,003,0011 ,0220,337,7,8,56,5,6,128,35
16,San Antonio Oeste,003,0011 ,0221,338,9,6,53,5,9,106,56
16,San Antonio Oeste,003,0011 ,0222,338,7,0,64,101,6,60,6
16,San Antonio Oeste,003,0011 ,0223,339,9,8,55,5,3,101,59
16,San Antonio Oeste,003,0011 ,0224,337,6,0,56,6,3,136,37
16,San Antonio Oeste,003,0011 ,0225,336,6,5,48,5,3,101,64
16,San Antonio Oeste,003,0011 ,0226,337,2,2,35,2,3,119,71
16,San Antonio Oeste,003,0011 ,0227,336,6,6,50,3,10,132,40
16,San Antonio Oeste,003,0011 ,0228,336,1,11,45,5,6,109,60
16,San Antonio Oeste,003,0011 ,0229,338,7,7,43,3,2,117,49
16,San Antonio Oeste,003,0011 ,0230,336,1,8,64,1,5,133,42
16,San Antonio Oeste,003,0011 ,0231,336,4,8,52,5,5,104,60
16,Valcheta,004,0012 ,0232,336,4,7,72,5,5,86,19
16,Valcheta,004,0012 ,0233,336,7,5,87,8,5,94,24
16,Valcheta,004,0012 ,0234,336,9,2,111,2,3,71,31
16,Valcheta,004,0012 ,0235,335,1,12,83,7,4,101,24
16,Valcheta,004,0012 ,0236,336,6,3,94,7,4,94,23
16,Valcheta,004,0012 ,0237,335,2,7,82,5,5,112,27
16,Valcheta,004,0012 ,0238,336,4,4,92,10,6,98,17
16,Valcheta,004,0012 ,0239,336,0,0,92,6,4,101,14
16,Valcheta,004,0012 ,0240,334,1,6,87,6,4,101,31
16,Valcheta,004,0012 ,0241,335,10,3,102,6,10,90,31
16,Valcheta,004,0012B,0242,59,1,1,10,4,3,19,4
16,Valcheta,004,0013 ,0243,57,0,0,24,1,2,8,5
16,Valcheta,004,0014 ,0244,29,0,0,4,0,1,7,1
16,Valcheta,004,0015 ,0245,131,1,2,53,7,1,36,5
16,Valcheta,004,0016 ,0246,153,0,2,39,2,3,53,6
16,Valcheta,004,0017 ,0247,62,0,0,18,0,0,10,3
16,Valcheta,004,0018 ,0248,82,2,0,20,0,2,13,6
16,Nueve de Julio,005,0019 ,0249,339,15,4,60,6,4,147,13
16,Nueve de Julio,005,0019 ,0250,338,0,0,0,0,0,0,0
16,Nueve de Julio,005,0019 ,0251,337,7,1,41,3,5,148,18
16,Nueve de Julio,005,0019 ,0252,338,9,1,38,1,3,170,22
16,Nueve de Julio,005,0020 ,0253,295,25,0,36,0,5,70,46
16,Nueve de Julio,005,0020 ,0254,294,15,1,23,1,4,100,34
16,Nueve de Julio,005,0020 ,0255,296,12,0,23,1,4,89,59
16,Nueve de Julio,005,0020A,0256,148,2,0,43,1,2,44,5
16,Nueve de Julio,005,0021 ,0257,167,3,1,17,0,1,35,10
16,Nueve de Julio,005,0022 ,0258,219,1,4,41,0,4,62,18
16,Nueve de Julio,005,0022A,0259,139,2,1,57,0,0,37,0
16,25 de Mayo,006,0023 ,0260,345,7,7,103,2,6,70,29
16,25 de Mayo,006,0023 ,0261,346,7,3,90,5,2,85,27
16,25 de Mayo,006,0023 ,0262,346,11,3,105,4,1,84,30
16,25 de Mayo,006,0023 ,0263,345,12,9,100,3,5,94,26
16,25 de Mayo,006,0023 ,0264,346,3,1,86,3,1,95,32
16,25 de Mayo,006,0023 ,0265,344,6,4,82,3,4,102,32
16,25 de Mayo,006,0023 ,0266,347,4,7,102,0,3,71,32
16,25 de Mayo,006,0023 ,0267,346,3,6,98,2,4,101,26
16,25 de Mayo,006,0024 ,0268,305,3,6,81,1,0,92,7
16,25 de Mayo,006,0024 ,0269,304,5,1,119,6,3,77,5
16,25 de Mayo,006,0024 ,0270,305,3,3,109,3,4,75,7
16,25 de Mayo,006,0024 ,0271,304,5,4,89,7,1,92,7
16,25 de Mayo,006,0024 ,0272,304,7,4,100,3,3,93,6
16,25 de Mayo,006,0024 ,0273,304,10,3,111,1,3,77,1
16,25 de Mayo,006,0024 ,0274,302,3,6,104,4,2,75,11
16,25 de Mayo,006,0024A,0275,134,0,1,15,0,0,15,0
16,25 de Mayo,006,0024B,0276,129,0,0,36,1,2,38,11
16,25 de Mayo,006,0025 ,0277,351,1,2,37,0,2,104,3
16,25 de Mayo,006,0027 ,0280,89,1,1,20,0,0,11,2
16,25 de Mayo,006,0028 ,0281,335,9,6,122,6,4,91,4
16,25 de Mayo,006,0028 ,0282,337,5,5,104,5,1,99,12
16,25 de Mayo,006,0028 ,0283,336,0,2,108,4,4,89,7
16,25 de Mayo,006,0028 ,0284,337,9,6,103,1,4,100,13
16,25 de Mayo,006,0028 ,0285,335,12,9,106,2,2,92,13
16,25 de Mayo,006,0028 ,0286,334,2,5,88,5,5,110,10
16,25 de Mayo,006,0028 ,0287,335,8,9,114,4,2,88,15
16,25 de Mayo,006,0028 ,0288,336,11,9,96,3,2,116,10
16,25 de Mayo,006,0028 ,0289,334,4,4,104,3,5,112,7
16,25 de Mayo,006,0028 ,0290,334,15,4,116,2,2,92,9
16,25 de Mayo,006,0028 ,0291,335,2,1,104,0,5,106,11
16,25 de Mayo,006,0028 ,0292,337,3,2,119,3,1,93,9
16,25 de Mayo,006,0028 ,0293,336,7,4,92,6,1,111,11
16,25 de Mayo,006,0028 ,0294,333,11,5,91,5,4,120,8
16,25 de Mayo,006,0028 ,0295,335,5,3,109,3,3,100,11
16,25 de Mayo,006,0028 ,0296,334,8,6,101,8,4,104,17
16,25 de Mayo,006,0028A,0297,83,1,0,21,0,1,11,2
16,25 de Mayo,006,0029 ,0298,127,1,1,13,1,0,34,6
16,25 de Mayo,006,0030 ,0299,154,6,0,26,2,1,40,2
16,Ñorquinco,007,0031 ,0300,260,5,5,43,3,27,86,19
16,Ñorquinco,007,0031 ,0301,259,8,5,38,9,31,73,13
16,Ñorquinco,007,0031A,0302,76,1,1,12,0,2,10,2
16,Ñorquinco,007,0031B,0303,36,0,0,3,1,2,15,4
16,Ñorquinco,007,0032 ,0304,59,0,0,4,1,0,11,3
16,Ñorquinco,007,0033 ,0305,69,3,0,2,1,4,25,6
16,Ñorquinco,007,0034 ,0306,356,12,2,35,0,29,158,4
16,Ñorquinco,007,0035 ,0308,202,1,1,28,4,5,37,7
16,Pilcaniyeu,008,0036 ,0309,334,8,8,32,9,5,153,16
16,Pilcaniyeu,008,0036 ,0310,332,6,3,23,6,5,168,22
16,Pilcaniyeu,008,0036A,0311,145,0,1,5,3,0,51,3
16,Pilcaniyeu,008,0036B,0312,331,11,9,38,20,26,86,44
16,Pilcaniyeu,008,0036B,0313,331,3,4,48,17,29,97,35
16,Pilcaniyeu,008,0036B,0314,331,6,7,33,13,27,105,42
16,Pilcaniyeu,008,0036B,0315,333,3,4,48,19,31,89,48
16,Pilcaniyeu,008,0036B,0316,332,4,6,46,22,31,88,51
16,Pilcaniyeu,008,0036B,0317,331,9,10,34,20,25,99,44
16,Pilcaniyeu,008,0036B,0318,330,6,10,32,19,18,74,62
16,Pilcaniyeu,008,0036B,0319,330,11,2,43,18,18,81,69
16,Pilcaniyeu,008,0036B,0320,332,13,5,44,24,30,89,47
16,Pilcaniyeu,008,0036C,0321,64,1,0,6,0,0,28,1
16,Pilcaniyeu,008,0037 ,0322,285,3,4,134,2,10,49,9
16,Pilcaniyeu,008,0037 ,0323,285,2,3,106,2,5,71,8
16,Pilcaniyeu,008,0037 ,0324,287,4,4,94,6,6,68,8
16,Pilcaniyeu,008,0037 ,0325,285,4,2,114,2,5,49,5
16,Pilcaniyeu,008,0037 ,0326,288,2,4,98,6,6,76,4
16,Pilcaniyeu,008,0038 ,0327,77,0,0,7,0,1,7,2
16,Pilcaniyeu,008,0038A,0328,152,5,2,13,4,3,72,6
16,Pilcaniyeu,008,0039 ,0329,63,1,0,10,2,2,12,8
16,Pilcaniyeu,008,0040 ,0330,28,0,0,0,0,0,1,2
16,Pilcaniyeu,008,0040A,0331,217,14,6,17,9,10,97,6
16,Bariloche,009,0041 ,0332,351,5,5,39,21,30,78,49
16,Bariloche,009,0041 ,0333,349,10,11,58,22,24,88,43
16,Bariloche,009,0041 ,0334,349,10,12,35,19,38,85,44
16,Bariloche,009,0041 ,0335,350,5,12,41,16,30,86,39
16,Bariloche,009,0041 ,0336,350,4,5,43,40,28,89,63
16,Bariloche,009,0041 ,0337,350,6,9,34,34,24,68,51
16,Bariloche,009,0041 ,0338,350,13,9,43,19,23,95,41
16,Bariloche,009,0041 ,0339,351,11,6,39,17,40,79,32
16,Bariloche,009,0041 ,0340,350,3,11,47,24,20,80,47
16,Bariloche,009,0041 ,0341,351,14,13,33,24,29,86,49
16,Bariloche,009,0041 ,0342,353,13,19,38,16,29,89,42
16,Bariloche,009,0041 ,0343,349,6,18,28,21,25,114,43
16,Bariloche,009,0041 ,0344,350,9,11,32,16,24,113,42
16,Bariloche,009,0041 ,0345,349,11,11,39,23,36,87,48
16,Bariloche,009,0041 ,0346,349,6,12,48,21,32,79,45
16,Bariloche,009,0041 ,0347,350,1,15,49,19,26,76,32
16,Bariloche,009,0041 ,0348,350,7,6,50,27,24,97,46
16,Bariloche,009,0041 ,0349,349,9,15,35,19,30,74,48
16,Bariloche,009,0041 ,0350,349,17,14,56,21,20,82,43
16,Bariloche,009,0041 ,0351,352,20,12,35,18,29,90,45
16,Bariloche,009,0041 ,0352,349,3,10,42,25,17,73,60
16,Bariloche,009,0041 ,0353,351,13,7,41,13,23,77,63
16,Bariloche,009,0041 ,0354,348,14,3,42,19,26,97,36
16,Bariloche,009,0041 ,0355,349,10,9,54,26,45,81,39
16,Bariloche,009,0041 ,0356,349,8,7,36,21,26,82,56
16,Bariloche,009,0041 ,0357,349,16,1,42,34,20,66,65
16,Bariloche,009,0041 ,0358,350,8,10,49,24,32,75,59
16,Bariloche,009,0041 ,0359,349,5,10,41,23,26,76,58
16,Bariloche,009,0041 ,0360,351,2,13,45,23,15,70,61
16,Bariloche,009,0041 ,0361,349,9,9,57,16,22,69,59
16,Bariloche,009,0041 ,0362,350,14,9,58,19,13,72,57
16,Bariloche,009,0041 ,0363,350,9,7,49,23,28,64,59
16,Bariloche,009,0041 ,0364,348,3,6,37,29,18,88,49
16,Bariloche,009,0041 ,0365,350,6,13,36,19,37,82,57
16,Bariloche,009,0041 ,0366,350,9,8,42,19,22,73,47
16,Bariloche,009,0041 ,0367,351,9,6,40,25,33,92,53
16,Bariloche,009,0041 ,0368,349,6,14,36,26,21,94,41
16,Bariloche,009,0041 ,0369,348,4,11,51,17,29,102,37
16,Bariloche,009,0041 ,0370,351,7,7,47,38,25,73,51
16,Bariloche,009,0041 ,0371,347,9,9,44,14,12,97,38
16,Bariloche,009,0041 ,0372,349,11,9,33,16,20,97,55
16,Bariloche,009,0041 ,0373,348,7,14,40,23,37,90,43
16,Bariloche,009,0041 ,0374,350,8,8,53,23,27,87,43
16,Bariloche,009,0041 ,0375,349,11,14,55,22,29,77,40
16,Bariloche,009,0041 ,0376,350,4,4,54,15,27,99,38
16,Bariloche,009,0041 ,0377,350,8,6,34,10,36,76,74
16,Bariloche,009,0041 ,0378,350,9,0,35,18,24,83,49
16,Bariloche,009,0041 ,0379,349,17,16,38,19,19,98,36
16,Bariloche,009,0041 ,0380,348,4,9,38,12,36,98,42
16,Bariloche,009,0041 ,0381,348,6,11,45,26,31,87,51
16,Bariloche,009,0041 ,0382,350,5,13,53,18,28,81,40
16,Bariloche,009,0041 ,0383,351,14,5,49,29,33,78,42
16,Bariloche,009,0041 ,0384,347,7,10,32,20,27,94,48
16,Bariloche,009,0041 ,0385,350,6,6,46,24,24,71,65
16,Bariloche,009,0041 ,0386,348,6,10,57,19,23,92,40
16,Bariloche,009,0041 ,0387,349,8,7,40,17,28,80,64
16,Bariloche,009,0041 ,0388,349,3,9,38,12,20,101,41
16,Bariloche,009,0041 ,0389,350,6,4,44,27,41,92,38
16,Bariloche,009,0041 ,0390,350,5,8,44,19,28,80,49
16,Bariloche,009,0041 ,0391,349,1,8,51,16,21,95,54
16,Bariloche,009,0041 ,0392,349,7,12,37,27,25,86,49
16,Bariloche,009,0041 ,0393,349,11,12,29,24,17,106,43
16,Bariloche,009,0041 ,0394,350,8,12,38,24,26,82,61
16,Bariloche,009,0041 ,0395,350,12,9,49,23,16,56,61
16,Bariloche,009,0041 ,0396,349,12,0,34,28,29,80,50
16,Bariloche,009,0041 ,0397,353,4,10,42,16,26,93,40
16,Bariloche,009,0041 ,0398,349,10,12,35,24,22,63,56
16,Bariloche,009,0041 ,0399,350,7,7,39,16,23,102,49
16,Bariloche,009,0041 ,0400,352,6,21,59,17,25,93,38
16,Bariloche,009,0041 ,0401,350,6,7,43,20,28,82,55
16,Bariloche,009,0041 ,0402,350,3,9,44,19,20,73,77
16,Bariloche,009,0041 ,0403,349,15,5,51,27,14,70,66
16,Bariloche,009,0041 ,0404,351,10,6,42,25,21,86,44
16,Bariloche,009,0041 ,0405,351,8,11,44,19,30,98,38
16,Bariloche,009,0041 ,0406,348,9,10,50,26,22,62,57
16,Bariloche,009,0041 ,0407,350,9,3,44,29,19,96,47
16,Bariloche,009,0041 ,0408,349,8,3,44,26,25,86,49
16,Bariloche,009,0041 ,0409,352,5,8,50,24,30,79,51
16,Bariloche,009,0041 ,0410,350,3,4,42,20,21,75,60
16,Bariloche,009,0041 ,0411,349,3,10,49,20,24,99,38
16,Bariloche,009,0041 ,0412,348,12,5,40,18,25,80,42
16,Bariloche,009,0041 ,0413,349,8,10,46,20,25,74,68
16,Bariloche,009,0041 ,0414,349,10,4,46,14,21,87,37
16,Bariloche,009,0041 ,0415,349,3,6,39,10,32,101,51
16,Bariloche,009,0041 ,0416,349,5,6,52,19,34,68,47
16,Bariloche,009,0041 ,0417,352,12,5,27,25,30,85,52
16,Bariloche,009,0041 ,0418,350,3,10,41,22,27,79,52
16,Bariloche,009,0041 ,0419,352,8,13,42,17,19,73,55
16,Bariloche,009,0041 ,0420,349,4,6,54,20,21,90,49
16,Bariloche,009,0041 ,0421,350,10,6,46,20,33,89,45
16,Bariloche,009,0041 ,0422,349,12,3,42,24,24,69,61
16,Bariloche,009,0041 ,0423,350,10,12,29,26,24,70,63
16,Bariloche,009,0041 ,0424,349,7,6,39,17,16,83,66
16,Bariloche,009,0041 ,0425,352,6,10,44,25,23,93,52
16,Bariloche,009,0041 ,0426,349,9,8,44,20,31,81,47
16,Bariloche,009,0041 ,0427,349,12,6,54,25,25,91,39
16,Bariloche,009,0041 ,0428,351,4,7,42,19,37,81,47
16,Bariloche,009,0041 ,0429,350,3,10,48,22,28,85,42
16,Bariloche,009,0041 ,0430,348,6,7,53,13,30,91,48
16,Bariloche,009,0041 ,0431,349,4,7,46,19,20,86,52
16,Bariloche,009,0041 ,0432,349,11,12,45,30,38,86,41
16,Bariloche,009,0041 ,0433,349,8,7,43,24,20,83,50
16,Bariloche,009,0041 ,0434,348,8,8,39,13,22,73,58
16,Bariloche,009,0041 ,0435,351,3,0,51,14,29,86,48
16,Bariloche,009,0041 ,0436,349,14,6,66,27,30,94,36
16,Bariloche,009,0041 ,0437,350,5,3,46,11,37,82,39
16,Bariloche,009,0041 ,0438,351,14,6,42,10,28,110,43
16,Bariloche,009,0041 ,0439,349,11,3,32,21,39,97,46
16,Bariloche,009,0041 ,0440,350,9,16,43,21,23,91,53
16,Bariloche,009,0041 ,0441,351,13,8,47,19,27,87,52
16,Bariloche,009,0041 ,0442,349,8,10,42,20,16,91,56
16,Bariloche,009,0041 ,0443,349,13,7,45,17,23,83,55
16,Bariloche,009,0041 ,0444,350,12,9,33,22,49,104,36
16,Bariloche,009,0041 ,0445,349,10,15,51,20,23,62,68
16,Bariloche,009,0041 ,0446,349,8,8,35,16,22,65,74
16,Bariloche,009,0041 ,0447,350,10,18,35,25,22,72,62
16,Bariloche,009,0041 ,0448,349,19,0,49,23,25,84,52
16,Bariloche,009,0041 ,0449,350,8,10,32,21,34,65,61
16,Bariloche,009,0041 ,0450,351,15,5,44,16,34,55,53
16,Bariloche,009,0041 ,0451,349,7,5,54,17,34,100,32
16,Bariloche,009,0041 ,0452,351,8,7,38,25,24,76,46
16,Bariloche,009,0041 ,0453,352,15,11,35,26,24,99,42
16,Bariloche,009,0041 ,0454,349,6,26,47,27,25,86,42
16,Bariloche,009,0041 ,0455,349,5,11,50,22,26,90,49
16,Bariloche,009,0041 ,0456,348,26,7,50,23,24,94,31
16,Bariloche,009,0041 ,0457,352,11,14,42,24,30,68,43
16,Bariloche,009,0041 ,0458,350,10,13,53,20,29,90,37
16,Bariloche,009,0041 ,0459,350,6,6,50,13,26,60,62
16,Bariloche,009,0041 ,0460,349,4,6,49,27,28,62,53
16,Bariloche,009,0041 ,0461,350,10,7,46,26,30,83,44
16,Bariloche,009,0041 ,0462,352,10,3,39,20,31,101,49
16,Bariloche,009,0041 ,0463,352,11,15,38,17,41,95,30
16,Bariloche,009,0041 ,0464,350,8,11,48,17,24,69,51
16,Bariloche,009,0041 ,0465,350,23,9,35,22,16,104,50
16,Bariloche,009,0041 ,0466,351,17,12,30,16,30,105,41
16,Bariloche,009,0041 ,0467,350,9,9,54,21,15,87,49
16,Bariloche,009,0041 ,0468,348,9,14,43,19,29,79,46
16,Bariloche,009,0041 ,0469,348,2,13,33,16,33,78,51
16,Bariloche,009,0041 ,0470,349,4,7,40,26,26,82,55
16,Bariloche,009,0041 ,0471,351,9,2,46,19,25,77,54
16,Bariloche,009,0041 ,0472,349,4,7,42,14,26,95,41
16,Bariloche,009,0041 ,0473,349,7,6,42,14,43,97,25
16,Bariloche,009,0041 ,0474,350,8,9,38,19,17,101,55
16,Bariloche,009,0041 ,0475,350,13,12,49,16,32,83,36
16,Bariloche,009,0041 ,0476,349,12,9,40,17,30,101,35
16,Bariloche,009,0041 ,0477,349,11,9,44,17,30,88,33
16,Bariloche,009,0041 ,0478,351,10,0,47,22,26,83,38
16,Bariloche,009,0041 ,0479,349,4,5,29,27,28,87,69
16,Bariloche,009,0041 ,0480,349,9,11,53,25,21,86,35
16,Bariloche,009,0041 ,0481,351,13,9,39,33,25,85,37
16,Bariloche,009,0041 ,0482,348,6,5,39,23,22,86,54
16,Bariloche,009,0041 ,0483,350,10,13,39,27,27,65,56
16,Bariloche,009,0041 ,0484,349,9,10,44,23,20,101,45
16,Bariloche,009,0041 ,0485,352,4,15,63,17,28,67,35
16,Bariloche,009,0041 ,0486,350,12,16,43,13,28,82,34
16,Bariloche,009,0041 ,0487,347,13,7,42,23,24,99,40
16,Bariloche,009,0041 ,0488,348,11,10,31,14,26,110,34
16,Bariloche,009,0041 ,0489,350,6,11,34,28,26,75,51
16,Bariloche,009,0041 ,0490,351,7,8,37,22,28,94,50
16,Bariloche,009,0041 ,0491,349,8,11,38,16,33,95,50
16,Bariloche,009,0041 ,0492,352,6,9,39,19,27,99,36
16,Bariloche,009,0041 ,0493,349,11,10,38,21,21,87,44
16,Bariloche,009,0041 ,0494,350,9,7,43,8,27,87,60
16,Bariloche,009,0041 ,0495,349,3,3,52,24,29,95,50
16,Bariloche,009,0041 ,0496,349,9,10,64,14,20,84,36
16,Bariloche,009,0041 ,0497,348,11,12,42,17,42,90,41
16,Bariloche,009,0041 ,0498,349,8,4,51,18,30,94,47
16,Bariloche,009,0041 ,0499,351,14,12,35,19,23,119,35
16,Bariloche,009,0041 ,0500,349,11,17,38,23,29,81,42
16,Bariloche,009,0041 ,0501,350,8,17,48,19,23,77,46
16,Bariloche,009,0041 ,0502,349,6,15,42,25,45,91,41
16,Bariloche,009,0041 ,0503,350,9,14,52,25,33,80,45
16,Bariloche,009,0041 ,0504,351,7,4,32,29,23,77,53
16,Bariloche,009,0041 ,0505,350,9,11,50,20,21,82,51
16,Bariloche,009,0041 ,0506,350,5,5,32,29,20,103,52
16,Bariloche,009,0041 ,0507,350,12,18,42,29,21,79,38
16,Bariloche,009,0041 ,0508,350,16,1,39,26,23,73,50
16,Bariloche,009,0041 ,0509,348,12,0,43,22,23,96,46
16,Bariloche,009,0041 ,0510,349,6,10,38,17,29,104,47
16,Bariloche,009,0041 ,0511,350,17,24,44,27,17,59,55
16,Bariloche,009,0041 ,0512,349,9,0,46,21,30,66,57
16,Bariloche,009,0041 ,0513,350,16,10,42,21,24,74,49
16,Bariloche,009,0041 ,0514,348,9,12,44,27,30,87,42
16,Bariloche,009,0041 ,0515,349,11,8,40,18,24,101,31
16,Bariloche,009,0041 ,0516,350,9,6,58,26,28,74,34
16,Bariloche,009,0041 ,0517,351,10,3,41,20,28,79,53
16,Bariloche,009,0041 ,0518,349,7,4,25,30,50,71,60
16,Bariloche,009,0041 ,0519,350,7,9,42,17,22,72,66
16,Bariloche,009,0041 ,0520,350,10,24,37,22,30,83,45
16,Bariloche,009,0041 ,0521,350,4,11,38,17,18,73,61
16,Bariloche,009,0041 ,0522,352,3,0,25,18,20,115,39
16,Bariloche,009,0041 ,0523,350,8,5,40,22,29,89,44
16,Bariloche,009,0041 ,0524,350,6,11,35,20,20,82,51
16,Bariloche,009,0041 ,0525,350,6,9,42,19,26,84,39
16,Bariloche,009,0041 ,0526,352,8,10,45,20,19,76,47
16,Bariloche,009,0041 ,0527,348,6,11,33,14,30,83,58
16,Bariloche,009,0041 ,0528,349,7,5,32,18,24,78,47
16,Bariloche,009,0041 ,0529,351,6,11,48,22,22,84,41
16,Bariloche,009,0041 ,0530,351,7,7,45,21,33,71,48
16,Bariloche,009,0041 ,0531,350,7,4,49,19,32,85,38
16,Bariloche,009,0041 ,0532,349,6,13,36,21,19,65,59
16,Bariloche,009,0041 ,0533,349,10,11,45,25,30,78,43
16,Bariloche,009,0041 ,0534,349,13,10,44,28,27,68,50
16,Bariloche,009,0041 ,0535,351,14,11,32,16,34,98,45
16,Bariloche,009,0041 ,0536,351,9,8,43,18,35,91,49
16,Bariloche,009,0041 ,0537,349,6,6,34,17,27,98,55
16,Bariloche,009,0041 ,0538,352,15,10,38,26,24,94,47
16,Bariloche,009,0041 ,0539,350,7,5,26,21,31,79,46
16,Bariloche,009,0041 ,0540,349,10,7,30,20,24,69,65
16,Bariloche,009,0041 ,0541,351,8,6,33,26,21,72,55
16,Bariloche,009,0041 ,0542,348,3,8,35,23,28,86,49
16,Bariloche,009,0041 ,0543,351,8,7,45,18,29,79,45
16,Bariloche,009,0041 ,0544,348,7,13,48,29,37,70,42
16,Bariloche,009,0041 ,0545,349,6,11,49,17,24,61,67
16,Bariloche,009,0041 ,0546,349,17,10,42,15,23,74,51
16,Bariloche,009,0041 ,0547,350,15,11,32,21,31,98,26
16,Bariloche,009,0041 ,0548,352,5,9,37,23,31,79,47
16,Bariloche,009,0041 ,0549,351,17,7,60,14,32,51,61
16,Bariloche,009,0041 ,0550,351,10,12,32,37,22,71,50
16,Bariloche,009,0041 ,0551,349,33,13,32,17,18,71,44
16,Bariloche,009,0041 ,0552,349,9,7,55,29,29,80,36
16,Bariloche,009,0041 ,0553,349,5,11,35,21,32,104,37
16,Bariloche,009,0041 ,0554,350,9,4,39,24,42,92,45
16,Bariloche,009,0041 ,0555,350,12,11,44,30,24,72,52
16,Bariloche,009,0041 ,0556,349,9,10,32,29,35,73,53
16,Bariloche,009,0041 ,0557,349,6,11,51,24,30,84,37
16,Bariloche,009,0041 ,0558,349,10,8,46,17,32,91,40
16,Bariloche,009,0041 ,0559,350,8,15,41,25,23,98,33
16,Bariloche,009,0041 ,0560,349,10,12,40,32,36,69,25
16,Bariloche,009,0041 ,0561,351,2,6,49,21,28,81,38
16,Bariloche,009,0041 ,0562,348,4,0,48,21,20,99,35
16,Bariloche,009,0041 ,0563,349,8,13,44,27,26,84,46
16,Bariloche,009,0041 ,0564,347,7,16,37,12,25,108,42
16,Bariloche,009,0041 ,0565,348,7,14,56,15,29,84,46
16,Bariloche,009,0041 ,0566,351,4,13,35,23,27,75,42
16,Bariloche,009,0041 ,0567,352,23,10,35,14,22,99,41
16,Bariloche,009,0041 ,0568,348,4,15,42,18,23,73,47
16,Bariloche,009,0041 ,0569,351,5,6,50,19,32,66,57
16,Bariloche,009,0041 ,0570,347,18,9,38,19,28,75,68
16,Bariloche,009,0041 ,0571,348,11,9,48,19,27,62,48
16,Bariloche,009,0041 ,0572,349,4,6,40,18,25,87,61
16,Bariloche,009,0041 ,0573,347,4,2,36,22,42,92,54
16,Bariloche,009,0042 ,0574,243,4,5,45,6,15,77,13
16,Bariloche,009,0042 ,0575,242,2,4,67,7,16,84,8
16,Bariloche,009,0043 ,0576,348,18,12,66,18,11,84,38
16,Bariloche,009,0043 ,0577,347,12,8,73,13,16,85,23
16,Bariloche,009,0043 ,0578,346,19,12,59,17,14,86,36
16,Bariloche,009,0043 ,0579,347,10,13,75,13,11,101,26
16,Bariloche,009,0043 ,0580,348,5,6,59,25,14,86,49
16,Bariloche,009,0043 ,0581,349,4,15,72,9,8,86,48
16,Bariloche,009,0043 ,0582,346,14,19,43,16,12,105,46
16,Bariloche,009,0043 ,0583,346,14,19,65,9,17,86,39
16,Bariloche,009,0043 ,0584,348,12,7,53,10,15,95,46
16,Bariloche,009,0043 ,0585,348,5,6,72,21,16,71,40
16,Bariloche,009,0043 ,0586,348,6,15,63,19,17,73,43
16,Bariloche,009,0043 ,0587,348,8,9,57,16,15,80,38
16,Bariloche,009,0043 ,0588,347,4,15,52,11,10,95,36
16,Bariloche,009,0043 ,0589,346,6,16,55,15,19,113,31
16,Bariloche,009,0043 ,0590,347,10,13,59,14,14,102,34
16,Bariloche,009,0043 ,0591,347,6,19,66,11,23,91,41
16,Bariloche,009,0043 ,0592,346,15,25,51,20,14,97,32
16,Bariloche,009,0043 ,0593,344,11,10,57,15,10,91,46
16,Bariloche,009,0043 ,0594,346,7,8,61,13,11,80,31
16,Bariloche,009,0043 ,0595,347,7,16,68,21,15,81,40
16,Bariloche,009,0043 ,0596,349,14,18,52,14,21,98,38
16,Bariloche,009,0043 ,0597,348,10,12,44,11,10,110,43
16,Bariloche,009,0043 ,0598,345,8,8,56,23,13,96,42
16,Bariloche,009,0043 ,0599,346,17,7,59,15,13,101,30
16,Bariloche,009,0043 ,0600,347,11,13,72,12,13,88,35
16,Bariloche,009,0043 ,0601,348,4,10,56,18,16,86,43
16,Bariloche,009,0043 ,0602,347,14,21,58,21,14,97,35
16,Bariloche,009,0043 ,0603,347,11,16,66,11,28,67,26
16,Bariloche,009,0043 ,0604,348,9,17,67,22,16,89,41
16,Bariloche,009,0043 ,0605,348,11,0,73,16,12,101,31
16,Bariloche,009,0043 ,0606,346,12,7,69,16,11,100,34
16,Bariloche,009,0043 ,0607,345,9,10,50,16,21,85,35
16,Bariloche,009,0043 ,0608,347,10,13,78,17,14,81,30
16,Bariloche,009,0043 ,0609,348,17,12,47,12,12,109,45
16,Bariloche,009,0043 ,0610,346,17,17,66,18,12,86,30
16,Bariloche,009,0043 ,0611,346,5,11,57,22,9,89,50
16,Bariloche,009,0043 ,0612,346,9,16,66,13,14,109,29
16,Bariloche,009,0043 ,0613,347,11,17,54,18,12,101,39
16,Bariloche,009,0043 ,0614,346,14,9,55,14,20,83,39
16,Bariloche,009,0043A,0615,280,10,8,41,11,7,73,40
16,Bariloche,009,0043A,0616,283,16,6,29,8,11,53,45
16,Bariloche,009,0043A,0617,281,10,7,32,13,6,65,35
16,Bariloche,009,0043A,0618,283,10,10,45,19,6,62,38
16,Pichi Mahuida,010,0044 ,0619,341,10,7,95,5,5,101,47
16,Pichi Mahuida,010,0044 ,0620,340,7,8,86,5,5,89,60
16,Pichi Mahuida,010,0044 ,0621,340,9,4,101,5,5,69,50
16,Pichi Mahuida,010,0044 ,0622,338,6,7,85,15,6,82,46
16,Pichi Mahuida,010,0044 ,0623,338,5,7,76,7,9,102,60
16,Pichi Mahuida,010,0044 ,0624,338,8,13,62,12,3,124,49
16,Pichi Mahuida,010,0044 ,0625,340,8,3,89,7,4,114,39
16,Pichi Mahuida,010,0044 ,0626,340,5,6,88,10,6,108,44
16,Pichi Mahuida,010,0044 ,0627,340,5,13,80,12,9,84,60
16,Pichi Mahuida,010,0044 ,0628,340,6,6,68,14,5,98,62
16,Pichi Mahuida,010,0044 ,0629,339,0,0,0,0,0,0,0
16,Pichi Mahuida,010,0044 ,0630,340,0,0,0,0,0,0,0
16,Pichi Mahuida,010,0044 ,0631,340,0,0,0,0,0,0,0
16,Pichi Mahuida,010,0044 ,0632,339,11,9,85,7,11,112,42
16,Pichi Mahuida,010,0044 ,0633,341,5,10,83,11,11,82,58
16,Pichi Mahuida,010,0044 ,0634,341,6,3,98,8,6,100,48
16,Pichi Mahuida,010,0044 ,0635,340,6,6,100,11,4,112,53
16,Pichi Mahuida,010,0044 ,0636,341,4,8,95,6,7,80,63
16,Pichi Mahuida,010,0044 ,0637,341,2,3,85,8,9,106,59
16,Pichi Mahuida,010,0044 ,0638,339,2,3,79,4,12,121,41
16,Pichi Mahuida,010,0044 ,0639,339,8,8,82,9,6,83,53
16,Pichi Mahuida,010,0044 ,0640,339,2,2,87,4,3,101,73
16,Pichi Mahuida,010,0044 ,0641,340,3,13,76,7,7,107,51
16,Pichi Mahuida,010,0044 ,0642,340,10,9,88,11,7,80,52
16,Pichi Mahuida,010,0044 ,0643,341,8,3,87,11,5,97,54
16,Pichi Mahuida,010,0044 ,0644,339,5,11,67,3,7,121,66
16,Pichi Mahuida,010,0044 ,0645,342,22,7,91,7,3,95,39
16,Pichi Mahuida,010,0044 ,0646,340,10,9,74,7,12,91,69
16,Pichi Mahuida,010,0044 ,0647,339,5,8,74,6,4,111,62
16,Pichi Mahuida,010,0044 ,0648,341,12,0,60,12,5,126,36
16,Pichi Mahuida,010,0044 ,0649,341,5,8,70,9,6,90,59
16,Pichi Mahuida,010,0044 ,0650,341,11,9,80,4,7,118,44
16,Pichi Mahuida,010,0044 ,0651,340,0,10,67,9,5,119,63
16,Pichi Mahuida,010,0044 ,0652,339,5,4,60,11,13,94,71
16,Avellaneda,011,0047 ,0653,344,10,6,66,8,7,129,33
16,Avellaneda,011,0047 ,0654,342,4,5,66,14,5,129,34
16,Avellaneda,011,0047 ,0655,343,3,12,84,12,7,119,20
16,Avellaneda,011,0047 ,0656,343,8,14,68,6,4,109,39
16,Avellaneda,011,0047 ,0657,343,19,0,62,6,7,140,40
16,Avellaneda,011,0047 ,0658,345,9,10,64,8,12,129,28
16,Avellaneda,011,0047 ,0659,344,9,3,80,9,7,104,46
16,Avellaneda,011,0047 ,0660,341,6,8,83,11,10,128,24
16,Avellaneda,011,0047 ,0661,343,8,9,77,7,9,129,19
16,Avellaneda,011,0047 ,0662,343,10,3,77,5,11,116,28
16,Avellaneda,011,0047 ,0663,343,2,6,75,11,5,134,34
16,Avellaneda,011,0047 ,0664,345,3,13,81,9,8,121,37
16,Avellaneda,011,0047 ,0665,343,10,0,89,8,1,92,40
16,Avellaneda,011,0047 ,0666,341,21,0,83,5,7,119,22
16,Avellaneda,011,0047 ,0667,342,6,11,85,11,4,111,33
16,Avellaneda,011,0047 ,0668,342,4,8,89,12,6,127,24
16,Avellaneda,011,0047 ,0669,342,1,11,81,9,5,125,34
16,Avellaneda,011,0047 ,0670,343,5,8,86,5,6,112,35
16,Avellaneda,011,0047 ,0671,342,3,6,66,9,5,123,44
16,Avellaneda,011,0047 ,0672,343,6,2,79,11,8,132,25
16,Avellaneda,011,0047 ,0673,344,9,12,73,6,8,107,33
16,Avellaneda,011,0047 ,0674,342,1,6,88,4,10,108,39
16,Avellaneda,011,0047 ,0675,343,4,10,59,10,7,125,41
16,Avellaneda,011,0047 ,0676,340,12,8,78,8,5,124,32
16,Avellaneda,011,0047 ,0677,342,3,7,83,3,4,114,34
16,Avellaneda,011,0048 ,0678,340,4,7,95,2,13,119,35
16,Avellaneda,011,0048 ,0679,338,7,11,87,7,6,117,38
16,Avellaneda,011,0048 ,0680,337,4,6,58,9,3,151,29
16,Avellaneda,011,0048 ,0681,335,4,7,96,6,6,106,36
16,Avellaneda,011,0048 ,0682,336,10,6,84,7,7,113,26
16,Avellaneda,011,0048 ,0683,336,6,0,73,5,8,144,25
16,Avellaneda,011,0048 ,0684,339,1,2,74,7,8,155,29
16,Avellaneda,011,0048 ,0685,338,5,8,86,6,11,129,21
16,Avellaneda,011,0048 ,0686,335,7,4,68,10,5,123,28
16,Avellaneda,011,0048 ,0687,335,3,3,84,7,20,112,36
16,Avellaneda,011,0048 ,0688,336,5,3,94,9,11,103,21
16,Avellaneda,011,0048 ,0689,334,3,11,81,8,10,128,20
16,Avellaneda,011,0048 ,0690,334,4,0,79,2,12,139,26
16,Avellaneda,011,0048 ,0691,335,8,11,77,5,4,141,22
16,Avellaneda,011,0048 ,0692,338,8,5,85,3,6,123,28
16,Avellaneda,011,0049 ,0693,332,25,8,100,4,7,96,14
16,Avellaneda,011,0049 ,0694,332,7,19,72,7,2,131,26
16,Avellaneda,011,0049 ,0695,329,7,8,87,8,6,117,21
16,Avellaneda,011,0049 ,0696,333,5,7,70,6,11,125,30
16,Avellaneda,011,0049 ,0697,332,7,5,75,7,6,133,24
16,Avellaneda,011,0049 ,0698,334,11,12,79,3,15,118,33
16,Avellaneda,011,0049 ,0699,333,7,7,77,9,6,125,22
16,Avellaneda,011,0049 ,0700,332,4,7,70,3,5,147,23
16,Avellaneda,011,0049 ,0701,331,8,6,86,11,7,111,28
16,Avellaneda,011,0049 ,0702,330,4,6,89,9,6,119,17
16,Avellaneda,011,0049 ,0703,331,11,14,71,5,7,147,18
16,Avellaneda,011,0049 ,0704,332,5,13,81,6,8,130,20
16,Avellaneda,011,0049 ,0705,331,11,5,93,9,7,119,22
16,Avellaneda,011,0049 ,0706,330,0,1,89,5,10,98,33
16,Avellaneda,011,0049 ,0707,331,11,8,82,4,5,127,24
16,Avellaneda,011,0049 ,0708,331,8,14,89,3,13,119,14
16,Avellaneda,011,0049 ,0709,332,6,27,75,5,5,115,36
16,Avellaneda,011,0050 ,0710,269,6,0,81,1,4,99,16
16,Avellaneda,011,0050 ,0711,271,10,0,72,3,7,107,9
16,Avellaneda,011,0050 ,0712,269,13,0,93,5,4,79,19
16,Avellaneda,011,0051 ,0713,21,1,0,5,1,1,4,2
16,Avellaneda,011,0052 ,0714,269,5,6,96,4,5,107,5
16,Avellaneda,011,0052 ,0715,275,3,11,94,3,1,100,8
16,Avellaneda,011,0052 ,0716,271,5,5,109,3,6,96,9
16,Avellaneda,011,0053 ,0717,289,10,5,73,2,6,104,19
16,Avellaneda,011,0053 ,0718,290,10,4,76,1,3,119,16
16,Avellaneda,011,0053 ,0719,288,12,6,96,5,5,73,23
16,Avellaneda,011,0053 ,0720,289,0,0,87,3,5,96,22
16,Avellaneda,011,0054 ,0721,339,6,7,111,8,3,107,24
16,Avellaneda,011,0054 ,0722,338,3,8,132,2,3,94,19
16,Avellaneda,011,0054 ,0723,338,4,3,136,5,5,83,17
16,Avellaneda,011,0054 ,0724,339,4,3,134,5,3,83,22
16,Avellaneda,011,0054 ,0725,341,3,5,112,5,10,82,30
16,Avellaneda,011,0054 ,0726,341,4,10,124,4,8,103,17
16,Avellaneda,011,0054 ,0727,339,10,3,102,9,6,97,34
16,Avellaneda,011,0054 ,0728,340,5,6,123,8,5,107,23
16,Avellaneda,011,0054 ,0729,336,5,3,130,5,4,83,39
16,Avellaneda,011,0055 ,0730,61,5,1,12,0,0,22,4
16,General Roca,012,0057 ,0731,317,5,8,73,11,7,132,15
16,General Roca,012,0057 ,0732,317,5,6,105,8,9,109,15
16,General Roca,012,0057 ,0733,315,8,8,92,10,7,102,25
16,General Roca,012,0057 ,0734,316,8,7,108,9,5,114,12
16,General Roca,012,0057 ,0735,316,7,7,70,8,7,125,14
16,General Roca,012,0057 ,0736,315,3,11,77,9,11,113,27
16,General Roca,012,0057 ,0737,315,7,4,104,4,11,95,31
16,General Roca,012,0057 ,0738,316,13,10,91,7,9,115,14
16,General Roca,012,0057 ,0739,315,9,3,116,8,12,100,12
16,General Roca,012,0057 ,0740,316,3,6,86,6,8,128,14
16,General Roca,012,0058 ,0741,350,3,12,77,20,10,122,36
16,General Roca,012,0058 ,0742,351,4,14,72,28,8,121,31
16,General Roca,012,0058 ,0743,352,5,8,56,26,7,130,38
16,General Roca,012,0058 ,0744,353,5,10,79,15,6,106,29
16,General Roca,012,0058 ,0745,351,10,12,62,23,20,111,34
16,General Roca,012,0058 ,0746,349,4,8,76,17,16,98,40
16,General Roca,012,0058 ,0747,352,3,10,76,16,12,98,48
16,General Roca,012,0058 ,0748,351,8,5,79,19,10,86,70
16,General Roca,012,0058 ,0749,351,9,14,79,16,13,109,31
16,General Roca,012,0058 ,0750,349,10,6,77,19,8,108,31
16,General Roca,012,0058 ,0751,350,7,10,80,27,7,109,36
16,General Roca,012,0058 ,0752,351,3,11,72,35,7,95,44
16,General Roca,012,0058 ,0753,350,8,8,65,20,6,121,34
16,General Roca,012,0058 ,0754,350,6,4,71,25,6,127,34
16,General Roca,012,0058 ,0755,350,5,4,63,19,8,107,54
16,General Roca,012,0058 ,0756,350,5,11,83,19,7,115,36
16,General Roca,012,0058 ,0757,352,3,9,77,22,8,111,51
16,General Roca,012,0058 ,0758,351,8,13,77,17,17,105,39
16,General Roca,012,0058 ,0759,349,13,4,75,21,10,95,53
16,General Roca,012,0058 ,0760,349,14,21,64,22,11,98,51
16,General Roca,012,0058 ,0761,350,5,6,57,28,7,118,41
16,General Roca,012,0058 ,0762,349,8,4,65,23,6,110,42
16,General Roca,012,0058 ,0763,350,10,22,74,36,8,90,41
16,General Roca,012,0058 ,0764,351,7,20,71,19,7,91,48
16,General Roca,012,0058 ,0765,349,5,6,60,21,11,138,37
16,General Roca,012,0058 ,0766,349,6,5,71,23,9,93,46
16,General Roca,012,0058 ,0767,350,8,9,81,20,10,110,31
16,General Roca,012,0058 ,0768,349,2,5,75,10,13,85,68
16,General Roca,012,0058 ,0769,350,11,10,70,24,15,102,44
16,General Roca,012,0058 ,0770,350,7,9,77,23,5,115,35
16,General Roca,012,0058 ,0771,350,9,8,68,16,12,95,40
16,General Roca,012,0058 ,0772,349,13,2,82,20,12,93,49
16,General Roca,012,0058 ,0773,348,13,7,76,17,5,117,37
16,General Roca,012,0058 ,0774,349,13,6,70,31,4,125,31
16,General Roca,012,0058 ,0775,349,13,9,72,25,20,98,38
16,General Roca,012,0058 ,0776,352,11,7,74,16,17,121,36
16,General Roca,012,0058 ,0777,349,22,10,61,21,4,115,37
16,General Roca,012,0058 ,0778,349,0,4,75,22,15,129,41
16,General Roca,012,0058 ,0779,347,11,13,62,27,11,96,38
16,General Roca,012,0058 ,0780,349,3,4,75,26,5,130,41
16,General Roca,012,0058 ,0781,350,7,9,67,22,11,116,46
16,General Roca,012,0058 ,0782,349,8,14,59,18,13,123,39
16,General Roca,012,0058 ,0783,349,4,5,70,32,8,127,31
16,General Roca,012,0058 ,0784,350,7,6,68,20,14,131,34
16,General Roca,012,0058 ,0785,348,8,7,73,19,4,125,47
16,General Roca,012,0058 ,0786,349,4,11,56,24,6,101,45
16,General Roca,012,0058 ,0787,349,5,10,64,31,16,119,36
16,General Roca,012,0058 ,0788,348,2,3,70,25,9,123,44
16,General Roca,012,0058 ,0789,350,2,10,82,19,12,109,28
16,General Roca,012,0058 ,0790,350,6,14,63,20,9,126,35
16,General Roca,012,0058 ,0791,349,7,5,60,32,9,98,52
16,General Roca,012,0058 ,0792,350,4,8,55,35,14,122,39
16,General Roca,012,0058 ,0793,350,8,10,55,25,10,111,45
16,General Roca,012,0058 ,0794,350,11,3,64,32,6,119,40
16,General Roca,012,0058 ,0795,350,9,10,67,19,15,115,35
16,General Roca,012,0058 ,0796,349,7,5,82,25,8,119,35
16,General Roca,012,0058 ,0797,349,6,5,57,18,13,137,33
16,General Roca,012,0058 ,0798,349,10,4,70,25,8,97,61
16,General Roca,012,0058 ,0799,350,10,6,57,18,13,130,30
16,General Roca,012,0058 ,0800,348,4,14,71,17,11,133,33
16,General Roca,012,0058 ,0801,349,1,8,68,19,20,101,42
16,General Roca,012,0058 ,0802,349,4,11,56,19,19,115,47
16,General Roca,012,0058 ,0803,350,11,8,68,25,8,113,38
16,General Roca,012,0058 ,0804,349,4,11,72,26,6,94,51
16,General Roca,012,0058 ,0805,349,8,11,67,25,9,88,47
16,General Roca,012,0058 ,0806,350,12,4,79,17,13,125,26
16,General Roca,012,0058 ,0807,350,9,8,64,29,3,123,32
16,General Roca,012,0058 ,0808,349,20,7,60,27,7,125,30
16,General Roca,012,0058 ,0809,348,6,11,61,21,15,107,50
16,General Roca,012,0058 ,0810,349,7,10,79,22,12,103,28
16,General Roca,012,0058 ,0811,349,5,8,74,23,22,108,44
16,General Roca,012,0059 ,0812,344,10,16,43,7,13,147,37
16,General Roca,012,0059 ,0813,342,6,8,72,13,9,128,26
16,General Roca,012,0059 ,0814,342,6,12,55,6,17,139,26
16,General Roca,012,0059 ,0815,344,5,10,46,13,29,145,22
16,General Roca,012,0059 ,0816,342,10,3,71,10,11,152,17
16,General Roca,012,0059 ,0817,341,2,8,49,15,8,151,28
16,General Roca,012,0059 ,0818,341,8,10,46,17,11,160,32
16,General Roca,012,0059 ,0819,341,7,3,68,12,10,162,17
16,General Roca,012,0059 ,0820,341,8,8,61,11,19,139,31
16,General Roca,012,0060 ,0821,335,4,11,117,8,4,102,27
16,General Roca,012,0060 ,0822,337,8,19,96,7,5,118,21
16,General Roca,012,0060 ,0823,340,8,4,128,7,10,81,32
16,General Roca,012,0060 ,0824,337,21,14,95,119,11,18,0
16,General Roca,012,0060 ,0825,336,9,14,93,14,4,104,23
16,General Roca,012,0060 ,0826,337,10,10,114,11,6,97,17
16,General Roca,012,0060 ,0827,339,7,10,92,5,11,112,30
16,General Roca,012,0060 ,0828,337,8,17,97,8,5,101,26
16,General Roca,012,0060 ,0829,337,9,6,81,14,8,123,29
16,General Roca,012,0060 ,0830,336,7,11,107,12,4,111,31
16,General Roca,012,0060 ,0831,336,9,9,109,10,3,116,24
16,General Roca,012,0060 ,0832,337,9,2,98,5,7,111,32
16,General Roca,012,0060 ,0833,337,6,9,98,11,11,109,26
16,General Roca,012,0060 ,0834,336,4,11,108,9,8,105,27
16,General Roca,012,0060 ,0835,336,8,5,104,8,6,105,25
16,General Roca,012,0061 ,0836,310,15,4,30,7,7,162,39
16,General Roca,012,0061 ,0837,310,8,4,31,5,3,163,27
16,General Roca,012,0061 ,0838,308,6,3,43,3,4,157,19
16,General Roca,012,0061 ,0839,307,12,3,40,9,6,151,23
16,General Roca,012,0061 ,0840,308,8,4,39,6,6,147,34
16,General Roca,012,0061 ,0841,308,7,10,34,4,8,155,39
16,General Roca,012,0062 ,0842,331,13,4,78,5,6,146,29
16,General Roca,012,0062 ,0843,328,11,5,69,4,7,124,38
16,General Roca,012,0062 ,0844,331,11,5,66,6,4,157,22
16,General Roca,012,0062 ,0845,330,13,4,87,3,7,117,24
16,General Roca,012,0062 ,0846,331,12,12,60,5,3,132,30
16,General Roca,012,0062 ,0847,330,15,3,62,7,3,149,28
16,General Roca,012,0062 ,0848,331,10,11,55,6,5,156,32
16,General Roca,012,0062 ,0849,331,7,3,56,7,7,148,33
16,General Roca,012,0062 ,0850,330,7,2,70,4,6,131,40
16,General Roca,012,0062 ,0851,331,6,6,48,13,15,133,39
16,General Roca,012,0062 ,0852,330,13,10,62,8,8,121,28
16,General Roca,012,0062 ,0853,330,11,3,31,8,4,148,34
16,General Roca,012,0062 ,0854,329,7,5,84,3,6,131,34
16,General Roca,012,0063 ,0855,349,4,4,44,20,8,107,67
16,General Roca,012,0063 ,0856,351,2,12,50,12,7,112,71
16,General Roca,012,0063 ,0857,348,3,17,45,24,4,131,37
16,General Roca,012,0063 ,0858,349,5,6,45,18,6,104,64
16,General Roca,012,0063 ,0859,349,10,15,38,15,12,93,71
16,General Roca,012,0063 ,0860,350,17,9,34,24,12,102,63
16,General Roca,012,0063 ,0861,348,8,8,38,16,9,122,71
16,General Roca,012,0063 ,0862,350,19,13,46,22,6,116,42
16,General Roca,012,0063 ,0863,348,9,8,51,15,9,116,58
16,General Roca,012,0063 ,0864,350,14,11,47,15,11,94,56
16,General Roca,012,0063 ,0865,347,14,9,51,15,7,109,51
16,General Roca,012,0063 ,0866,349,11,3,41,14,8,105,76
16,General Roca,012,0063 ,0867,349,8,11,42,10,7,108,84
16,General Roca,012,0063 ,0868,349,14,9,23,13,9,130,76
16,General Roca,012,0063 ,0869,348,12,4,50,19,6,99,77
16,General Roca,012,0063 ,0870,350,11,5,40,11,9,128,70
16,General Roca,012,0063 ,0871,350,12,4,44,14,4,127,63
16,General Roca,012,0063 ,0872,350,9,7,53,24,5,102,67
16,General Roca,012,0063 ,0873,349,15,7,38,13,14,107,73
16,General Roca,012,0063 ,0874,348,3,12,48,15,7,93,77
16,General Roca,012,0063 ,0875,348,15,7,56,13,8,93,75
16,General Roca,012,0063 ,0876,347,1,5,55,21,5,78,91
16,General Roca,012,0063 ,0877,352,4,13,60,12,7,90,86
16,General Roca,012,0063 ,0878,349,12,8,34,16,5,124,74
16,General Roca,012,0063 ,0879,349,10,8,44,16,4,92,93
16,General Roca,012,0063 ,0880,350,5,1,53,15,11,124,60
16,General Roca,012,0063 ,0881,349,4,7,53,22,5,102,82
16,General Roca,012,0063 ,0882,351,9,6,44,20,6,97,76
16,General Roca,012,0063 ,0883,350,9,12,36,21,8,127,52
16,General Roca,012,0063 ,0884,351,28,7,41,17,9,118,51
16,General Roca,012,0063 ,0885,350,16,11,54,11,7,104,64
16,General Roca,012,0063 ,0886,349,12,11,42,11,5,121,56
16,General Roca,012,0063 ,0887,350,15,4,43,20,7,125,51
16,General Roca,012,0063 ,0888,348,14,8,44,20,10,125,47
16,General Roca,012,0063 ,0889,349,17,9,46,17,8,117,50
16,General Roca,012,0063 ,0890,349,6,10,40,17,5,131,49
16,General Roca,012,0063 ,0891,349,14,12,33,19,7,118,63
16,General Roca,012,0063 ,0892,350,19,10,39,11,6,109,61
16,General Roca,012,0063 ,0893,350,19,5,33,10,11,119,76
16,General Roca,012,0063 ,0894,348,13,5,40,12,12,119,66
16,General Roca,012,0063 ,0895,349,2,8,52,9,7,119,54
16,General Roca,012,0063 ,0896,348,11,10,59,15,4,118,59
16,General Roca,012,0063 ,0897,349,10,0,40,11,12,114,48
16,General Roca,012,0063 ,0898,351,3,6,38,11,3,132,57
16,General Roca,012,0063 ,0899,350,17,10,41,19,6,125,56
16,General Roca,012,0063 ,0900,350,15,11,33,18,11,99,80
16,General Roca,012,0063 ,0901,349,26,12,33,12,9,124,58
16,General Roca,012,0063 ,0902,349,12,4,37,12,17,127,67
16,General Roca,012,0063 ,0903,348,13,8,49,22,6,89,73
16,General Roca,012,0063 ,0904,351,14,11,37,24,9,82,90
16,General Roca,012,0063 ,0905,348,2,10,51,15,10,115,49
16,General Roca,012,0063 ,0906,349,18,5,43,16,9,115,64
16,General Roca,012,0063 ,0907,350,11,7,49,21,8,106,72
16,General Roca,012,0063 ,0908,350,19,10,39,14,7,111,58
16,General Roca,012,0063 ,0909,348,12,4,44,17,6,120,71
16,General Roca,012,0063 ,0910,349,17,10,45,17,3,106,58
16,General Roca,012,0063 ,0911,348,12,6,50,10,11,120,52
16,General Roca,012,0063 ,0912,350,7,7,52,21,3,93,78
16,General Roca,012,0063 ,0913,350,16,10,47,17,6,99,63
16,General Roca,012,0063 ,0914,348,9,8,45,22,4,103,79
16,General Roca,012,0063 ,0915,350,10,6,48,15,9,84,84
16,General Roca,012,0063 ,0916,349,16,17,38,17,7,106,65
16,General Roca,012,0063 ,0917,349,0,13,40,17,10,131,52
16,General Roca,012,0063 ,0918,350,5,15,49,23,9,88,81
16,General Roca,012,0063 ,0919,350,9,12,46,23,8,126,51
16,General Roca,012,0063 ,0920,349,9,5,41,12,3,110,81
16,General Roca,012,0063 ,0921,350,9,5,42,25,6,117,73
16,General Roca,012,0063 ,0922,350,9,13,46,17,4,101,82
16,General Roca,012,0063 ,0923,353,15,10,43,18,5,104,61
16,General Roca,012,0063 ,0924,349,9,11,50,18,5,97,75
16,General Roca,012,0063 ,0925,350,16,5,40,21,12,100,63
16,General Roca,012,0063 ,0926,351,14,6,47,8,10,99,76
16,General Roca,012,0063 ,0927,351,4,8,46,10,6,111,70
16,General Roca,012,0063 ,0928,349,14,7,38,12,4,109,72
16,General Roca,012,0063 ,0929,348,20,13,39,15,9,108,67
16,General Roca,012,0063 ,0930,348,15,7,35,20,10,112,66
16,General Roca,012,0063 ,0931,349,21,9,48,10,6,101,73
16,General Roca,012,0063 ,0932,349,3,7,44,18,3,96,76
16,General Roca,012,0063 ,0933,349,21,8,57,14,4,118,60
16,General Roca,012,0063 ,0934,350,1,6,50,15,13,111,68
16,General Roca,012,0063 ,0935,350,19,11,43,24,7,129,51
16,General Roca,012,0063 ,0936,351,5,9,43,12,11,112,76
16,General Roca,012,0063 ,0937,348,19,6,46,18,6,108,56
16,General Roca,012,0063 ,0938,348,14,5,48,17,6,104,59
16,General Roca,012,0063 ,0939,348,16,12,42,17,10,125,57
16,General Roca,012,0063 ,0940,348,14,9,39,21,10,129,45
16,General Roca,012,0063 ,0941,349,11,5,43,15,7,96,74
16,General Roca,012,0063 ,0942,350,9,13,47,10,10,103,85
16,General Roca,012,0063 ,0943,350,7,10,70,11,12,107,55
16,General Roca,012,0063 ,0944,349,23,6,33,18,9,144,37
16,General Roca,012,0063 ,0945,350,12,12,40,14,8,103,73
16,General Roca,012,0063 ,0946,349,12,13,43,11,6,98,65
16,General Roca,012,0063 ,0947,349,14,16,66,12,3,115,48
16,General Roca,012,0063 ,0948,348,18,9,46,13,9,109,71
16,General Roca,012,0063 ,0949,348,19,9,38,15,5,124,51
16,General Roca,012,0063 ,0950,350,9,10,37,14,9,110,69
16,General Roca,012,0063 ,0951,350,19,15,30,12,7,153,43
16,General Roca,012,0063 ,0952,346,14,3,49,15,5,120,70
16,General Roca,012,0063 ,0953,350,6,11,40,13,7,108,77
16,General Roca,012,0063 ,0954,349,11,11,39,9,6,118,65
16,General Roca,012,0063 ,0955,348,3,7,53,11,7,108,78
16,General Roca,012,0063 ,0956,348,6,13,52,14,4,108,64
16,General Roca,012,0063 ,0957,348,12,2,50,15,7,101,75
16,General Roca,012,0063 ,0958,349,10,8,48,9,3,113,77
16,General Roca,012,0063 ,0959,349,12,13,44,14,7,106,73
16,General Roca,012,0063 ,0960,349,11,3,51,20,10,122,59
16,General Roca,012,0063 ,0961,349,13,14,43,16,11,117,56
16,General Roca,012,0063 ,0962,349,13,11,51,17,8,85,78
16,General Roca,012,0063 ,0963,349,8,12,58,14,6,87,79
16,General Roca,012,0063 ,0964,349,1,13,40,28,7,79,96
16,General Roca,012,0063 ,0965,349,20,5,37,13,3,114,82
16,General Roca,012,0063 ,0966,350,16,12,40,9,14,104,68
16,General Roca,012,0063 ,0967,348,10,11,43,19,11,108,64
16,General Roca,012,0063 ,0968,349,12,11,33,12,5,122,65
16,General Roca,012,0063 ,0969,349,18,13,51,11,9,98,67
16,General Roca,012,0063 ,0970,349,7,7,53,10,5,120,68
16,General Roca,012,0063 ,0971,351,15,2,45,14,10,99,74
16,General Roca,012,0063 ,0972,350,10,7,36,15,7,127,58
16,General Roca,012,0063 ,0973,352,14,8,46,20,2,109,66
16,General Roca,012,0063 ,0974,350,12,6,43,15,2,132,53
16,General Roca,012,0063 ,0975,349,11,9,35,15,4,125,64
16,General Roca,012,0063 ,0976,349,2,5,49,18,4,100,68
16,General Roca,012,0063 ,0977,349,30,10,49,7,4,126,36
16,General Roca,012,0063 ,0978,350,22,13,43,13,9,135,48
16,General Roca,012,0063 ,0979,351,2,10,35,12,13,141,53
16,General Roca,012,0063 ,0980,350,24,13,45,15,11,100,65
16,General Roca,012,0063 ,0981,349,20,8,47,22,1,100,60
16,General Roca,012,0063 ,0982,347,14,9,33,9,8,131,61
16,General Roca,012,0063 ,0983,350,0,8,43,22,3,112,59
16,General Roca,012,0063 ,0984,349,10,7,52,14,13,121,60
16,General Roca,012,0063 ,0985,349,12,12,45,26,2,103,65
16,General Roca,012,0063 ,0986,349,4,7,42,25,5,123,54
16,General Roca,012,0063 ,0987,350,2,10,43,23,4,119,60
16,General Roca,012,0063 ,0988,347,2,14,33,27,7,127,52
16,General Roca,012,0063 ,0989,349,5,4,48,21,5,112,57
16,General Roca,012,0063 ,0990,349,9,6,50,15,4,136,50
16,General Roca,012,0063 ,0991,348,8,8,47,16,8,103,81
16,General Roca,012,0063 ,0992,348,13,10,33,11,7,91,97
16,General Roca,012,0063 ,0993,349,14,9,39,16,7,107,76
16,General Roca,012,0063 ,0994,348,10,8,34,19,12,96,82
16,General Roca,012,0063 ,0995,349,16,9,49,13,6,92,77
16,General Roca,012,0063 ,0996,348,23,3,36,15,4,117,58
16,General Roca,012,0063 ,0997,350,12,10,48,21,11,88,67
16,General Roca,012,0063 ,0998,349,16,5,40,13,9,109,85
16,General Roca,012,0063 ,0999,349,14,7,32,16,11,102,77
16,General Roca,012,0063 ,1000,349,14,12,47,11,3,116,67
16,General Roca,012,0063 ,1001,349,11,7,52,26,3,126,55
16,General Roca,012,0063 ,1002,349,16,7,40,13,7,86,74
16,General Roca,012,0063 ,1003,348,4,6,46,9,8,140,49
16,General Roca,012,0063 ,1004,349,11,15,39,15,8,116,67
16,General Roca,012,0063 ,1005,348,19,9,46,17,7,116,58
16,General Roca,012,0063 ,1006,348,14,3,64,17,9,106,60
16,General Roca,012,0063 ,1007,348,35,7,59,16,11,109,44
16,General Roca,012,0063 ,1008,348,20,8,42,15,9,118,61
16,General Roca,012,0063 ,1009,350,14,4,41,13,4,108,65
16,General Roca,012,0063 ,1010,351,1,2,49,11,10,125,55
16,General Roca,012,0063 ,1011,348,7,6,51,17,6,101,71
16,General Roca,012,0063 ,1012,349,15,12,42,13,2,108,71
16,General Roca,012,0063 ,1013,348,12,4,39,15,8,116,68
16,General Roca,012,0063 ,1014,349,12,13,41,12,6,111,76
16,General Roca,012,0063 ,1015,347,14,11,44,6,5,102,81
16,General Roca,012,0063 ,1016,348,10,10,40,14,8,128,47
16,General Roca,012,0063 ,1017,349,8,19,46,16,13,118,47
16,General Roca,012,0063 ,1018,347,17,19,53,17,9,104,59
16,General Roca,012,0063 ,1019,348,10,12,47,15,5,115,57
16,General Roca,012,0063 ,1020,347,9,13,39,10,8,118,62
16,General Roca,012,0063 ,1021,348,12,18,38,26,11,119,51
16,General Roca,012,0063 ,1022,348,15,16,51,9,9,128,52
16,General Roca,012,0063 ,1023,349,16,4,50,12,8,108,60
16,General Roca,012,0063 ,1024,349,5,6,47,22,9,84,95
16,General Roca,012,0063 ,1025,347,20,14,52,14,10,122,51
16,General Roca,012,0063 ,1026,349,15,1,48,15,6,94,68
16,General Roca,012,0063 ,1027,349,19,8,44,10,7,119,72
16,General Roca,012,0063 ,1028,347,10,8,38,12,6,103,65
16,General Roca,012,0063 ,1029,349,14,15,40,18,3,126,35
16,General Roca,012,0063 ,1030,347,6,13,48,14,10,104,74
16,General Roca,012,0063 ,1031,348,5,15,50,18,23,86,71
16,General Roca,012,0063 ,1032,348,15,9,53,18,9,92,58
16,General Roca,012,0063 ,1033,348,11,4,43,17,11,106,72
16,General Roca,012,0063 ,1034,348,15,13,31,11,7,150,44
16,General Roca,012,0063 ,1035,348,20,12,50,18,7,111,58
16,General Roca,012,0063 ,1036,347,16,4,56,7,6,123,61
16,General Roca,012,0063 ,1037,346,16,19,51,16,8,107,62
16,General Roca,012,0063 ,1038,351,14,12,40,8,16,120,60
16,General Roca,012,0063 ,1039,350,2,15,29,10,12,154,53
16,General Roca,012,0063 ,1040,349,6,7,42,11,10,118,65
16,General Roca,012,0063 ,1041,349,8,19,45,21,5,124,61
16,General Roca,012,0063 ,1042,349,20,15,35,10,8,141,62
16,General Roca,012,0063 ,1043,348,14,6,52,16,6,115,60
16,General Roca,012,0063 ,1044,349,7,6,47,14,10,101,86
16,General Roca,012,0063 ,1045,347,6,2,40,15,10,126,59
16,General Roca,012,0063 ,1046,347,18,14,56,13,6,102,66
16,General Roca,012,0063 ,1047,348,8,8,41,14,5,117,71
16,General Roca,012,0063 ,1048,349,22,7,57,15,8,98,54
16,General Roca,012,0063 ,1049,348,10,11,41,16,5,107,74
16,General Roca,012,0063 ,1050,352,17,6,51,19,3,93,75
16,General Roca,012,0064 ,1051,346,15,11,49,11,15,129,39
16,General Roca,012,0064 ,1052,345,5,15,64,14,15,108,52
16,General Roca,012,0064 ,1053,347,7,21,61,0,17,130,49
16,General Roca,012,0064 ,1054,346,9,13,69,9,11,117,42
16,General Roca,012,0064 ,1055,346,5,14,64,16,21,122,38
16,General Roca,012,0064 ,1056,347,7,9,85,8,15,97,62
16,General Roca,012,0064 ,1057,344,5,12,68,8,8,101,60
16,General Roca,012,0064 ,1058,347,10,13,62,13,12,103,56
16,General Roca,012,0064 ,1059,348,10,14,46,14,14,114,38
16,General Roca,012,0064 ,1060,347,9,17,67,16,12,111,40
16,General Roca,012,0064 ,1061,346,11,10,72,15,17,118,44
16,General Roca,012,0064 ,1062,345,4,11,62,11,7,119,53
16,General Roca,012,0064 ,1063,347,5,14,77,17,19,92,53
16,General Roca,012,0064 ,1064,349,13,7,51,15,23,119,52
16,General Roca,012,0064 ,1065,346,20,5,79,13,11,84,67
16,General Roca,012,0064 ,1066,346,2,11,60,9,18,100,71
16,General Roca,012,0064 ,1067,346,11,7,76,8,17,78,57
16,General Roca,012,0064 ,1068,345,12,13,69,17,16,101,41
16,General Roca,012,0064 ,1069,345,5,14,62,8,14,109,55
16,General Roca,012,0064 ,1070,347,8,13,68,10,13,112,65
16,General Roca,012,0064 ,1071,346,9,0,64,10,11,103,42
16,General Roca,012,0064 ,1072,345,5,16,76,15,14,82,54
16,General Roca,012,0064 ,1073,346,9,17,81,17,12,115,34
16,General Roca,012,0064 ,1074,347,20,12,70,9,14,108,44
16,General Roca,012,0064 ,1075,346,20,0,52,20,18,110,49
16,General Roca,012,0064 ,1076,346,13,12,68,13,16,96,44
16,General Roca,012,0064 ,1077,346,8,10,76,1,22,107,45
16,General Roca,012,0064 ,1078,347,11,15,56,9,11,125,45
16,General Roca,012,0064 ,1079,345,9,7,65,10,15,114,57
16,General Roca,012,0064 ,1080,343,12,11,63,10,10,98,53
16,General Roca,012,0064 ,1081,346,7,7,75,13,16,104,42
16,General Roca,012,0064 ,1082,346,10,16,80,4,12,58,101
16,General Roca,012,0064 ,1083,346,13,9,88,11,10,101,33
16,General Roca,012,0064 ,1084,345,10,20,68,10,17,105,48
16,General Roca,012,0064 ,1085,343,9,1,77,10,17,114,41
16,General Roca,012,0064 ,1086,345,8,7,80,12,12,104,49
16,General Roca,012,0064 ,1087,345,14,9,80,15,19,87,54
16,General Roca,012,0064 ,1088,345,10,6,64,12,16,106,57
16,General Roca,012,0064 ,1089,345,9,7,65,12,17,105,56
16,General Roca,012,0064 ,1090,345,10,9,65,6,14,105,61
16,General Roca,012,0064 ,1091,346,6,13,59,10,16,134,41
16,General Roca,012,0064 ,1092,344,11,6,50,11,18,113,52
16,General Roca,012,0064 ,1093,346,6,10,66,18,12,124,47
16,General Roca,012,0064 ,1094,344,8,12,67,19,11,114,50
16,General Roca,012,0064 ,1095,345,10,3,84,8,22,101,55
16,General Roca,012,0064 ,1096,344,16,8,64,14,18,102,44
16,General Roca,012,0064 ,1097,345,15,7,99,17,13,90,52
16,General Roca,012,0064 ,1098,346,12,15,71,18,8,101,50
16,General Roca,012,0064 ,1099,344,11,11,60,10,9,106,61
16,General Roca,012,0064 ,1100,345,7,4,63,9,5,120,67
16,General Roca,012,0064 ,1101,346,11,13,72,26,11,76,71
16,General Roca,012,0064 ,1102,347,16,13,68,16,20,86,47
16,General Roca,012,0064 ,1103,345,10,6,56,19,15,113,58
16,General Roca,012,0064 ,1104,346,7,10,60,16,15,126,42
16,General Roca,012,0064 ,1105,345,9,13,73,8,15,110,47
16,General Roca,012,0065 ,1106,352,10,15,59,29,14,109,53
16,General Roca,012,0065 ,1107,348,10,20,64,31,22,96,45
16,General Roca,012,0065 ,1108,350,25,14,59,27,14,101,59
16,General Roca,012,0065 ,1109,349,7,5,55,21,14,105,64
16,General Roca,012,0065 ,1110,349,9,16,60,26,9,94,64
16,General Roca,012,0065 ,1111,348,13,17,61,27,12,75,72
16,General Roca,012,0065 ,1112,350,14,6,58,22,15,97,48
16,General Roca,012,0065 ,1113,353,7,12,81,22,25,94,43
16,General Roca,012,0065 ,1114,349,15,10,60,24,16,81,66
16,General Roca,012,0065 ,1115,350,13,15,65,23,13,105,47
16,General Roca,012,0065 ,1116,350,14,11,56,28,15,98,47
16,General Roca,012,0065 ,1117,351,3,18,50,20,18,118,50
16,General Roca,012,0065 ,1118,349,12,13,67,21,9,70,59
16,General Roca,012,0065 ,1119,349,9,9,52,28,12,98,67
16,General Roca,012,0065 ,1120,350,12,10,56,25,18,89,67
16,General Roca,012,0065 ,1121,351,7,15,73,33,19,84,54
16,General Roca,012,0065 ,1122,351,12,0,58,24,13,108,62
16,General Roca,012,0065 ,1123,351,16,14,77,15,14,89,54
16,General Roca,012,0065 ,1124,349,5,8,80,15,16,75,89
16,General Roca,012,0065 ,1125,350,10,8,72,33,15,59,74
16,General Roca,012,0065 ,1126,350,4,12,66,16,10,79,66
16,General Roca,012,0065 ,1127,351,5,5,77,22,9,112,54
16,General Roca,012,0065 ,1128,350,12,10,63,17,21,97,57
16,General Roca,012,0065 ,1129,349,7,12,57,26,22,88,61
16,General Roca,012,0065 ,1130,349,4,18,60,25,16,117,42
16,General Roca,012,0065 ,1131,349,7,13,65,23,18,71,76
16,General Roca,012,0065 ,1132,348,12,11,49,37,16,95,56
16,General Roca,012,0065 ,1133,349,7,17,55,16,18,105,40
16,General Roca,012,0065 ,1134,349,15,10,54,28,12,81,62
16,General Roca,012,0065 ,1135,350,14,13,58,24,15,117,43
16,General Roca,012,0065 ,1136,350,16,22,61,20,18,96,56
16,General Roca,012,0065 ,1137,350,11,13,43,19,7,125,55
16,General Roca,012,0065 ,1138,349,15,6,75,32,14,72,62
16,General Roca,012,0065 ,1139,349,5,7,57,15,19,107,67
16,General Roca,012,0065 ,1140,350,11,10,59,20,18,93,63
16,General Roca,012,0065 ,1141,349,9,11,71,23,17,95,53
16,General Roca,012,0065 ,1142,353,11,10,59,25,15,98,53
16,General Roca,012,0065 ,1143,347,4,9,54,30,21,80,60
16,General Roca,012,0065 ,1144,351,7,16,69,35,17,79,49
16,General Roca,012,0065 ,1145,350,15,8,79,18,16,81,64
16,General Roca,012,0065 ,1146,349,15,8,64,24,10,89,69
16,General Roca,012,0065 ,1147,349,7,3,70,29,16,83,79
16,General Roca,012,0065 ,1148,348,4,14,69,27,12,105,48
16,General Roca,012,0065 ,1149,349,7,11,82,28,13,71,57
16,General Roca,012,0065 ,1150,352,11,14,75,25,12,72,59
16,General Roca,012,0065 ,1151,349,16,11,57,27,16,113,37
16,General Roca,012,0065 ,1152,349,6,9,53,31,18,115,45
16,General Roca,012,0065 ,1153,347,7,13,56,29,13,95,61
16,General Roca,012,0065 ,1154,349,5,7,63,20,17,78,57
16,General Roca,012,0065 ,1155,349,12,6,69,21,8,80,83
16,General Roca,012,0065 ,1156,348,8,10,69,27,14,79,57
16,General Roca,012,0065 ,1157,349,10,11,51,29,16,107,53
16,General Roca,012,0065 ,1158,349,12,14,69,21,12,107,38
16,General Roca,012,0065 ,1159,350,12,4,72,20,16,87,53
16,General Roca,012,0065 ,1160,349,6,6,66,26,12,108,62
16,General Roca,012,0065 ,1161,349,10,12,57,23,6,97,74
16,General Roca,012,0065 ,1162,349,8,15,59,20,15,99,45
16,General Roca,012,0065 ,1163,348,8,14,61,18,9,80,71
16,General Roca,012,0065 ,1164,349,12,8,56,15,17,107,69
16,General Roca,012,0065 ,1165,349,16,0,56,27,14,77,68
16,General Roca,012,0065 ,1166,351,17,12,46,19,17,95,54
16,General Roca,012,0065 ,1167,348,12,24,58,24,13,99,50
16,General Roca,012,0065 ,1168,347,19,17,63,14,15,103,48
16,General Roca,012,0065 ,1169,349,8,5,74,17,19,95,57
16,General Roca,012,0065 ,1170,350,9,10,68,22,18,91,62
16,General Roca,012,0065 ,1171,350,8,12,76,15,18,96,51
16,General Roca,012,0065 ,1172,349,4,23,57,28,17,98,53
16,General Roca,012,0065 ,1173,349,4,33,56,21,15,103,39
16,General Roca,012,0065 ,1174,349,9,17,72,17,15,78,57
16,General Roca,012,0065 ,1175,349,9,16,47,15,21,120,37
16,General Roca,012,0065 ,1176,350,13,16,58,18,12,107,54
16,General Roca,012,0065 ,1177,349,4,10,51,29,10,108,53
16,General Roca,012,0065 ,1178,349,10,13,51,18,19,95,66
16,General Roca,012,0065 ,1179,349,7,21,64,25,14,106,33
16,General Roca,012,0065 ,1180,349,5,16,58,21,16,82,48
16,General Roca,012,0065 ,1181,350,5,12,61,24,21,82,68
16,General Roca,012,0065 ,1182,349,11,14,53,21,13,95,49
16,General Roca,012,0065 ,1183,350,6,10,56,26,8,95,73
16,General Roca,012,0065 ,1184,348,14,10,66,15,15,95,53
16,General Roca,012,0065 ,1185,351,5,12,61,20,15,128,44
16,General Roca,012,0065 ,1186,349,9,12,58,21,14,103,60
16,General Roca,012,0065 ,1187,348,14,8,63,25,14,120,44
16,General Roca,012,0065 ,1188,350,19,10,60,32,17,83,62
16,General Roca,012,0065 ,1189,349,16,10,67,36,14,65,60
16,General Roca,012,0065 ,1190,348,6,11,56,24,11,97,66
16,General Roca,012,0065 ,1191,347,9,8,69,17,14,101,53
16,General Roca,012,0065 ,1192,349,9,23,59,18,11,79,57
16,General Roca,012,0065 ,1193,348,5,16,72,21,18,77,66
16,General Roca,012,0065 ,1194,349,14,10,65,18,21,107,36
16,General Roca,012,0065 ,1195,348,10,21,52,31,19,96,55
16,General Roca,012,0065 ,1196,348,7,12,64,19,16,78,70
16,General Roca,012,0065 ,1197,347,10,9,67,23,15,102,45
16,General Roca,012,0065 ,1198,347,14,12,62,19,14,110,50
16,General Roca,012,0065 ,1199,349,10,5,62,15,14,109,57
16,General Roca,012,0065 ,1200,348,8,14,66,21,18,81,69
16,General Roca,012,0065 ,1201,348,3,11,61,30,16,103,49
16,General Roca,012,0065 ,1202,348,20,6,62,19,16,91,51
16,General Roca,012,0065 ,1203,349,12,7,67,21,13,104,44
16,General Roca,012,0065 ,1204,350,21,17,62,25,23,82,38
16,General Roca,012,0065 ,1205,349,11,10,58,30,15,85,62
16,General Roca,012,0065 ,1206,351,9,18,52,15,18,106,57
16,General Roca,012,0065 ,1207,348,18,18,58,26,12,116,34
16,General Roca,012,0065 ,1208,348,18,7,66,23,15,107,41
16,General Roca,012,0065 ,1209,348,11,19,60,22,15,110,51
16,General Roca,012,0065 ,1210,348,5,7,62,20,10,97,68
16,General Roca,012,0065 ,1211,349,23,24,55,27,18,86,49
16,General Roca,012,0065 ,1212,349,8,9,64,31,15,93,60
16,General Roca,012,0065 ,1213,348,11,13,60,23,13,96,62
16,General Roca,012,0065 ,1214,348,9,19,55,17,6,111,53
16,General Roca,012,0065 ,1215,348,9,19,49,28,10,101,59
16,General Roca,012,0065 ,1216,350,19,6,56,24,8,97,57
16,General Roca,012,0065 ,1217,348,13,10,75,23,9,96,60
16,General Roca,012,0065 ,1218,348,18,8,60,33,12,102,54
16,General Roca,012,0065 ,1219,349,10,5,69,20,6,106,45
16,General Roca,012,0065 ,1220,348,23,12,61,14,11,89,50
16,General Roca,012,0065 ,1221,348,16,10,59,21,16,97,66
16,General Roca,012,0065 ,1222,348,8,19,59,31,21,92,52
16,General Roca,012,0065 ,1223,349,10,18,46,42,14,77,87
16,General Roca,012,0065 ,1224,347,16,13,53,22,7,93,61
16,General Roca,012,0065 ,1225,348,15,12,73,24,11,87,59
16,General Roca,012,0065 ,1226,348,18,9,71,26,11,80,64
16,General Roca,012,0065 ,1227,349,8,14,64,23,9,72,71
16,General Roca,012,0065 ,1228,348,14,23,47,22,18,97,54
16,General Roca,012,0065 ,1229,348,15,12,59,29,17,74,59
16,General Roca,012,0065 ,1230,348,12,8,60,22,23,113,50
16,General Roca,012,0065 ,1231,349,11,9,61,21,14,76,70
16,General Roca,012,0065 ,1232,349,4,15,47,27,7,110,50
16,General Roca,012,0065 ,1233,348,7,10,79,22,19,103,43
16,General Roca,012,0065 ,1234,346,2,21,47,34,12,126,49
16,General Roca,012,0065 ,1235,346,8,7,50,24,11,96,68
16,General Roca,012,0065 ,1236,349,15,13,56,17,14,89,63
16,General Roca,012,0065 ,1237,348,5,9,58,22,20,104,64
16,General Roca,012,0065 ,1238,347,9,13,64,17,16,98,53
16,General Roca,012,0065 ,1239,347,6,10,80,18,17,83,63
16,General Roca,012,0065 ,1240,348,13,9,57,28,13,94,72
16,General Roca,012,0065 ,1241,349,7,11,56,29,9,114,53
16,General Roca,012,0065 ,1242,348,12,9,50,41,13,97,55
16,General Roca,012,0065 ,1243,348,11,10,60,27,14,108,50
16,General Roca,012,0065 ,1244,349,13,8,69,18,11,82,60
16,General Roca,012,0065 ,1245,349,11,12,51,25,15,100,54
16,General Roca,012,0065 ,1246,349,17,10,48,12,23,124,46
16,General Roca,012,0065 ,1247,348,8,12,78,21,12,99,52
16,General Roca,012,0065 ,1248,349,11,16,63,25,13,61,73
16,General Roca,012,0065 ,1249,348,9,7,64,28,16,84,47
16,General Roca,012,0065 ,1250,348,5,12,70,26,16,115,42
16,General Roca,012,0065 ,1251,347,9,14,77,29,16,91,54
16,General Roca,012,0065 ,1252,347,13,10,61,25,22,90,55
16,General Roca,012,0065 ,1253,350,0,0,0,0,0,0,0
16,General Roca,012,0065 ,1254,349,25,19,47,25,11,111,47
16,General Roca,012,0065 ,1255,348,10,10,72,24,22,75,54
16,General Roca,012,0065 ,1256,348,9,10,58,21,19,102,54
16,General Roca,012,0065 ,1257,349,13,17,78,25,17,87,49
16,General Roca,012,0065 ,1258,348,11,8,68,25,20,105,46
16,General Roca,012,0065 ,1259,348,13,18,54,32,17,86,65
16,General Roca,012,0065 ,1260,347,10,12,63,15,11,111,42
16,General Roca,012,0065 ,1261,348,11,15,55,26,17,105,57
16,General Roca,012,0065 ,1262,350,17,13,67,19,10,114,31
16,General Roca,012,0065 ,1263,350,16,22,62,18,9,88,55
16,General Roca,012,0065 ,1264,349,21,7,53,19,23,100,51
16,General Roca,012,0065 ,1265,348,13,12,52,21,15,108,46
16,General Roca,012,0065 ,1266,349,12,10,63,30,16,102,47
16,General Roca,012,0065 ,1267,349,10,21,70,19,10,119,37
16,General Roca,012,0065 ,1268,351,6,12,57,19,17,103,53
16,General Roca,012,0065 ,1269,349,4,4,77,26,18,74,64
16,General Roca,012,0065 ,1270,348,11,19,63,24,11,72,75
16,General Roca,012,0065 ,1271,348,8,18,62,23,15,92,51
16,General Roca,012,0065 ,1272,348,11,11,67,18,30,88,50
16,General Roca,012,0066 ,1273,352,14,9,59,11,26,139,35
16,General Roca,012,0066 ,1274,350,3,13,71,18,7,116,36
16,General Roca,012,0066 ,1275,350,17,8,75,17,14,106,31
16,General Roca,012,0066 ,1276,351,15,8,78,18,16,124,26
16,General Roca,012,0066 ,1277,349,11,8,71,11,14,110,29
16,General Roca,012,0066 ,1278,350,12,15,69,18,12,112,44
16,General Roca,012,0066 ,1279,350,10,15,88,16,17,90,33
16,General Roca,012,0066 ,1280,350,7,10,60,17,20,123,37
16,General Roca,012,0066 ,1281,350,6,9,54,16,12,161,27
16,General Roca,012,0066 ,1282,351,10,14,85,15,12,110,28
16,General Roca,012,0066 ,1283,348,8,17,77,19,23,97,30
16,General Roca,012,0066 ,1284,352,7,11,78,21,16,102,32
16,General Roca,012,0066 ,1285,348,7,10,73,12,17,105,30
16,General Roca,012,0066 ,1286,349,6,22,76,16,17,92,28
16,General Roca,012,0066 ,1287,349,11,12,85,16,11,96,45
16,General Roca,012,0066 ,1288,349,7,10,69,12,14,109,35
16,General Roca,012,0066 ,1289,350,11,7,75,21,11,119,39
16,General Roca,012,0066 ,1290,347,13,18,73,17,18,100,29
16,General Roca,012,0066 ,1291,349,8,9,65,19,16,117,31
16,General Roca,012,0066 ,1292,349,12,17,72,25,19,109,31
16,General Roca,012,0066 ,1293,349,9,14,66,20,17,131,27
16,General Roca,012,0066 ,1294,348,17,10,71,20,11,121,28
16,General Roca,012,0066 ,1295,351,13,18,67,10,18,118,31
16,General Roca,012,0066 ,1296,349,3,16,70,18,19,94,46
16,General Roca,012,0066 ,1297,349,5,10,57,22,15,124,40
16,General Roca,012,0066 ,1298,349,5,17,67,20,41,124,18
16,General Roca,012,0066 ,1299,350,10,9,54,25,17,131,28
16,General Roca,012,0066 ,1300,349,17,6,91,14,13,106,31
16,General Roca,012,0066 ,1301,349,8,7,71,23,13,122,29
16,General Roca,012,0066 ,1302,349,8,6,73,18,21,117,30
16,General Roca,012,0066 ,1303,349,10,10,70,24,14,101,35
16,General Roca,012,0066 ,1304,350,1,12,53,17,10,147,29
16,General Roca,012,0066 ,1305,350,9,13,56,29,13,44,115
16,General Roca,012,0066 ,1306,349,6,16,77,12,16,130,29
16,General Roca,012,0066 ,1307,350,14,12,68,18,18,99,41
16,General Roca,012,0066 ,1308,349,6,15,64,19,18,110,32
16,General Roca,012,0066 ,1309,349,3,7,64,20,23,125,25
16,General Roca,012,0066 ,1310,349,7,11,66,15,11,125,18
16,General Roca,012,0066 ,1311,349,1,4,67,17,22,99,34
16,General Roca,012,0066 ,1312,351,3,23,94,15,33,92,21
16,General Roca,012,0066 ,1313,352,5,15,65,25,17,136,19
16,General Roca,012,0066 ,1314,348,8,14,56,19,16,123,37
16,General Roca,012,0066 ,1315,349,7,14,64,23,16,125,30
16,General Roca,012,0066 ,1316,349,1,14,71,24,17,107,34
16,General Roca,012,0066 ,1317,349,7,16,66,13,14,117,28
16,General Roca,012,0066 ,1318,350,8,16,50,18,24,150,26
16,General Roca,012,0066 ,1319,349,10,13,54,13,13,131,26
16,General Roca,012,0066 ,1320,349,11,14,70,23,20,123,24
16,General Roca,012,0066 ,1321,349,11,17,62,22,17,121,26
16,General Roca,012,0067 ,1322,315,9,5,49,11,3,143,17
16,General Roca,012,0067 ,1323,314,4,7,34,7,6,152,29
16,General Roca,012,0067 ,1324,312,4,10,41,8,10,178,17
16,General Roca,012,0067 ,1325,314,7,9,32,8,8,171,28
16,General Roca,012,0068 ,1326,345,6,10,54,8,9,161,23
16,General Roca,012,0068 ,1327,346,6,16,41,14,6,177,19
16,General Roca,012,0068 ,1328,344,5,5,52,11,9,175,18
16,General Roca,012,0068 ,1329,346,0,11,43,12,6,179,25
16,General Roca,012,0068 ,1330,344,3,10,54,11,9,175,19
16,General Roca,012,0068 ,1331,344,2,8,69,7,14,176,16
16,General Roca,012,0068 ,1332,344,8,10,34,8,12,165,23
16,General Roca,012,0068 ,1333,344,9,13,49,14,12,169,22
16,General Roca,012,0068 ,1334,345,6,8,54,6,5,186,17
16,General Roca,012,0068 ,1335,343,4,11,42,10,7,186,10
16,General Roca,012,0068B,1336,273,3,5,33,4,9,157,11
16,General Roca,012,0068B,1337,272,6,7,27,11,6,144,24
16,General Roca,012,0068B,1338,271,5,11,30,7,8,158,20
16,General Roca,012,0068B,1339,272,2,6,25,12,12,130,20
16,General Roca,012,0069 ,1340,345,10,9,67,9,12,132,21
16,General Roca,012,0069 ,1341,345,16,13,79,11,11,124,25
16,General Roca,012,0069 ,1342,346,6,16,73,14,7,122,30
16,General Roca,012,0069 ,1343,346,12,7,66,6,7,137,35
16,General Roca,012,0069 ,1344,345,7,5,73,7,9,143,34
16,General Roca,012,0069 ,1345,347,6,10,78,12,9,148,24
16,General Roca,012,0069 ,1346,345,9,7,67,13,12,144,23
16,General Roca,012,0069 ,1347,346,11,10,61,14,15,141,31
16,General Roca,012,0069 ,1348,346,10,6,81,5,5,136,25
16,General Roca,012,0069 ,1349,343,6,8,64,9,10,135,29
16,General Roca,012,0069 ,1350,346,5,6,66,12,18,138,18
16,General Roca,012,0069 ,1351,344,11,3,56,17,7,141,19
16,General Roca,012,0069 ,1352,345,4,13,75,6,6,138,25
16,General Roca,012,0069 ,1353,346,3,21,70,5,8,131,27
16,General Roca,012,0069 ,1354,345,6,9,73,12,6,128,26
16,General Roca,012,0069 ,1355,343,8,10,61,7,20,125,29
16,General Roca,012,0069 ,1356,344,9,7,74,12,10,136,30
16,General Roca,012,0069 ,1357,344,17,9,45,14,7,140,28
16,General Roca,012,0069 ,1358,345,8,14,79,12,8,125,20
16,General Roca,012,0069 ,1359,345,8,4,72,6,10,132,40
16,General Roca,012,0069 ,1360,345,4,11,70,15,15,126,24
16,General Roca,012,0069 ,1361,345,16,16,68,16,14,117,28
16,General Roca,012,0069 ,1362,344,4,13,71,7,9,130,32
16,General Roca,012,0069 ,1363,346,1,9,62,12,15,150,25
16,General Roca,012,0069 ,1364,343,4,18,66,11,8,128,17
16,General Roca,012,0069 ,1365,345,5,11,74,9,6,112,36
16,General Roca,012,0069 ,1366,344,13,19,58,12,11,125,33
16,General Roca,012,0069 ,1367,346,15,3,65,6,12,127,37
16,General Roca,012,0069 ,1368,345,3,6,62,17,7,135,25
16,General Roca,012,0069 ,1369,344,8,6,81,9,13,122,30
16,General Roca,012,0069 ,1370,345,10,15,55,10,5,141,30
16,General Roca,012,0069 ,1371,346,12,4,74,9,6,139,27
16,General Roca,012,0069 ,1372,344,9,11,59,8,12,156,32
16,General Roca,012,0069 ,1373,344,19,0,74,13,11,122,32
16,General Roca,012,0069 ,1374,344,11,7,61,6,6,146,29
16,General Roca,012,0069 ,1375,348,15,6,51,21,12,123,29
16,General Roca,012,0069 ,1376,345,8,28,69,11,11,138,20
16,General Roca,012,0069 ,1377,344,4,15,55,14,7,139,27
16,General Roca,012,0069 ,1378,345,7,11,74,6,13,129,32
16,General Roca,012,0069 ,1379,342,12,10,63,14,8,126,32
16,General Roca,012,0069 ,1380,346,18,7,76,16,8,120,20
16,General Roca,012,0069 ,1381,344,13,6,65,13,9,139,30
16,General Roca,012,0069A,1382,166,0,8,48,1,6,57,4
16,General Roca,012,0070 ,1383,338,27,6,51,12,10,156,31
16,General Roca,012,0070 ,1384,336,8,9,52,13,14,139,46
16,General Roca,012,0070 ,1385,336,10,8,53,15,9,132,49
16,General Roca,012,0070 ,1386,338,6,10,74,9,11,134,29
16,General Roca,012,0070 ,1387,339,12,13,63,19,15,129,39
16,General Roca,012,0070 ,1388,337,13,12,50,13,10,127,50
16,General Roca,012,0070 ,1389,336,12,8,54,20,20,107,32
16,General Roca,012,0070 ,1390,336,17,8,59,17,12,129,31
16,General Roca,012,0070 ,1391,337,10,13,58,25,21,125,36
16,General Roca,012,0070 ,1392,336,7,5,57,18,11,140,27
16,General Roca,012,0070 ,1393,336,8,11,66,11,10,136,29
16,General Roca,012,0070 ,1394,337,9,12,56,16,12,119,38
16,General Roca,012,0070 ,1395,337,6,10,77,15,7,147,27
16,General Roca,012,0070 ,1396,339,6,8,51,18,13,136,33
16,General Roca,012,0070 ,1397,336,10,6,51,14,17,136,39
16,General Roca,012,0070 ,1398,336,7,13,61,20,13,114,44
16,General Roca,012,0070 ,1399,336,8,8,63,13,15,127,37
16,General Roca,012,0070 ,1400,335,11,9,68,10,5,142,29
16,General Roca,012,0070 ,1401,336,4,7,61,23,12,118,27
16,General Roca,012,0070 ,1402,337,27,23,80,22,12,116,18
16,El Cuy,013,0071 ,1403,286,0,2,41,4,8,101,11
16,El Cuy,013,0071 ,1404,287,1,1,50,2,6,100,29
16,El Cuy,013,0071A,1405,272,5,5,72,10,10,101,8
16,El Cuy,013,0071A,1406,271,8,3,101,1,5,105,7
16,El Cuy,013,0072 ,1407,239,2,0,18,6,1,46,7
16,El Cuy,013,0072 ,1408,238,0,2,17,2,3,38,8
16,El Cuy,013,0072 ,1409,236,1,1,20,5,5,46,11
16,El Cuy,013,0073 ,1410,208,0,0,27,52,6,8,2
16,El Cuy,013,0074 ,1411,287,7,0,87,1,1,60,6
16,El Cuy,013,0074 ,1412,288,5,2,78,1,3,56,8
16,El Cuy,013,0075 ,1413,130,0,0,0,0,0,0,0
