codprov,depto,coddepto,circuito,mesa,electores,blancos,nulos,0003,0014,0501,0534
16,Adolfo Alsina,001,0001 ,0001,351,0,5,55,13,123,80
16,Adolfo Alsina,001,0001 ,0002,352,6,7,52,13,113,72
16,Adolfo Alsina,001,0001 ,0003,349,6,9,40,13,119,85
16,Adolfo Alsina,001,0001 ,0004,351,4,5,43,8,124,80
16,Adolfo Alsina,001,0001 ,0005,350,2,8,43,16,114,79
16,Adolfo Alsina,001,0001 ,0006,347,2,9,62,12,98,84
16,Adolfo Alsina,001,0001 ,0007,347,5,1,53,14,127,67
16,Adolfo Alsina,001,0001 ,0008,350,3,2,36,17,124,73
16,Adolfo Alsina,001,0001 ,0009,349,4,7,38,11,129,75
16,Adolfo Alsina,001,0001 ,0010,352,5,7,46,12,121,78
16,Adolfo Alsina,001,0001 ,0011,349,7,4,56,10,115,75
16,Adolfo Alsina,001,0001 ,0012,348,4,2,58,3,108,95
16,Adolfo Alsina,001,0001 ,0013,352,4,8,62,6,100,75
16,Adolfo Alsina,001,0001 ,0014,348,5,4,56,18,120,75
16,Adolfo Alsina,001,0001 ,0015,350,0,6,57,9,110,79
16,Adolfo Alsina,001,0001 ,0016,350,6,3,55,12,95,95
16,Adolfo Alsina,001,0001 ,0017,347,2,5,56,17,107,89
16,Adolfo Alsina,001,0001 ,0018,352,8,2,52,13,124,78
16,Adolfo Alsina,001,0001 ,0019,350,3,3,46,22,122,73
16,Adolfo Alsina,001,0001 ,0020,349,2,8,54,13,138,59
16,Adolfo Alsina,001,0001 ,0021,352,3,6,67,16,120,61
16,Adolfo Alsina,001,0001 ,0022,351,4,7,51,12,115,70
16,Adolfo Alsina,001,0001 ,0023,349,6,3,42,6,134,62
16,Adolfo Alsina,001,0001 ,0024,351,8,6,60,12,117,73
16,Adolfo Alsina,001,0001 ,0025,350,5,7,49,14,104,68
16,Adolfo Alsina,001,0001 ,0026,351,8,1,50,13,120,80
16,Adolfo Alsina,001,0001 ,0027,351,7,6,54,10,124,86
16,Adolfo Alsina,001,0001 ,0028,347,4,11,43,5,165,60
16,Adolfo Alsina,001,0001 ,0029,353,1,3,63,12,116,81
16,Adolfo Alsina,001,0001 ,0030,352,9,8,54,10,135,62
16,Adolfo Alsina,001,0001 ,0031,350,7,5,49,7,125,74
16,Adolfo Alsina,001,0001 ,0032,351,5,7,46,16,70,137
16,Adolfo Alsina,001,0001 ,0033,350,8,1,45,13,140,82
16,Adolfo Alsina,001,0001 ,0034,350,7,7,46,12,112,72
16,Adolfo Alsina,001,0001 ,0035,351,4,2,43,13,132,72
16,Adolfo Alsina,001,0001 ,0036,349,1,4,50,17,123,74
16,Adolfo Alsina,001,0001 ,0037,349,4,4,44,6,106,94
16,Adolfo Alsina,001,0001 ,0038,348,10,7,49,16,105,82
16,Adolfo Alsina,001,0001 ,0039,350,5,4,47,21,114,74
16,Adolfo Alsina,001,0001 ,0040,346,4,7,46,9,105,90
16,Adolfo Alsina,001,0001 ,0041,351,3,4,59,11,110,89
16,Adolfo Alsina,001,0001 ,0042,350,10,0,64,10,118,71
16,Adolfo Alsina,001,0001 ,0043,348,5,2,51,14,101,85
16,Adolfo Alsina,001,0001 ,0044,350,4,5,55,10,128,70
16,Adolfo Alsina,001,0001 ,0045,351,9,4,43,13,108,78
16,Adolfo Alsina,001,0001 ,0046,352,5,5,73,8,116,63
16,Adolfo Alsina,001,0001 ,0047,348,5,6,65,16,115,71
16,Adolfo Alsina,001,0001 ,0048,349,7,12,62,14,96,92
16,Adolfo Alsina,001,0001 ,0049,352,2,2,53,7,129,79
16,Adolfo Alsina,001,0001 ,0050,351,4,8,51,11,109,87
16,Adolfo Alsina,001,0001 ,0051,349,3,19,43,11,107,69
16,Adolfo Alsina,001,0001 ,0052,346,2,2,44,17,101,86
16,Adolfo Alsina,001,0001 ,0053,351,6,9,52,13,131,79
16,Adolfo Alsina,001,0001 ,0054,351,22,4,53,0,96,80
16,Adolfo Alsina,001,0001 ,0055,351,10,5,55,12,123,63
16,Adolfo Alsina,001,0001 ,0056,351,2,2,49,13,113,91
16,Adolfo Alsina,001,0001 ,0057,349,15,2,48,12,151,43
16,Adolfo Alsina,001,0001 ,0058,351,5,3,41,14,113,82
16,Adolfo Alsina,001,0001 ,0059,349,10,14,51,11,98,83
16,Adolfo Alsina,001,0001 ,0060,350,8,5,35,16,121,71
16,Adolfo Alsina,001,0001 ,0061,350,6,5,44,8,148,62
16,Adolfo Alsina,001,0001 ,0062,350,6,9,35,17,146,69
16,Adolfo Alsina,001,0001 ,0063,353,7,6,55,17,102,74
16,Adolfo Alsina,001,0001 ,0064,350,5,6,53,13,117,80
16,Adolfo Alsina,001,0001 ,0065,349,1,5,45,17,127,66
16,Adolfo Alsina,001,0001 ,0066,350,5,7,55,10,98,99
16,Adolfo Alsina,001,0001 ,0067,350,2,4,58,11,116,84
16,Adolfo Alsina,001,0001 ,0068,351,3,4,59,9,115,81
16,Adolfo Alsina,001,0001 ,0069,350,7,9,40,8,113,82
16,Adolfo Alsina,001,0001 ,0070,348,4,11,66,14,123,70
16,Adolfo Alsina,001,0001 ,0071,351,8,3,57,8,127,66
16,Adolfo Alsina,001,0001 ,0072,349,1,6,41,16,111,82
16,Adolfo Alsina,001,0001 ,0073,350,3,7,64,11,103,74
16,Adolfo Alsina,001,0001 ,0074,348,4,2,44,11,115,79
16,Adolfo Alsina,001,0001 ,0075,350,6,4,49,10,124,81
16,Adolfo Alsina,001,0001 ,0076,349,4,6,45,12,119,75
16,Adolfo Alsina,001,0001 ,0077,350,5,7,54,9,137,66
16,Adolfo Alsina,001,0001 ,0078,350,10,9,49,18,101,78
16,Adolfo Alsina,001,0001 ,0079,348,1,8,53,15,101,70
16,Adolfo Alsina,001,0001 ,0080,350,2,11,40,15,124,65
16,Adolfo Alsina,001,0001 ,0081,350,9,8,58,13,123,63
16,Adolfo Alsina,001,0001 ,0082,349,5,6,40,14,125,82
16,Adolfo Alsina,001,0001 ,0083,349,8,8,46,13,137,55
16,Adolfo Alsina,001,0001 ,0084,352,6,2,45,11,127,87
16,Adolfo Alsina,001,0001 ,0085,351,2,7,57,6,109,74
16,Adolfo Alsina,001,0001 ,0086,349,5,10,30,15,149,67
16,Adolfo Alsina,001,0001 ,0087,353,5,10,59,17,129,67
16,Adolfo Alsina,001,0001 ,0088,349,6,6,37,13,109,79
16,Adolfo Alsina,001,0001 ,0089,350,4,1,54,13,133,67
16,Adolfo Alsina,001,0001 ,0090,351,11,15,58,12,119,58
16,Adolfo Alsina,001,0001 ,0091,349,6,10,51,14,128,77
16,Adolfo Alsina,001,0001 ,0092,351,2,8,49,15,106,69
16,Adolfo Alsina,001,0001 ,0093,349,6,8,43,12,122,68
16,Adolfo Alsina,001,0001 ,0094,348,5,7,45,15,114,75
16,Adolfo Alsina,001,0001 ,0095,348,5,7,69,17,92,80
16,Adolfo Alsina,001,0001 ,0096,348,2,18,43,3,145,62
16,Adolfo Alsina,001,0001 ,0097,350,4,2,57,10,111,77
16,Adolfo Alsina,001,0001 ,0098,350,2,7,52,19,112,72
16,Adolfo Alsina,001,0001 ,0099,347,3,7,59,10,113,71
16,Adolfo Alsina,001,0001 ,0100,346,4,7,52,9,120,73
16,Adolfo Alsina,001,0001 ,0101,348,6,5,53,18,115,76
16,Adolfo Alsina,001,0001 ,0102,347,4,4,53,10,116,92
16,Adolfo Alsina,001,0001 ,0103,351,3,5,49,19,121,75
16,Adolfo Alsina,001,0001 ,0104,348,3,2,42,15,135,76
16,Adolfo Alsina,001,0001 ,0105,350,4,3,52,7,99,80
16,Adolfo Alsina,001,0001 ,0106,350,7,1,54,14,132,73
16,Adolfo Alsina,001,0001 ,0107,349,2,6,56,9,123,77
16,Adolfo Alsina,001,0001 ,0108,348,11,14,50,7,112,83
16,Adolfo Alsina,001,0001 ,0109,350,8,1,48,19,112,88
16,Adolfo Alsina,001,0001 ,0110,348,4,5,50,11,114,64
16,Adolfo Alsina,001,0001 ,0111,348,3,5,40,10,133,78
16,Adolfo Alsina,001,0001 ,0112,347,2,10,59,6,113,67
16,Adolfo Alsina,001,0001 ,0113,350,4,3,62,12,118,82
16,Adolfo Alsina,001,0001 ,0114,345,7,4,53,11,131,73
16,Adolfo Alsina,001,0001 ,0115,347,0,3,42,13,132,78
16,Adolfo Alsina,001,0001 ,0116,350,5,6,66,9,111,69
16,Adolfo Alsina,001,0001 ,0117,351,7,10,52,17,115,68
16,Adolfo Alsina,001,0001 ,0118,348,11,15,55,9,106,74
16,Adolfo Alsina,001,0001 ,0119,346,6,8,54,13,136,62
16,Adolfo Alsina,001,0001 ,0120,347,5,7,57,11,86,96
16,Adolfo Alsina,001,0001 ,0121,350,8,8,46,9,104,90
16,Adolfo Alsina,001,0001 ,0122,348,7,13,55,11,127,65
16,Adolfo Alsina,001,0001 ,0123,350,4,2,56,9,115,72
16,Adolfo Alsina,001,0001 ,0124,350,1,2,66,10,105,87
16,Adolfo Alsina,001,0001 ,0125,349,1,2,76,18,99,79
16,Adolfo Alsina,001,0001 ,0126,351,7,4,43,11,110,103
16,Adolfo Alsina,001,0001 ,0127,346,9,13,63,6,109,66
16,Adolfo Alsina,001,0001 ,0128,351,4,7,53,3,131,74
16,Adolfo Alsina,001,0001 ,0129,349,0,4,58,14,116,69
16,Adolfo Alsina,001,0001 ,0130,349,7,9,58,6,122,72
16,Adolfo Alsina,001,0001 ,0131,352,3,4,37,17,112,82
16,Adolfo Alsina,001,0001 ,0132,350,2,8,39,13,128,71
16,Adolfo Alsina,001,0001 ,0133,349,10,3,61,15,98,69
16,Adolfo Alsina,001,0001 ,0134,350,4,11,44,17,109,65
16,Adolfo Alsina,001,0001 ,0135,348,1,3,46,9,130,74
16,Adolfo Alsina,001,0001 ,0136,344,5,4,53,15,106,77
16,Adolfo Alsina,001,0002 ,0137,304,3,8,48,7,100,46
16,Adolfo Alsina,001,0002 ,0138,303,1,3,40,7,106,55
16,Adolfo Alsina,001,0002 ,0139,305,2,4,38,6,105,66
16,Adolfo Alsina,001,0002 ,0140,304,2,2,52,7,116,46
16,Adolfo Alsina,001,0003 ,0141,20,0,1,3,0,0,5
16,Adolfo Alsina,001,0004 ,0142,248,7,0,55,3,97,25
16,Adolfo Alsina,001,0004 ,0143,249,7,0,55,2,116,20
16,Adolfo Alsina,001,0004 ,0144,248,15,0,58,1,100,14
16,Conesa,002,0007 ,0145,341,1,7,42,10,103,82
16,Conesa,002,0007 ,0146,341,1,7,32,6,138,71
16,Conesa,002,0007 ,0147,341,6,6,40,6,147,47
16,Conesa,002,0007 ,0148,341,0,2,54,11,124,61
16,Conesa,002,0007 ,0149,339,4,3,35,8,126,76
16,Conesa,002,0007 ,0150,339,2,3,33,7,145,62
16,Conesa,002,0007 ,0151,340,7,4,28,11,152,61
16,Conesa,002,0007 ,0152,340,8,5,32,8,149,55
16,Conesa,002,0007 ,0153,338,1,6,41,9,144,55
16,Conesa,002,0007 ,0154,340,4,3,49,7,124,54
16,Conesa,002,0007 ,0155,344,5,5,34,5,134,70
16,Conesa,002,0007 ,0156,339,2,2,49,4,128,62
16,Conesa,002,0007 ,0157,339,1,5,35,7,133,69
16,Conesa,002,0007 ,0158,340,4,5,43,10,140,59
16,Conesa,002,0007 ,0159,340,0,5,42,8,148,51
16,Conesa,002,0007A,0160,84,2,0,9,1,22,15
16,Conesa,002,0008 ,0161,42,2,0,6,1,11,5
16,San Antonio Oeste,003,0009 ,0162,350,6,0,39,11,156,48
16,San Antonio Oeste,003,0009 ,0163,351,5,9,35,11,162,49
16,San Antonio Oeste,003,0009 ,0164,347,3,7,34,7,139,61
16,San Antonio Oeste,003,0009 ,0165,351,3,7,42,8,130,64
16,San Antonio Oeste,003,0009 ,0166,348,14,0,42,14,162,43
16,San Antonio Oeste,003,0009 ,0167,348,6,2,25,12,160,60
16,San Antonio Oeste,003,0009 ,0168,347,1,5,29,4,151,51
16,San Antonio Oeste,003,0009 ,0169,348,1,6,36,15,193,41
16,San Antonio Oeste,003,0009 ,0170,348,10,5,37,10,163,59
16,San Antonio Oeste,003,0009 ,0171,346,11,0,41,6,136,56
16,San Antonio Oeste,003,0009 ,0172,347,14,0,29,16,135,57
16,San Antonio Oeste,003,0009 ,0173,348,8,4,31,13,162,47
16,San Antonio Oeste,003,0009 ,0174,346,4,2,39,9,164,41
16,San Antonio Oeste,003,0009 ,0175,347,3,6,37,11,129,67
16,San Antonio Oeste,003,0009 ,0176,347,4,3,23,13,149,60
16,San Antonio Oeste,003,0009 ,0177,345,2,9,24,12,154,64
16,San Antonio Oeste,003,0009 ,0178,348,9,2,42,5,155,39
16,San Antonio Oeste,003,0009 ,0179,348,5,4,30,9,178,48
16,San Antonio Oeste,003,0009 ,0180,349,4,4,31,8,149,59
16,San Antonio Oeste,003,0009 ,0181,349,6,4,40,12,160,54
16,San Antonio Oeste,003,0009 ,0182,349,4,6,37,15,133,60
16,San Antonio Oeste,003,0009 ,0183,349,5,7,27,19,147,47
16,San Antonio Oeste,003,0009 ,0184,350,6,4,36,10,157,51
16,San Antonio Oeste,003,0009 ,0185,349,1,6,37,9,166,43
16,San Antonio Oeste,003,0009 ,0186,349,4,0,31,14,174,49
16,San Antonio Oeste,003,0009 ,0187,350,5,6,32,11,164,46
16,San Antonio Oeste,003,0009 ,0188,346,3,14,37,10,147,59
16,San Antonio Oeste,003,0009 ,0189,348,3,4,42,14,158,50
16,San Antonio Oeste,003,0009 ,0190,350,13,5,27,5,174,45
16,San Antonio Oeste,003,0009 ,0191,348,5,0,29,16,157,61
16,San Antonio Oeste,003,0009 ,0192,349,6,8,33,10,149,60
16,San Antonio Oeste,003,0009 ,0193,351,2,5,35,11,148,75
16,San Antonio Oeste,003,0009 ,0194,353,8,7,37,12,155,51
16,San Antonio Oeste,003,0009 ,0195,350,7,4,26,17,147,53
16,San Antonio Oeste,003,0009 ,0196,348,4,4,24,10,167,67
16,San Antonio Oeste,003,0009 ,0197,347,4,9,38,10,136,51
16,San Antonio Oeste,003,0009 ,0198,348,7,11,50,14,116,53
16,San Antonio Oeste,003,0009 ,0199,348,7,5,33,17,140,61
16,San Antonio Oeste,003,0009 ,0200,346,6,3,34,16,152,64
16,San Antonio Oeste,003,0009A,0201,321,4,7,15,15,108,64
16,San Antonio Oeste,003,0009A,0202,320,7,2,25,12,108,74
16,San Antonio Oeste,003,0009A,0203,324,3,10,22,14,112,67
16,San Antonio Oeste,003,0009A,0204,322,6,4,22,14,115,69
16,San Antonio Oeste,003,0009A,0205,320,3,6,24,9,96,67
16,San Antonio Oeste,003,0009A,0206,322,8,5,24,15,115,58
16,San Antonio Oeste,003,0009A,0207,321,6,2,20,21,103,157
16,San Antonio Oeste,003,0009A,0208,317,4,7,18,15,115,58
16,San Antonio Oeste,003,0009A,0209,322,5,11,21,17,88,73
16,San Antonio Oeste,003,0009A,0210,320,10,0,26,19,100,62
16,San Antonio Oeste,003,0009A,0211,321,8,0,28,22,110,60
16,San Antonio Oeste,003,0009B,0212,265,5,4,19,6,104,58
16,San Antonio Oeste,003,0011 ,0213,339,11,0,30,8,132,61
16,San Antonio Oeste,003,0011 ,0214,339,3,2,24,1,146,71
16,San Antonio Oeste,003,0011 ,0215,335,1,6,26,4,152,53
16,San Antonio Oeste,003,0011 ,0216,339,7,0,44,5,125,68
16,San Antonio Oeste,003,0011 ,0217,335,5,2,35,6,107,84
16,San Antonio Oeste,003,0011 ,0218,341,3,6,26,5,137,68
16,San Antonio Oeste,003,0011 ,0219,338,14,2,35,9,103,79
16,San Antonio Oeste,003,0011 ,0220,340,6,0,36,11,132,61
16,San Antonio Oeste,003,0011 ,0221,337,5,10,32,6,115,71
16,San Antonio Oeste,003,0011 ,0222,340,8,3,40,7,114,72
16,San Antonio Oeste,003,0011 ,0223,341,6,5,31,4,124,71
16,San Antonio Oeste,003,0011 ,0224,338,10,5,41,6,145,48
16,San Antonio Oeste,003,0011 ,0225,337,7,0,32,4,108,78
16,San Antonio Oeste,003,0011 ,0226,337,2,2,27,6,137,63
16,San Antonio Oeste,003,0011 ,0227,337,4,3,30,2,138,71
16,San Antonio Oeste,003,0011 ,0228,337,3,7,28,10,122,66
16,San Antonio Oeste,003,0011 ,0229,339,3,5,35,8,120,62
16,San Antonio Oeste,003,0011 ,0230,335,4,4,41,2,147,62
16,San Antonio Oeste,003,0011 ,0231,338,4,4,37,5,117,74
16,Valcheta,004,0012 ,0232,336,2,6,56,9,124,32
16,Valcheta,004,0012 ,0233,336,7,5,65,11,116,38
16,Valcheta,004,0012 ,0234,336,7,5,69,4,111,42
16,Valcheta,004,0012 ,0235,335,1,5,52,5,127,39
16,Valcheta,004,0012 ,0236,335,5,1,69,12,125,34
16,Valcheta,004,0012 ,0237,335,2,5,56,5,135,42
16,Valcheta,004,0012 ,0238,336,2,4,54,11,120,44
16,Valcheta,004,0012 ,0239,335,4,0,61,4,131,26
16,Valcheta,004,0012 ,0240,335,3,3,50,7,126,46
16,Valcheta,004,0012 ,0241,335,3,2,72,9,126,42
16,Valcheta,004,0012B,0242,59,0,1,7,2,31,5
16,Valcheta,004,0013 ,0243,57,0,0,20,3,12,2
16,Valcheta,004,0014 ,0244,29,0,0,4,0,8,2
16,Valcheta,004,0015 ,0245,129,2,0,57,1,27,4
16,Valcheta,004,0016 ,0246,153,1,1,40,0,53,13
16,Valcheta,004,0017 ,0247,62,0,0,13,0,20,5
16,Valcheta,004,0018 ,0248,82,1,2,26,0,18,7
16,9 de Julio,005,0019 ,0249,340,18,0,60,10,173,12
16,9 de Julio,005,0019 ,0250,338,17,3,63,15,144,10
16,9 de Julio,005,0019 ,0251,337,14,1,37,11,190,12
16,9 de Julio,005,0019 ,0252,338,17,3,41,5,183,11
16,9 de Julio,005,0020 ,0253,297,7,0,24,2,116,50
16,9 de Julio,005,0020 ,0254,299,7,2,21,0,128,47
16,9 de Julio,005,0020 ,0255,297,3,0,17,5,109,75
16,9 de Julio,005,0020A,0256,149,4,3,18,1,84,4
16,9 de Julio,005,0021 ,0257,168,7,1,13,3,67,21
16,9 de Julio,005,0022 ,0258,219,1,1,35,6,74,25
16,9 de Julio,005,0022A,0259,140,2,1,3,2,51,31
16,25 de Mayo,006,0023 ,0260,346,6,8,75,6,97,34
16,25 de Mayo,006,0023 ,0261,349,7,4,59,4,130,32
16,25 de Mayo,006,0023 ,0262,345,10,7,63,9,117,26
16,25 de Mayo,006,0023 ,0263,345,6,3,73,5,132,24
16,25 de Mayo,006,0023 ,0264,347,6,4,51,4,110,33
16,25 de Mayo,006,0023 ,0265,346,2,4,62,3,136,25
16,25 de Mayo,006,0023 ,0266,348,7,3,79,5,114,30
16,25 de Mayo,006,0023 ,0267,344,7,8,66,7,137,20
16,25 de Mayo,006,0024 ,0268,307,7,2,76,4,108,11
16,25 de Mayo,006,0024 ,0269,307,2,4,89,7,111,17
16,25 de Mayo,006,0024 ,0270,308,11,6,93,5,100,10
16,25 de Mayo,006,0024 ,0271,306,1,2,77,6,107,18
16,25 de Mayo,006,0024 ,0272,308,2,4,77,4,107,14
16,25 de Mayo,006,0024 ,0273,308,4,5,79,7,88,18
16,25 de Mayo,006,0024 ,0274,307,3,7,82,2,98,27
16,25 de Mayo,006,0024A,0275,135,0,1,15,0,51,3
16,25 de Mayo,006,0024B,0276,129,0,1,36,2,54,6
16,25 de Mayo,006,0025 ,0277,352,3,3,26,5,158,7
16,25 de Mayo,006,0027 ,0280,88,2,0,14,2,33,7
16,25 de Mayo,006,0028 ,0281,339,4,3,118,5,130,14
16,25 de Mayo,006,0028 ,0282,343,7,6,78,7,117,19
16,25 de Mayo,006,0028 ,0283,341,2,2,90,5,119,19
16,25 de Mayo,006,0028 ,0284,346,6,0,95,2,134,14
16,25 de Mayo,006,0028 ,0285,341,17,5,83,5,114,23
16,25 de Mayo,006,0028 ,0286,339,11,5,78,3,135,13
16,25 de Mayo,006,0028 ,0287,338,16,5,80,5,114,23
16,25 de Mayo,006,0028 ,0288,341,10,7,90,5,135,13
16,25 de Mayo,006,0028 ,0289,341,20,4,84,7,133,14
16,25 de Mayo,006,0028 ,0290,340,19,3,84,9,116,25
16,25 de Mayo,006,0028 ,0291,345,17,1,90,1,132,16
16,25 de Mayo,006,0028 ,0292,340,11,1,100,6,107,20
16,25 de Mayo,006,0028 ,0293,340,9,5,85,8,136,18
16,25 de Mayo,006,0028 ,0294,335,9,0,78,8,158,16
16,25 de Mayo,006,0028 ,0295,341,7,2,99,0,118,22
16,25 de Mayo,006,0028 ,0296,338,16,7,87,7,126,24
16,25 de Mayo,006,0028A,0297,83,5,0,19,2,21,0
16,25 de Mayo,006,0029 ,0298,127,3,0,8,2,44,7
16,25 de Mayo,006,0030 ,0299,155,7,1,14,1,61,4
16,Ñorquinco,007,0031 ,0300,259,18,3,98,3,78,8
16,Ñorquinco,007,0031 ,0301,260,2,9,64,2,106,10
16,Ñorquinco,007,0031A,0302,76,1,0,20,1,15,2
16,Ñorquinco,007,0031B,0303,36,0,1,3,2,16,3
16,Ñorquinco,007,0032 ,0304,59,0,0,2,2,17,5
16,Ñorquinco,007,0033 ,0305,67,2,0,5,2,32,3
16,Ñorquinco,007,0034 ,0306,356,8,0,21,7,195,16
16,Ñorquinco,007,0035 ,0308,203,3,2,36,5,56,2
16,Pilcaniyeu,008,0036 ,0309,336,5,2,28,17,179,31
16,Pilcaniyeu,008,0036 ,0310,333,4,4,20,6,187,20
16,Pilcaniyeu,008,0036A,0311,144,3,1,4,0,71,9
16,Pilcaniyeu,008,0036B,0312,332,5,12,17,17,97,90
16,Pilcaniyeu,008,0036B,0313,331,4,0,39,23,119,57
16,Pilcaniyeu,008,0036B,0314,333,3,8,22,24,120,71
16,Pilcaniyeu,008,0036B,0315,332,2,3,25,26,111,81
16,Pilcaniyeu,008,0036B,0316,333,1,5,34,25,115,77
16,Pilcaniyeu,008,0036B,0317,334,6,8,26,27,115,67
16,Pilcaniyeu,008,0036B,0318,331,5,6,21,19,98,87
16,Pilcaniyeu,008,0036B,0319,331,4,3,26,21,124,81
16,Pilcaniyeu,008,0036B,0320,333,4,6,25,35,114,71
16,Pilcaniyeu,008,0036C,0321,64,0,0,9,2,32,7
16,Pilcaniyeu,008,0037 ,0322,279,1,4,9,4,169,27
16,Pilcaniyeu,008,0037 ,0323,278,1,0,10,6,165,19
16,Pilcaniyeu,008,0037 ,0324,282,12,3,18,13,149,19
16,Pilcaniyeu,008,0037 ,0325,275,5,2,13,9,152,14
16,Pilcaniyeu,008,0037 ,0326,284,8,4,16,10,143,20
16,Pilcaniyeu,008,0038 ,0327,74,0,2,2,2,19,3
16,Pilcaniyeu,008,0038A,0328,153,4,3,7,2,89,7
16,Pilcaniyeu,008,0039 ,0329,63,1,0,10,4,21,7
16,Pilcaniyeu,008,0040 ,0330,28,0,0,1,0,17,2
16,Pilcaniyeu,008,0040A,0331,220,1,0,19,12,120,15
16,Bariloche,009,0041 ,0332,352,8,6,25,24,96,80
16,Bariloche,009,0041 ,0333,350,3,6,30,32,113,66
16,Bariloche,009,0041 ,0334,350,4,14,27,33,114,65
16,Bariloche,009,0041 ,0335,351,4,7,24,28,112,59
16,Bariloche,009,0041 ,0336,349,5,3,18,21,108,86
16,Bariloche,009,0041 ,0337,350,9,7,22,33,84,74
16,Bariloche,009,0041 ,0338,350,7,9,22,23,119,66
16,Bariloche,009,0041 ,0339,354,11,7,22,23,114,59
16,Bariloche,009,0041 ,0340,350,5,7,22,25,100,86
16,Bariloche,009,0041 ,0341,353,7,10,20,38,112,70
16,Bariloche,009,0041 ,0342,355,1,11,25,29,120,55
16,Bariloche,009,0041 ,0343,349,4,9,18,31,160,56
16,Bariloche,009,0041 ,0344,350,5,17,13,23,153,50
16,Bariloche,009,0041 ,0345,349,15,10,30,26,114,71
16,Bariloche,009,0041 ,0346,350,6,12,24,26,95,86
16,Bariloche,009,0041 ,0347,351,0,11,28,24,109,61
16,Bariloche,009,0041 ,0348,351,6,5,23,32,113,65
16,Bariloche,009,0041 ,0349,352,4,4,32,30,99,71
16,Bariloche,009,0041 ,0350,351,20,8,24,36,104,68
16,Bariloche,009,0041 ,0351,352,8,6,20,22,125,71
16,Bariloche,009,0041 ,0352,351,3,5,22,31,112,75
16,Bariloche,009,0041 ,0353,351,10,7,24,21,96,77
16,Bariloche,009,0041 ,0354,350,10,5,24,23,135,57
16,Bariloche,009,0041 ,0355,349,7,13,32,24,119,66
16,Bariloche,009,0041 ,0356,350,9,9,26,18,109,76
16,Bariloche,009,0041 ,0357,349,1,3,22,32,83,104
16,Bariloche,009,0041 ,0358,350,6,8,24,29,94,92
16,Bariloche,009,0041 ,0359,349,7,2,20,27,98,86
16,Bariloche,009,0041 ,0360,351,8,8,17,26,75,90
16,Bariloche,009,0041 ,0361,351,5,4,35,34,87,87
16,Bariloche,009,0041 ,0362,350,7,4,26,16,113,83
16,Bariloche,009,0041 ,0363,351,8,9,17,23,85,101
16,Bariloche,009,0041 ,0364,348,1,5,23,32,105,73
16,Bariloche,009,0041 ,0365,349,4,7,19,33,103,80
16,Bariloche,009,0041 ,0366,351,5,4,18,24,95,74
16,Bariloche,009,0041 ,0367,353,9,7,21,32,123,76
16,Bariloche,009,0041 ,0368,351,2,12,12,29,137,66
16,Bariloche,009,0041 ,0369,350,8,11,25,27,128,61
16,Bariloche,009,0041 ,0370,354,35,1,23,30,105,75
16,Bariloche,009,0041 ,0371,349,12,5,23,21,113,69
16,Bariloche,009,0041 ,0372,352,3,6,17,20,118,84
16,Bariloche,009,0041 ,0373,349,13,9,24,39,129,54
16,Bariloche,009,0041 ,0374,350,7,10,32,23,133,54
16,Bariloche,009,0041 ,0375,351,0,11,33,22,120,67
16,Bariloche,009,0041 ,0376,352,8,4,21,26,146,51
16,Bariloche,009,0041 ,0377,351,11,0,16,20,96,95
16,Bariloche,009,0041 ,0378,350,8,6,18,21,121,68
16,Bariloche,009,0041 ,0379,349,14,9,21,20,130,50
16,Bariloche,009,0041 ,0380,348,6,5,21,20,134,62
16,Bariloche,009,0041 ,0381,352,9,0,21,32,119,69
16,Bariloche,009,0041 ,0382,352,10,10,26,27,130,55
16,Bariloche,009,0041 ,0383,355,9,8,37,27,99,70
16,Bariloche,009,0041 ,0384,348,6,5,24,22,128,70
16,Bariloche,009,0041 ,0385,351,4,6,25,36,109,65
16,Bariloche,009,0041 ,0386,347,5,8,25,32,123,58
16,Bariloche,009,0041 ,0387,348,9,10,25,19,96,84
16,Bariloche,009,0041 ,0388,350,13,4,31,16,133,51
16,Bariloche,009,0041 ,0389,352,9,2,27,31,124,61
16,Bariloche,009,0041 ,0390,353,3,9,27,31,96,69
16,Bariloche,009,0041 ,0391,350,4,2,27,23,103,96
16,Bariloche,009,0041 ,0392,351,4,4,22,32,105,64
16,Bariloche,009,0041 ,0393,349,9,9,21,23,145,48
16,Bariloche,009,0041 ,0394,351,5,4,23,31,107,86
16,Bariloche,009,0041 ,0395,351,8,5,18,25,90,88
16,Bariloche,009,0041 ,0396,350,8,0,23,27,106,85
16,Bariloche,009,0041 ,0397,355,1,5,17,26,118,72
16,Bariloche,009,0041 ,0398,349,11,9,17,20,86,74
16,Bariloche,009,0041 ,0399,350,6,6,18,24,119,78
16,Bariloche,009,0041 ,0400,352,7,15,27,31,109,68
16,Bariloche,009,0041 ,0401,350,9,6,24,20,107,70
16,Bariloche,009,0041 ,0402,352,6,7,29,21,79,100
16,Bariloche,009,0041 ,0403,349,6,4,19,26,93,94
16,Bariloche,009,0041 ,0404,353,9,6,17,29,118,69
16,Bariloche,009,0041 ,0405,353,3,6,21,22,128,66
16,Bariloche,009,0041 ,0406,350,3,5,33,24,86,91
16,Bariloche,009,0041 ,0407,351,5,1,22,29,115,67
16,Bariloche,009,0041 ,0408,351,6,1,20,23,113,80
16,Bariloche,009,0041 ,0409,353,3,6,21,21,103,91
16,Bariloche,009,0041 ,0410,352,5,4,29,20,99,82
16,Bariloche,009,0041 ,0411,349,6,6,23,29,114,70
16,Bariloche,009,0041 ,0412,350,5,5,20,29,100,72
16,Bariloche,009,0041 ,0413,349,3,6,23,27,99,84
16,Bariloche,009,0041 ,0414,350,5,6,23,20,100,66
16,Bariloche,009,0041 ,0415,349,3,2,23,21,120,70
16,Bariloche,009,0041 ,0416,351,2,7,51,36,95,64
16,Bariloche,009,0041 ,0417,353,10,5,26,39,116,54
16,Bariloche,009,0041 ,0418,351,8,8,21,23,114,67
16,Bariloche,009,0041 ,0419,357,11,8,17,26,106,76
16,Bariloche,009,0041 ,0420,348,5,9,22,22,113,72
16,Bariloche,009,0041 ,0421,353,11,4,23,32,110,72
16,Bariloche,009,0041 ,0422,349,20,6,24,20,96,69
16,Bariloche,009,0041 ,0423,348,9,8,18,26,93,89
16,Bariloche,009,0041 ,0424,349,4,5,14,25,109,88
16,Bariloche,009,0041 ,0425,353,4,10,16,24,121,72
16,Bariloche,009,0041 ,0426,348,8,12,18,23,106,80
16,Bariloche,009,0041 ,0427,354,6,5,29,31,109,69
16,Bariloche,009,0041 ,0428,353,8,5,20,30,113,69
16,Bariloche,009,0041 ,0429,350,4,11,19,26,115,63
16,Bariloche,009,0041 ,0430,348,6,4,37,26,115,73
16,Bariloche,009,0041 ,0431,351,4,7,22,31,111,73
16,Bariloche,009,0041 ,0432,350,10,10,19,35,117,82
16,Bariloche,009,0041 ,0433,353,3,10,19,21,110,85
16,Bariloche,009,0041 ,0434,349,7,5,20,21,99,79
16,Bariloche,009,0041 ,0435,353,7,7,34,22,123,60
16,Bariloche,009,0041 ,0436,352,5,7,32,39,141,52
16,Bariloche,009,0041 ,0437,350,6,7,27,18,93,77
16,Bariloche,009,0041 ,0438,352,10,8,19,21,136,61
16,Bariloche,009,0041 ,0439,350,7,1,21,30,150,50
16,Bariloche,009,0041 ,0440,351,6,10,26,37,111,72
16,Bariloche,009,0041 ,0441,351,7,3,22,27,116,71
16,Bariloche,009,0041 ,0442,351,5,6,19,31,127,71
16,Bariloche,009,0041 ,0443,350,7,5,23,24,112,84
16,Bariloche,009,0041 ,0444,352,7,9,25,30,128,66
16,Bariloche,009,0041 ,0445,350,6,8,22,23,88,90
16,Bariloche,009,0041 ,0446,349,1,7,26,19,77,106
16,Bariloche,009,0041 ,0447,350,4,13,18,19,96,95
16,Bariloche,009,0041 ,0448,351,4,4,29,20,111,74
16,Bariloche,009,0041 ,0449,351,8,7,18,26,79,92
16,Bariloche,009,0041 ,0450,352,11,11,30,26,87,66
16,Bariloche,009,0041 ,0451,350,8,5,28,29,121,63
16,Bariloche,009,0041 ,0452,353,6,5,14,31,97,70
16,Bariloche,009,0041 ,0453,355,4,10,18,41,121,58
16,Bariloche,009,0041 ,0454,350,2,20,34,26,106,71
16,Bariloche,009,0041 ,0455,349,2,7,23,20,124,82
16,Bariloche,009,0041 ,0456,349,3,2,31,28,102,73
16,Bariloche,009,0041 ,0457,354,7,6,27,29,89,65
16,Bariloche,009,0041 ,0458,353,6,9,28,27,123,64
16,Bariloche,009,0041 ,0459,351,3,4,27,20,95,88
16,Bariloche,009,0041 ,0460,349,6,1,32,31,82,74
16,Bariloche,009,0041 ,0461,350,6,4,19,27,116,67
16,Bariloche,009,0041 ,0462,356,5,5,14,28,128,63
16,Bariloche,009,0041 ,0463,353,8,12,28,29,138,51
16,Bariloche,009,0041 ,0464,351,4,3,22,17,109,80
16,Bariloche,009,0041 ,0465,351,12,3,19,26,134,72
16,Bariloche,009,0041 ,0466,352,8,11,19,23,140,62
16,Bariloche,009,0041 ,0467,350,4,6,33,24,110,68
16,Bariloche,009,0041 ,0468,348,4,7,16,26,99,75
16,Bariloche,009,0041 ,0469,349,6,7,18,28,105,59
16,Bariloche,009,0041 ,0470,349,6,9,18,31,115,77
16,Bariloche,009,0041 ,0471,351,4,3,22,24,104,77
16,Bariloche,009,0041 ,0472,350,9,6,20,27,118,62
16,Bariloche,009,0041 ,0473,351,12,5,33,32,123,44
16,Bariloche,009,0041 ,0474,352,2,6,19,29,104,73
16,Bariloche,009,0041 ,0475,351,7,9,24,30,118,59
16,Bariloche,009,0041 ,0476,350,1,7,16,30,134,52
16,Bariloche,009,0041 ,0477,355,3,5,33,29,133,41
16,Bariloche,009,0041 ,0478,352,6,5,32,26,104,65
16,Bariloche,009,0041 ,0479,349,2,5,20,32,109,84
16,Bariloche,009,0041 ,0480,349,1,5,18,41,111,56
16,Bariloche,009,0041 ,0481,351,6,4,22,31,124,72
16,Bariloche,009,0041 ,0482,348,41,7,21,27,125,65
16,Bariloche,009,0041 ,0483,348,7,5,23,31,84,89
16,Bariloche,009,0041 ,0484,352,3,7,23,20,138,67
16,Bariloche,009,0041 ,0485,351,7,8,28,24,104,76
16,Bariloche,009,0041 ,0486,351,10,9,29,26,117,46
16,Bariloche,009,0041 ,0487,348,10,6,30,28,142,52
16,Bariloche,009,0041 ,0488,350,0,15,14,17,156,47
16,Bariloche,009,0041 ,0489,352,7,8,19,29,95,91
16,Bariloche,009,0041 ,0490,351,10,8,26,29,121,68
16,Bariloche,009,0041 ,0491,350,5,5,22,28,131,69
16,Bariloche,009,0041 ,0492,352,16,5,20,30,137,55
16,Bariloche,009,0041 ,0493,349,7,3,23,30,113,62
16,Bariloche,009,0041 ,0494,350,4,11,24,18,115,72
16,Bariloche,009,0041 ,0495,351,9,3,19,29,134,73
16,Bariloche,009,0041 ,0496,349,7,5,36,25,123,59
16,Bariloche,009,0041 ,0497,350,9,6,29,33,137,50
16,Bariloche,009,0041 ,0498,350,6,5,29,28,118,65
16,Bariloche,009,0041 ,0499,353,9,12,18,19,158,35
16,Bariloche,009,0041 ,0500,350,11,20,20,27,115,59
16,Bariloche,009,0041 ,0501,349,3,12,19,24,118,83
16,Bariloche,009,0041 ,0502,352,2,10,20,27,124,78
16,Bariloche,009,0041 ,0503,351,6,10,26,27,120,87
16,Bariloche,009,0041 ,0504,352,4,6,19,27,97,72
16,Bariloche,009,0041 ,0505,351,5,6,26,28,104,81
16,Bariloche,009,0041 ,0506,349,2,3,24,33,128,70
16,Bariloche,009,0041 ,0507,350,3,10,20,34,107,72
16,Bariloche,009,0041 ,0508,351,11,9,25,30,93,70
16,Bariloche,009,0041 ,0509,347,15,15,23,15,124,61
16,Bariloche,009,0041 ,0510,351,9,5,23,31,121,66
16,Bariloche,009,0041 ,0511,350,8,0,25,23,91,82
16,Bariloche,009,0041 ,0512,350,5,10,23,22,90,94
16,Bariloche,009,0041 ,0513,350,14,6,22,25,90,80
16,Bariloche,009,0041 ,0514,348,10,0,25,35,114,59
16,Bariloche,009,0041 ,0515,350,4,5,17,23,158,58
16,Bariloche,009,0041 ,0516,351,8,1,36,25,122,55
16,Bariloche,009,0041 ,0517,352,5,5,18,24,125,80
16,Bariloche,009,0041 ,0518,350,8,5,18,37,101,86
16,Bariloche,009,0041 ,0519,350,5,0,18,31,90,86
16,Bariloche,009,0041 ,0520,351,8,20,32,35,104,57
16,Bariloche,009,0041 ,0521,351,6,3,25,21,99,67
16,Bariloche,009,0041 ,0522,352,1,6,15,42,140,56
16,Bariloche,009,0041 ,0523,350,3,4,14,26,115,67
16,Bariloche,009,0041 ,0524,351,4,3,22,22,108,70
16,Bariloche,009,0041 ,0525,351,6,10,27,25,118,53
16,Bariloche,009,0041 ,0526,352,5,3,18,21,119,71
16,Bariloche,009,0041 ,0527,347,11,6,21,30,128,62
16,Bariloche,009,0041 ,0528,351,7,1,13,24,105,64
16,Bariloche,009,0041 ,0529,353,1,8,18,21,117,66
16,Bariloche,009,0041 ,0530,353,7,3,20,26,88,84
16,Bariloche,009,0041 ,0531,351,2,0,21,34,107,69
16,Bariloche,009,0041 ,0532,352,1,9,21,33,102,82
16,Bariloche,009,0041 ,0533,349,6,6,27,26,108,77
16,Bariloche,009,0041 ,0534,350,6,6,26,22,93,70
16,Bariloche,009,0041 ,0535,351,6,6,18,31,128,64
16,Bariloche,009,0041 ,0536,352,8,3,19,33,130,63
16,Bariloche,009,0041 ,0537,351,10,5,19,31,129,74
16,Bariloche,009,0041 ,0538,356,10,11,19,32,127,61
16,Bariloche,009,0041 ,0539,351,5,5,18,27,106,68
16,Bariloche,009,0041 ,0540,349,7,3,16,23,82,91
16,Bariloche,009,0041 ,0541,353,5,3,29,19,91,76
16,Bariloche,009,0041 ,0542,348,3,2,27,32,104,70
16,Bariloche,009,0041 ,0543,353,5,9,28,17,95,88
16,Bariloche,009,0041 ,0544,351,4,9,37,27,108,68
16,Bariloche,009,0041 ,0545,349,3,7,26,17,94,84
16,Bariloche,009,0041 ,0546,348,6,8,31,18,107,71
16,Bariloche,009,0041 ,0547,351,8,7,22,26,143,48
16,Bariloche,009,0041 ,0548,352,6,6,24,28,122,64
16,Bariloche,009,0041 ,0549,350,9,6,28,34,75,97
16,Bariloche,009,0041 ,0550,353,12,8,18,33,93,78
16,Bariloche,009,0041 ,0551,347,5,7,17,21,103,73
16,Bariloche,009,0041 ,0552,350,4,2,28,31,106,72
16,Bariloche,009,0041 ,0553,349,7,7,24,21,123,71
16,Bariloche,009,0041 ,0554,350,5,8,25,27,114,72
16,Bariloche,009,0041 ,0555,352,4,6,25,27,109,83
16,Bariloche,009,0041 ,0556,348,10,8,21,27,104,78
16,Bariloche,009,0041 ,0557,352,3,11,31,30,114,61
16,Bariloche,009,0041 ,0558,349,5,1,28,19,127,64
16,Bariloche,009,0041 ,0559,350,6,13,37,24,115,67
16,Bariloche,009,0041 ,0560,349,12,7,20,31,101,64
16,Bariloche,009,0041 ,0561,353,7,4,30,32,115,53
16,Bariloche,009,0041 ,0562,349,12,6,23,25,134,53
16,Bariloche,009,0041 ,0563,350,4,10,17,27,116,67
16,Bariloche,009,0041 ,0564,349,6,6,25,14,139,61
16,Bariloche,009,0041 ,0565,348,6,10,28,18,108,83
16,Bariloche,009,0041 ,0566,352,6,10,18,31,89,81
16,Bariloche,009,0041 ,0567,351,5,7,21,26,129,60
16,Bariloche,009,0041 ,0568,349,2,7,22,34,106,60
16,Bariloche,009,0041 ,0569,351,6,2,28,31,96,66
16,Bariloche,009,0041 ,0570,348,5,4,26,20,91,91
16,Bariloche,009,0041 ,0571,350,8,4,22,22,107,75
16,Bariloche,009,0041 ,0572,350,7,3,25,20,105,90
16,Bariloche,009,0041 ,0573,348,7,3,22,26,121,82
16,Bariloche,009,0042 ,0574,244,6,3,25,18,97,20
16,Bariloche,009,0042 ,0575,245,6,2,39,18,104,17
16,Bariloche,009,0043 ,0576,348,7,12,58,28,115,37
16,Bariloche,009,0043 ,0577,348,8,7,56,22,98,46
16,Bariloche,009,0043 ,0578,347,14,9,47,11,110,52
16,Bariloche,009,0043 ,0579,346,10,11,55,25,128,34
16,Bariloche,009,0043 ,0580,348,7,7,45,22,111,55
16,Bariloche,009,0043 ,0581,351,6,11,35,24,106,63
16,Bariloche,009,0043 ,0582,346,6,14,42,18,131,49
16,Bariloche,009,0043 ,0583,347,10,13,35,18,127,52
16,Bariloche,009,0043 ,0584,348,11,11,44,23,123,47
16,Bariloche,009,0043 ,0585,349,4,8,51,28,93,56
16,Bariloche,009,0043 ,0586,350,7,5,51,18,116,52
16,Bariloche,009,0043 ,0587,348,9,12,42,28,100,43
16,Bariloche,009,0043 ,0588,348,1,7,38,16,126,51
16,Bariloche,009,0043 ,0589,349,7,11,48,21,128,33
16,Bariloche,009,0043 ,0590,347,29,0,50,23,114,33
16,Bariloche,009,0043 ,0591,348,10,11,54,22,112,45
16,Bariloche,009,0043 ,0592,346,13,22,37,20,137,28
16,Bariloche,009,0043 ,0593,344,12,12,56,27,115,42
16,Bariloche,009,0043 ,0594,346,5,8,41,19,111,47
16,Bariloche,009,0043 ,0595,348,8,8,64,33,108,37
16,Bariloche,009,0043 ,0596,350,9,13,58,24,116,42
16,Bariloche,009,0043 ,0597,350,7,13,36,12,122,54
16,Bariloche,009,0043 ,0598,346,19,6,41,22,120,47
16,Bariloche,009,0043 ,0599,348,13,4,49,22,122,34
16,Bariloche,009,0043 ,0600,351,11,12,70,18,124,29
16,Bariloche,009,0043 ,0601,349,17,7,40,24,107,51
16,Bariloche,009,0043 ,0602,350,16,6,65,30,113,36
16,Bariloche,009,0043 ,0603,349,15,11,44,26,99,42
16,Bariloche,009,0043 ,0604,350,4,16,35,32,117,51
16,Bariloche,009,0043 ,0605,349,13,1,53,21,120,43
16,Bariloche,009,0043 ,0606,348,6,17,39,17,133,36
16,Bariloche,009,0043 ,0607,348,10,8,49,29,104,38
16,Bariloche,009,0043 ,0608,349,7,8,57,20,104,52
16,Bariloche,009,0043 ,0609,349,10,8,41,25,119,52
16,Bariloche,009,0043 ,0610,347,14,8,45,28,119,36
16,Bariloche,009,0043 ,0611,348,6,8,37,22,106,63
16,Bariloche,009,0043 ,0612,349,6,6,43,24,129,47
16,Bariloche,009,0043 ,0613,348,6,14,56,25,125,43
16,Bariloche,009,0043 ,0614,346,4,0,51,16,121,7
16,Bariloche,009,0043A,0615,281,11,13,40,5,97,36
16,Bariloche,009,0043A,0616,284,11,10,20,16,76,54
16,Bariloche,009,0043A,0617,282,6,10,21,18,94,45
16,Bariloche,009,0043A,0618,283,17,2,33,24,76,53
16,Pichi Mahuida,010,0044 ,0619,341,1,5,84,11,111,67
16,Pichi Mahuida,010,0044 ,0620,342,3,7,62,12,110,71
16,Pichi Mahuida,010,0044 ,0621,340,0,0,0,0,0,0
16,Pichi Mahuida,010,0044 ,0622,338,1,7,61,17,108,59
16,Pichi Mahuida,010,0044 ,0623,339,2,8,51,13,119,74
16,Pichi Mahuida,010,0044 ,0624,338,1,9,50,9,131,75
16,Pichi Mahuida,010,0044 ,0625,339,3,0,66,9,118,59
16,Pichi Mahuida,010,0044 ,0626,341,6,2,71,7,124,59
16,Pichi Mahuida,010,0044 ,0627,340,2,2,58,17,107,89
16,Pichi Mahuida,010,0044 ,0628,340,2,2,46,15,115,74
16,Pichi Mahuida,010,0044 ,0629,340,3,1,63,24,131,50
16,Pichi Mahuida,010,0044 ,0630,341,3,5,65,9,115,68
16,Pichi Mahuida,010,0044 ,0631,342,5,5,64,11,115,67
16,Pichi Mahuida,010,0044 ,0632,339,7,8,69,19,126,49
16,Pichi Mahuida,010,0044 ,0633,342,9,8,65,20,104,63
16,Pichi Mahuida,010,0044 ,0634,341,2,6,54,15,131,72
16,Pichi Mahuida,010,0044 ,0635,341,4,6,67,19,135,59
16,Pichi Mahuida,010,0044 ,0636,340,2,5,62,16,94,85
16,Pichi Mahuida,010,0044 ,0637,341,3,2,66,13,114,75
16,Pichi Mahuida,010,0044 ,0638,339,2,2,63,10,142,59
16,Pichi Mahuida,010,0044 ,0639,341,4,7,56,9,107,69
16,Pichi Mahuida,010,0044 ,0640,341,4,1,59,7,128,71
16,Pichi Mahuida,010,0044 ,0641,341,14,8,52,15,110,64
16,Pichi Mahuida,010,0044 ,0642,341,1,8,71,11,111,61
16,Pichi Mahuida,010,0044 ,0643,341,4,4,59,13,115,76
16,Pichi Mahuida,010,0044 ,0644,340,3,6,59,12,132,79
16,Pichi Mahuida,010,0044 ,0645,344,5,0,69,10,129,51
16,Pichi Mahuida,010,0044 ,0646,339,10,4,65,17,103,72
16,Pichi Mahuida,010,0044 ,0647,339,2,4,47,7,127,73
16,Pichi Mahuida,010,0044 ,0648,343,11,0,47,15,139,48
16,Pichi Mahuida,010,0044 ,0649,341,4,7,53,15,109,55
16,Pichi Mahuida,010,0044 ,0650,341,5,5,52,4,135,68
16,Pichi Mahuida,010,0044 ,0651,342,0,6,56,7,127,82
16,Pichi Mahuida,010,0044 ,0652,339,1,1,60,9,105,94
16,Avellaneda,011,0047 ,0653,344,5,6,47,6,148,52
16,Avellaneda,011,0047 ,0654,343,1,6,53,17,134,51
16,Avellaneda,011,0047 ,0655,343,2,7,59,12,140,50
16,Avellaneda,011,0047 ,0656,344,4,10,49,9,127,68
16,Avellaneda,011,0047 ,0657,343,17,0,44,8,149,60
16,Avellaneda,011,0047 ,0658,347,7,5,61,19,147,39
16,Avellaneda,011,0047 ,0659,345,6,2,49,14,125,79
16,Avellaneda,011,0047 ,0660,340,5,8,58,16,141,57
16,Avellaneda,011,0047 ,0661,343,10,2,58,11,137,40
16,Avellaneda,011,0047 ,0662,343,8,2,65,11,120,51
16,Avellaneda,011,0047 ,0663,344,2,4,54,11,150,50
16,Avellaneda,011,0047 ,0664,347,7,12,47,16,147,52
16,Avellaneda,011,0047 ,0665,342,8,0,61,6,112,60
16,Avellaneda,011,0047 ,0666,344,5,10,58,6,129,59
16,Avellaneda,011,0047 ,0667,342,2,8,58,12,136,59
16,Avellaneda,011,0047 ,0668,344,4,7,62,13,135,53
16,Avellaneda,011,0047 ,0669,342,10,6,50,8,138,68
16,Avellaneda,011,0047 ,0670,345,1,8,58,15,126,61
16,Avellaneda,011,0047 ,0671,342,1,4,51,9,140,59
16,Avellaneda,011,0047 ,0672,343,5,2,55,11,136,62
16,Avellaneda,011,0047 ,0673,346,11,8,49,8,127,54
16,Avellaneda,011,0047 ,0674,342,5,4,51,9,132,63
16,Avellaneda,011,0047 ,0675,344,14,0,49,11,140,54
16,Avellaneda,011,0047 ,0676,342,12,7,51,7,147,51
16,Avellaneda,011,0047 ,0677,343,3,5,66,5,128,63
16,Avellaneda,011,0048 ,0678,342,7,4,66,10,143,53
16,Avellaneda,011,0048 ,0679,344,8,8,57,10,142,64
16,Avellaneda,011,0048 ,0680,338,4,2,49,19,162,41
16,Avellaneda,011,0048 ,0681,341,4,8,68,9,126,70
16,Avellaneda,011,0048 ,0682,337,6,2,64,11,137,52
16,Avellaneda,011,0048 ,0683,339,3,3,55,7,170,45
16,Avellaneda,011,0048 ,0684,341,2,1,59,9,167,43
16,Avellaneda,011,0048 ,0685,340,2,6,64,6,147,55
16,Avellaneda,011,0048 ,0686,336,5,6,45,16,153,58
16,Avellaneda,011,0048 ,0687,341,7,1,68,11,137,51
16,Avellaneda,011,0048 ,0688,336,3,5,62,8,133,54
16,Avellaneda,011,0048 ,0689,336,6,4,70,12,145,32
16,Avellaneda,011,0048 ,0690,337,0,4,47,7,156,57
16,Avellaneda,011,0048 ,0691,339,12,7,55,7,155,42
16,Avellaneda,011,0048 ,0692,343,4,4,61,13,155,46
16,Avellaneda,011,0049 ,0693,333,8,7,55,6,146,36
16,Avellaneda,011,0049 ,0694,334,11,13,34,6,158,41
16,Avellaneda,011,0049 ,0695,333,7,4,51,7,148,48
16,Avellaneda,011,0049 ,0696,334,3,4,43,11,160,55
16,Avellaneda,011,0049 ,0697,333,6,5,37,18,157,45
16,Avellaneda,011,0049 ,0698,333,5,9,45,10,150,58
16,Avellaneda,011,0049 ,0699,334,6,9,48,9,155,38
16,Avellaneda,011,0049 ,0700,335,8,4,45,7,173,28
16,Avellaneda,011,0049 ,0701,332,6,3,44,13,128,61
16,Avellaneda,011,0049 ,0702,332,1,5,54,9,152,27
16,Avellaneda,011,0049 ,0703,332,8,17,47,12,147,35
16,Avellaneda,011,0049 ,0704,332,6,8,44,12,160,39
16,Avellaneda,011,0049 ,0705,332,7,0,54,21,130,54
16,Avellaneda,011,0049 ,0706,332,14,3,57,7,120,53
16,Avellaneda,011,0049 ,0707,333,3,12,51,12,153,42
16,Avellaneda,011,0049 ,0708,334,6,7,48,7,157,50
16,Avellaneda,011,0049 ,0709,335,4,8,46,13,146,64
16,Avellaneda,011,0050 ,0710,269,0,0,54,4,125,34
16,Avellaneda,011,0050 ,0711,273,0,16,51,10,126,22
16,Avellaneda,011,0050 ,0712,270,26,0,74,5,103,17
16,Avellaneda,011,0051 ,0713,21,0,0,3,1,3,5
16,Avellaneda,011,0052 ,0714,270,0,9,91,4,121,7
16,Avellaneda,011,0052 ,0715,276,0,7,78,6,113,20
16,Avellaneda,011,0052 ,0716,271,3,7,93,9,107,9
16,Avellaneda,011,0053 ,0717,291,19,1,74,6,112,19
16,Avellaneda,011,0053 ,0718,292,12,2,74,4,117,32
16,Avellaneda,011,0053 ,0719,289,8,2,90,7,96,38
16,Avellaneda,011,0053 ,0720,290,1,6,85,4,109,38
16,Avellaneda,011,0054 ,0721,341,5,5,108,6,116,29
16,Avellaneda,011,0054 ,0722,342,2,6,111,6,115,40
16,Avellaneda,011,0054 ,0723,339,1,2,111,3,111,33
16,Avellaneda,011,0054 ,0724,344,1,3,127,7,101,29
16,Avellaneda,011,0054 ,0725,344,1,2,117,10,106,41
16,Avellaneda,011,0054 ,0726,345,3,6,109,4,136,26
16,Avellaneda,011,0054 ,0727,343,6,2,95,11,112,47
16,Avellaneda,011,0054 ,0728,340,4,6,112,7,114,42
16,Avellaneda,011,0054 ,0729,336,3,1,116,11,106,47
16,Avellaneda,011,0055 ,0730,61,4,0,7,2,22,11
16,General Roca,012,0057 ,0731,319,13,5,66,14,142,20
16,General Roca,012,0057 ,0732,320,67,1,111,6,122,15
16,General Roca,012,0057 ,0733,317,11,2,102,13,114,24
16,General Roca,012,0057 ,0734,321,15,6,108,4,115,25
16,General Roca,012,0057 ,0735,318,19,4,86,10,137,11
16,General Roca,012,0057 ,0736,316,15,2,74,12,125,35
16,General Roca,012,0057 ,0737,317,19,0,118,8,110,26
16,General Roca,012,0057 ,0738,321,21,3,100,10,122,13
16,General Roca,012,0057 ,0739,318,19,0,100,12,111,28
16,General Roca,012,0057 ,0740,317,2,8,79,4,136,18
16,General Roca,012,0058 ,0741,351,5,8,44,25,150,57
16,General Roca,012,0058 ,0742,355,5,6,24,49,135,62
16,General Roca,012,0058 ,0743,355,3,4,27,22,145,81
16,General Roca,012,0058 ,0744,356,5,5,39,32,120,71
16,General Roca,012,0058 ,0745,354,10,9,33,32,132,65
16,General Roca,012,0058 ,0746,351,3,7,34,27,121,75
16,General Roca,012,0058 ,0747,353,3,9,38,28,118,75
16,General Roca,012,0058 ,0748,352,3,5,43,26,100,102
16,General Roca,012,0058 ,0749,351,9,12,52,29,141,56
16,General Roca,012,0058 ,0750,349,3,6,40,25,135,63
16,General Roca,012,0058 ,0751,349,9,11,31,41,131,65
16,General Roca,012,0058 ,0752,353,10,5,39,37,119,63
16,General Roca,012,0058 ,0753,350,8,8,26,27,135,64
16,General Roca,012,0058 ,0754,352,4,6,40,39,139,60
16,General Roca,012,0058 ,0755,352,6,3,40,27,117,82
16,General Roca,012,0058 ,0756,352,9,10,44,30,132,57
16,General Roca,012,0058 ,0757,353,4,4,35,24,128,98
16,General Roca,012,0058 ,0758,352,10,10,37,31,113,85
16,General Roca,012,0058 ,0759,350,7,8,45,30,102,82
16,General Roca,012,0058 ,0760,351,11,14,33,35,123,79
16,General Roca,012,0058 ,0761,352,4,4,29,39,123,78
16,General Roca,012,0058 ,0762,351,1,2,29,34,133,74
16,General Roca,012,0058 ,0763,353,2,16,43,37,135,51
16,General Roca,012,0058 ,0764,354,13,14,41,25,102,79
16,General Roca,012,0058 ,0765,352,6,6,32,25,156,58
16,General Roca,012,0058 ,0766,349,6,2,34,17,121,84
16,General Roca,012,0058 ,0767,352,9,4,49,32,140,45
16,General Roca,012,0058 ,0768,351,0,3,34,16,133,85
16,General Roca,012,0058 ,0769,351,6,9,45,27,124,73
16,General Roca,012,0058 ,0770,353,6,2,42,24,158,55
16,General Roca,012,0058 ,0771,350,12,1,27,26,136,67
16,General Roca,012,0058 ,0772,350,2,6,52,27,132,69
16,General Roca,012,0058 ,0773,350,13,6,40,25,130,76
16,General Roca,012,0058 ,0774,352,11,7,42,42,138,47
16,General Roca,012,0058 ,0775,351,14,11,32,28,120,74
16,General Roca,012,0058 ,0776,352,6,11,39,30,146,65
16,General Roca,012,0058 ,0777,351,15,6,47,34,128,51
16,General Roca,012,0058 ,0778,353,3,3,39,28,151,60
16,General Roca,012,0058 ,0779,351,5,13,31,39,111,77
16,General Roca,012,0058 ,0780,353,4,4,36,26,152,63
16,General Roca,012,0058 ,0781,350,3,6,30,38,130,62
16,General Roca,012,0058 ,0782,352,6,16,38,35,134,61
16,General Roca,012,0058 ,0783,349,2,7,31,39,149,55
16,General Roca,012,0058 ,0784,353,7,6,40,39,135,55
16,General Roca,012,0058 ,0785,352,3,6,45,29,132,61
16,General Roca,012,0058 ,0786,352,8,4,18,32,135,80
16,General Roca,012,0058 ,0787,352,4,9,35,34,148,51
16,General Roca,012,0058 ,0788,352,8,0,45,30,136,63
16,General Roca,012,0058 ,0789,350,3,10,39,22,128,75
16,General Roca,012,0058 ,0790,350,5,9,24,26,140,67
16,General Roca,012,0058 ,0791,351,9,5,38,37,115,66
16,General Roca,012,0058 ,0792,353,3,6,34,44,133,60
16,General Roca,012,0058 ,0793,354,5,6,26,37,131,72
16,General Roca,012,0058 ,0794,352,9,1,24,39,140,72
16,General Roca,012,0058 ,0795,350,7,9,38,25,143,65
16,General Roca,012,0058 ,0796,349,6,6,50,31,144,55
16,General Roca,012,0058 ,0797,349,7,2,19,25,161,65
16,General Roca,012,0058 ,0798,348,3,2,34,27,118,96
16,General Roca,012,0058 ,0799,351,6,2,55,23,131,61
16,General Roca,012,0058 ,0800,348,2,13,41,26,155,55
16,General Roca,012,0058 ,0801,350,6,6,39,26,121,78
16,General Roca,012,0058 ,0802,348,5,7,40,29,123,81
16,General Roca,012,0058 ,0803,353,9,6,28,29,135,58
16,General Roca,012,0058 ,0804,350,7,9,35,27,109,76
16,General Roca,012,0058 ,0805,351,11,10,32,34,100,72
16,General Roca,012,0058 ,0806,353,12,3,46,38,129,64
16,General Roca,012,0058 ,0807,350,5,6,35,32,141,51
16,General Roca,012,0058 ,0808,350,13,15,24,33,136,61
16,General Roca,012,0058 ,0809,352,6,3,29,26,125,89
16,General Roca,012,0058 ,0810,350,5,13,42,27,126,64
16,General Roca,012,0058 ,0811,350,4,4,32,31,124,90
16,General Roca,012,0059 ,0812,344,27,4,38,22,148,48
16,General Roca,012,0059 ,0813,345,14,10,49,15,145,51
16,General Roca,012,0059 ,0814,344,2,7,40,13,146,53
16,General Roca,012,0059 ,0815,345,18,6,56,19,165,27
16,General Roca,012,0059 ,0816,343,17,7,53,17,164,33
16,General Roca,012,0059 ,0817,343,18,15,33,29,152,41
16,General Roca,012,0059 ,0818,342,1,13,29,16,178,50
16,General Roca,012,0059 ,0819,342,14,5,52,14,180,30
16,General Roca,012,0059 ,0820,341,17,6,48,21,146,44
16,General Roca,012,0060 ,0821,336,0,10,120,9,109,34
16,General Roca,012,0060 ,0822,340,6,12,98,3,123,40
16,General Roca,012,0060 ,0823,343,5,1,131,11,96,36
16,General Roca,012,0060 ,0824,337,7,9,108,8,121,41
16,General Roca,012,0060 ,0825,338,12,6,84,14,106,36
16,General Roca,012,0060 ,0826,339,2,7,113,12,116,31
16,General Roca,012,0060 ,0827,338,9,3,94,9,122,40
16,General Roca,012,0060 ,0828,337,6,4,107,6,108,37
16,General Roca,012,0060 ,0829,340,7,4,99,11,129,39
16,General Roca,012,0060 ,0830,338,5,10,111,16,118,36
16,General Roca,012,0060 ,0831,338,9,4,98,10,126,46
16,General Roca,012,0060 ,0832,337,2,1,114,9,115,34
16,General Roca,012,0060 ,0833,337,5,5,103,13,107,45
16,General Roca,012,0060 ,0834,337,0,8,126,8,115,30
16,General Roca,012,0060 ,0835,341,7,8,112,9,121,27
16,General Roca,012,0061 ,0836,311,9,1,26,8,148,73
16,General Roca,012,0061 ,0837,312,12,1,20,9,164,35
16,General Roca,012,0061 ,0838,309,5,7,25,7,160,37
16,General Roca,012,0061 ,0839,307,8,4,24,16,157,39
16,General Roca,012,0061 ,0840,312,5,5,22,8,151,58
16,General Roca,012,0061 ,0841,309,7,4,27,5,159,56
16,General Roca,012,0062 ,0842,333,5,1,46,15,170,59
16,General Roca,012,0062 ,0843,328,9,3,39,14,143,57
16,General Roca,012,0062 ,0844,334,6,3,43,6,178,49
16,General Roca,012,0062 ,0845,331,15,0,52,6,130,59
16,General Roca,012,0062 ,0846,331,9,9,38,9,149,48
16,General Roca,012,0062 ,0847,334,12,0,44,10,163,52
16,General Roca,012,0062 ,0848,335,12,0,39,5,167,50
16,General Roca,012,0062 ,0849,332,4,2,44,11,155,59
16,General Roca,012,0062 ,0850,333,8,2,46,5,150,57
16,General Roca,012,0062 ,0851,332,10,6,31,17,136,72
16,General Roca,012,0062 ,0852,331,11,8,46,13,135,52
16,General Roca,012,0062 ,0853,329,5,2,42,19,157,45
16,General Roca,012,0062 ,0854,330,7,2,51,9,137,65
16,General Roca,012,0063 ,0855,351,12,5,27,19,122,93
16,General Roca,012,0063 ,0856,351,14,8,30,16,125,85
16,General Roca,012,0063 ,0857,349,10,12,34,17,144,68
16,General Roca,012,0063 ,0858,349,11,5,30,16,120,80
16,General Roca,012,0063 ,0859,350,10,5,19,22,114,94
16,General Roca,012,0063 ,0860,350,16,14,18,22,111,88
16,General Roca,012,0063 ,0861,348,8,5,30,18,133,80
16,General Roca,012,0063 ,0862,351,9,9,31,17,119,74
16,General Roca,012,0063 ,0863,350,19,5,24,16,122,90
16,General Roca,012,0063 ,0864,351,18,9,26,17,106,86
16,General Roca,012,0063 ,0865,347,9,6,32,20,116,88
16,General Roca,012,0063 ,0866,349,10,10,21,16,122,101
16,General Roca,012,0063 ,0867,349,12,3,22,14,126,89
16,General Roca,012,0063 ,0868,349,15,9,18,16,129,87
16,General Roca,012,0063 ,0869,349,17,7,29,18,97,99
16,General Roca,012,0063 ,0870,350,14,6,30,12,131,91
16,General Roca,012,0063 ,0871,349,8,4,29,20,141,74
16,General Roca,012,0063 ,0872,350,10,10,28,22,99,106
16,General Roca,012,0063 ,0873,350,25,8,19,19,110,92
16,General Roca,012,0063 ,0874,348,8,14,24,20,93,96
16,General Roca,012,0063 ,0875,349,6,5,25,19,100,111
16,General Roca,012,0063 ,0876,346,7,2,20,24,100,119
16,General Roca,012,0063 ,0877,352,2,12,32,19,102,105
16,General Roca,012,0063 ,0878,350,15,12,30,21,119,84
16,General Roca,012,0063 ,0879,349,11,2,23,16,101,121
16,General Roca,012,0063 ,0880,351,5,5,23,20,140,87
16,General Roca,012,0063 ,0881,350,9,7,29,24,115,94
16,General Roca,012,0063 ,0882,351,13,2,27,17,112,97
16,General Roca,012,0063 ,0883,352,12,11,25,28,141,66
16,General Roca,012,0063 ,0884,352,18,7,21,24,148,71
16,General Roca,012,0063 ,0885,354,10,9,37,21,113,83
16,General Roca,012,0063 ,0886,351,15,14,38,14,120,83
16,General Roca,012,0063 ,0887,349,8,4,31,14,144,75
16,General Roca,012,0063 ,0888,349,17,5,26,17,138,70
16,General Roca,012,0063 ,0889,349,13,4,39,19,120,81
16,General Roca,012,0063 ,0890,347,17,6,29,22,135,56
16,General Roca,012,0063 ,0891,350,13,8,17,23,129,78
16,General Roca,012,0063 ,0892,349,22,10,15,18,126,79
16,General Roca,012,0063 ,0893,351,9,8,16,8,122,108
16,General Roca,012,0063 ,0894,348,6,6,31,16,137,76
16,General Roca,012,0063 ,0895,349,6,3,36,15,120,75
16,General Roca,012,0063 ,0896,349,17,10,46,14,129,73
16,General Roca,012,0063 ,0897,350,19,6,34,17,117,76
16,General Roca,012,0063 ,0898,351,12,8,26,14,141,67
16,General Roca,012,0063 ,0899,351,12,8,26,21,140,74
16,General Roca,012,0063 ,0900,350,4,12,18,22,108,114
16,General Roca,012,0063 ,0901,349,12,18,23,11,145,72
16,General Roca,012,0063 ,0902,349,18,6,23,12,135,88
16,General Roca,012,0063 ,0903,349,17,10,22,18,97,112
16,General Roca,012,0063 ,0904,350,9,12,22,21,88,112
16,General Roca,012,0063 ,0905,348,6,6,25,16,128,75
16,General Roca,012,0063 ,0906,349,13,5,30,23,130,82
16,General Roca,012,0063 ,0907,350,10,5,26,23,117,100
16,General Roca,012,0063 ,0908,350,16,9,23,25,131,72
16,General Roca,012,0063 ,0909,349,7,1,29,19,125,93
16,General Roca,012,0063 ,0910,351,16,11,30,10,123,80
16,General Roca,012,0063 ,0911,350,15,9,25,20,125,72
16,General Roca,012,0063 ,0912,351,3,5,30,20,96,99
16,General Roca,012,0063 ,0913,351,10,6,19,24,121,90
16,General Roca,012,0063 ,0914,350,17,6,25,16,113,103
16,General Roca,012,0063 ,0915,351,13,4,27,20,113,95
16,General Roca,012,0063 ,0916,349,17,9,30,14,115,90
16,General Roca,012,0063 ,0917,351,24,12,30,18,134,68
16,General Roca,012,0063 ,0918,350,9,8,27,30,100,109
16,General Roca,012,0063 ,0919,351,24,2,31,24,121,70
16,General Roca,012,0063 ,0920,349,6,5,26,15,122,92
16,General Roca,012,0063 ,0921,351,13,4,19,22,131,84
16,General Roca,012,0063 ,0922,351,11,10,30,19,115,99
16,General Roca,012,0063 ,0923,354,13,9,33,16,107,86
16,General Roca,012,0063 ,0924,350,13,8,27,15,117,88
16,General Roca,012,0063 ,0925,349,15,5,26,26,111,80
16,General Roca,012,0063 ,0926,351,9,3,26,14,112,107
16,General Roca,012,0063 ,0927,352,15,0,28,22,114,88
16,General Roca,012,0063 ,0928,349,12,3,27,19,119,86
16,General Roca,012,0063 ,0929,350,14,7,25,19,124,82
16,General Roca,012,0063 ,0930,348,6,5,17,22,140,93
16,General Roca,012,0063 ,0931,349,26,8,26,15,104,94
16,General Roca,012,0063 ,0932,351,2,8,23,20,104,96
16,General Roca,012,0063 ,0933,349,18,0,30,12,137,85
16,General Roca,012,0063 ,0934,350,16,8,41,14,118,87
16,General Roca,012,0063 ,0935,352,26,10,23,27,138,60
16,General Roca,012,0063 ,0936,351,11,6,22,20,118,87
16,General Roca,012,0063 ,0937,346,21,3,26,20,118,84
16,General Roca,012,0063 ,0938,350,14,2,27,22,115,85
16,General Roca,012,0063 ,0939,350,6,6,22,25,148,76
16,General Roca,012,0063 ,0940,348,18,2,26,26,154,55
16,General Roca,012,0063 ,0941,350,7,2,35,18,102,101
16,General Roca,012,0063 ,0942,351,2,12,31,21,102,102
16,General Roca,012,0063 ,0943,351,19,4,31,22,124,82
16,General Roca,012,0063 ,0944,351,22,1,29,21,151,57
16,General Roca,012,0063 ,0945,351,10,5,14,21,116,94
16,General Roca,012,0063 ,0946,351,7,7,25,10,116,89
16,General Roca,012,0063 ,0947,348,15,11,40,23,111,79
16,General Roca,012,0063 ,0948,349,14,5,30,13,118,94
16,General Roca,012,0063 ,0949,349,9,5,22,23,142,67
16,General Roca,012,0063 ,0950,350,12,10,26,21,116,93
16,General Roca,012,0063 ,0951,351,17,11,15,18,177,62
16,General Roca,012,0063 ,0952,346,5,4,21,17,148,85
16,General Roca,012,0063 ,0953,350,14,5,28,15,124,91
16,General Roca,012,0063 ,0954,350,15,5,21,16,128,86
16,General Roca,012,0063 ,0955,348,2,5,32,26,109,97
16,General Roca,012,0063 ,0956,349,14,10,31,19,116,93
16,General Roca,012,0063 ,0957,349,3,4,28,18,121,91
16,General Roca,012,0063 ,0958,349,19,4,36,12,123,81
16,General Roca,012,0063 ,0959,349,10,11,20,23,114,91
16,General Roca,012,0063 ,0960,351,11,4,30,24,139,72
16,General Roca,012,0063 ,0961,350,17,10,29,22,120,82
16,General Roca,012,0063 ,0962,348,17,7,24,17,98,109
16,General Roca,012,0063 ,0963,350,6,10,35,15,103,102
16,General Roca,012,0063 ,0964,349,12,7,15,22,108,117
16,General Roca,012,0063 ,0965,349,20,5,24,19,123,91
16,General Roca,012,0063 ,0966,351,16,10,26,18,121,78
16,General Roca,012,0063 ,0967,351,15,8,27,17,131,83
16,General Roca,012,0063 ,0968,351,14,5,18,21,138,72
16,General Roca,012,0063 ,0969,347,9,11,28,16,117,90
16,General Roca,012,0063 ,0970,350,11,6,27,20,134,87
16,General Roca,012,0063 ,0971,353,11,2,33,17,123,89
16,General Roca,012,0063 ,0972,350,7,4,31,20,140,74
16,General Roca,012,0063 ,0973,352,14,8,33,19,130,81
16,General Roca,012,0063 ,0974,351,14,4,39,14,138,77
16,General Roca,012,0063 ,0975,349,0,0,0,0,0,0
16,General Roca,012,0063 ,0976,352,41,4,31,11,110,107
16,General Roca,012,0063 ,0977,350,23,13,32,8,144,57
16,General Roca,012,0063 ,0978,350,19,19,32,15,145,75
16,General Roca,012,0063 ,0979,351,19,10,24,18,132,69
16,General Roca,012,0063 ,0980,349,19,7,24,18,114,84
16,General Roca,012,0063 ,0981,349,0,0,0,0,0,0
16,General Roca,012,0063 ,0982,348,16,6,25,14,136,72
16,General Roca,012,0063 ,0983,350,21,12,27,16,129,75
16,General Roca,012,0063 ,0984,349,8,7,29,18,135,76
16,General Roca,012,0063 ,0985,350,4,9,34,31,119,75
16,General Roca,012,0063 ,0986,349,9,3,25,28,134,82
16,General Roca,012,0063 ,0987,352,13,6,35,30,125,69
16,General Roca,012,0063 ,0988,349,15,9,23,32,138,63
16,General Roca,012,0063 ,0989,349,10,3,36,13,134,77
16,General Roca,012,0063 ,0990,350,18,6,31,23,136,62
16,General Roca,012,0063 ,0991,348,14,4,28,21,100,98
16,General Roca,012,0063 ,0992,348,15,5,28,12,96,111
16,General Roca,012,0063 ,0993,351,15,10,24,20,106,97
16,General Roca,012,0063 ,0994,347,15,5,19,18,111,100
16,General Roca,012,0063 ,0995,348,11,2,21,26,98,111
16,General Roca,012,0063 ,0996,348,17,14,24,18,136,65
16,General Roca,012,0063 ,0997,349,12,8,30,15,84,110
16,General Roca,012,0063 ,0998,349,15,5,23,18,115,102
16,General Roca,012,0063 ,0999,349,9,2,23,19,110,100
16,General Roca,012,0063 ,1000,349,11,10,30,16,110,92
16,General Roca,012,0063 ,1001,349,19,4,30,28,145,61
16,General Roca,012,0063 ,1002,351,10,8,21,19,101,84
16,General Roca,012,0063 ,1003,350,5,4,30,17,147,70
16,General Roca,012,0063 ,1004,349,9,12,13,21,121,97
16,General Roca,012,0063 ,1005,347,17,6,28,23,137,80
16,General Roca,012,0063 ,1006,349,12,10,32,21,102,103
16,General Roca,012,0063 ,1007,348,15,7,30,19,126,67
16,General Roca,012,0063 ,1008,347,20,6,34,21,138,70
16,General Roca,012,0063 ,1009,352,14,10,21,12,138,79
16,General Roca,012,0063 ,1010,352,2,8,20,15,151,77
16,General Roca,012,0063 ,1011,349,6,7,32,22,112,86
16,General Roca,012,0063 ,1012,350,11,8,26,9,117,100
16,General Roca,012,0063 ,1013,347,7,4,17,12,122,98
16,General Roca,012,0063 ,1014,350,10,6,27,18,120,91
16,General Roca,012,0063 ,1015,347,12,7,25,7,107,98
16,General Roca,012,0063 ,1016,349,13,12,16,19,144,75
16,General Roca,012,0063 ,1017,349,2,10,30,24,138,75
16,General Roca,012,0063 ,1018,348,13,20,50,26,109,70
16,General Roca,012,0063 ,1019,349,22,4,27,27,126,67
16,General Roca,012,0063 ,1020,349,9,11,27,12,127,79
16,General Roca,012,0063 ,1021,348,22,12,22,28,125,66
16,General Roca,012,0063 ,1022,348,27,13,44,12,129,67
16,General Roca,012,0063 ,1023,349,20,5,26,14,102,99
16,General Roca,012,0063 ,1024,350,4,3,18,27,103,110
16,General Roca,012,0063 ,1025,348,15,7,40,28,127,71
16,General Roca,012,0063 ,1026,350,15,0,24,16,103,97
16,General Roca,012,0063 ,1027,349,17,8,31,11,141,79
16,General Roca,012,0063 ,1028,349,11,6,22,19,105,87
16,General Roca,012,0063 ,1029,350,13,13,29,18,138,44
16,General Roca,012,0063 ,1030,347,7,9,29,21,105,98
16,General Roca,012,0063 ,1031,349,7,6,31,26,107,93
16,General Roca,012,0063 ,1032,347,11,1,24,27,111,89
16,General Roca,012,0063 ,1033,348,15,0,28,16,116,98
16,General Roca,012,0063 ,1034,350,20,14,27,10,150,61
16,General Roca,012,0063 ,1035,349,13,5,34,22,123,80
16,General Roca,012,0063 ,1036,348,20,3,38,16,129,87
16,General Roca,012,0063 ,1037,346,16,0,38,26,127,67
16,General Roca,012,0063 ,1038,353,19,11,21,21,136,68
16,General Roca,012,0063 ,1039,352,15,9,21,23,137,80
16,General Roca,012,0063 ,1040,349,3,7,40,18,136,75
16,General Roca,012,0063 ,1041,350,10,9,28,25,141,80
16,General Roca,012,0063 ,1042,350,31,9,23,17,163,58
16,General Roca,012,0063 ,1043,348,18,4,27,18,128,79
16,General Roca,012,0063 ,1044,349,12,10,32,20,110,104
16,General Roca,012,0063 ,1045,349,16,1,23,17,134,81
16,General Roca,012,0063 ,1046,348,15,5,33,17,131,81
16,General Roca,012,0063 ,1047,348,11,6,24,17,124,94
16,General Roca,012,0063 ,1048,349,22,4,41,15,120,64
16,General Roca,012,0063 ,1049,348,9,12,20,15,128,90
16,General Roca,012,0063 ,1050,352,13,5,26,24,110,100
16,General Roca,012,0064 ,1051,348,5,7,28,18,159,60
16,General Roca,012,0064 ,1052,347,3,8,34,26,127,64
16,General Roca,012,0064 ,1053,347,7,10,33,17,167,54
16,General Roca,012,0064 ,1054,352,4,10,41,19,141,63
16,General Roca,012,0064 ,1055,346,2,5,49,19,147,62
16,General Roca,012,0064 ,1056,348,4,10,45,18,115,96
16,General Roca,012,0064 ,1057,344,2,9,45,19,120,78
16,General Roca,012,0064 ,1058,350,3,14,38,17,142,66
16,General Roca,012,0064 ,1059,351,9,9,27,17,145,54
16,General Roca,012,0064 ,1060,349,8,13,48,30,142,49
16,General Roca,012,0064 ,1061,348,10,6,47,17,145,63
16,General Roca,012,0064 ,1062,353,15,11,28,13,158,60
16,General Roca,012,0064 ,1063,348,4,12,43,25,122,75
16,General Roca,012,0064 ,1064,351,6,4,42,20,139,70
16,General Roca,012,0064 ,1065,345,13,7,33,21,111,104
16,General Roca,012,0064 ,1066,346,3,9,36,14,127,93
16,General Roca,012,0064 ,1067,346,16,4,49,16,108,92
16,General Roca,012,0064 ,1068,347,11,4,43,22,131,66
16,General Roca,012,0064 ,1069,347,9,7,38,15,127,77
16,General Roca,012,0064 ,1070,351,4,7,36,20,118,106
16,General Roca,012,0064 ,1071,348,6,6,53,17,131,58
16,General Roca,012,0064 ,1072,345,9,4,52,22,121,69
16,General Roca,012,0064 ,1073,346,6,2,49,18,157,66
16,General Roca,012,0064 ,1074,351,4,9,50,23,136,71
16,General Roca,012,0064 ,1075,349,24,0,42,23,135,61
16,General Roca,012,0064 ,1076,347,11,4,41,17,115,74
16,General Roca,012,0064 ,1077,346,8,6,37,19,139,64
16,General Roca,012,0064 ,1078,348,3,11,39,18,142,68
16,General Roca,012,0064 ,1079,348,7,7,45,13,143,65
16,General Roca,012,0064 ,1080,345,5,4,41,23,115,78
16,General Roca,012,0064 ,1081,346,6,8,48,19,134,58
16,General Roca,012,0064 ,1082,349,5,7,50,11,125,81
16,General Roca,012,0064 ,1083,346,4,5,62,16,128,58
16,General Roca,012,0064 ,1084,347,10,11,48,15,131,67
16,General Roca,012,0064 ,1085,345,9,14,55,18,123,75
16,General Roca,012,0064 ,1086,346,10,9,58,15,122,71
16,General Roca,012,0064 ,1087,347,17,4,43,19,134,64
16,General Roca,012,0064 ,1088,344,4,8,43,22,120,88
16,General Roca,012,0064 ,1089,348,3,3,50,18,121,76
16,General Roca,012,0064 ,1090,347,0,0,0,0,0,0
16,General Roca,012,0064 ,1091,347,3,9,44,14,163,48
16,General Roca,012,0064 ,1092,345,9,9,41,16,132,73
16,General Roca,012,0064 ,1093,351,18,2,47,19,149,60
16,General Roca,012,0064 ,1094,344,4,11,37,21,142,73
16,General Roca,012,0064 ,1095,347,0,0,55,15,124,69
16,General Roca,012,0064 ,1096,347,11,9,40,19,148,48
16,General Roca,012,0064 ,1097,345,11,6,65,19,95,94
16,General Roca,012,0064 ,1098,348,15,12,53,17,131,62
16,General Roca,012,0064 ,1099,345,11,3,38,14,141,63
16,General Roca,012,0064 ,1100,348,8,4,49,8,159,65
16,General Roca,012,0064 ,1101,348,4,13,36,34,96,104
16,General Roca,012,0064 ,1102,350,12,11,37,18,138,63
16,General Roca,012,0064 ,1103,347,10,9,37,23,133,79
16,General Roca,012,0064 ,1104,347,5,3,40,21,145,72
16,General Roca,012,0064 ,1105,345,7,8,33,16,137,81
16,General Roca,012,0065 ,1106,353,9,16,37,34,121,76
16,General Roca,012,0065 ,1107,348,8,11,32,39,120,82
16,General Roca,012,0065 ,1108,350,10,12,34,27,106,86
16,General Roca,012,0065 ,1109,349,4,6,30,28,110,104
16,General Roca,012,0065 ,1110,349,9,8,38,31,107,84
16,General Roca,012,0065 ,1111,349,9,5,44,32,94,92
16,General Roca,012,0065 ,1112,354,8,7,36,23,118,85
16,General Roca,012,0065 ,1113,353,9,9,43,30,123,80
16,General Roca,012,0065 ,1114,349,10,11,37,28,100,90
16,General Roca,012,0065 ,1115,350,9,15,45,37,119,66
16,General Roca,012,0065 ,1116,349,8,7,30,39,105,81
16,General Roca,012,0065 ,1117,351,10,12,29,23,143,79
16,General Roca,012,0065 ,1118,349,4,15,27,27,82,100
16,General Roca,012,0065 ,1119,350,7,10,30,36,113,95
16,General Roca,012,0065 ,1120,353,9,10,31,27,111,92
16,General Roca,012,0065 ,1121,352,3,7,44,29,98,99
16,General Roca,012,0065 ,1122,353,11,7,30,42,120,88
16,General Roca,012,0065 ,1123,351,20,4,46,23,110,96
16,General Roca,012,0065 ,1124,350,4,7,40,25,95,125
16,General Roca,012,0065 ,1125,352,8,10,23,36,67,123
16,General Roca,012,0065 ,1126,350,2,7,42,22,95,100
16,General Roca,012,0065 ,1127,352,1,7,39,26,134,86
16,General Roca,012,0065 ,1128,350,4,8,34,31,120,88
16,General Roca,012,0065 ,1129,350,6,6,27,46,103,92
16,General Roca,012,0065 ,1130,350,6,11,34,35,128,82
16,General Roca,012,0065 ,1131,349,0,0,0,0,0,0
16,General Roca,012,0065 ,1132,350,5,9,30,40,129,74
16,General Roca,012,0065 ,1133,352,6,12,35,34,126,63
16,General Roca,012,0065 ,1134,353,10,6,31,30,107,93
16,General Roca,012,0065 ,1135,350,14,10,42,23,133,62
16,General Roca,012,0065 ,1136,352,6,12,36,33,113,89
16,General Roca,012,0065 ,1137,350,6,12,30,25,133,74
16,General Roca,012,0065 ,1138,350,3,7,30,23,112,97
16,General Roca,012,0065 ,1139,352,10,5,23,22,127,91
16,General Roca,012,0065 ,1140,350,6,9,25,38,109,93
16,General Roca,012,0065 ,1141,351,5,9,34,25,118,90
16,General Roca,012,0065 ,1142,354,11,5,45,36,108,88
16,General Roca,012,0065 ,1143,348,5,5,31,31,100,99
16,General Roca,012,0065 ,1144,350,10,18,44,38,98,73
16,General Roca,012,0065 ,1145,351,12,10,45,35,97,96
16,General Roca,012,0065 ,1146,349,8,2,39,32,91,109
16,General Roca,012,0065 ,1147,351,5,5,30,34,88,121
16,General Roca,012,0065 ,1148,351,7,18,23,29,119,87
16,General Roca,012,0065 ,1149,351,7,12,40,28,87,103
16,General Roca,012,0065 ,1150,353,8,10,38,26,97,95
16,General Roca,012,0065 ,1151,349,8,7,32,28,124,91
16,General Roca,012,0065 ,1152,352,3,9,28,37,121,88
16,General Roca,012,0065 ,1153,348,8,3,36,46,110,93
16,General Roca,012,0065 ,1154,349,7,2,39,23,94,93
16,General Roca,012,0065 ,1155,349,12,5,34,27,113,93
16,General Roca,012,0065 ,1156,348,5,8,36,36,94,104
16,General Roca,012,0065 ,1157,349,2,5,39,35,121,72
16,General Roca,012,0065 ,1158,349,9,12,50,35,119,56
16,General Roca,012,0065 ,1159,350,1,3,30,26,107,103
16,General Roca,012,0065 ,1160,349,6,4,35,33,125,82
16,General Roca,012,0065 ,1161,350,8,0,31,32,117,87
16,General Roca,012,0065 ,1162,347,7,5,46,16,106,88
16,General Roca,012,0065 ,1163,348,8,13,29,31,102,94
16,General Roca,012,0065 ,1164,349,8,6,33,29,111,91
16,General Roca,012,0065 ,1165,349,17,0,28,32,84,106
16,General Roca,012,0065 ,1166,353,4,12,40,33,112,78
16,General Roca,012,0065 ,1167,348,6,11,34,35,121,69
16,General Roca,012,0065 ,1168,347,11,16,31,27,131,70
16,General Roca,012,0065 ,1169,349,10,3,35,31,118,91
16,General Roca,012,0065 ,1170,352,7,14,44,31,89,100
16,General Roca,012,0065 ,1171,351,4,5,40,39,123,76
16,General Roca,012,0065 ,1172,351,4,16,35,30,120,81
16,General Roca,012,0065 ,1173,351,5,19,33,28,145,60
16,General Roca,012,0065 ,1174,348,10,15,34,21,93,93
16,General Roca,012,0065 ,1175,350,6,10,25,25,129,73
16,General Roca,012,0065 ,1176,350,9,18,40,33,117,73
16,General Roca,012,0065 ,1177,351,10,7,33,32,111,75
16,General Roca,012,0065 ,1178,351,6,20,28,35,109,84
16,General Roca,012,0065 ,1179,350,10,11,31,35,129,72
16,General Roca,012,0065 ,1180,350,11,13,26,35,105,80
16,General Roca,012,0065 ,1181,351,6,12,36,33,91,104
16,General Roca,012,0065 ,1182,351,6,18,31,27,116,72
16,General Roca,012,0065 ,1183,352,9,3,23,42,104,100
16,General Roca,012,0065 ,1184,349,17,6,39,29,103,84
16,General Roca,012,0065 ,1185,351,7,6,45,29,125,79
16,General Roca,012,0065 ,1186,348,6,11,32,26,123,83
16,General Roca,012,0065 ,1187,348,8,11,43,37,120,69
16,General Roca,012,0065 ,1188,350,8,14,47,26,94,98
16,General Roca,012,0065 ,1189,350,5,11,34,37,93,102
16,General Roca,012,0065 ,1190,348,4,9,23,27,111,109
16,General Roca,012,0065 ,1191,347,8,4,34,32,118,82
16,General Roca,012,0065 ,1192,351,10,10,30,35,101,86
16,General Roca,012,0065 ,1193,347,7,12,35,23,94,122
16,General Roca,012,0065 ,1194,351,7,6,31,44,113,82
16,General Roca,012,0065 ,1195,348,7,17,23,46,109,92
16,General Roca,012,0065 ,1196,350,4,10,39,26,110,95
16,General Roca,012,0065 ,1197,349,10,12,40,38,116,72
16,General Roca,012,0065 ,1198,347,5,13,31,40,130,72
16,General Roca,012,0065 ,1199,348,6,6,44,26,133,66
16,General Roca,012,0065 ,1200,351,6,11,39,26,101,97
16,General Roca,012,0065 ,1201,349,7,11,35,34,116,86
16,General Roca,012,0065 ,1202,351,6,9,26,21,117,89
16,General Roca,012,0065 ,1203,349,14,2,43,16,130,73
16,General Roca,012,0065 ,1204,350,15,22,29,25,115,69
16,General Roca,012,0065 ,1205,348,80,8,28,28,105,100
16,General Roca,012,0065 ,1206,352,4,17,30,26,132,77
16,General Roca,012,0065 ,1207,348,11,5,40,46,126,65
16,General Roca,012,0065 ,1208,349,10,8,47,25,129,68
16,General Roca,012,0065 ,1209,349,16,4,34,29,128,81
16,General Roca,012,0065 ,1210,349,10,7,43,29,95,93
16,General Roca,012,0065 ,1211,350,4,24,29,47,114,71
16,General Roca,012,0065 ,1212,349,7,7,41,36,108,77
16,General Roca,012,0065 ,1213,348,4,11,31,31,129,78
16,General Roca,012,0065 ,1214,350,7,16,38,26,124,62
16,General Roca,012,0065 ,1215,350,9,13,29,34,121,87
16,General Roca,012,0065 ,1216,353,2,12,39,30,114,100
16,General Roca,012,0065 ,1217,348,5,13,43,30,98,101
16,General Roca,012,0065 ,1218,350,6,10,40,29,135,80
16,General Roca,012,0065 ,1219,349,4,8,42,25,114,71
16,General Roca,012,0065 ,1220,349,9,13,33,32,114,82
16,General Roca,012,0065 ,1221,351,2,6,40,25,113,90
16,General Roca,012,0065 ,1222,348,4,12,39,27,113,81
16,General Roca,012,0065 ,1223,349,5,6,30,42,99,119
16,General Roca,012,0065 ,1224,350,10,9,38,41,115,80
16,General Roca,012,0065 ,1225,348,7,13,34,23,106,97
16,General Roca,012,0065 ,1226,348,7,10,35,30,91,101
16,General Roca,012,0065 ,1227,351,6,13,38,41,96,75
16,General Roca,012,0065 ,1228,350,9,12,16,40,142,73
16,General Roca,012,0065 ,1229,349,17,10,32,32,111,80
16,General Roca,012,0065 ,1230,348,6,12,49,43,123,59
16,General Roca,012,0065 ,1231,351,4,7,37,37,90,98
16,General Roca,012,0065 ,1232,351,11,13,28,34,120,68
16,General Roca,012,0065 ,1233,348,10,8,49,34,113,80
16,General Roca,012,0065 ,1234,346,11,23,33,38,135,64
16,General Roca,012,0065 ,1235,348,5,4,32,34,106,89
16,General Roca,012,0065 ,1236,350,5,8,34,24,113,96
16,General Roca,012,0065 ,1237,349,8,10,26,30,110,99
16,General Roca,012,0065 ,1238,348,8,5,34,30,116,89
16,General Roca,012,0065 ,1239,349,7,8,37,32,94,95
16,General Roca,012,0065 ,1240,349,9,13,37,35,107,86
16,General Roca,012,0065 ,1241,349,10,8,27,38,143,59
16,General Roca,012,0065 ,1242,349,8,10,30,53,112,72
16,General Roca,012,0065 ,1243,351,6,5,31,29,140,77
16,General Roca,012,0065 ,1244,351,6,7,43,36,110,77
16,General Roca,012,0065 ,1245,350,9,15,38,36,118,76
16,General Roca,012,0065 ,1246,351,2,15,32,34,154,51
16,General Roca,012,0065 ,1247,350,5,9,32,24,117,103
16,General Roca,012,0065 ,1248,353,1,13,36,29,80,104
16,General Roca,012,0065 ,1249,346,7,8,45,35,95,77
16,General Roca,012,0065 ,1250,349,6,9,45,30,130,69
16,General Roca,012,0065 ,1251,347,9,17,53,34,110,75
16,General Roca,012,0065 ,1252,350,7,12,43,37,98,85
16,General Roca,012,0065 ,1253,350,5,8,35,19,110,98
16,General Roca,012,0065 ,1254,350,12,20,32,29,122,76
16,General Roca,012,0065 ,1255,349,12,10,36,35,87,96
16,General Roca,012,0065 ,1256,348,2,12,35,25,115,104
16,General Roca,012,0065 ,1257,348,15,14,41,37,96,80
16,General Roca,012,0065 ,1258,348,6,7,36,35,124,74
16,General Roca,012,0065 ,1259,350,12,9,38,39,101,80
16,General Roca,012,0065 ,1260,350,10,10,40,25,119,74
16,General Roca,012,0065 ,1261,350,5,14,29,42,128,69
16,General Roca,012,0065 ,1262,350,13,10,40,31,144,51
16,General Roca,012,0065 ,1263,353,9,25,36,27,113,71
16,General Roca,012,0065 ,1264,350,11,10,32,27,126,79
16,General Roca,012,0065 ,1265,348,9,9,25,29,133,71
16,General Roca,012,0065 ,1266,349,9,8,40,36,119,75
16,General Roca,012,0065 ,1267,349,15,12,39,29,137,63
16,General Roca,012,0065 ,1268,352,4,14,30,31,120,78
16,General Roca,012,0065 ,1269,349,5,9,36,43,94,102
16,General Roca,012,0065 ,1270,348,9,10,41,26,81,118
16,General Roca,012,0065 ,1271,349,4,11,32,38,103,92
16,General Roca,012,0065 ,1272,349,7,7,38,26,116,97
16,General Roca,012,0066 ,1273,356,10,10,49,22,182,31
16,General Roca,012,0066 ,1274,350,8,9,49,25,139,51
16,General Roca,012,0066 ,1275,351,8,8,53,21,112,62
16,General Roca,012,0066 ,1276,351,6,6,60,27,149,48
16,General Roca,012,0066 ,1277,351,8,7,50,23,127,54
16,General Roca,012,0066 ,1278,351,11,11,45,28,131,64
16,General Roca,012,0066 ,1279,352,6,16,53,28,107,64
16,General Roca,012,0066 ,1280,352,5,13,36,29,135,64
16,General Roca,012,0066 ,1281,351,4,11,55,22,173,29
16,General Roca,012,0066 ,1282,352,5,9,57,23,134,48
16,General Roca,012,0066 ,1283,350,1,8,60,26,111,62
16,General Roca,012,0066 ,1284,354,5,7,45,22,129,67
16,General Roca,012,0066 ,1285,350,5,11,48,23,130,56
16,General Roca,012,0066 ,1286,349,13,17,60,16,118,43
16,General Roca,012,0066 ,1287,349,11,11,50,22,120,68
16,General Roca,012,0066 ,1288,350,7,7,58,22,132,45
16,General Roca,012,0066 ,1289,351,3,9,57,27,131,60
16,General Roca,012,0066 ,1290,347,17,10,53,20,133,49
16,General Roca,012,0066 ,1291,349,8,7,56,23,144,40
16,General Roca,012,0066 ,1292,349,7,11,56,27,132,48
16,General Roca,012,0066 ,1293,350,7,10,41,24,164,40
16,General Roca,012,0066 ,1294,349,5,7,51,22,151,51
16,General Roca,012,0066 ,1295,351,9,17,41,30,136,46
16,General Roca,012,0066 ,1296,350,6,13,52,24,112,69
16,General Roca,012,0066 ,1297,350,5,4,50,29,130,64
16,General Roca,012,0066 ,1298,349,3,9,62,30,142,47
16,General Roca,012,0066 ,1299,351,9,7,51,34,137,45
16,General Roca,012,0066 ,1300,349,12,4,66,19,123,48
16,General Roca,012,0066 ,1301,349,4,13,49,31,139,50
16,General Roca,012,0066 ,1302,351,10,8,59,33,140,36
16,General Roca,012,0066 ,1303,351,7,9,46,26,121,71
16,General Roca,012,0066 ,1304,350,8,7,31,18,167,43
16,General Roca,012,0066 ,1305,351,7,12,42,24,150,49
16,General Roca,012,0066 ,1306,349,11,18,55,24,144,42
16,General Roca,012,0066 ,1307,352,11,13,53,15,136,57
16,General Roca,012,0066 ,1308,350,6,14,40,25,121,65
16,General Roca,012,0066 ,1309,349,6,5,46,32,136,44
16,General Roca,012,0066 ,1310,348,4,0,55,17,156,28
16,General Roca,012,0066 ,1311,352,6,20,45,26,120,54
16,General Roca,012,0066 ,1312,351,7,10,59,30,117,52
16,General Roca,012,0066 ,1313,352,7,13,49,25,153,40
16,General Roca,012,0066 ,1314,347,4,13,44,28,137,50
16,General Roca,012,0066 ,1315,351,3,8,51,21,153,56
16,General Roca,012,0066 ,1316,351,6,14,40,23,130,66
16,General Roca,012,0066 ,1317,351,4,9,49,25,144,50
16,General Roca,012,0066 ,1318,350,7,11,49,31,159,45
16,General Roca,012,0066 ,1319,349,5,10,35,19,152,46
16,General Roca,012,0066 ,1320,350,6,10,51,38,138,47
16,General Roca,012,0066 ,1321,349,4,17,43,20,142,58
16,General Roca,012,0067 ,1322,318,4,3,26,15,149,41
16,General Roca,012,0067 ,1323,314,7,3,21,13,151,41
16,General Roca,012,0067 ,1324,312,8,4,23,9,174,46
16,General Roca,012,0067 ,1325,314,3,5,20,14,185,34
16,General Roca,012,0068 ,1326,347,1,10,45,10,179,35
16,General Roca,012,0068 ,1327,348,13,9,32,20,194,25
16,General Roca,012,0068 ,1328,345,5,1,42,16,177,35
16,General Roca,012,0068 ,1329,346,4,4,29,13,192,37
16,General Roca,012,0068 ,1330,347,5,7,35,18,190,32
16,General Roca,012,0068 ,1331,345,1,8,47,12,186,39
16,General Roca,012,0068 ,1332,345,4,7,31,14,172,24
16,General Roca,012,0068 ,1333,345,5,9,47,20,165,35
16,General Roca,012,0068 ,1334,348,7,2,40,8,197,29
16,General Roca,012,0068 ,1335,344,1,13,43,13,190,17
16,General Roca,012,0068B,1336,273,4,4,28,12,165,17
16,General Roca,012,0068B,1337,273,2,9,25,9,151,27
16,General Roca,012,0068B,1338,271,2,4,28,12,173,29
16,General Roca,012,0068B,1339,275,5,5,27,13,136,41
16,General Roca,012,0069 ,1340,347,8,5,31,17,155,38
16,General Roca,012,0069 ,1341,346,10,11,39,17,150,41
16,General Roca,012,0069 ,1342,346,2,11,41,13,154,49
16,General Roca,012,0069 ,1343,347,6,8,27,14,174,38
16,General Roca,012,0069 ,1344,345,5,7,39,15,167,44
16,General Roca,012,0069 ,1345,345,8,8,37,16,170,41
16,General Roca,012,0069 ,1346,346,6,5,34,21,179,37
16,General Roca,012,0069 ,1347,346,5,8,36,12,180,41
16,General Roca,012,0069 ,1348,347,6,8,32,15,183,38
16,General Roca,012,0069 ,1349,343,5,10,33,10,174,39
16,General Roca,012,0069 ,1350,346,7,6,49,11,155,46
16,General Roca,012,0069 ,1351,346,3,4,32,17,181,28
16,General Roca,012,0069 ,1352,344,3,5,38,19,185,32
16,General Roca,012,0069 ,1353,346,3,0,32,9,191,40
16,General Roca,012,0069 ,1354,345,8,6,26,13,179,43
16,General Roca,012,0069 ,1355,343,7,4,32,14,158,50
16,General Roca,012,0069 ,1356,345,6,11,48,16,165,35
16,General Roca,012,0069 ,1357,344,10,5,25,13,178,45
16,General Roca,012,0069 ,1358,346,3,12,41,17,162,35
16,General Roca,012,0069 ,1359,346,5,1,38,15,161,52
16,General Roca,012,0069 ,1360,345,1,7,34,24,160,35
16,General Roca,012,0069 ,1361,345,12,12,30,13,154,47
16,General Roca,012,0069 ,1362,344,5,8,32,13,188,36
16,General Roca,012,0069 ,1363,348,3,9,40,11,179,33
16,General Roca,012,0069 ,1364,343,4,18,44,12,168,20
16,General Roca,012,0069 ,1365,346,3,7,37,18,140,49
16,General Roca,012,0069 ,1366,344,9,12,30,22,166,39
16,General Roca,012,0069 ,1367,345,9,6,38,8,175,32
16,General Roca,012,0069 ,1368,346,7,6,34,12,180,27
16,General Roca,012,0069 ,1369,343,5,9,43,15,148,51
16,General Roca,012,0069 ,1370,345,6,16,29,12,167,37
16,General Roca,012,0069 ,1371,347,9,4,41,23,165,39
16,General Roca,012,0069 ,1372,344,6,7,35,14,170,43
16,General Roca,012,0069 ,1373,345,11,4,30,21,157,44
16,General Roca,012,0069 ,1374,347,5,5,33,16,178,36
16,General Roca,012,0069 ,1375,352,7,5,37,19,169,39
16,General Roca,012,0069 ,1376,345,7,20,36,22,165,38
16,General Roca,012,0069 ,1377,344,7,11,25,17,181,37
16,General Roca,012,0069 ,1378,346,6,14,45,14,152,43
16,General Roca,012,0069 ,1379,342,8,10,28,24,168,34
16,General Roca,012,0069 ,1380,347,8,4,34,25,162,37
16,General Roca,012,0069 ,1381,345,9,6,31,17,173,47
16,General Roca,012,0069A,1382,166,2,3,38,3,67,16
16,General Roca,012,0070 ,1383,338,12,4,37,16,162,58
16,General Roca,012,0070 ,1384,336,4,6,46,26,148,51
16,General Roca,012,0070 ,1385,337,8,9,40,24,136,67
16,General Roca,012,0070 ,1386,339,4,6,50,29,150,46
16,General Roca,012,0070 ,1387,344,7,13,46,21,141,58
16,General Roca,012,0070 ,1388,338,10,6,40,27,143,62
16,General Roca,012,0070 ,1389,337,5,3,44,39,124,51
16,General Roca,012,0070 ,1390,336,9,13,49,26,142,48
16,General Roca,012,0070 ,1391,336,7,10,38,34,149,57
16,General Roca,012,0070 ,1392,335,5,3,44,24,148,44
16,General Roca,012,0070 ,1393,336,6,6,45,10,161,46
16,General Roca,012,0070 ,1394,340,8,6,50,18,134,60
16,General Roca,012,0070 ,1395,338,6,7,64,22,150,38
16,General Roca,012,0070 ,1396,341,8,5,44,20,143,51
16,General Roca,012,0070 ,1397,337,5,9,38,15,152,59
16,General Roca,012,0070 ,1398,337,6,8,43,19,132,57
16,General Roca,012,0070 ,1399,337,4,9,54,16,140,56
16,General Roca,012,0070 ,1400,335,9,11,43,24,166,34
16,General Roca,012,0070 ,1401,338,9,4,48,35,132,35
16,General Roca,012,0070 ,1402,338,10,10,66,20,131,47
16,El Cuy,013,0071 ,1403,286,0,1,27,8,126,24
16,El Cuy,013,0071 ,1404,288,2,3,20,11,133,32
16,El Cuy,013,0071A,1405,272,7,2,55,12,113,25
16,El Cuy,013,0071A,1406,272,6,4,85,4,116,21
16,El Cuy,013,0072 ,1407,240,2,0,23,6,69,10
16,El Cuy,013,0072 ,1408,241,1,2,18,9,61,12
16,El Cuy,013,0072 ,1409,237,3,8,18,5,78,15
16,El Cuy,013,0073 ,1410,208,5,0,21,8,73,13
16,El Cuy,013,0074 ,1411,287,4,0,99,1,66,7
16,El Cuy,013,0074 ,1412,288,7,0,94,7,64,5
16,El Cuy,013,0075 ,1413,131,0,0,33,2,53,9
