codprov,depto,coddepto,circuito,mesa,electores,blancos,nulos,0003,0040,0061,0501,0505,0511,0521
22,Capital,001,0001 ,0001,349,1,2,40,18,3,18,23,6,111
22,Capital,001,0001 ,0002,352,31,5,45,18,4,10,35,13,88
22,Capital,001,0001 ,0003,350,1,2,33,12,11,16,18,8,119
22,Capital,001,0001 ,0004,348,33,5,33,17,5,19,28,8,102
22,Capital,001,0001 ,0005,350,15,2,36,18,9,37,18,4,106
22,Capital,001,0001 ,0006,348,28,1,34,18,7,16,24,11,92
22,Capital,001,0001 ,0007,346,2,1,22,19,6,16,31,11,110
22,Capital,001,0001 ,0008,351,27,1,37,9,9,8,26,4,115
22,Capital,001,0001 ,0009,350,0,0,45,16,4,5,23,11,126
22,Capital,001,0001 ,0010,352,2,0,34,18,5,11,30,15,96
22,Capital,001,0001 ,0011,199,5,3,15,8,2,12,18,5,58
22,Capital,001,0002 ,0012,348,30,2,36,7,5,16,19,8,129
22,Capital,001,0002 ,0013,348,0,4,36,0,2,15,20,8,132
22,Capital,001,0002 ,0014,349,3,2,37,9,4,19,28,7,127
22,Capital,001,0002 ,0015,347,14,2,33,13,4,13,25,5,124
22,Capital,001,0002 ,0016,352,3,3,34,16,8,14,25,13,120
22,Capital,001,0002 ,0017,350,21,0,28,6,6,27,20,6,141
22,Capital,001,0002 ,0018,348,12,2,27,24,3,11,26,5,131
22,Capital,001,0002 ,0019,350,1,0,27,13,3,15,23,5,124
22,Capital,001,0002 ,0020,348,1,4,27,16,7,15,26,5,117
22,Capital,001,0002 ,0021,351,1,3,26,9,10,18,22,9,142
22,Capital,001,0002 ,0022,352,1,1,41,0,7,20,20,5,123
22,Capital,001,0002 ,0023,351,1,2,37,15,3,19,18,4,122
22,Capital,001,0002 ,0024,348,1,0,28,17,6,12,10,5,131
22,Capital,001,0002 ,0025,180,1,2,10,9,5,7,10,3,75
22,Capital,001,0002A,0026,350,2,0,22,17,1,18,18,7,172
22,Capital,001,0002A,0027,351,2,5,22,10,2,17,16,2,172
22,Capital,001,0002A,0028,348,3,2,17,11,2,24,16,5,171
22,Capital,001,0002A,0029,349,2,1,23,12,6,23,16,10,154
22,Capital,001,0002A,0030,347,0,0,26,11,2,8,14,8,156
22,Capital,001,0002A,0031,349,0,3,15,13,7,19,19,9,146
22,Capital,001,0002A,0032,349,3,0,15,8,4,24,14,6,180
22,Capital,001,0002A,0033,350,18,2,13,11,9,23,14,1,173
22,Capital,001,0002A,0034,353,5,0,14,16,8,10,19,6,196
22,Capital,001,0002A,0035,351,0,0,19,11,3,17,19,4,170
22,Capital,001,0002A,0036,350,1,4,20,11,7,24,18,5,159
22,Capital,001,0002A,0037,350,17,2,31,14,6,13,21,8,156
22,Capital,001,0002A,0038,351,15,2,17,15,9,18,21,7,158
22,Capital,001,0002A,0039,350,16,5,14,8,3,11,18,7,160
22,Capital,001,0002A,0040,351,7,0,16,16,12,17,14,4,175
22,Capital,001,0002A,0041,348,4,0,15,12,3,20,15,7,172
22,Capital,001,0002A,0042,351,3,1,16,13,0,10,18,4,186
22,Capital,001,0002A,0043,351,19,3,18,7,3,16,17,7,172
22,Capital,001,0002A,0044,348,13,4,12,14,3,31,22,4,169
22,Capital,001,0002A,0045,350,1,4,14,5,6,23,17,6,177
22,Capital,001,0002A,0046,351,1,7,13,4,3,14,11,8,206
22,Capital,001,0002A,0047,353,2,1,26,15,6,21,14,10,133
22,Capital,001,0002A,0048,350,3,4,0,9,0,9,18,0,160
22,Capital,001,0002A,0049,348,1,1,26,8,4,17,19,5,156
22,Capital,001,0002A,0050,351,14,4,24,10,5,22,14,4,175
22,Capital,001,0002A,0051,348,1,3,16,10,6,9,17,3,189
22,Capital,001,0002A,0052,351,0,0,14,6,6,19,22,7,185
22,Capital,001,0002A,0053,350,19,5,18,13,6,15,17,3,168
22,Capital,001,0002A,0054,351,13,1,20,11,7,20,16,7,161
22,Capital,001,0002A,0055,349,26,5,26,8,3,20,19,8,151
22,Capital,001,0002A,0056,350,5,2,22,7,3,32,15,8,170
22,Capital,001,0002A,0057,350,21,1,18,9,4,17,28,6,146
22,Capital,001,0002A,0058,350,21,5,18,10,7,20,23,9,151
22,Capital,001,0002A,0059,350,2,0,16,10,5,21,27,10,180
22,Capital,001,0002A,0060,349,12,3,17,16,5,18,28,6,166
22,Capital,001,0002A,0061,349,0,0,21,12,10,14,21,6,156
22,Capital,001,0002A,0062,113,0,1,6,2,2,2,10,4,44
22,Capital,001,0003 ,0063,354,3,2,35,8,7,26,13,12,114
22,Capital,001,0003 ,0064,348,0,0,15,18,3,24,26,7,133
22,Capital,001,0003 ,0065,350,3,5,27,22,6,12,18,0,130
22,Capital,001,0003 ,0066,349,20,1,17,12,10,30,15,10,132
22,Capital,001,0003 ,0067,349,0,0,19,11,7,11,28,4,136
22,Capital,001,0003 ,0068,352,0,1,31,12,7,12,22,5,123
22,Capital,001,0003 ,0069,350,2,2,40,9,4,17,21,11,126
22,Capital,001,0003 ,0070,350,20,2,29,8,14,18,12,7,138
22,Capital,001,0003 ,0071,348,0,0,34,21,5,23,12,4,134
22,Capital,001,0003 ,0072,352,0,0,24,14,6,18,20,3,130
22,Capital,001,0003 ,0073,349,0,0,17,8,5,14,15,3,146
22,Capital,001,0003 ,0074,347,4,1,28,16,6,9,15,6,151
22,Capital,001,0003 ,0075,351,17,8,27,7,8,23,25,3,125
22,Capital,001,0003 ,0076,348,0,0,32,0,0,18,0,0,143
22,Capital,001,0003 ,0077,350,21,4,28,4,7,12,25,9,119
22,Capital,001,0003 ,0078,349,30,1,23,12,7,12,17,11,128
22,Capital,001,0003 ,0079,348,25,1,33,14,6,12,19,8,120
22,Capital,001,0003 ,0080,351,18,1,30,8,7,19,27,6,123
22,Capital,001,0003 ,0081,350,31,2,25,11,5,16,14,4,133
22,Capital,001,0003 ,0082,350,1,1,20,8,11,18,28,6,134
22,Capital,001,0003 ,0083,351,0,2,23,8,0,14,21,6,144
22,Capital,001,0003 ,0084,352,0,3,29,9,6,14,22,3,141
22,Capital,001,0003 ,0085,351,0,0,24,13,7,21,19,2,147
22,Capital,001,0003 ,0086,350,2,5,27,6,4,18,21,3,143
22,Capital,001,0003 ,0087,350,2,1,33,11,5,16,21,3,114
22,Capital,001,0003 ,0088,280,3,1,15,11,6,16,5,6,97
22,Capital,001,0003A,0089,350,2,6,27,23,7,17,24,5,130
22,Capital,001,0003A,0090,347,0,0,24,18,6,14,25,9,135
22,Capital,001,0003A,0091,349,12,2,29,14,6,23,20,9,132
22,Capital,001,0003A,0092,348,0,1,18,15,6,13,19,6,157
22,Capital,001,0003A,0093,348,0,0,28,14,9,19,14,6,133
22,Capital,001,0003A,0094,350,3,4,30,14,5,19,35,8,125
22,Capital,001,0003A,0095,350,4,0,45,12,7,9,18,11,124
22,Capital,001,0003A,0096,349,3,1,24,17,8,10,17,4,151
22,Capital,001,0003A,0097,350,0,0,18,15,9,15,18,6,141
22,Capital,001,0003A,0098,348,4,3,15,10,6,21,23,9,145
22,Capital,001,0003A,0099,351,0,0,29,12,3,13,28,1,143
22,Capital,001,0003A,0100,350,4,0,33,13,6,17,18,10,127
22,Capital,001,0003A,0101,350,0,0,26,13,5,21,25,6,130
22,Capital,001,0003A,0102,348,2,4,24,16,4,20,24,6,128
22,Capital,001,0003A,0103,352,0,0,20,9,7,23,23,11,143
22,Capital,001,0003A,0104,351,0,0,18,19,9,8,15,7,152
22,Capital,001,0003A,0105,348,27,2,17,15,8,19,18,9,130
22,Capital,001,0003A,0106,350,13,1,34,13,6,19,16,8,140
22,Capital,001,0003A,0107,349,11,2,18,5,4,17,21,10,162
22,Capital,001,0003A,0108,352,2,1,34,17,4,17,15,6,126
22,Capital,001,0003A,0109,288,9,2,24,12,10,12,17,5,104
22,Capital,001,0004 ,0110,351,13,3,15,5,0,20,17,3,199
22,Capital,001,0004 ,0111,351,13,1,22,6,5,16,10,7,169
22,Capital,001,0004 ,0112,350,11,0,23,4,4,21,6,1,185
22,Capital,001,0004 ,0113,352,3,1,17,8,7,27,15,3,160
22,Capital,001,0004 ,0114,350,0,0,20,1,182,19,14,1,183
22,Capital,001,0004 ,0115,349,10,7,13,8,7,8,17,4,179
22,Capital,001,0004 ,0116,350,17,2,20,7,4,8,13,2,187
22,Capital,001,0004 ,0117,350,24,4,21,4,3,21,17,6,172
22,Capital,001,0004 ,0118,349,16,1,16,3,6,14,18,9,177
22,Capital,001,0004 ,0119,351,8,0,16,3,4,15,19,6,181
22,Capital,001,0004 ,0120,350,2,3,12,8,1,19,19,3,191
22,Capital,001,0004 ,0121,350,14,1,12,10,5,22,10,3,191
22,Capital,001,0004 ,0122,352,3,1,14,6,5,21,12,4,179
22,Capital,001,0004 ,0123,349,20,0,18,7,5,27,18,4,160
22,Capital,001,0004 ,0124,350,0,0,14,4,7,15,17,4,177
22,Capital,001,0004 ,0125,352,7,1,3,5,3,17,24,4,187
22,Capital,001,0004 ,0126,349,19,2,14,5,13,15,16,8,172
22,Capital,001,0004 ,0127,350,4,4,13,8,6,15,14,4,169
22,Capital,001,0004 ,0128,349,6,1,18,7,4,14,20,3,187
22,Capital,001,0004 ,0129,351,1,7,11,6,6,31,21,1,140
22,Capital,001,0004 ,0130,351,0,2,11,7,4,21,20,4,206
22,Capital,001,0004 ,0131,352,0,0,16,5,6,16,14,2,176
22,Capital,001,0004 ,0132,349,0,0,13,6,5,0,15,0,0
22,Capital,001,0004 ,0133,350,3,1,0,0,0,15,12,8,178
22,Capital,001,0004 ,0134,350,1,2,9,9,3,26,18,3,188
22,Capital,001,0004 ,0135,349,1,1,13,11,2,7,17,7,194
22,Capital,001,0004 ,0136,348,0,3,21,5,6,24,16,5,177
22,Capital,001,0004 ,0137,352,1,2,18,8,3,27,14,2,159
22,Capital,001,0004 ,0138,349,0,0,14,15,3,22,18,7,161
22,Capital,001,0004 ,0139,349,2,0,10,1,2,21,17,3,190
22,Capital,001,0004 ,0140,350,0,0,11,4,5,22,21,4,184
22,Capital,001,0004 ,0141,352,14,4,12,4,7,24,14,4,192
22,Capital,001,0004 ,0142,348,0,0,3,10,3,16,19,4,178
22,Capital,001,0004 ,0143,350,3,1,7,9,0,21,10,0,188
22,Capital,001,0004 ,0144,350,0,0,2,10,1,24,15,6,184
22,Capital,001,0004 ,0145,348,1,0,17,8,5,19,15,2,192
22,Capital,001,0004 ,0146,349,7,1,12,3,4,18,8,11,197
22,Capital,001,0004 ,0147,351,0,6,17,5,5,26,15,10,177
22,Capital,001,0004 ,0148,350,20,1,11,4,4,17,14,6,188
22,Capital,001,0004 ,0149,348,0,1,12,5,6,21,21,3,175
22,Capital,001,0004 ,0150,353,4,5,18,3,5,29,16,4,176
22,Capital,001,0004 ,0151,348,4,2,0,3,4,15,16,7,192
22,Capital,001,0004 ,0152,349,9,2,4,7,7,16,19,5,186
22,Capital,001,0004 ,0153,350,1,0,15,5,2,16,16,1,202
22,Capital,001,0004 ,0154,351,1,3,12,5,4,21,11,4,182
22,Capital,001,0004 ,0155,351,2,0,14,11,3,21,20,1,176
22,Capital,001,0004 ,0156,348,0,0,8,5,6,19,26,5,176
22,Capital,001,0004 ,0157,350,0,0,5,7,3,15,10,5,208
22,Capital,001,0004 ,0158,349,19,2,11,6,3,7,16,8,173
22,Capital,001,0004 ,0159,352,15,1,17,5,4,18,12,5,195
22,Capital,001,0004 ,0160,350,1,1,12,6,4,19,18,3,180
22,Capital,001,0004 ,0161,349,1,2,10,3,3,7,10,6,195
22,Capital,001,0004 ,0162,351,1,1,22,3,4,23,14,0,191
22,Capital,001,0004 ,0163,350,3,1,26,3,3,6,13,3,166
22,Capital,001,0004 ,0164,350,1,2,13,8,3,8,26,5,185
22,Capital,001,0004 ,0165,350,4,2,14,5,4,18,13,7,183
22,Capital,001,0004 ,0166,350,11,3,12,4,1,32,12,4,175
22,Capital,001,0004 ,0167,351,2,1,13,3,2,26,17,6,165
22,Capital,001,0004 ,0168,349,2,2,16,9,2,24,18,6,167
22,Capital,001,0004 ,0169,349,0,0,13,1,4,11,10,3,190
22,Capital,001,0004 ,0170,350,0,1,11,8,6,19,10,9,183
22,Capital,001,0004 ,0171,349,0,0,16,5,5,15,28,5,171
22,Capital,001,0004 ,0172,348,13,2,15,6,4,12,10,5,186
22,Capital,001,0004 ,0173,349,0,1,15,7,5,12,10,5,192
22,Capital,001,0004 ,0174,349,0,0,5,4,7,19,16,5,163
22,Capital,001,0004 ,0175,349,5,0,13,3,5,20,14,4,195
22,Capital,001,0004 ,0176,350,13,4,15,2,5,17,17,6,182
22,Capital,001,0004 ,0177,349,13,1,16,6,1,15,19,7,160
22,Capital,001,0004 ,0178,351,1,1,11,6,8,22,20,5,164
22,Capital,001,0004 ,0179,350,0,0,12,4,2,20,13,5,171
22,Capital,001,0004 ,0180,350,0,0,12,0,1,21,25,4,138
22,Capital,001,0004 ,0181,352,6,1,12,9,7,21,15,6,179
22,Capital,001,0004 ,0182,350,2,1,14,8,4,12,13,1,194
22,Capital,001,0004 ,0183,350,13,4,25,10,5,20,18,7,159
22,Capital,001,0004 ,0184,348,0,2,23,8,3,21,5,10,182
22,Capital,001,0004 ,0185,349,6,5,13,6,3,16,25,7,169
22,Capital,001,0004 ,0186,351,1,7,13,4,7,21,17,2,180
22,Capital,001,0004 ,0187,350,25,0,19,2,3,12,18,5,174
22,Capital,001,0004 ,0188,350,0,0,17,3,1,14,12,3,196
22,Capital,001,0004 ,0189,350,2,1,14,2,3,18,14,4,197
22,Capital,001,0004 ,0190,351,0,0,10,4,1,16,18,5,207
22,Capital,001,0004 ,0191,351,0,0,12,12,5,22,9,5,196
22,Capital,001,0004 ,0192,351,0,0,13,9,0,19,17,8,192
22,Capital,001,0004 ,0193,349,2,3,18,7,4,12,22,3,215
22,Capital,001,0004 ,0194,350,0,0,10,4,0,11,23,4,193
22,Capital,001,0004 ,0195,349,8,1,12,3,4,20,13,7,196
22,Capital,001,0004 ,0196,352,7,1,16,8,2,14,18,3,190
22,Capital,001,0004 ,0197,350,5,2,12,7,6,29,15,6,158
22,Capital,001,0004 ,0198,171,0,0,12,5,4,7,8,5,89
22,Capital,001,0005 ,0199,351,1,2,35,15,5,28,35,10,69
22,Capital,001,0005 ,0200,350,0,0,43,32,9,10,27,7,83
22,Capital,001,0005 ,0201,348,30,2,34,18,6,12,25,10,81
22,Capital,001,0005 ,0202,350,1,1,50,20,8,17,32,9,89
22,Capital,001,0005 ,0203,350,29,2,56,17,4,13,28,10,94
22,Capital,001,0005 ,0204,351,0,0,40,24,8,18,18,13,91
22,Capital,001,0005 ,0205,348,32,2,35,26,5,19,36,6,68
22,Capital,001,0005 ,0206,351,23,2,47,21,6,21,31,5,68
22,Capital,001,0005 ,0207,349,28,3,41,27,6,5,28,8,91
22,Capital,001,0005 ,0208,351,35,5,40,22,8,21,30,8,69
22,Capital,001,0005 ,0209,350,35,1,47,19,9,6,43,9,66
22,Capital,001,0005 ,0210,346,23,2,37,24,6,15,35,6,92
22,Capital,001,0005 ,0211,348,20,1,48,14,5,9,39,8,90
22,Capital,001,0005 ,0212,221,14,2,28,20,4,5,33,3,53
22,Capital,001,0006 ,0213,350,21,2,36,20,7,16,25,7,104
22,Capital,001,0006 ,0214,349,2,2,27,16,7,11,28,4,134
22,Capital,001,0006 ,0215,350,22,0,22,15,8,20,32,11,130
22,Capital,001,0006 ,0216,350,13,3,40,13,8,13,29,4,131
22,Capital,001,0006 ,0217,349,0,2,35,15,5,17,22,7,130
22,Capital,001,0006 ,0218,349,16,3,32,10,3,18,21,8,133
22,Capital,001,0006 ,0219,349,0,0,35,11,5,13,14,13,139
22,Capital,001,0006 ,0220,351,1,3,25,15,6,17,26,8,137
22,Capital,001,0006 ,0221,350,10,0,26,16,7,16,31,11,120
22,Capital,001,0006 ,0222,352,24,1,22,8,14,17,17,9,143
22,Capital,001,0006 ,0223,345,2,2,25,20,9,13,24,8,137
22,Capital,001,0006 ,0224,349,2,0,20,10,6,24,35,7,117
22,Capital,001,0006 ,0225,349,0,1,29,12,10,15,21,9,131
22,Capital,001,0006 ,0226,347,1,1,29,13,5,16,11,13,128
22,Capital,001,0006 ,0227,347,0,0,33,7,8,12,11,5,157
22,Capital,001,0006 ,0228,350,20,0,27,10,5,21,24,5,129
22,Capital,001,0006 ,0229,353,0,3,27,17,4,11,26,7,140
22,Capital,001,0006 ,0230,348,3,2,36,16,9,19,20,6,116
22,Capital,001,0006 ,0231,346,21,2,23,16,8,19,15,8,132
22,Capital,001,0006 ,0232,348,1,3,30,10,1,18,16,10,102
22,Capital,001,0006 ,0233,350,3,4,39,8,3,6,26,11,133
22,Capital,001,0006 ,0234,351,3,4,19,22,6,12,18,8,167
22,Capital,001,0006 ,0235,351,15,3,32,40,8,19,24,6,113
22,Capital,001,0006 ,0236,350,19,2,38,17,6,117,23,6,117
22,Capital,001,0006 ,0237,350,3,3,30,12,5,26,28,6,138
22,Capital,001,0006 ,0238,349,2,1,20,15,8,14,19,2,145
22,Capital,001,0006 ,0239,352,0,1,25,10,4,17,25,7,137
22,Capital,001,0006 ,0240,348,0,0,0,0,0,0,0,0,0
22,Capital,001,0006 ,0241,350,0,1,35,13,14,8,25,6,132
22,Capital,001,0006 ,0242,351,0,0,39,7,7,26,22,4,130
22,Capital,001,0006 ,0243,301,0,0,0,0,4,0,27,7,105
22,Capital,001,0007 ,0244,349,0,1,18,5,4,10,25,10,183
22,Capital,001,0007 ,0245,348,17,3,27,9,0,15,19,4,168
22,Capital,001,0007 ,0246,349,10,1,25,10,6,22,15,6,167
22,Capital,001,0007 ,0247,350,0,2,15,9,2,18,22,7,161
22,Capital,001,0007 ,0248,348,1,2,23,11,12,22,19,10,161
22,Capital,001,0007 ,0249,353,2,3,27,15,4,22,19,7,172
22,Capital,001,0007 ,0250,349,15,3,19,12,7,2,23,8,152
22,Capital,001,0007 ,0251,351,0,0,28,10,6,15,24,9,153
22,Capital,001,0007 ,0252,351,2,2,23,12,5,15,20,11,154
22,Capital,001,0007 ,0253,351,2,6,24,9,6,12,25,8,144
22,Capital,001,0007 ,0254,347,0,0,20,8,7,8,18,5,175
22,Capital,001,0007 ,0255,353,24,3,14,8,1,14,15,4,184
22,Capital,001,0007 ,0256,349,3,1,28,7,4,9,15,7,181
22,Capital,001,0007 ,0257,350,7,6,19,11,5,20,13,3,179
22,Capital,001,0007 ,0258,352,15,3,20,10,7,18,26,8,143
22,Capital,001,0007 ,0259,351,0,0,9,10,5,23,26,7,181
22,Capital,001,0007 ,0260,354,0,0,25,8,6,22,23,2,160
22,Capital,001,0007 ,0261,352,3,3,13,4,2,18,18,6,184
22,Capital,001,0007 ,0262,350,0,0,21,8,3,9,18,3,188
22,Capital,001,0007 ,0263,351,0,0,16,8,4,12,17,5,184
22,Capital,001,0007 ,0264,351,0,5,16,7,4,9,14,0,192
22,Capital,001,0007 ,0265,353,4,3,25,16,6,9,18,5,162
22,Capital,001,0007 ,0266,353,2,3,20,6,8,10,24,5,163
22,Capital,001,0007 ,0267,350,0,0,13,5,2,13,14,4,196
22,Capital,001,0007 ,0268,350,2,2,24,8,4,15,12,6,180
22,Capital,001,0007 ,0269,350,11,3,28,11,4,15,15,8,169
22,Capital,001,0007 ,0270,350,0,0,3,12,7,15,22,12,136
22,Capital,001,0007 ,0271,349,1,1,15,9,4,9,18,8,181
22,Capital,001,0007 ,0272,348,2,5,22,17,1,12,20,3,150
22,Capital,001,0007 ,0273,348,0,0,23,14,0,21,13,10,163
22,Capital,001,0007 ,0274,351,0,0,21,7,6,7,25,7,191
22,Capital,001,0007 ,0275,351,1,2,16,16,5,16,14,8,187
22,Capital,001,0007 ,0276,351,0,0,0,1,4,6,17,0,0
22,Capital,001,0007 ,0277,351,3,3,6,10,6,16,13,29,151
22,Capital,001,0007 ,0278,352,1,1,18,9,2,16,24,6,182
22,Capital,001,0007 ,0279,350,1,6,27,8,5,15,16,2,200
22,Capital,001,0007 ,0280,352,12,0,21,7,2,14,9,9,182
22,Capital,001,0007 ,0281,352,2,3,23,4,7,11,16,6,171
22,Capital,001,0007 ,0282,350,2,1,27,7,6,22,18,6,161
22,Capital,001,0007 ,0283,349,0,0,17,7,7,10,23,3,161
22,Capital,001,0007 ,0284,350,0,1,0,6,0,15,29,7,184
22,Capital,001,0007 ,0285,351,15,3,25,11,4,13,22,5,180
22,Capital,001,0007 ,0286,350,6,1,27,1,7,14,22,9,177
22,Capital,001,0007 ,0287,354,3,0,28,10,8,7,29,4,184
22,Capital,001,0007 ,0288,350,0,0,21,12,8,16,13,7,161
22,Capital,001,0007 ,0289,350,7,6,16,6,6,26,20,8,165
22,Capital,001,0007 ,0290,351,0,0,16,7,7,21,15,11,179
22,Capital,001,0007 ,0291,352,12,4,17,7,5,12,18,5,184
22,Capital,001,0007 ,0292,350,19,3,24,19,5,9,24,7,159
22,Capital,001,0007 ,0293,351,15,1,22,7,6,9,23,7,168
22,Capital,001,0007 ,0294,353,2,1,14,9,8,14,22,6,171
22,Capital,001,0007 ,0295,347,7,5,19,7,4,18,9,8,182
22,Capital,001,0007 ,0296,349,12,0,16,12,6,20,12,7,165
22,Capital,001,0007 ,0297,349,9,0,31,3,8,18,15,7,169
22,Capital,001,0007 ,0298,349,23,1,17,0,4,18,12,8,163
22,Capital,001,0007 ,0299,348,0,6,15,8,5,13,16,7,182
22,Capital,001,0007 ,0300,351,18,4,22,7,8,23,15,5,144
22,Capital,001,0007 ,0301,349,18,5,25,7,7,23,17,9,144
22,Capital,001,0007 ,0302,351,11,3,18,10,7,14,14,6,182
22,Capital,001,0007 ,0303,352,0,1,16,5,7,23,24,6,158
22,Capital,001,0007 ,0304,351,15,2,18,16,5,28,19,5,170
22,Capital,001,0007 ,0305,351,17,2,19,13,8,16,11,10,153
22,Capital,001,0007 ,0306,351,3,2,23,11,6,9,21,9,173
22,Capital,001,0007 ,0307,349,19,1,19,13,4,21,22,10,158
22,Capital,001,0007 ,0308,350,17,2,32,0,7,18,20,3,153
22,Capital,001,0007 ,0309,350,15,1,9,11,6,19,19,11,161
22,Capital,001,0007 ,0310,351,19,0,21,4,9,10,14,5,176
22,Capital,001,0007 ,0311,353,21,4,25,16,9,23,15,4,149
22,Capital,001,0007 ,0312,350,18,3,16,12,0,24,20,8,178
22,Capital,001,0007 ,0313,350,24,0,31,7,4,14,18,3,169
22,Capital,001,0007 ,0314,350,2,1,17,11,7,24,16,3,168
22,Capital,001,0007 ,0315,352,9,6,20,8,5,11,15,8,166
22,Capital,001,0007 ,0316,350,27,1,21,7,8,10,17,6,164
22,Capital,001,0007 ,0317,352,2,0,27,7,3,29,7,5,138
22,Capital,001,0007 ,0318,352,11,1,29,10,5,14,21,11,161
22,Capital,001,0007 ,0319,350,0,0,17,10,8,16,18,14,162
22,Capital,001,0007 ,0320,350,0,0,14,15,3,17,19,9,162
22,Capital,001,0007 ,0321,353,21,3,26,9,6,10,20,4,168
22,Capital,001,0007 ,0322,350,3,0,13,5,5,18,24,4,170
22,Capital,001,0007 ,0323,177,1,1,5,8,1,8,9,7,89
22,Capital,001,0007 ,0324,178,1,0,11,1,6,4,12,4,89
22,Capital,001,0007A,0325,350,1,1,31,11,7,18,19,4,154
22,Capital,001,0007A,0326,350,6,3,23,15,7,26,23,6,154
22,Capital,001,0007A,0327,349,20,2,23,13,5,31,21,10,139
22,Capital,001,0007A,0328,348,22,1,34,16,5,14,22,7,148
22,Capital,001,0007A,0329,350,3,3,20,17,6,15,17,6,153
22,Capital,001,0007A,0330,350,3,1,30,11,10,16,18,3,132
22,Capital,001,0007A,0331,353,10,2,28,12,8,20,17,7,136
22,Capital,001,0007A,0332,348,0,2,21,6,11,0,10,5,170
22,Capital,001,0007A,0333,349,13,4,34,15,8,12,22,6,138
22,Capital,001,0007A,0334,349,7,1,16,10,8,11,24,10,167
22,Capital,001,0007A,0335,352,18,2,24,13,2,7,16,5,150
22,Capital,001,0007A,0336,350,4,2,15,11,6,26,27,7,151
22,Capital,001,0007A,0337,350,1,0,20,13,5,16,18,7,164
22,Capital,001,0007A,0338,352,23,1,26,9,6,22,14,2,154
22,Capital,001,0007A,0339,350,12,1,24,11,7,18,19,7,159
22,Capital,001,0007A,0340,350,1,3,23,0,5,5,23,8,152
22,Capital,001,0007A,0341,347,0,0,22,11,5,11,10,7,159
22,Capital,001,0007A,0342,348,31,3,25,7,7,14,25,5,138
22,Capital,001,0007A,0343,352,16,3,26,19,6,13,18,6,156
22,Capital,001,0007A,0344,348,23,3,24,5,1,9,21,0,157
22,Capital,001,0007A,0345,351,4,4,26,10,5,15,22,5,150
22,Capital,001,0007A,0346,353,0,0,19,14,5,18,16,8,156
22,Capital,001,0007A,0347,349,0,2,21,14,6,17,18,10,159
22,Capital,001,0007A,0348,349,0,0,27,17,6,14,27,11,122
22,Capital,001,0007A,0349,350,3,2,19,5,12,21,14,6,159
22,Capital,001,0007A,0350,351,0,0,24,11,4,12,22,6,163
22,Capital,001,0007A,0351,348,3,0,27,8,6,19,23,3,150
22,Capital,001,0007A,0352,349,0,0,32,18,9,15,24,9,148
22,Capital,001,0007A,0353,349,0,0,40,7,7,19,20,8,142
22,Capital,001,0007A,0354,351,8,4,24,12,11,25,15,9,130
22,Capital,001,0007A,0355,326,4,2,21,11,7,11,22,3,125
22,Capital,001,0007B,0356,349,3,2,27,10,5,13,24,5,158
22,Capital,001,0007B,0357,347,6,0,16,3,6,19,12,3,180
22,Capital,001,0007B,0358,352,4,6,28,6,5,27,19,4,163
22,Capital,001,0007B,0359,348,16,0,22,13,8,6,17,9,175
22,Capital,001,0007B,0360,351,2,2,17,8,8,21,20,7,172
22,Capital,001,0007B,0361,348,2,6,24,7,3,4,11,3,165
22,Capital,001,0007B,0362,350,0,0,18,13,4,20,17,3,164
22,Capital,001,0007B,0363,349,0,0,23,11,7,17,19,5,133
22,Capital,001,0007B,0364,350,17,1,34,15,9,11,19,2,159
22,Capital,001,0007B,0365,349,0,0,34,24,3,27,15,10,131
22,Capital,001,0007B,0366,350,0,6,27,16,9,21,16,6,152
22,Capital,001,0007B,0367,348,2,2,27,10,7,15,20,3,158
22,Capital,001,0007B,0368,350,0,2,13,12,7,11,19,6,192
22,Capital,001,0007B,0369,348,0,5,27,8,6,10,19,4,160
22,Capital,001,0007B,0370,349,19,6,22,9,7,16,18,6,161
22,Capital,001,0007B,0371,350,0,0,0,0,1,3,1,0,180
22,Capital,001,0007B,0372,351,19,2,22,8,6,12,27,1,163
22,Capital,001,0007B,0373,350,2,1,16,9,0,9,21,5,193
22,Capital,001,0007B,0374,352,1,1,23,10,1,6,24,5,172
22,Capital,001,0007B,0375,352,2,3,25,4,4,12,19,6,174
22,Capital,001,0007B,0376,350,1,4,13,5,4,11,16,4,205
22,Capital,001,0007B,0377,350,1,1,14,6,4,24,8,3,203
22,Capital,001,0007B,0378,351,2,1,9,4,3,16,10,3,206
22,Capital,001,0007B,0379,347,0,0,14,8,9,17,8,7,177
22,Capital,001,0007B,0380,351,3,4,18,6,3,16,13,4,196
22,Capital,001,0007B,0381,354,1,3,29,5,5,17,17,14,140
22,Capital,001,0007B,0382,349,3,3,14,0,7,23,22,3,162
22,Capital,001,0007B,0383,350,4,2,9,4,5,14,17,4,215
22,Capital,001,0007B,0384,351,1,4,24,9,2,14,23,7,177
22,Capital,001,0007B,0385,349,1,3,23,11,5,13,23,1,159
22,Capital,001,0007B,0386,352,3,1,20,6,3,18,19,2,160
22,Capital,001,0007B,0387,350,0,1,22,13,3,17,13,10,181
22,Capital,001,0007B,0388,352,24,0,25,15,3,10,17,10,160
22,Capital,001,0007B,0389,350,18,4,19,10,2,26,8,4,159
22,Capital,001,0007B,0390,349,2,0,10,12,3,21,17,5,163
22,Capital,001,0007B,0391,349,7,0,13,5,5,15,18,4,188
22,Capital,001,0007B,0392,350,7,4,17,19,3,15,18,3,169
22,Capital,001,0007B,0393,349,21,0,20,4,3,18,17,4,153
22,Capital,001,0007B,0394,348,0,4,9,11,2,17,20,6,179
22,Capital,001,0007B,0395,352,0,0,23,10,5,9,17,3,181
22,Capital,001,0007B,0396,349,0,0,18,13,3,13,20,6,172
22,Capital,001,0007B,0397,350,0,0,18,13,5,11,14,2,175
22,Capital,001,0007B,0398,350,0,0,16,17,5,19,20,3,161
22,Capital,001,0007B,0399,352,1,2,14,7,6,8,19,4,190
22,Capital,001,0007B,0400,348,5,2,9,12,7,12,22,6,187
22,Capital,001,0007B,0401,351,4,2,17,5,2,16,18,6,173
22,Capital,001,0007B,0402,350,17,2,35,7,3,23,13,4,161
22,Capital,001,0007B,0403,348,0,4,13,5,3,13,20,3,163
22,Capital,001,0007B,0404,350,0,0,17,8,5,12,16,3,168
22,Capital,001,0007B,0405,351,0,2,21,5,3,22,19,4,157
22,Capital,001,0007B,0406,350,0,1,22,8,7,5,18,5,184
22,Capital,001,0007B,0407,350,0,0,34,13,3,21,6,6,161
22,Capital,001,0007B,0408,351,3,0,16,1,7,13,12,103,203
22,Capital,001,0007B,0409,350,0,0,13,10,6,15,15,5,174
22,Capital,001,0007B,0410,348,16,0,11,12,8,10,14,1,181
22,Capital,001,0007B,0411,352,2,2,20,17,6,12,25,11,146
22,Capital,001,0007B,0412,347,0,0,27,6,5,21,13,7,163
22,Capital,001,0007B,0413,352,24,1,27,12,9,11,18,7,150
22,Capital,001,0007B,0414,350,0,0,26,40,9,16,20,0,150
22,Capital,001,0007B,0415,350,1,8,16,7,5,16,21,2,180
22,Capital,001,0007B,0416,348,0,0,20,10,6,13,9,8,179
22,Capital,001,0007B,0417,352,17,0,22,12,4,16,12,4,188
22,Capital,001,0007B,0418,351,0,0,32,5,2,15,10,11,184
22,Capital,001,0007B,0419,351,2,1,29,10,4,14,20,12,160
22,Capital,001,0007B,0420,347,3,1,14,0,0,0,2,0,168
22,Capital,001,0007B,0421,350,3,3,24,13,6,13,13,4,174
22,Capital,001,0007B,0422,351,1,4,23,13,4,18,10,8,174
22,Capital,001,0007B,0423,350,1,0,22,9,6,0,167,15,3
22,Capital,001,0007B,0424,351,0,4,27,14,3,17,19,8,153
22,Capital,001,0007B,0425,350,15,1,36,10,2,13,27,6,163
22,Capital,001,0007B,0426,350,2,3,21,8,6,9,16,7,172
22,Capital,001,0007B,0427,350,2,3,29,4,5,16,13,11,173
22,Capital,001,0007B,0428,349,2,1,23,5,5,25,8,3,165
22,Capital,001,0007B,0429,350,1,2,32,7,5,13,13,8,159
22,Capital,001,0007B,0430,349,2,1,19,9,8,23,19,8,173
22,Capital,001,0007B,0431,349,0,0,16,12,3,13,21,3,175
22,Capital,001,0007B,0432,350,0,0,15,11,2,16,17,4,163
22,Capital,001,0007B,0433,350,2,1,13,7,3,14,17,8,194
22,Capital,001,0007B,0434,350,0,3,25,8,5,10,19,8,188
22,Capital,001,0007B,0435,349,0,0,25,14,6,21,14,5,164
22,Capital,001,0007B,0436,351,0,8,9,8,7,19,21,4,179
22,Capital,001,0007B,0437,352,18,2,26,10,8,10,16,5,14
22,Capital,001,0007B,0438,353,15,3,19,11,4,14,15,4,165
22,Capital,001,0007B,0439,350,2,4,19,12,3,14,10,4,165
22,Capital,001,0007B,0440,351,18,0,21,10,1,15,10,4,179
22,Capital,001,0007B,0441,351,28,2,24,10,4,14,15,5,146
22,Capital,001,0007B,0442,353,17,1,15,5,3,24,13,4,194
22,Capital,001,0007B,0443,350,13,0,35,11,6,15,12,5,155
22,Capital,001,0007B,0444,351,4,0,27,10,5,15,13,8,158
22,Capital,001,0007B,0445,187,8,1,7,5,3,8,9,5,83
22,Capital,001,0007B,0446,187,0,1,14,6,0,16,11,1,82
22,Capital,001,0008 ,0447,350,11,6,14,4,7,32,12,4,187
22,Capital,001,0008 ,0448,350,4,0,9,3,4,25,21,7,179
22,Capital,001,0008 ,0449,352,2,0,19,9,3,12,10,7,202
22,Capital,001,0008 ,0450,352,5,6,11,9,3,12,18,5,188
22,Capital,001,0008 ,0451,353,0,0,14,11,4,14,13,7,173
22,Capital,001,0008 ,0452,350,13,1,21,5,3,20,14,8,155
22,Capital,001,0008 ,0453,351,3,2,18,7,2,14,14,6,189
22,Capital,001,0008 ,0454,352,0,0,14,4,5,15,20,8,180
22,Capital,001,0008 ,0455,350,0,0,15,10,3,14,22,9,175
22,Capital,001,0008 ,0456,353,1,2,17,1,7,10,24,10,186
22,Capital,001,0008 ,0457,351,18,8,19,4,3,14,15,7,188
22,Capital,001,0008 ,0458,353,11,3,12,6,8,18,15,2,197
22,Capital,001,0008 ,0459,349,3,4,8,5,3,13,13,6,208
22,Capital,001,0008 ,0460,354,11,2,14,3,2,20,16,1,190
22,Capital,001,0008 ,0461,350,0,0,13,8,3,17,26,3,168
22,Capital,001,0008 ,0462,350,14,0,29,6,9,16,12,5,167
22,Capital,001,0008 ,0463,353,13,0,7,2,4,17,23,4,191
22,Capital,001,0008 ,0464,351,8,2,12,5,4,19,18,3,190
22,Capital,001,0008 ,0465,352,1,1,31,7,3,14,11,5,179
22,Capital,001,0008 ,0466,351,1,3,18,4,0,18,13,7,169
22,Capital,001,0008 ,0467,355,2,4,8,5,4,18,17,6,172
22,Capital,001,0008 ,0468,350,0,0,14,5,4,25,17,7,171
22,Capital,001,0008 ,0469,351,2,0,17,8,7,10,17,4,183
22,Capital,001,0008 ,0470,352,2,2,18,7,5,12,13,6,193
22,Capital,001,0008 ,0471,352,1,0,17,5,4,15,7,5,193
22,Capital,001,0008 ,0472,353,8,1,19,3,4,21,13,7,185
22,Capital,001,0008 ,0473,351,0,0,15,5,6,14,17,0,193
22,Capital,001,0008 ,0474,352,0,0,16,6,3,15,13,3,209
22,Capital,001,0008 ,0475,349,2,2,7,11,6,23,26,3,177
22,Capital,001,0008 ,0476,352,1,2,10,4,1,27,20,3,184
22,Capital,001,0008 ,0477,351,14,4,16,7,2,18,16,2,191
22,Capital,001,0008 ,0478,351,2,0,17,3,3,16,10,0,199
22,Capital,001,0008 ,0479,355,0,0,21,9,6,12,18,3,196
22,Capital,001,0008 ,0480,350,0,0,13,5,5,17,14,4,198
22,Capital,001,0008 ,0481,351,10,4,11,0,4,16,9,7,177
22,Capital,001,0008 ,0482,353,1,3,20,6,4,14,15,5,166
22,Capital,001,0008 ,0483,352,6,1,13,5,7,18,18,10,189
22,Capital,001,0008 ,0484,352,0,0,15,6,3,25,15,2,183
22,Capital,001,0008 ,0485,351,14,2,17,6,3,29,20,5,152
22,Capital,001,0008 ,0486,350,1,1,21,8,11,14,14,8,179
22,Capital,001,0008 ,0487,350,9,1,19,2,3,11,12,1,193
22,Capital,001,0008 ,0488,349,63,2,12,8,4,14,16,2,139
22,Capital,001,0008 ,0489,351,0,0,0,0,0,0,0,0,0
22,Capital,001,0008 ,0490,351,1,2,23,3,3,4,14,0,205
22,Capital,001,0008 ,0491,351,5,1,14,8,3,13,15,1,189
22,Capital,001,0008 ,0492,351,0,0,17,10,4,15,18,7,163
22,Capital,001,0008 ,0493,351,15,0,15,6,4,19,18,7,180
22,Capital,001,0008 ,0494,350,18,2,14,12,2,18,21,7,169
22,Capital,001,0008 ,0495,352,2,1,4,0,0,33,20,5,153
22,Capital,001,0008 ,0496,352,12,0,24,11,6,12,15,9,164
22,Capital,001,0008 ,0497,349,11,0,18,4,2,22,15,6,180
22,Capital,001,0008 ,0498,350,14,1,6,5,4,13,12,6,191
22,Capital,001,0008 ,0499,353,1,6,16,8,9,26,20,5,174
22,Capital,001,0008 ,0500,352,1,7,14,10,10,13,11,7,195
22,Capital,001,0008 ,0501,351,2,2,16,3,2,18,13,6,186
22,Capital,001,0008 ,0502,350,1,4,16,6,2,16,22,5,187
22,Capital,001,0008 ,0503,350,0,4,11,11,2,26,19,5,174
22,Capital,001,0008 ,0504,349,0,1,13,4,3,26,23,9,167
22,Capital,001,0008 ,0505,350,1,2,19,7,0,16,14,7,178
22,Capital,001,0008 ,0506,110,4,0,8,3,2,1,6,2,53
22,Capital,001,0009 ,0507,355,0,0,26,4,1,7,16,5,188
22,Capital,001,0009 ,0508,351,2,2,23,9,0,14,14,4,192
22,Capital,001,0009 ,0509,350,0,0,17,4,1,14,15,4,207
22,Capital,001,0009 ,0510,349,2,2,14,4,4,13,17,6,198
22,Capital,001,0009 ,0511,353,16,2,29,4,11,31,19,10,171
22,Capital,001,0009 ,0512,352,3,0,21,0,3,15,18,7,194
22,Capital,001,0009 ,0513,194,0,0,9,2,4,9,6,0,126
22,Capital,001,0009 ,0514,194,10,3,4,2,4,7,8,2,112
22,Capital,001,0010 ,0515,349,13,0,4,3,3,9,5,0,231
22,Capital,001,0010 ,0516,351,10,2,3,7,2,12,3,3,213
22,Capital,001,0010 ,0517,350,15,0,2,7,2,8,5,1,219
22,Capital,001,0010 ,0518,350,11,2,4,4,0,7,9,2,203
22,Capital,001,0010 ,0519,350,0,1,2,8,0,22,11,0,194
22,Capital,001,0010 ,0520,296,10,1,3,7,1,15,6,2,170
22,Capital,001,0011 ,0521,349,0,0,9,0,0,10,0,0,193
22,Capital,001,0011 ,0522,349,0,0,9,0,0,19,0,0,180
22,Capital,001,0011 ,0523,199,1,0,1,0,0,0,0,0,154
22,Capital,001,0011 ,0524,196,0,0,3,0,0,1,0,0,124
22,Capital,001,0012 ,0525,349,6,0,2,0,0,15,1,0,220
22,Capital,001,0012 ,0526,348,2,0,7,0,0,6,0,0,247
22,Capital,001,0012 ,0527,352,1,0,2,1,0,7,6,1,181
22,Capital,001,0012 ,0528,348,4,0,0,2,0,24,2,0,245
22,Capital,001,0012 ,0529,349,1,0,4,1,1,7,5,1,281
22,Capital,001,0012 ,0530,108,0,0,0,0,0,1,1,0,80
22,Capital,001,0013 ,0531,350,0,0,0,0,1,18,0,0,217
22,Capital,001,0013 ,0532,91,0,0,0,1,0,1,0,0,30
22,Capital,001,0014 ,0533,353,1,1,12,3,2,29,13,6,206
22,Capital,001,0014 ,0534,348,8,0,24,0,1,29,4,2,197
22,Capital,001,0014 ,0535,132,0,0,6,0,0,7,3,0,83
22,Capital,001,0015 ,0536,349,2,0,7,2,0,28,17,9,163
22,Capital,001,0015 ,0537,350,0,0,16,0,4,14,11,0,167
22,Capital,001,0015 ,0538,221,1,0,4,1,0,6,8,1,127
22,Capital,001,0016 ,0539,349,0,0,9,2,1,18,16,2,188
22,Capital,001,0016 ,0540,350,7,6,7,4,0,28,15,2,183
22,Capital,001,0016 ,0541,231,6,0,6,2,0,5,12,3,136
22,Capital,001,0017 ,0542,351,2,4,34,8,2,0,10,5,183
22,Capital,001,0017 ,0543,350,2,2,34,3,3,21,14,2,184
22,Capital,001,0017 ,0544,351,10,5,39,1,1,8,9,1,192
22,Capital,001,0017 ,0545,351,12,0,42,0,0,8,20,2,191
22,Capital,001,0017 ,0546,346,9,2,54,5,3,4,11,1,171
22,Capital,001,0017 ,0547,349,14,0,32,6,1,18,10,4,186
22,Capital,001,0017 ,0548,243,0,0,13,1,1,6,9,2,141
22,Capital,001,0018 ,0549,351,10,0,15,5,3,8,11,3,235
22,Capital,001,0018 ,0550,350,9,1,4,0,0,17,14,5,214
22,Capital,001,0018 ,0551,84,0,0,2,1,1,3,2,1,61
22,Avellaneda,002,0019 ,0552,349,0,0,0,0,0,0,0,0,0
22,Avellaneda,002,0019 ,0553,351,0,1,0,0,0,6,4,0,178
22,Avellaneda,002,0019 ,0554,90,0,0,0,0,0,0,0,0,0
22,Avellaneda,002,0020 ,0555,349,2,0,14,2,2,13,4,4,183
22,Avellaneda,002,0020 ,0556,349,0,0,11,1,2,26,12,1,195
22,Avellaneda,002,0020 ,0557,350,1,1,13,0,0,27,14,6,168
22,Avellaneda,002,0020 ,0558,351,0,1,20,0,1,29,14,0,184
22,Avellaneda,002,0020 ,0559,349,3,0,12,0,1,43,8,2,189
22,Avellaneda,002,0020 ,0560,351,0,0,8,6,1,29,15,0,180
22,Avellaneda,002,0020 ,0561,349,0,0,12,5,1,24,25,0,185
22,Avellaneda,002,0020 ,0562,350,0,0,6,0,0,11,9,1,205
22,Avellaneda,002,0020 ,0563,351,5,1,15,3,1,32,23,1,178
22,Avellaneda,002,0020 ,0564,350,4,0,18,6,0,16,13,2,173
22,Avellaneda,002,0020 ,0565,350,0,1,5,3,8,15,0,1,228
22,Avellaneda,002,0020 ,0566,193,0,0,8,0,0,15,0,0,97
22,Avellaneda,002,0020 ,0567,193,0,0,8,1,0,15,5,1,111
22,Avellaneda,002,0021 ,0568,350,0,0,9,4,1,18,4,0,182
22,Avellaneda,002,0021 ,0569,350,0,1,8,7,1,17,5,3,170
22,Avellaneda,002,0021 ,0570,350,2,2,8,2,0,23,5,2,185
22,Avellaneda,002,0021 ,0571,350,0,1,9,5,3,10,14,12,174
22,Avellaneda,002,0021 ,0572,349,3,2,13,0,0,13,9,0,170
22,Avellaneda,002,0021 ,0573,215,4,1,8,1,4,8,3,2,110
22,Avellaneda,002,0022 ,0574,350,40,0,0,1,1,5,2,0,181
22,Avellaneda,002,0022 ,0575,324,2,1,3,1,0,9,3,2,160
22,Avellaneda,002,0023 ,0576,350,0,0,26,6,3,23,6,1,153
22,Avellaneda,002,0023 ,0577,350,0,0,15,1,0,22,9,0,172
22,Avellaneda,002,0023 ,0578,352,3,0,23,9,0,11,14,1,182
22,Avellaneda,002,0023 ,0579,350,0,0,23,0,1,14,17,0,176
22,Avellaneda,002,0023 ,0580,350,0,0,12,2,1,16,10,1,174
22,Avellaneda,002,0023 ,0581,350,0,0,26,4,0,9,12,1,170
22,Avellaneda,002,0023 ,0582,351,0,0,13,1,0,20,7,2,198
22,Avellaneda,002,0023 ,0583,350,0,0,10,0,0,31,16,1,160
22,Avellaneda,002,0023 ,0584,156,0,0,9,0,0,11,1,2,80
22,Avellaneda,002,0024 ,0585,351,8,0,11,2,2,19,17,1,192
22,Avellaneda,002,0024 ,0586,349,18,0,17,0,2,10,21,5,194
22,Avellaneda,002,0024 ,0587,350,0,0,6,0,0,14,27,4,191
22,Avellaneda,002,0024 ,0588,231,12,0,4,0,0,26,26,2,104
22,Avellaneda,002,0025 ,0589,230,3,0,0,0,0,5,6,1,119
22,Avellaneda,002,0026 ,0590,349,8,0,11,1,0,18,10,1,195
22,Avellaneda,002,0026 ,0591,348,5,1,25,0,1,14,8,2,201
22,Avellaneda,002,0026 ,0592,163,2,0,10,0,1,4,2,0,99
22,Avellaneda,002,0027 ,0593,351,4,0,12,15,0,5,13,1,207
22,Avellaneda,002,0027 ,0594,350,1,0,4,14,1,3,18,1,210
22,Avellaneda,002,0027 ,0595,351,10,0,6,11,0,2,7,2,237
22,Avellaneda,002,0027 ,0596,353,1,0,6,12,2,6,8,1,205
22,Avellaneda,002,0027 ,0597,284,5,0,4,8,0,4,7,1,175
22,Aguirre,003,0028 ,0598,348,0,0,17,0,1,12,7,0,162
22,Aguirre,003,0028 ,0599,316,0,0,14,2,0,15,2,0,167
22,Aguirre,003,0029 ,0600,351,9,2,40,2,0,6,24,0,158
22,Aguirre,003,0029 ,0601,351,2,1,39,2,0,10,26,0,171
22,Aguirre,003,0029 ,0602,304,10,2,16,2,1,7,27,2,156
22,Aguirre,003,0030 ,0603,149,0,0,15,1,0,2,2,1,80
22,Aguirre,003,0031 ,0604,350,5,0,117,3,0,7,17,1,121
22,Aguirre,003,0031 ,0605,351,0,0,105,3,0,0,0,0,141
22,Aguirre,003,0031 ,0606,350,0,0,100,2,1,10,7,0,148
22,Aguirre,003,0031 ,0607,353,6,0,91,1,1,2,7,0,159
22,Aguirre,003,0031 ,0608,356,5,0,89,3,0,3,7,0,151
22,Aguirre,003,0031 ,0609,351,0,0,79,4,0,4,9,1,146
22,Aguirre,003,0031 ,0610,351,0,0,0,0,0,0,0,0,0
22,Aguirre,003,0031 ,0611,355,2,0,98,1,2,10,14,5,140
22,Aguirre,003,0031 ,0612,351,6,2,133,4,2,12,12,1,125
22,Aguirre,003,0031 ,0613,355,0,6,95,4,1,7,10,1,139
22,Aguirre,003,0031 ,0614,352,0,1,77,3,1,6,10,5,174
22,Aguirre,003,0031 ,0615,298,2,1,81,1,1,4,1,2,116
22,Alberdi,004,0032 ,0616,350,1,0,1,0,1,18,0,0,98
22,Alberdi,004,0032 ,0617,349,0,0,0,0,0,16,0,0,93
22,Alberdi,004,0032 ,0618,267,0,0,2,0,0,8,0,0,103
22,Alberdi,004,0033 ,0619,351,1,2,3,1,1,17,0,1,165
22,Alberdi,004,0033 ,0620,350,3,1,0,0,1,10,1,0,167
22,Alberdi,004,0033 ,0621,109,0,0,4,0,2,5,0,0,55
22,Alberdi,004,0033A,0622,241,0,0,4,0,0,6,1,1,113
22,Alberdi,004,0034 ,0623,350,1,1,0,1,1,12,10,0,232
22,Alberdi,004,0034 ,0624,351,5,0,8,1,0,16,11,2,194
22,Alberdi,004,0034 ,0625,348,3,0,3,1,1,3,2,0,246
22,Alberdi,004,0034 ,0626,352,6,1,11,2,0,8,11,1,185
22,Alberdi,004,0034 ,0627,352,5,0,9,0,0,16,6,1,227
22,Alberdi,004,0034 ,0628,349,5,0,2,0,2,2,3,2,270
22,Alberdi,004,0034 ,0629,351,0,0,0,0,0,10,0,0,235
22,Alberdi,004,0034 ,0630,350,11,0,4,0,1,6,5,1,220
22,Alberdi,004,0034 ,0631,350,6,3,9,0,0,6,4,1,208
22,Alberdi,004,0034 ,0632,348,0,0,4,0,0,6,3,0,208
22,Alberdi,004,0034 ,0633,351,7,0,3,2,1,12,9,0,252
22,Alberdi,004,0034 ,0634,350,1,0,3,0,1,16,5,0,234
22,Alberdi,004,0034 ,0635,349,10,0,7,0,2,17,1,2,200
22,Alberdi,004,0034 ,0636,352,2,0,11,2,1,5,7,1,206
22,Alberdi,004,0034 ,0637,350,4,0,7,0,1,12,5,1,227
22,Alberdi,004,0034 ,0638,164,5,0,5,0,0,3,3,0,143
22,Alberdi,004,0035 ,0639,350,2,1,9,0,0,15,3,0,197
22,Alberdi,004,0035 ,0640,272,4,0,3,1,2,11,2,0,139
22,Alberdi,004,0036 ,0641,349,0,0,37,0,0,32,3,2,156
22,Alberdi,004,0036 ,0642,349,0,0,38,0,1,39,3,1,158
22,Alberdi,004,0036 ,0643,350,2,2,19,1,1,33,8,3,170
22,Alberdi,004,0036 ,0644,350,2,1,42,4,1,27,2,3,167
22,Alberdi,004,0036 ,0645,351,0,0,51,1,0,22,7,0,158
22,Alberdi,004,0036 ,0646,351,0,0,48,0,0,26,5,0,143
22,Alberdi,004,0036 ,0647,171,1,0,20,1,1,12,5,1,76
22,Atamisqui,005,0037 ,0648,351,2,1,4,1,2,9,9,1,195
22,Atamisqui,005,0037 ,0649,350,0,0,3,2,3,3,17,3,196
22,Atamisqui,005,0037 ,0650,350,1,0,7,0,0,5,13,1,194
22,Atamisqui,005,0037 ,0651,352,0,0,12,0,0,2,2,5,217
22,Atamisqui,005,0037 ,0652,351,1,1,0,0,0,4,18,2,205
22,Atamisqui,005,0037 ,0653,350,2,0,9,4,0,4,9,2,208
22,Atamisqui,005,0037 ,0654,349,5,2,3,1,0,1,10,0,213
22,Atamisqui,005,0037 ,0655,351,4,0,7,0,2,3,3,1,229
22,Atamisqui,005,0037 ,0656,350,3,0,5,0,0,4,10,0,219
22,Atamisqui,005,0037 ,0657,351,4,0,0,3,1,6,16,1,176
22,Atamisqui,005,0037 ,0658,353,3,4,10,0,3,4,3,3,216
22,Atamisqui,005,0037 ,0659,110,2,0,2,0,1,2,0,0,59
22,Atamisqui,005,0038 ,0660,350,6,1,4,0,0,8,4,0,202
22,Atamisqui,005,0038 ,0661,352,2,0,0,0,1,11,3,1,211
22,Atamisqui,005,0038 ,0662,302,0,0,3,0,0,9,5,1,163
22,Atamisqui,005,0039 ,0663,349,5,0,3,2,2,0,5,0,169
22,Atamisqui,005,0039 ,0664,193,2,0,1,0,0,0,3,0,130
22,Atamisqui,005,0039 ,0665,193,0,0,1,0,1,0,0,1,143
22,Atamisqui,005,0040 ,0666,351,1,0,5,0,1,15,6,1,223
22,Atamisqui,005,0040 ,0667,158,0,0,0,3,0,6,8,0,69
22,Atamisqui,005,0040A,0668,214,1,1,7,0,0,13,4,2,100
22,Atamisqui,005,0041 ,0669,307,2,2,10,4,0,3,3,3,161
22,Atamisqui,005,0042 ,0670,352,0,0,2,0,0,0,3,0,267
22,Atamisqui,005,0042 ,0671,355,0,0,2,0,0,2,5,0,238
22,Atamisqui,005,0042 ,0672,349,10,0,3,1,2,5,2,1,241
22,Atamisqui,005,0042 ,0673,351,0,0,0,0,0,3,0,0,283
22,Atamisqui,005,0042 ,0674,130,0,0,0,0,0,0,0,0,102
22,Banda,006,0043 ,0675,352,9,4,17,7,5,80,14,4,113
22,Banda,006,0043 ,0676,349,9,3,20,8,0,87,16,6,111
22,Banda,006,0043 ,0677,350,3,9,22,1,2,102,14,6,108
22,Banda,006,0043 ,0678,350,10,2,25,9,3,88,14,5,96
22,Banda,006,0043 ,0679,349,10,5,11,0,4,104,8,6,115
22,Banda,006,0043 ,0680,351,18,2,14,4,4,95,10,2,116
22,Banda,006,0043 ,0681,350,14,1,30,5,7,98,8,4,91
22,Banda,006,0043 ,0682,350,11,2,12,11,5,86,17,6,97
22,Banda,006,0043 ,0683,350,7,2,12,6,4,101,19,8,90
22,Banda,006,0043 ,0684,352,10,6,15,6,3,103,9,6,97
22,Banda,006,0043 ,0685,350,0,0,18,10,7,81,10,5,170
22,Banda,006,0043 ,0686,351,0,1,22,6,3,87,9,5,115
22,Banda,006,0043 ,0687,349,1,1,15,6,3,102,9,6,112
22,Banda,006,0043 ,0688,352,0,0,10,3,0,92,17,2,108
22,Banda,006,0043 ,0689,348,1,1,4,8,1,102,6,4,121
22,Banda,006,0043 ,0690,351,9,1,16,5,5,94,12,4,95
22,Banda,006,0043 ,0691,351,15,1,25,6,4,89,12,8,102
22,Banda,006,0043 ,0692,349,13,0,16,4,4,73,13,2,116
22,Banda,006,0043 ,0693,350,16,3,17,6,5,87,13,4,100
22,Banda,006,0043 ,0694,352,12,2,31,9,7,81,8,8,98
22,Banda,006,0043 ,0695,351,19,2,11,10,10,87,12,5,118
22,Banda,006,0043 ,0696,352,15,0,28,5,7,78,13,8,105
22,Banda,006,0043 ,0697,350,17,2,25,4,6,85,10,5,105
22,Banda,006,0043 ,0698,352,3,1,20,6,5,89,4,6,101
22,Banda,006,0043 ,0699,353,14,0,17,3,6,94,7,7,102
22,Banda,006,0043 ,0700,350,0,0,13,6,3,106,5,3,103
22,Banda,006,0043 ,0701,351,5,2,10,7,8,97,9,3,110
22,Banda,006,0043 ,0702,351,13,4,17,4,3,93,14,4,108
22,Banda,006,0043 ,0703,352,3,2,14,6,4,79,16,4,119
22,Banda,006,0043 ,0704,349,2,2,21,3,6,92,12,4,100
22,Banda,006,0043 ,0705,351,1,1,12,4,7,96,14,6,106
22,Banda,006,0043 ,0706,353,1,0,21,10,3,84,18,2,106
22,Banda,006,0043 ,0707,350,3,2,16,5,0,97,14,4,105
22,Banda,006,0043 ,0708,350,1,3,22,6,3,73,16,4,118
22,Banda,006,0043 ,0709,349,3,4,32,5,6,71,15,4,105
22,Banda,006,0043 ,0710,349,0,0,7,5,7,96,8,7,102
22,Banda,006,0043 ,0711,352,4,7,21,6,8,77,15,6,103
22,Banda,006,0043 ,0712,353,0,0,21,5,3,85,22,6,106
22,Banda,006,0043 ,0713,350,0,0,18,4,2,90,14,9,99
22,Banda,006,0043 ,0714,349,3,3,11,13,3,97,12,6,99
22,Banda,006,0043 ,0715,349,1,2,23,6,9,71,25,6,93
22,Banda,006,0043 ,0716,350,4,2,22,8,6,86,11,3,94
22,Banda,006,0043 ,0717,350,8,1,15,4,4,103,6,5,109
22,Banda,006,0043 ,0718,350,15,2,17,5,6,92,10,5,94
22,Banda,006,0043 ,0719,353,2,2,20,3,3,95,10,2,101
22,Banda,006,0043 ,0720,352,8,6,9,8,5,120,9,6,103
22,Banda,006,0043 ,0721,350,3,1,11,6,5,89,10,7,109
22,Banda,006,0043 ,0722,350,1,2,16,6,3,85,19,2,100
22,Banda,006,0043 ,0723,351,107,2,17,8,0,0,9,6,93
22,Banda,006,0043 ,0724,352,2,1,15,6,6,105,16,8,92
22,Banda,006,0043 ,0725,351,2,0,20,9,6,2,116,90,4
22,Banda,006,0043 ,0726,352,0,1,16,6,5,99,17,2,93
22,Banda,006,0043 ,0727,350,0,2,11,7,5,75,12,7,103
22,Banda,006,0043 ,0728,351,1,4,21,7,5,80,18,6,111
22,Banda,006,0043 ,0729,352,0,1,19,7,5,92,13,3,110
22,Banda,006,0043 ,0730,351,15,1,29,7,4,87,12,4,92
22,Banda,006,0043 ,0731,352,13,5,9,11,6,72,22,6,113
22,Banda,006,0043 ,0732,350,3,1,21,6,5,93,4,3,117
22,Banda,006,0043 ,0733,349,11,4,27,0,7,76,17,4,94
22,Banda,006,0043 ,0734,349,9,2,17,9,5,99,12,10,114
22,Banda,006,0043 ,0735,349,12,3,14,6,11,91,9,9,106
22,Banda,006,0043 ,0736,351,3,2,15,7,6,85,12,3,112
22,Banda,006,0043 ,0737,353,8,3,22,4,5,88,12,6,104
22,Banda,006,0043 ,0738,205,0,0,17,4,0,41,9,3,55
22,Banda,006,0044 ,0739,350,4,4,12,8,9,73,23,4,107
22,Banda,006,0044 ,0740,351,2,2,10,9,6,92,16,6,126
22,Banda,006,0044 ,0741,350,0,1,23,4,3,79,7,2,115
22,Banda,006,0044 ,0742,350,0,0,12,6,5,77,12,3,118
22,Banda,006,0044 ,0743,352,3,0,12,2,1,82,5,4,143
22,Banda,006,0044 ,0744,353,12,10,11,0,2,83,10,5,104
22,Banda,006,0044 ,0745,353,10,1,12,4,1,95,8,2,110
22,Banda,006,0044 ,0746,351,9,0,15,4,8,88,8,4,124
22,Banda,006,0044 ,0747,351,0,0,13,10,5,83,15,4,121
22,Banda,006,0044 ,0748,351,13,0,13,3,8,90,12,0,131
22,Banda,006,0044 ,0749,349,0,0,10,4,2,103,9,5,119
22,Banda,006,0044 ,0750,353,2,0,0,0,0,92,12,0,113
22,Banda,006,0044 ,0751,350,10,6,19,4,1,80,6,4,105
22,Banda,006,0044 ,0752,348,4,0,10,3,7,84,16,2,127
22,Banda,006,0044 ,0753,349,7,1,12,6,3,97,6,3,140
22,Banda,006,0044 ,0754,352,4,0,10,4,3,81,11,1,143
22,Banda,006,0044 ,0755,351,4,2,10,6,4,109,11,2,116
22,Banda,006,0044 ,0756,354,0,0,3,3,3,102,5,1,110
22,Banda,006,0044 ,0757,353,0,0,13,5,2,75,3,5,111
22,Banda,006,0044 ,0758,353,0,0,21,0,4,74,15,5,117
22,Banda,006,0044 ,0759,349,1,0,10,5,1,99,4,2,129
22,Banda,006,0044 ,0760,351,1,3,10,6,1,89,12,1,131
22,Banda,006,0044 ,0761,351,6,4,12,5,9,97,14,5,109
22,Banda,006,0044 ,0762,352,0,0,21,2,5,84,6,9,112
22,Banda,006,0044 ,0763,354,0,0,19,2,6,98,10,4,116
22,Banda,006,0044 ,0764,349,7,3,17,9,8,99,12,5,109
22,Banda,006,0044 ,0765,352,14,2,22,2,1,77,12,8,128
22,Banda,006,0044 ,0766,348,3,1,6,0,0,104,7,0,125
22,Banda,006,0044 ,0767,350,0,7,16,8,2,86,6,1,0
22,Banda,006,0044 ,0768,352,2,0,14,1,3,111,6,2,121
22,Banda,006,0044 ,0769,350,0,1,4,4,7,84,7,6,118
22,Banda,006,0044 ,0770,351,3,0,13,6,2,85,13,2,110
22,Banda,006,0044 ,0771,350,2,5,15,3,5,86,6,3,133
22,Banda,006,0044 ,0772,349,3,2,14,8,3,87,0,4,127
22,Banda,006,0044 ,0773,348,0,0,11,8,8,97,7,4,117
22,Banda,006,0044 ,0774,351,2,0,11,5,2,99,4,2,117
22,Banda,006,0044 ,0775,352,3,4,10,2,0,90,1,0,136
22,Banda,006,0044 ,0776,355,4,2,14,0,3,93,12,1,115
22,Banda,006,0044 ,0777,353,1,2,17,6,3,95,8,4,111
22,Banda,006,0044 ,0778,349,0,0,12,6,7,8,4,4,123
22,Banda,006,0044 ,0779,350,2,4,23,6,3,91,9,3,120
22,Banda,006,0044 ,0780,349,8,2,19,7,1,79,11,2,125
22,Banda,006,0044 ,0781,353,18,3,21,2,4,83,18,4,116
22,Banda,006,0044 ,0782,351,0,0,13,7,4,137,6,8,126
22,Banda,006,0044 ,0783,353,9,3,9,5,7,101,15,3,97
22,Banda,006,0044 ,0784,350,0,0,13,7,6,86,12,3,112
22,Banda,006,0044 ,0785,353,2,1,23,4,8,80,8,2,116
22,Banda,006,0044 ,0786,351,2,2,11,3,6,91,9,4,109
22,Banda,006,0044 ,0787,349,4,2,15,6,9,91,14,6,127
22,Banda,006,0044 ,0788,351,15,1,9,5,2,81,12,4,129
22,Banda,006,0044 ,0789,349,2,1,17,8,8,88,15,6,108
22,Banda,006,0044 ,0790,350,0,0,1,0,0,87,12,0,108
22,Banda,006,0044 ,0791,351,3,1,9,7,5,93,12,1,113
22,Banda,006,0044 ,0792,356,0,5,13,0,7,99,11,4,117
22,Banda,006,0044 ,0793,350,0,0,9,9,3,82,5,1,142
22,Banda,006,0044 ,0794,350,0,0,15,4,4,86,7,6,115
22,Banda,006,0044 ,0795,352,1,0,8,5,4,66,15,9,140
22,Banda,006,0044 ,0796,352,0,0,15,1,2,97,8,6,122
22,Banda,006,0044 ,0797,350,7,0,17,6,3,99,14,6,101
22,Banda,006,0044 ,0798,347,1,1,11,4,6,108,6,0,109
22,Banda,006,0044 ,0799,349,8,1,8,6,3,98,9,4,123
22,Banda,006,0044 ,0800,350,2,3,17,4,4,78,9,4,149
22,Banda,006,0044 ,0801,349,10,1,15,5,4,92,16,3,103
22,Banda,006,0044 ,0802,349,7,3,7,9,2,77,6,6,122
22,Banda,006,0044 ,0803,352,0,0,13,7,4,90,19,3,112
22,Banda,006,0044 ,0804,354,0,2,12,9,0,83,14,7,119
22,Banda,006,0044 ,0805,349,1,0,15,3,3,84,11,8,131
22,Banda,006,0044 ,0806,350,1,0,9,4,5,102,13,3,100
22,Banda,006,0044 ,0807,350,0,0,12,6,2,81,5,6,118
22,Banda,006,0044 ,0808,351,1,0,12,0,0,94,6,6,130
22,Banda,006,0044 ,0809,351,4,4,6,1,0,94,9,2,138
22,Banda,006,0044 ,0810,350,1,2,16,3,0,81,17,4,125
22,Banda,006,0044 ,0811,353,0,0,5,0,3,104,6,4,138
22,Banda,006,0044 ,0812,351,14,0,15,2,5,90,5,3,128
22,Banda,006,0044 ,0813,349,10,2,8,3,4,83,10,3,128
22,Banda,006,0044 ,0814,349,3,1,8,5,5,102,5,4,120
22,Banda,006,0044 ,0815,351,0,0,17,6,3,104,8,3,113
22,Banda,006,0044 ,0816,210,5,2,13,2,1,49,4,2,70
22,Banda,006,0045 ,0817,351,0,0,8,1,0,44,10,3,155
22,Banda,006,0045 ,0818,350,0,0,3,1,1,41,9,1,147
22,Banda,006,0045 ,0819,350,7,0,3,3,1,51,7,2,163
22,Banda,006,0045 ,0820,282,11,0,2,4,1,26,11,0,147
22,Banda,006,0046 ,0821,183,1,1,6,0,2,29,6,0,70
22,Banda,006,0046 ,0822,182,2,1,4,1,1,39,3,0,72
22,Banda,006,0047 ,0823,349,6,1,1,0,0,79,3,1,186
22,Banda,006,0047 ,0824,349,6,0,5,2,1,48,2,3,187
22,Banda,006,0047 ,0825,351,2,0,5,3,1,92,6,0,173
22,Banda,006,0047 ,0826,197,0,0,3,0,2,39,1,0,99
22,Banda,006,0048 ,0827,351,8,3,8,5,2,99,8,7,135
22,Banda,006,0048 ,0828,350,0,0,11,6,6,78,12,7,115
22,Banda,006,0048 ,0829,352,6,1,19,7,5,115,10,4,89
22,Banda,006,0048 ,0830,353,1,1,9,2,1,102,12,6,126
22,Banda,006,0048 ,0831,350,1,1,13,0,2,117,3,2,122
22,Banda,006,0048 ,0832,351,17,2,9,9,6,68,8,5,130
22,Banda,006,0048 ,0833,353,9,4,14,13,3,79,10,2,114
22,Banda,006,0048 ,0834,350,11,3,4,3,0,70,11,9,150
22,Banda,006,0048 ,0835,352,0,1,12,2,7,78,11,4,130
22,Banda,006,0048 ,0836,349,8,4,11,5,1,97,7,2,140
22,Banda,006,0048 ,0837,351,0,0,18,0,6,106,7,2,107
22,Banda,006,0048 ,0838,355,8,0,18,4,5,87,14,2,140
22,Banda,006,0048 ,0839,350,10,4,10,6,1,79,11,6,138
22,Banda,006,0048 ,0840,353,1,0,13,4,6,74,13,8,114
22,Banda,006,0048 ,0841,353,3,0,4,8,4,78,11,2,133
22,Banda,006,0048 ,0842,352,0,1,12,3,2,87,10,5,131
22,Banda,006,0048 ,0843,352,1,2,9,0,1,83,17,7,122
22,Banda,006,0048 ,0844,351,0,0,16,0,0,93,1,0,129
22,Banda,006,0048 ,0845,349,0,0,25,8,4,79,9,3,123
22,Banda,006,0048 ,0846,349,11,1,14,3,4,99,10,2,116
22,Banda,006,0048 ,0847,353,0,0,5,5,1,98,16,2,116
22,Banda,006,0048 ,0848,353,1,0,0,0,0,89,9,7,125
22,Banda,006,0048 ,0849,353,0,0,16,2,5,85,16,3,125
22,Banda,006,0048 ,0850,353,0,0,15,9,3,211,7,2,99
22,Banda,006,0048 ,0851,350,4,2,11,3,3,102,9,2,113
22,Banda,006,0048 ,0852,353,5,5,9,2,4,74,10,1,138
22,Banda,006,0048 ,0853,352,0,0,13,0,3,91,12,9,110
22,Banda,006,0048 ,0854,350,2,3,12,1,10,77,14,7,117
22,Banda,006,0048 ,0855,350,0,0,8,2,10,92,19,7,110
22,Banda,006,0048 ,0856,352,12,6,19,2,4,64,20,9,118
22,Banda,006,0048 ,0857,351,11,0,11,5,7,96,12,9,118
22,Banda,006,0048 ,0858,349,9,3,12,6,6,91,13,4,117
22,Banda,006,0048 ,0859,349,7,1,17,9,2,73,6,5,125
22,Banda,006,0048 ,0860,350,20,0,9,5,5,84,18,0,125
22,Banda,006,0048 ,0861,352,10,4,15,5,2,76,14,7,119
22,Banda,006,0048 ,0862,351,0,0,10,4,4,84,8,5,137
22,Banda,006,0048 ,0863,352,3,1,15,9,4,79,12,2,127
22,Banda,006,0048 ,0864,350,2,3,12,3,7,78,17,5,122
22,Banda,006,0048 ,0865,349,0,3,14,1,5,84,9,5,131
22,Banda,006,0048 ,0866,353,2,1,12,6,1,91,17,6,134
22,Banda,006,0048 ,0867,352,0,0,6,9,4,92,12,10,130
22,Banda,006,0048 ,0868,353,3,5,8,5,8,78,11,7,118
22,Banda,006,0048 ,0869,352,0,2,6,8,4,80,8,3,138
22,Banda,006,0048 ,0870,353,0,0,0,5,5,96,11,6,104
22,Banda,006,0048 ,0871,350,1,2,11,2,3,104,11,9,111
22,Banda,006,0048 ,0872,355,16,1,4,13,3,95,12,5,113
22,Banda,006,0048 ,0873,352,13,2,20,2,1,83,8,3,127
22,Banda,006,0048 ,0874,354,2,0,14,5,5,84,8,9,133
22,Banda,006,0048 ,0875,353,5,1,13,3,6,93,10,7,123
22,Banda,006,0048 ,0876,353,0,0,9,7,3,84,8,2,134
22,Banda,006,0048 ,0877,350,2,3,5,7,7,85,10,3,103
22,Banda,006,0048 ,0878,354,2,1,17,0,1,108,12,5,107
22,Banda,006,0048 ,0879,353,2,1,10,2,1,98,10,3,114
22,Banda,006,0048 ,0880,174,1,0,4,0,4,42,7,4,59
22,Banda,006,0049 ,0881,351,0,0,0,0,0,36,9,0,147
22,Banda,006,0049 ,0882,348,6,0,0,0,0,26,1,0,176
22,Banda,006,0049 ,0883,350,14,0,0,1,0,36,3,1,167
22,Banda,006,0049 ,0884,235,7,1,2,2,2,19,3,1,104
22,Banda,006,0049A,0885,134,0,0,0,0,0,5,8,1,45
22,Banda,006,0050 ,0886,349,0,0,0,0,0,0,0,0,178
22,Banda,006,0050 ,0887,350,9,0,6,1,2,47,6,0,164
22,Banda,006,0051 ,0888,350,2,0,0,0,0,1,0,1,180
22,Banda,006,0051 ,0889,201,5,0,2,1,0,16,11,4,0
22,Banda,006,0051 ,0890,201,0,0,0,0,0,0,0,0,0
22,Banda,006,0052 ,0891,349,3,0,19,3,0,49,11,0,178
22,Banda,006,0052 ,0892,350,7,1,12,1,0,51,8,1,184
22,Banda,006,0052 ,0893,350,3,0,0,0,0,48,18,0,165
22,Banda,006,0052 ,0894,350,5,2,11,0,0,46,11,1,176
22,Banda,006,0052 ,0895,348,2,3,7,3,2,39,7,1,176
22,Banda,006,0052 ,0896,347,1,0,10,2,0,31,9,2,189
22,Banda,006,0052 ,0897,352,0,0,22,2,1,44,13,2,173
22,Banda,006,0052 ,0898,347,4,8,14,11,3,26,6,1,173
22,Banda,006,0052 ,0899,350,12,1,15,1,4,46,8,1,183
22,Banda,006,0052 ,0900,350,5,0,9,2,0,41,7,2,199
22,Banda,006,0052 ,0901,353,2,2,18,3,1,42,9,5,168
22,Banda,006,0052 ,0902,348,2,1,12,2,1,52,9,2,180
22,Banda,006,0052 ,0903,350,13,0,22,3,1,42,12,5,156
22,Banda,006,0052 ,0904,351,0,0,19,4,2,36,12,3,151
22,Banda,006,0052 ,0905,351,4,2,13,3,5,48,8,1,169
22,Banda,006,0052 ,0906,350,0,7,29,0,1,37,11,2,157
22,Banda,006,0052 ,0907,353,0,0,19,3,4,48,9,0,15
22,Banda,006,0052 ,0908,346,12,0,18,1,2,56,11,1,168
22,Banda,006,0052 ,0909,351,15,1,16,3,2,45,7,7,153
22,Banda,006,0052 ,0910,351,21,0,19,0,1,35,8,1,163
22,Banda,006,0052 ,0911,349,18,2,0,7,4,51,7,1,156
22,Banda,006,0052 ,0912,348,33,0,14,0,0,44,11,4,149
22,Banda,006,0052 ,0913,350,17,0,19,2,2,54,7,0,170
22,Banda,006,0052 ,0914,348,15,1,6,6,6,41,3,0,179
22,Banda,006,0052 ,0915,177,8,2,7,3,1,27,7,2,87
22,Banda,006,0052 ,0916,176,13,0,3,2,0,29,2,0,84
22,Banda,006,0053 ,0917,349,7,0,5,0,0,33,3,1,193
22,Banda,006,0053 ,0918,177,0,0,5,1,0,27,73,0,0
22,Banda,006,0053 ,0919,179,0,0,0,0,0,0,0,2,154
22,Banda,006,0053A,0920,302,7,0,3,1,0,24,5,0,186
22,Banda,006,0054 ,0921,347,0,0,8,1,1,41,5,3,144
22,Banda,006,0054 ,0922,349,2,0,8,1,1,24,3,3,169
22,Banda,006,0055 ,0923,348,0,0,0,2,1,51,3,0,154
22,Banda,006,0055 ,0924,350,4,0,3,1,1,31,0,1,162
22,Banda,006,0055 ,0925,351,0,0,1,0,1,0,2,0,146
22,Banda,006,0055 ,0926,99,1,0,0,0,0,22,1,1,37
22,Banda,006,0056 ,0927,350,5,2,4,0,0,38,0,1,105
22,Banda,006,0056 ,0928,342,35,0,5,0,0,43,0,0,127
22,Banda,006,0056 ,0929,155,0,0,0,0,0,13,0,0,75
22,Banda,006,0057 ,0930,351,12,0,2,0,1,35,1,0,144
22,Banda,006,0057 ,0931,231,2,0,2,0,0,20,0,0,101
22,Banda,006,0058 ,0932,348,19,2,10,2,0,30,6,4,196
22,Banda,006,0058 ,0933,349,0,0,8,1,4,0,0,1,191
22,Banda,006,0058 ,0934,349,0,0,15,1,1,31,3,2,186
22,Banda,006,0058 ,0935,350,1,2,9,1,5,37,6,0,179
22,Banda,006,0058 ,0936,351,0,0,0,0,0,36,0,0,195
22,Banda,006,0058 ,0937,350,0,0,6,0,1,45,6,1,202
22,Banda,006,0058 ,0938,196,0,2,2,1,0,18,5,6,90
22,Banda,006,0058 ,0939,194,0,0,1,1,0,23,7,1,128
22,Banda,006,0059 ,0940,350,5,0,0,5,1,18,1,0,227
22,Banda,006,0059 ,0941,71,0,0,1,1,1,12,4,1,62
22,Banda,006,0060 ,0942,199,1,0,9,1,0,18,2,1,119
22,Banda,006,0060 ,0943,198,0,0,0,1,0,22,0,0,97
22,Banda,006,0061 ,0944,350,2,1,12,0,1,17,1,0,167
22,Banda,006,0061 ,0945,145,0,0,4,0,3,4,4,0,64
22,Banda,006,0062 ,0946,352,2,1,8,0,1,32,8,2,151
22,Banda,006,0062 ,0947,267,3,0,4,0,0,20,7,0,135
22,Banda,006,0063 ,0948,349,0,0,4,0,0,50,1,0,174
22,Banda,006,0063 ,0949,350,2,0,3,0,0,55,3,1,147
22,Banda,006,0063 ,0950,137,0,0,0,0,0,0,0,0,0
22,Banda,006,0064 ,0951,349,10,0,7,0,0,19,7,0,158
22,Banda,006,0064 ,0952,351,1,1,4,1,0,24,6,0,175
22,Banda,006,0064 ,0953,297,4,1,5,0,2,22,7,1,146
22,Banda,006,0065 ,0954,348,0,0,0,0,0,52,4,0,143
22,Banda,006,0065 ,0955,196,2,0,0,0,0,26,3,0,98
22,Banda,006,0066 ,0956,351,4,1,1,0,0,25,1,0,203
22,Banda,006,0066 ,0957,350,0,0,8,0,0,29,7,1,186
22,Banda,006,0066 ,0958,351,0,0,2,1,0,28,11,2,204
22,Banda,006,0066 ,0959,350,4,1,3,2,0,21,1,1,211
22,Banda,006,0066 ,0960,349,0,0,2,0,1,26,0,0,215
22,Banda,006,0066 ,0961,192,0,0,0,0,0,16,0,0,129
22,Belgrano,007,0067 ,0962,351,0,0,26,0,1,28,55,6,151
22,Belgrano,007,0067 ,0963,351,4,0,50,5,0,13,56,3,143
22,Belgrano,007,0067 ,0964,351,14,0,39,15,1,16,58,3,135
22,Belgrano,007,0067 ,0965,350,8,0,46,16,1,17,37,4,141
22,Belgrano,007,0067 ,0966,353,0,0,0,0,0,15,61,0,132
22,Belgrano,007,0067 ,0967,351,21,0,30,10,0,9,26,5,169
22,Belgrano,007,0067 ,0968,350,17,0,36,8,0,14,32,5,149
22,Belgrano,007,0067 ,0969,350,0,0,30,5,0,11,36,4,174
22,Belgrano,007,0067 ,0970,352,22,0,33,9,1,27,35,2,141
22,Belgrano,007,0067 ,0971,351,4,0,65,14,0,27,47,6,117
22,Belgrano,007,0067 ,0972,350,2,1,32,10,0,12,37,1,178
22,Belgrano,007,0067 ,0973,352,6,3,40,5,0,13,34,1,172
22,Belgrano,007,0067 ,0974,97,0,0,9,4,1,7,14,4,35
22,Belgrano,007,0067A,0975,257,0,4,19,1,0,4,41,8,107
22,Belgrano,007,0068 ,0976,186,0,0,7,4,0,5,7,0,108
22,Belgrano,007,0068 ,0977,186,3,2,7,2,1,5,13,1,103
22,Belgrano,007,0069 ,0978,351,10,2,38,6,0,8,66,4,137
22,Belgrano,007,0069 ,0979,350,8,1,28,5,0,12,41,4,189
22,Belgrano,007,0069 ,0980,275,3,3,42,8,0,9,23,5,121
22,Copo,008,0070 ,0981,352,4,3,8,1,0,11,2,0,159
22,Copo,008,0070 ,0982,349,0,0,9,2,0,26,125,0,0
22,Copo,008,0070 ,0983,350,5,0,8,2,0,0,1,0,141
22,Copo,008,0070 ,0984,141,0,0,4,1,1,8,0,0,64
22,Copo,008,0070A,0985,309,0,0,2,0,1,89,3,0,207
22,Copo,008,0071 ,0986,349,4,0,3,1,1,19,6,0,176
22,Copo,008,0071 ,0987,354,8,0,8,0,1,22,11,0,162
22,Copo,008,0071 ,0988,352,3,1,10,0,1,16,7,3,184
22,Copo,008,0071 ,0989,353,1,0,12,5,0,12,5,0,197
22,Copo,008,0071 ,0990,351,2,0,12,1,0,15,3,2,181
22,Copo,008,0071 ,0991,351,0,0,9,0,2,4,15,1,170
22,Copo,008,0071 ,0992,353,2,0,9,0,0,12,6,0,186
22,Copo,008,0071 ,0993,353,6,1,10,0,2,27,10,2,131
22,Copo,008,0071 ,0994,351,6,0,4,0,0,9,16,2,187
22,Copo,008,0071 ,0995,352,3,0,0,0,0,0,0,0,0
22,Copo,008,0071 ,0996,350,6,1,9,3,1,11,5,3,205
22,Copo,008,0071 ,0997,351,0,0,6,2,3,22,2,0,184
22,Copo,008,0071 ,0998,351,61,1,3,2,0,11,6,0,124
22,Copo,008,0071 ,0999,353,9,0,9,1,0,6,16,4,177
22,Copo,008,0071 ,1000,352,2,1,6,4,3,20,17,1,181
22,Copo,008,0071 ,1001,352,0,0,12,1,0,12,10,0,181
22,Copo,008,0071 ,1002,350,1,2,19,3,1,18,9,2,175
22,Copo,008,0071 ,1003,352,4,0,9,2,1,25,6,0,199
22,Copo,008,0071 ,1004,352,8,3,3,0,0,15,2,1,165
22,Copo,008,0071 ,1005,352,0,0,4,0,0,34,4,1,171
22,Copo,008,0071 ,1006,354,1,0,7,1,2,21,7,4,165
22,Copo,008,0071 ,1007,352,0,0,10,1,0,20,0,1,166
22,Copo,008,0071 ,1008,350,4,0,8,1,0,25,7,1,142
22,Copo,008,0071 ,1009,350,1,0,12,0,0,30,6,2,158
22,Copo,008,0071 ,1010,350,3,1,11,1,1,20,12,2,155
22,Copo,008,0071 ,1011,352,0,0,13,0,3,14,8,4,191
22,Copo,008,0071 ,1012,353,1,0,4,0,1,25,2,0,188
22,Copo,008,0071 ,1013,352,0,0,14,0,0,19,13,0,154
22,Copo,008,0071 ,1014,351,0,0,22,2,1,9,11,3,173
22,Copo,008,0071 ,1015,195,0,2,7,0,0,11,3,0,84
22,Copo,008,0071 ,1016,196,0,2,5,0,0,6,2,1,84
22,Copo,008,0072 ,1017,352,4,4,3,1,0,17,13,2,195
22,Copo,008,0072 ,1018,351,0,0,10,0,0,5,6,2,252
22,Copo,008,0072 ,1019,348,0,2,2,0,0,3,1,1,272
22,Copo,008,0072 ,1020,350,5,0,1,3,0,7,5,1,300
22,Copo,008,0072 ,1021,349,0,0,5,2,0,14,7,5,252
22,Copo,008,0072 ,1022,351,0,0,13,0,0,9,9,2,0
22,Copo,008,0072 ,1023,351,2,0,4,1,0,8,7,0,268
22,Copo,008,0072 ,1024,330,0,0,4,3,6,4,5,2,286
22,Copo,008,0072A,1025,353,3,1,2,0,0,10,4,1,198
22,Copo,008,0072A,1026,351,2,0,5,0,2,4,3,2,228
22,Copo,008,0072A,1027,351,0,0,10,0,0,8,3,1,216
22,Copo,008,0072A,1028,234,0,0,0,0,0,16,0,0,154
22,Copo,008,0072B,1029,349,2,0,15,0,0,17,0,0,142
22,Copo,008,0072B,1030,162,0,0,0,0,0,8,0,0,86
22,Copo,008,0073 ,1031,350,18,0,2,1,1,18,2,0,152
22,Copo,008,0073 ,1032,350,20,2,4,0,1,15,5,0,163
22,Copo,008,0073 ,1033,351,21,0,1,2,0,8,1,0,132
22,Copo,008,0073 ,1034,349,21,0,1,0,2,23,5,0,170
22,Copo,008,0073 ,1035,82,6,0,0,0,0,6,1,0,24
22,Choya,009,0074 ,1036,349,16,0,2,0,0,18,14,2,184
22,Choya,009,0074 ,1037,350,0,0,4,1,0,23,8,0,173
22,Choya,009,0074 ,1038,177,0,0,3,3,0,8,4,1,94
22,Choya,009,0074 ,1039,175,8,0,4,0,0,5,4,1,98
22,Choya,009,0075 ,1040,310,0,0,0,3,0,4,0,0,172
22,Choya,009,0076 ,1041,349,0,0,4,1,0,23,6,0,163
22,Choya,009,0076 ,1042,102,0,0,1,0,0,5,0,0,62
22,Choya,009,0077 ,1043,351,5,0,15,11,1,32,9,6,183
22,Choya,009,0077 ,1044,352,4,1,19,10,3,40,17,4,145
22,Choya,009,0077 ,1045,354,14,0,13,4,3,30,8,5,178
22,Choya,009,0077 ,1046,350,0,0,12,9,3,14,10,1,165
22,Choya,009,0077 ,1047,351,7,1,15,1,2,43,20,6,157
22,Choya,009,0077 ,1048,353,0,0,10,10,0,59,9,7,145
22,Choya,009,0077 ,1049,351,1,0,20,5,5,32,10,3,165
22,Choya,009,0077 ,1050,353,1,5,13,7,2,29,17,1,144
22,Choya,009,0077 ,1051,352,0,0,17,9,3,40,11,8,158
22,Choya,009,0077 ,1052,352,4,4,15,7,3,55,18,4,148
22,Choya,009,0077 ,1053,347,3,5,7,4,3,39,11,4,168
22,Choya,009,0077 ,1054,350,1,3,12,20,3,42,18,3,172
22,Choya,009,0077 ,1055,351,0,0,14,10,2,0,14,9,159
22,Choya,009,0077 ,1056,350,1,0,7,6,1,38,11,4,187
22,Choya,009,0077 ,1057,352,14,5,16,10,1,51,8,4,154
22,Choya,009,0077 ,1058,349,13,1,11,8,3,27,6,4,187
22,Choya,009,0077 ,1059,352,2,3,16,10,0,35,15,3,169
22,Choya,009,0077 ,1060,354,2,0,19,2,1,31,12,9,169
22,Choya,009,0077 ,1061,353,15,5,23,8,3,35,16,9,141
22,Choya,009,0077 ,1062,355,2,2,16,5,0,42,16,4,150
22,Choya,009,0077 ,1063,348,11,5,17,6,1,32,18,6,158
22,Choya,009,0077 ,1064,351,11,4,6,2,3,49,13,5,170
22,Choya,009,0077 ,1065,353,12,1,18,1,3,33,17,4,171
22,Choya,009,0077 ,1066,354,6,1,25,8,2,40,11,6,170
22,Choya,009,0077 ,1067,352,1,0,25,7,2,36,18,3,155
22,Choya,009,0077 ,1068,352,0,0,15,2,5,34,17,4,178
22,Choya,009,0077 ,1069,351,3,4,6,6,1,32,8,3,195
22,Choya,009,0077 ,1070,352,11,1,25,6,3,36,5,3,161
22,Choya,009,0077 ,1071,350,3,7,13,9,4,22,8,3,168
22,Choya,009,0077 ,1072,352,0,2,17,1,4,24,8,4,187
22,Choya,009,0077 ,1073,352,5,0,19,5,0,24,16,3,176
22,Choya,009,0077 ,1074,353,10,1,8,5,0,40,12,4,191
22,Choya,009,0077 ,1075,354,4,1,21,5,6,42,21,3,148
22,Choya,009,0077 ,1076,352,8,7,14,10,4,32,19,5,148
22,Choya,009,0077 ,1077,355,3,3,13,3,1,39,15,5,163
22,Choya,009,0077 ,1078,353,0,0,9,5,0,43,14,5,168
22,Choya,009,0077 ,1079,352,0,0,13,6,0,38,8,5,166
22,Choya,009,0077 ,1080,350,15,1,15,1,1,26,7,6,178
22,Choya,009,0077 ,1081,351,2,3,9,10,2,45,17,4,159
22,Choya,009,0077 ,1082,350,0,0,22,6,3,38,7,5,165
22,Choya,009,0077 ,1083,351,6,1,10,4,3,42,12,6,172
22,Choya,009,0077 ,1084,353,2,0,19,6,1,35,12,9,172
22,Choya,009,0077 ,1085,351,8,4,9,10,3,36,7,7,158
22,Choya,009,0077 ,1086,353,7,1,7,2,4,36,5,4,195
22,Choya,009,0077 ,1087,352,27,0,0,3,12,32,17,0,168
22,Choya,009,0077 ,1088,352,21,0,20,7,4,47,10,2,167
22,Choya,009,0077 ,1089,351,0,0,17,0,0,44,7,0,157
22,Choya,009,0077 ,1090,351,7,0,18,0,0,30,10,0,183
22,Choya,009,0077 ,1091,353,11,2,19,8,1,39,9,7,166
22,Choya,009,0077 ,1092,350,4,4,27,7,2,27,9,3,175
22,Choya,009,0077 ,1093,353,11,0,22,0,0,45,11,3,168
22,Choya,009,0077 ,1094,352,1,1,13,6,0,39,7,0,173
22,Choya,009,0077 ,1095,354,3,1,16,0,3,41,11,8,176
22,Choya,009,0077 ,1096,351,5,1,14,5,0,41,10,1,187
22,Choya,009,0077 ,1097,347,2,2,18,0,3,32,16,2,186
22,Choya,009,0077 ,1098,342,1,2,26,7,1,36,17,6,154
22,Choya,009,0078 ,1099,350,0,0,3,0,3,21,0,4,181
22,Choya,009,0078 ,1100,350,15,2,14,1,1,20,3,0,173
22,Choya,009,0078 ,1101,350,0,0,0,0,0,34,169,0,0
22,Choya,009,0078 ,1102,298,3,0,7,1,0,21,14,0,148
22,Choya,009,0079 ,1103,322,0,0,0,0,0,13,5,0,136
22,Choya,009,0080 ,1104,37,0,1,0,0,0,2,3,0,9
22,Choya,009,0081 ,1105,351,6,1,1,1,0,6,20,1,181
22,Choya,009,0081 ,1106,350,8,2,9,1,0,9,12,2,206
22,Choya,009,0081 ,1107,351,2,0,10,2,2,4,19,2,211
22,Choya,009,0081 ,1108,88,0,0,0,1,0,3,2,0,50
22,Choya,009,0082 ,1109,143,0,0,0,0,0,2,2,0,65
22,Choya,009,0083 ,1110,169,0,0,0,0,0,9,0,0,123
22,Choya,009,0084 ,1111,146,2,0,3,0,2,6,2,0,50
22,Choya,009,0085 ,1112,185,2,0,3,1,1,16,4,1,99
22,Choya,009,0086 ,1113,192,0,0,0,0,0,0,0,0,0
22,Choya,009,0086 ,1114,196,7,0,2,0,0,15,3,0,121
22,Figueroa,010,0087 ,1115,348,0,0,13,0,0,30,21,0,176
22,Figueroa,010,0087 ,1116,348,0,0,11,2,1,21,14,1,167
22,Figueroa,010,0087 ,1117,350,0,0,18,0,1,26,14,1,189
22,Figueroa,010,0087 ,1118,203,0,0,5,1,1,9,3,1,115
22,Figueroa,010,0087 ,1119,202,0,0,0,0,0,0,0,0,0
22,Figueroa,010,0088 ,1120,349,1,0,3,0,0,2,2,0,171
22,Figueroa,010,0088 ,1121,352,0,0,0,0,0,0,0,0,172
22,Figueroa,010,0088 ,1122,150,0,0,0,0,0,7,0,0,89
22,Figueroa,010,0089 ,1123,349,0,0,0,0,0,43,3,0,128
22,Figueroa,010,0089 ,1124,310,0,0,1,2,0,47,3,1,115
22,Figueroa,010,0089A,1125,348,4,0,0,2,2,31,0,2,120
22,Figueroa,010,0089A,1126,348,4,0,2,1,0,25,2,0,143
22,Figueroa,010,0089A,1127,249,0,0,1,0,0,20,2,0,110
22,Figueroa,010,0090 ,1128,350,0,0,0,0,0,0,0,0,0
22,Figueroa,010,0090 ,1129,350,3,4,1,0,0,34,0,0,108
22,Figueroa,010,0090 ,1130,99,0,0,0,0,0,2,0,0,59
22,Figueroa,010,0091 ,1131,350,2,0,3,2,0,14,4,1,163
22,Figueroa,010,0091 ,1132,351,0,0,0,0,1,24,3,1,153
22,Figueroa,010,0091 ,1133,132,1,0,2,0,0,13,0,0,52
22,Figueroa,010,0092 ,1134,349,0,0,0,0,0,12,28,0,174
22,Figueroa,010,0092 ,1135,351,3,0,1,0,1,0,11,0,185
22,Figueroa,010,0092 ,1136,352,2,1,4,0,0,9,13,0,191
22,Figueroa,010,0092 ,1137,349,6,0,11,0,1,25,17,3,133
22,Figueroa,010,0092 ,1138,352,2,0,3,0,0,10,29,1,162
22,Figueroa,010,0092 ,1139,352,5,2,3,2,0,13,17,1,180
22,Figueroa,010,0092 ,1140,338,2,0,2,1,2,14,25,1,159
22,Figueroa,010,0093 ,1141,350,1,0,0,0,1,12,5,0,183
22,Figueroa,010,0093 ,1142,350,3,1,3,1,1,8,2,2,183
22,Figueroa,010,0093 ,1143,350,1,2,4,1,0,11,3,1,172
22,Figueroa,010,0093 ,1144,310,0,0,4,0,0,13,3,0,144
22,Figueroa,010,0094 ,1145,349,1,1,0,0,0,7,8,0,181
22,Figueroa,010,0094 ,1146,349,0,0,1,0,1,11,5,0,172
22,Figueroa,010,0094 ,1147,348,3,1,0,0,0,9,1,0,162
22,Figueroa,010,0094 ,1148,349,0,0,7,0,0,11,4,0,173
22,Figueroa,010,0094 ,1149,309,1,0,0,0,0,6,0,1,184
22,Figueroa,010,0095 ,1150,348,0,0,1,1,2,23,0,1,161
22,Figueroa,010,0095 ,1151,351,4,0,4,0,2,24,4,0,151
22,Figueroa,010,0095 ,1152,350,0,0,1,0,0,11,2,1,192
22,Figueroa,010,0095 ,1153,97,0,0,0,0,0,2,0,0,45
22,Guasayn,011,0096 ,1154,351,2,0,12,0,1,12,8,0,178
22,Guasayn,011,0096 ,1155,348,2,0,12,0,1,11,11,1,187
22,Guasayn,011,0097 ,1156,350,3,3,2,1,0,19,1,2,189
22,Guasayn,011,0097 ,1157,78,0,0,0,0,0,3,1,0,51
22,Guasayn,011,0098 ,1158,353,1,4,7,1,3,56,5,1,150
22,Guasayn,011,0098 ,1159,351,2,0,7,1,0,60,5,0,156
22,Guasayn,011,0098 ,1160,181,1,1,7,1,0,27,4,0,95
22,Guasayn,011,0098 ,1161,179,1,0,4,1,2,27,3,4,81
22,Guasayn,011,0099 ,1162,349,9,0,1,0,1,14,7,1,182
22,Guasayn,011,0099 ,1163,232,13,0,2,1,0,8,3,2,117
22,Guasayn,011,0100 ,1164,350,0,0,12,3,1,0,11,57,169
22,Guasayn,011,0100 ,1165,351,0,0,18,0,0,46,12,3,192
22,Guasayn,011,0100 ,1166,350,2,0,6,1,1,47,8,6,209
22,Guasayn,011,0100 ,1167,351,0,1,10,1,1,47,9,2,178
22,Guasayn,011,0100 ,1168,168,0,0,3,0,0,27,8,5,88
22,Guasayn,011,0101 ,1169,348,0,0,0,0,0,28,0,0,195
22,Guasayn,011,0101 ,1170,296,0,0,0,0,0,18,0,0,156
22,Guasayn,011,0102 ,1171,348,0,0,3,4,1,22,3,3,178
22,Guasayn,011,0102 ,1172,117,0,0,0,0,0,7,3,0,90
22,Jimnez,012,0103 ,1173,416,0,0,1,3,2,26,6,0,250
22,Jimnez,012,0103 ,1174,413,0,0,0,0,3,19,8,1,250
22,Jimnez,012,0103 ,1175,202,10,0,1,1,0,7,2,0,132
22,Jimnez,012,0103 ,1176,199,0,0,1,0,0,6,1,0,133
22,Jimnez,012,0104 ,1177,339,9,0,2,2,1,13,3,3,209
22,Jimnez,012,0104 ,1178,344,14,0,4,2,2,11,6,2,210
22,Jimnez,012,0104 ,1179,178,0,0,3,0,0,14,4,0,113
22,Jimnez,012,0104 ,1180,173,7,0,2,1,1,10,2,0,100
22,Jimnez,012,0105 ,1181,345,19,0,3,4,0,30,20,2,166
22,Jimnez,012,0105 ,1182,331,7,0,3,4,3,28,6,3,180
22,Jimnez,012,0105 ,1183,274,0,0,1,1,1,26,9,0,134
22,Jimnez,012,0105A,1184,285,0,1,4,1,0,17,7,4,147
22,Jimnez,012,0106 ,1185,349,2,2,10,0,2,28,9,3,174
22,Jimnez,012,0106 ,1186,350,2,0,1,0,0,40,0,0,171
22,Jimnez,012,0106 ,1187,349,5,0,2,1,1,37,8,2,179
22,Jimnez,012,0106 ,1188,350,0,0,4,0,0,30,8,2,191
22,Jimnez,012,0106 ,1189,351,1,0,4,1,2,39,5,2,170
22,Jimnez,012,0106 ,1190,350,18,0,6,2,2,26,13,0,176
22,Jimnez,012,0106 ,1191,350,16,0,4,5,2,26,5,4,196
22,Jimnez,012,0106 ,1192,186,10,0,2,1,0,29,6,1,75
22,Jimnez,012,0106 ,1193,187,5,0,2,0,0,25,3,1,98
22,Jimnez,012,0107 ,1194,349,0,0,1,0,1,9,15,1,210
22,Jimnez,012,0107 ,1195,351,8,2,0,1,0,14,13,1,213
22,Jimnez,012,0107 ,1196,349,0,0,2,2,1,9,9,0,210
22,Jimnez,012,0107 ,1197,350,4,0,2,0,0,14,10,1,199
22,Jimnez,012,0107 ,1198,182,1,0,2,0,0,9,10,0,109
22,Jimnez,012,0107A,1199,264,0,0,3,4,0,22,3,0,112
22,Jimnez,012,0107B,1200,301,0,0,0,0,0,0,0,0,0
22,Jimnez,012,0108 ,1201,353,11,3,6,0,3,22,2,5,220
22,Jimnez,012,0108 ,1202,350,14,1,4,1,1,28,5,1,198
22,Jimnez,012,0108 ,1203,165,0,0,4,2,1,18,1,0,89
22,Jimnez,012,0109 ,1204,227,0,0,2,2,1,33,0,1,88
22,Loreto,013,0110 ,1205,348,13,0,20,5,1,13,8,1,267
22,Loreto,013,0110 ,1206,352,2,0,18,3,2,7,10,3,208
22,Loreto,013,0110 ,1207,353,6,1,24,1,2,22,12,1,188
22,Loreto,013,0110 ,1208,351,1,0,16,0,0,5,11,0,224
22,Loreto,013,0110 ,1209,350,10,1,16,3,3,10,14,1,189
22,Loreto,013,0110 ,1210,352,3,0,5,1,1,3,7,1,230
22,Loreto,013,0110 ,1211,351,12,0,21,2,1,22,11,3,182
22,Loreto,013,0110 ,1212,349,14,0,30,10,1,11,15,5,166
22,Loreto,013,0110 ,1213,352,8,2,19,3,2,16,10,3,189
22,Loreto,013,0110 ,1214,350,0,0,14,3,1,4,9,2,222
22,Loreto,013,0110 ,1215,348,0,0,10,0,0,14,0,0,192
22,Loreto,013,0110 ,1216,351,6,2,17,2,1,23,5,1,201
22,Loreto,013,0110 ,1217,350,4,0,18,3,0,9,11,3,210
22,Loreto,013,0110 ,1218,351,0,1,13,2,0,17,13,3,207
22,Loreto,013,0110 ,1219,350,1,0,22,3,1,7,7,4,202
22,Loreto,013,0110 ,1220,350,3,0,28,7,3,20,19,3,162
22,Loreto,013,0110 ,1221,350,7,2,10,4,1,10,7,3,201
22,Loreto,013,0110 ,1222,352,9,1,19,1,4,12,10,5,179
22,Loreto,013,0110 ,1223,350,7,0,24,5,2,21,11,3,182
22,Loreto,013,0110 ,1224,350,4,0,12,3,2,7,17,9,175
22,Loreto,013,0110 ,1225,349,2,1,14,3,3,16,21,3,198
22,Loreto,013,0110 ,1226,353,2,1,20,6,2,18,7,4,198
22,Loreto,013,0110 ,1227,351,2,0,18,2,2,10,9,2,191
22,Loreto,013,0110 ,1228,352,0,0,20,5,0,6,11,5,196
22,Loreto,013,0110 ,1229,349,0,2,18,4,3,12,14,4,185
22,Loreto,013,0110 ,1230,195,1,0,3,0,1,6,11,4,107
22,Loreto,013,0110 ,1231,193,3,2,9,4,0,7,8,2,92
22,Loreto,013,0110A,1232,272,3,0,5,2,2,12,10,0,138
22,Loreto,013,0111 ,1233,349,7,0,2,0,1,4,2,1,190
22,Loreto,013,0111 ,1234,89,0,0,0,0,0,7,3,0,44
22,Loreto,013,0112 ,1235,278,0,0,0,1,0,10,57,0,164
22,Loreto,013,0113 ,1236,352,1,1,10,1,0,7,0,2,191
22,Loreto,013,0113 ,1237,303,0,0,5,1,0,17,7,1,155
22,Loreto,013,0114 ,1238,275,3,2,4,0,0,4,8,3,173
22,Loreto,013,0115 ,1239,177,4,0,0,0,0,6,4,0,90
22,Loreto,013,0115 ,1240,177,0,0,2,0,1,1,0,1,85
22,Loreto,013,0116 ,1241,350,0,0,0,0,0,1,0,1,231
22,Loreto,013,0116 ,1242,321,0,0,0,0,0,9,2,0,196
22,Loreto,013,0117 ,1243,203,3,1,0,1,0,1,0,1,89
22,Loreto,013,0117 ,1244,204,2,0,0,0,0,2,2,0,103
22,Loreto,013,0117A,1245,350,3,0,0,2,1,0,83,0,214
22,Loreto,013,0117A,1246,118,0,0,1,1,0,3,4,0,58
22,Loreto,013,0118 ,1247,199,0,0,0,1,0,7,0,1,82
22,Loreto,013,0118 ,1248,200,0,0,0,0,0,10,3,0,77
22,Loreto,013,0119 ,1249,295,2,0,1,0,1,9,1,1,165
22,Loreto,013,0120 ,1250,179,9,0,2,0,0,2,1,1,79
22,Loreto,013,0120 ,1251,181,1,0,1,2,0,6,3,1,87
22,Matara,014,0121 ,1252,350,10,1,16,1,0,78,3,0,123
22,Matara,014,0121 ,1253,351,3,2,9,0,1,73,5,3,132
22,Matara,014,0121 ,1254,349,1,0,2,3,1,92,8,0,141
22,Matara,014,0121 ,1255,352,2,0,4,1,0,107,7,3,116
22,Matara,014,0121 ,1256,347,12,0,5,0,0,63,7,0,157
22,Matara,014,0121 ,1257,351,3,1,12,0,2,75,2,1,139
22,Matara,014,0121 ,1258,350,0,0,3,1,0,61,7,1,133
22,Matara,014,0121 ,1259,350,0,0,14,0,0,55,12,0,133
22,Matara,014,0121 ,1260,350,4,0,2,1,0,79,22,1,122
22,Matara,014,0121 ,1261,353,2,0,8,2,0,93,4,1,114
22,Matara,014,0121 ,1262,350,9,0,7,0,0,73,4,0,153
22,Matara,014,0121 ,1263,349,0,0,0,0,0,73,18,1,142
22,Matara,014,0121 ,1264,349,3,0,5,1,1,64,7,5,145
22,Matara,014,0121 ,1265,350,0,0,4,0,0,86,5,1,124
22,Matara,014,0121 ,1266,316,1,1,6,1,0,61,7,0,136
22,Matara,014,0122 ,1267,350,10,0,2,2,0,21,1,0,133
22,Matara,014,0122 ,1268,136,0,0,0,0,0,0,4,0,53
22,Matara,014,0123 ,1269,350,9,1,9,1,0,8,1,1,240
22,Matara,014,0123 ,1270,351,8,1,7,0,0,5,5,1,226
22,Matara,014,0123 ,1271,198,3,0,7,1,0,10,1,0,127
22,Matara,014,0123 ,1272,197,3,0,7,1,1,9,3,0,134
22,Matara,014,0124 ,1273,350,0,0,0,0,0,10,26,0,190
22,Matara,014,0124 ,1274,349,0,0,0,0,1,11,23,0,184
22,Matara,014,0124 ,1275,350,0,0,1,1,1,21,27,0,180
22,Matara,014,0124 ,1276,224,2,2,3,0,0,9,26,1,0
22,Matara,014,0125 ,1277,347,23,0,0,0,0,49,0,0,160
22,Matara,014,0125A,1278,111,0,0,0,1,0,9,2,1,62
22,Matara,014,0126 ,1279,350,0,0,10,1,1,17,11,0,156
22,Matara,014,0126 ,1280,204,1,0,4,2,1,12,9,0,98
22,Matara,014,0126A,1281,351,0,0,5,2,0,0,11,0,165
22,Matara,014,0126A,1282,350,4,0,10,1,0,17,12,1,180
22,Matara,014,0126A,1283,224,0,0,5,4,0,8,8,2,95
22,Matara,014,0126B,1284,217,10,0,3,1,0,7,13,1,125
22,Mitre,015,0127 ,1285,351,17,2,43,2,0,5,11,1,155
22,Mitre,015,0127 ,1286,348,9,2,51,4,0,5,8,3,139
22,Mitre,015,0127 ,1287,204,1,0,16,0,1,3,5,0,107
22,Mitre,015,0128 ,1288,105,0,0,13,0,0,1,1,0,30
22,Mitre,015,0129 ,1289,99,0,0,1,0,0,3,0,0,49
22,Mitre,015,0130 ,1290,144,1,0,7,0,1,7,1,2,75
22,Moreno,016,0131 ,1291,237,16,0,7,1,0,16,6,0,79
22,Moreno,016,0132 ,1292,117,2,0,5,1,0,6,5,1,38
22,Moreno,016,0133 ,1293,137,1,0,2,1,0,20,3,0,47
22,Moreno,016,0134 ,1294,182,4,0,2,0,0,14,0,0,37
22,Moreno,016,0134 ,1295,183,0,0,3,0,0,8,0,1,55
22,Moreno,016,0135 ,1296,349,0,0,1,0,0,77,2,2,121
22,Moreno,016,0135 ,1297,113,0,0,2,0,0,18,0,0,43
22,Moreno,016,0136 ,1298,351,4,0,6,2,3,0,13,20,183
22,Moreno,016,0136 ,1299,350,0,0,14,3,0,16,15,0,176
22,Moreno,016,0136 ,1300,350,4,0,7,0,0,19,12,0,210
22,Moreno,016,0136 ,1301,172,0,0,0,0,1,9,9,0,93
22,Moreno,016,0137 ,1302,233,0,0,0,0,0,0,0,0,0
22,Moreno,016,0138 ,1303,299,0,0,5,0,0,48,2,0,119
22,Moreno,016,0139 ,1304,353,3,1,6,3,1,13,6,0,223
22,Moreno,016,0139 ,1305,351,7,0,18,4,3,14,8,1,209
22,Moreno,016,0139 ,1306,350,8,0,6,0,3,19,13,0,207
22,Moreno,016,0139 ,1307,352,2,0,16,0,2,36,13,0,166
22,Moreno,016,0139 ,1308,351,2,0,17,0,1,17,20,2,183
22,Moreno,016,0139 ,1309,349,3,0,8,1,2,20,14,0,88
22,Moreno,016,0139 ,1310,350,3,0,7,1,2,17,9,1,203
22,Moreno,016,0139 ,1311,350,1,0,9,0,1,19,12,4,188
22,Moreno,016,0139 ,1312,355,10,0,9,1,2,20,22,1,187
22,Moreno,016,0139 ,1313,351,0,0,13,1,0,30,9,0,185
22,Moreno,016,0139 ,1314,350,3,0,13,2,0,14,11,2,209
22,Moreno,016,0139 ,1315,152,1,2,9,1,1,7,0,1,92
22,Moreno,016,0139A,1316,350,0,0,2,0,0,15,5,0,182
22,Moreno,016,0139A,1317,194,2,0,0,0,0,10,2,0,98
22,Moreno,016,0139A,1318,195,1,0,0,0,1,8,0,0,91
22,Moreno,016,0140 ,1319,349,3,8,18,3,1,55,9,2,161
22,Moreno,016,0140 ,1320,351,0,1,9,2,1,64,17,0,129
22,Moreno,016,0140 ,1321,354,2,0,20,5,2,35,19,2,165
22,Moreno,016,0140 ,1322,350,10,2,19,4,2,57,14,3,151
22,Moreno,016,0140 ,1323,350,1,0,15,0,0,54,13,0,152
22,Moreno,016,0140 ,1324,354,2,0,14,0,0,54,14,0,153
22,Moreno,016,0140 ,1325,352,2,3,5,2,2,79,13,0,149
22,Moreno,016,0140 ,1326,353,4,0,25,4,1,35,17,1,140
22,Moreno,016,0140 ,1327,350,7,0,17,11,1,51,18,3,146
22,Moreno,016,0140 ,1328,350,2,1,13,4,2,81,20,5,124
22,Moreno,016,0140 ,1329,352,5,0,15,3,3,83,21,1,126
22,Moreno,016,0140 ,1330,350,22,2,10,2,0,63,15,1,133
22,Moreno,016,0140 ,1331,356,8,0,11,4,0,80,14,4,141
22,Moreno,016,0140 ,1332,351,2,2,13,3,0,60,19,1,142
22,Moreno,016,0140 ,1333,352,0,0,15,5,0,56,23,0,138
22,Moreno,016,0140 ,1334,350,2,0,13,5,3,53,14,6,149
22,Moreno,016,0140 ,1335,350,8,4,12,1,1,55,14,6,145
22,Moreno,016,0140 ,1336,354,9,0,24,2,0,62,12,3,134
22,Moreno,016,0140 ,1337,353,11,2,21,3,3,71,21,1,134
22,Moreno,016,0140 ,1338,351,6,0,12,2,2,49,10,0,164
22,Moreno,016,0140 ,1339,352,8,2,10,3,1,50,20,1,151
22,Moreno,016,0140 ,1340,355,14,0,13,2,2,62,25,2,142
22,Moreno,016,0140 ,1341,355,2,0,8,4,0,70,13,5,144
22,Moreno,016,0140 ,1342,350,2,1,10,2,0,54,18,6,145
22,Moreno,016,0140 ,1343,350,17,1,13,0,0,50,14,4,143
22,Moreno,016,0140 ,1344,351,10,1,12,1,1,66,23,1,132
22,Moreno,016,0140 ,1345,352,3,0,12,2,0,67,12,0,158
22,Moreno,016,0140 ,1346,353,5,3,28,2,0,61,18,2,136
22,Moreno,016,0140 ,1347,194,4,0,8,0,1,54,5,1,68
22,Moreno,016,0140 ,1348,193,5,1,4,2,1,30,5,1,77
22,Moreno,016,0141 ,1349,351,8,1,3,1,1,15,6,0,133
22,Moreno,016,0141 ,1350,269,5,0,5,1,0,12,4,0,106
22,Moreno,016,0142 ,1351,349,0,0,3,0,0,33,5,0,132
22,Moreno,016,0142 ,1352,350,0,0,4,0,4,23,0,0,135
22,Moreno,016,0142 ,1353,100,1,0,1,0,0,13,1,1,32
22,Moreno,016,0143 ,1354,351,3,0,3,0,1,4,5,0,233
22,Moreno,016,0143 ,1355,88,0,0,0,0,0,0,1,0,0
22,Moreno,016,0144 ,1356,352,2,1,3,2,0,23,0,1,127
22,Moreno,016,0144 ,1357,348,2,0,0,1,0,15,5,0,150
22,Moreno,016,0144 ,1358,350,3,0,1,2,0,24,1,1,125
22,Moreno,016,0144 ,1359,210,0,0,2,0,0,11,1,1,84
22,Ojo de Agua,017,0145 ,1360,353,3,5,22,5,2,21,12,11,183
22,Ojo de Agua,017,0145 ,1361,349,0,0,20,5,0,7,8,4,190
22,Ojo de Agua,017,0145 ,1362,352,0,1,22,3,2,6,8,5,203
22,Ojo de Agua,017,0145 ,1363,351,8,1,31,10,1,3,5,4,182
22,Ojo de Agua,017,0145 ,1364,354,0,1,20,6,2,28,10,0,200
22,Ojo de Agua,017,0145 ,1365,350,1,0,19,1,1,12,17,1,206
22,Ojo de Agua,017,0145 ,1366,351,3,4,18,5,3,9,18,7,186
22,Ojo de Agua,017,0145 ,1367,349,10,0,24,6,0,80,17,8,198
22,Ojo de Agua,017,0145 ,1368,349,7,0,11,2,0,6,16,9,192
22,Ojo de Agua,017,0145 ,1369,350,0,0,26,5,1,11,8,1,208
22,Ojo de Agua,017,0145 ,1370,349,2,2,14,0,0,9,19,12,189
22,Ojo de Agua,017,0145 ,1371,350,12,0,26,2,0,2,7,7,201
22,Ojo de Agua,017,0145 ,1372,349,4,0,23,3,3,9,7,3,198
22,Ojo de Agua,017,0145 ,1373,348,3,0,19,9,0,9,22,8,188
22,Ojo de Agua,017,0145 ,1374,353,13,4,26,5,0,4,11,4,188
22,Ojo de Agua,017,0145 ,1375,351,3,0,23,12,1,6,9,6,181
22,Ojo de Agua,017,0145 ,1376,359,3,1,15,8,2,5,14,2,222
22,Ojo de Agua,017,0145 ,1377,351,9,1,19,2,2,9,19,5,209
22,Ojo de Agua,017,0145 ,1378,349,4,0,24,4,0,3,9,8,215
22,Ojo de Agua,017,0145 ,1379,350,4,1,18,5,0,3,19,8,188
22,Ojo de Agua,017,0145 ,1380,350,0,0,33,0,1,11,12,5,180
22,Ojo de Agua,017,0145 ,1381,207,0,0,10,5,0,3,5,0,132
22,Ojo de Agua,017,0145A,1382,92,2,0,2,1,0,0,0,1,60
22,Ojo de Agua,017,0146 ,1383,178,0,0,5,3,0,1,0,1,88
22,Ojo de Agua,017,0146 ,1384,178,0,0,4,1,0,3,0,1,83
22,Ojo de Agua,017,0147 ,1385,236,1,0,1,1,1,0,3,0,106
22,Ojo de Agua,017,0147A,1386,299,4,0,5,4,0,172,7,0,0
22,Ojo de Agua,017,0148 ,1387,231,2,0,22,0,0,5,3,0,88
22,Ojo de Agua,017,0148A,1388,75,2,0,3,1,0,4,5,0,44
22,Ojo de Agua,017,0149 ,1389,252,3,1,6,0,0,8,3,0,112
22,Ojo de Agua,017,0150 ,1390,351,6,0,6,2,0,3,8,2,161
22,Ojo de Agua,017,0150 ,1391,351,15,1,9,2,0,8,0,1,157
22,Ojo de Agua,017,0150 ,1392,351,5,0,5,3,0,5,14,3,174
22,Ojo de Agua,017,0150 ,1393,348,18,3,10,5,1,6,13,3,168
22,Ojo de Agua,017,0150 ,1394,350,5,1,21,3,1,3,6,4,153
22,Ojo de Agua,017,0150 ,1395,89,2,0,6,0,0,4,1,1,44
22,Pellegrini,018,0151 ,1396,203,0,0,0,2,0,10,0,0,69
22,Pellegrini,018,0151 ,1397,204,0,0,0,0,0,3,2,0,69
22,Pellegrini,018,0152 ,1398,349,4,0,7,1,0,6,6,0,143
22,Pellegrini,018,0152 ,1399,112,2,0,1,0,0,5,3,0,37
22,Pellegrini,018,0153 ,1400,349,0,0,2,0,0,1,0,0,262
22,Pellegrini,018,0153 ,1401,350,0,0,9,0,1,31,5,0,190
22,Pellegrini,018,0153 ,1402,127,0,0,7,0,0,10,0,0,58
22,Pellegrini,018,0154 ,1403,351,2,0,4,0,0,188,20,2,14
22,Pellegrini,018,0154 ,1404,351,6,0,3,6,1,12,20,2,194
22,Pellegrini,018,0154 ,1405,347,2,0,9,4,0,4,9,1,190
22,Pellegrini,018,0154 ,1406,349,2,3,12,3,1,20,10,4,186
22,Pellegrini,018,0154 ,1407,350,2,5,16,0,0,12,0,0,185
22,Pellegrini,018,0154 ,1408,352,12,1,7,0,0,4,19,1,161
22,Pellegrini,018,0154 ,1409,351,0,0,7,0,0,12,0,0,238
22,Pellegrini,018,0154 ,1410,351,0,0,13,1,0,8,9,1,199
22,Pellegrini,018,0154 ,1411,349,4,0,9,1,0,12,15,1,200
22,Pellegrini,018,0154 ,1412,351,9,0,21,0,0,19,14,1,177
22,Pellegrini,018,0154 ,1413,351,0,0,4,2,1,10,23,2,177
22,Pellegrini,018,0154 ,1414,350,9,1,4,1,2,14,12,1,181
22,Pellegrini,018,0154 ,1415,350,2,0,12,2,1,15,16,1,176
22,Pellegrini,018,0154 ,1416,351,8,3,9,1,0,20,11,2,183
22,Pellegrini,018,0154 ,1417,351,13,0,15,0,0,12,13,0,203
22,Pellegrini,018,0154 ,1418,352,6,0,9,3,1,13,8,1,197
22,Pellegrini,018,0154 ,1419,200,12,1,11,0,0,7,5,0,104
22,Pellegrini,018,0154 ,1420,199,14,0,5,2,2,3,7,0,102
22,Pellegrini,018,0154A,1421,180,4,0,0,0,0,6,0,0,122
22,Pellegrini,018,0154A,1422,180,0,0,1,1,0,9,1,0,77
22,Pellegrini,018,0155 ,1423,349,0,0,0,0,0,23,0,0,170
22,Pellegrini,018,0155 ,1424,139,0,0,1,0,0,0,0,0,0
22,Pellegrini,018,0156 ,1425,350,0,7,5,0,0,5,19,1,176
22,Pellegrini,018,0156 ,1426,135,0,0,1,2,1,3,12,2,64
22,Pellegrini,018,0157 ,1427,351,3,1,6,0,0,25,9,0,165
22,Pellegrini,018,0157 ,1428,350,4,2,7,0,3,27,12,0,144
22,Pellegrini,018,0157 ,1429,350,11,1,8,2,1,25,17,4,159
22,Pellegrini,018,0157 ,1430,350,0,0,4,1,0,21,15,0,160
22,Pellegrini,018,0157 ,1431,349,1,0,22,3,0,21,7,0,140
22,Pellegrini,018,0157 ,1432,350,19,0,7,1,0,33,15,1,129
22,Pellegrini,018,0157 ,1433,349,14,0,4,2,0,18,18,0,167
22,Pellegrini,018,0157 ,1434,95,0,0,2,0,0,10,3,3,39
22,Pellegrini,018,0158 ,1435,351,0,0,16,0,0,23,17,0,191
22,Pellegrini,018,0158 ,1436,268,23,0,11,3,0,13,13,6,123
22,Pellegrini,018,0158A,1437,350,3,0,9,2,0,27,5,1,173
22,Pellegrini,018,0158A,1438,241,0,0,5,0,0,4,7,1,143
22,Pellegrini,018,0159 ,1439,350,4,0,1,0,2,18,0,2,111
22,Pellegrini,018,0159 ,1440,205,0,0,0,1,0,5,5,0,107
22,Pellegrini,018,0160 ,1441,349,2,0,0,0,0,38,1,0,87
22,Pellegrini,018,0160 ,1442,350,0,0,0,1,1,58,5,0,87
22,Pellegrini,018,0160 ,1443,177,0,0,8,0,0,18,5,0,48
22,Quebrachos,019,0161 ,1444,179,0,1,3,3,0,6,7,3,64
22,Quebrachos,019,0161 ,1445,178,0,0,2,0,0,2,2,1,72
22,Quebrachos,019,0162 ,1446,112,2,0,4,0,0,0,0,0,60
22,Quebrachos,019,0163 ,1447,134,2,0,4,2,1,8,17,0,40
22,Quebrachos,019,0164 ,1448,186,0,0,1,0,0,3,0,0,41
22,Quebrachos,019,0164 ,1449,188,0,0,1,0,1,5,3,0,61
22,Quebrachos,019,0165 ,1450,348,0,0,3,2,0,3,6,0,129
22,Quebrachos,019,0165 ,1451,204,1,0,2,0,1,4,2,0,84
22,Quebrachos,019,0166 ,1452,352,6,0,9,2,3,17,10,0,132
22,Quebrachos,019,0166 ,1453,180,1,0,6,0,0,7,0,0,83
22,Quebrachos,019,0167 ,1454,351,2,0,11,3,1,5,26,2,181
22,Quebrachos,019,0167 ,1455,352,0,0,16,0,0,9,37,6,156
22,Quebrachos,019,0167 ,1456,351,3,2,17,8,1,12,32,1,173
22,Quebrachos,019,0167 ,1457,350,0,0,14,8,0,8,28,2,190
22,Quebrachos,019,0167 ,1458,350,1,0,13,3,0,5,28,5,190
22,Quebrachos,019,0167 ,1459,350,14,2,24,5,2,10,17,5,166
22,Quebrachos,019,0167 ,1460,349,1,3,17,2,1,5,29,3,183
22,Quebrachos,019,0167 ,1461,351,3,0,21,6,1,19,44,3,158
22,Quebrachos,019,0167 ,1462,355,3,2,11,4,3,13,31,2,170
22,Quebrachos,019,0167 ,1463,353,0,0,20,1,0,13,29,2,189
22,Quebrachos,019,0167 ,1464,352,13,0,14,2,1,26,28,7,158
22,Quebrachos,019,0167 ,1465,350,1,1,25,2,0,7,25,0,175
22,Quebrachos,019,0167 ,1466,352,1,0,12,3,1,15,30,6,185
22,Quebrachos,019,0167 ,1467,354,1,2,11,2,1,13,32,2,172
22,Quebrachos,019,0167 ,1468,136,0,0,7,1,2,4,11,2,77
22,Quebrachos,019,0168 ,1469,238,0,2,1,0,0,12,3,0,86
22,Quebrachos,019,0168A,1470,114,0,0,1,0,0,5,2,0,48
22,Quebrachos,019,0169 ,1471,315,0,0,10,1,1,14,10,1,138
22,Rivadavia,020,0170 ,1472,350,7,2,34,16,4,17,48,4,138
22,Rivadavia,020,0170 ,1473,350,0,0,43,11,1,18,41,2,146
22,Rivadavia,020,0170 ,1474,350,9,0,38,15,0,11,45,8,147
22,Rivadavia,020,0170 ,1475,352,8,0,51,7,0,27,70,9,122
22,Rivadavia,020,0170 ,1476,350,6,1,34,13,1,12,68,5,141
22,Rivadavia,020,0170 ,1477,350,5,2,50,19,0,10,47,8,133
22,Rivadavia,020,0170 ,1478,351,2,0,41,12,0,23,70,6,117
22,Rivadavia,020,0170 ,1479,293,8,0,21,9,0,16,50,5,113
22,Rivadavia,020,0171 ,1480,364,0,0,16,15,1,4,58,1,151
22,Rivadavia,020,0171 ,1481,226,3,0,16,8,0,1,40,0,103
22,Rivadavia,020,0171A,1482,16,1,0,2,0,0,1,5,7,0
22,Rivadavia,020,0172 ,1483,177,0,0,11,1,0,3,9,0,117
22,Rivadavia,020,0173 ,1484,67,1,0,3,0,0,2,0,0,16
22,Robles,021,0174 ,1485,181,2,0,0,1,0,7,114,0,0
22,Robles,021,0174 ,1486,182,4,0,3,0,1,8,0,0,98
22,Robles,021,0175 ,1487,348,1,1,4,0,1,59,12,0,152
22,Robles,021,0175 ,1488,91,0,0,1,2,0,19,5,0,42
22,Robles,021,0176 ,1489,350,0,0,1,0,0,30,9,1,196
22,Robles,021,0176 ,1490,351,3,0,4,2,1,46,12,2,196
22,Robles,021,0176 ,1491,349,1,0,0,0,5,48,7,1,194
22,Robles,021,0176 ,1492,280,6,1,3,4,3,29,2,0,161
22,Robles,021,0177 ,1493,352,7,0,6,1,0,25,14,3,213
22,Robles,021,0177 ,1494,354,8,0,8,2,4,34,4,0,194
22,Robles,021,0177 ,1495,351,4,0,5,3,0,28,5,2,198
22,Robles,021,0177 ,1496,352,1,0,4,5,1,31,15,2,172
22,Robles,021,0177 ,1497,351,1,0,7,1,1,17,11,3,203
22,Robles,021,0177 ,1498,354,2,1,10,1,2,27,18,0,204
22,Robles,021,0177 ,1499,351,0,0,0,0,0,0,0,0,0
22,Robles,021,0177 ,1500,350,1,1,16,4,1,27,13,4,187
22,Robles,021,0177 ,1501,351,14,0,12,1,3,33,11,0,179
22,Robles,021,0177 ,1502,350,0,3,13,0,0,27,14,1,180
22,Robles,021,0177 ,1503,350,0,1,10,1,4,31,18,2,182
22,Robles,021,0177 ,1504,350,0,0,7,0,2,22,5,1,210
22,Robles,021,0177 ,1505,350,11,0,4,1,0,32,4,1,215
22,Robles,021,0177 ,1506,351,12,0,7,2,1,23,11,3,199
22,Robles,021,0177 ,1507,194,6,0,4,2,0,18,1,2,109
22,Robles,021,0177 ,1508,194,1,1,10,2,0,17,3,6,97
22,Robles,021,0178 ,1509,351,7,0,6,1,2,50,17,3,174
22,Robles,021,0178 ,1510,350,10,0,8,5,1,40,16,2,183
22,Robles,021,0178 ,1511,351,0,0,13,5,1,34,11,4,185
22,Robles,021,0178 ,1512,350,0,0,0,0,0,24,11,0,208
22,Robles,021,0178 ,1513,352,13,0,8,0,1,38,6,1,184
22,Robles,021,0178 ,1514,350,4,3,8,0,0,31,16,6,177
22,Robles,021,0178 ,1515,350,15,0,10,2,5,49,13,3,184
22,Robles,021,0178 ,1516,351,2,0,12,3,4,31,11,4,190
22,Robles,021,0178 ,1517,351,14,0,3,3,2,35,10,2,200
22,Robles,021,0178 ,1518,354,11,0,6,2,2,44,15,2,188
22,Robles,021,0178 ,1519,353,3,0,14,0,2,36,11,3,192
22,Robles,021,0178 ,1520,350,0,0,11,0,2,52,14,2,191
22,Robles,021,0178 ,1521,352,0,0,7,2,0,48,12,1,180
22,Robles,021,0178 ,1522,124,2,0,2,1,0,13,8,2,60
22,Robles,021,0179 ,1523,351,0,0,4,0,0,38,0,0,160
22,Robles,021,0179 ,1524,350,0,0,0,0,0,0,0,0,169
22,Robles,021,0179 ,1525,351,3,0,3,0,1,21,12,0,176
22,Robles,021,0179 ,1526,69,0,0,1,0,0,0,2,0,31
22,Robles,021,0180 ,1527,351,14,0,16,8,3,22,19,11,173
22,Robles,021,0180 ,1528,354,6,1,21,2,3,17,19,8,200
22,Robles,021,0180 ,1529,352,10,1,23,7,1,18,21,7,186
22,Robles,021,0180 ,1530,350,0,0,10,0,0,17,17,5,205
22,Robles,021,0180 ,1531,351,5,0,22,2,2,21,17,14,172
22,Robles,021,0180 ,1532,351,0,3,12,1,3,12,23,8,180
22,Robles,021,0180 ,1533,350,0,0,7,2,3,10,18,6,230
22,Robles,021,0180 ,1534,353,2,0,15,5,4,19,11,9,201
22,Robles,021,0180 ,1535,351,3,2,21,6,3,12,34,8,177
22,Robles,021,0180 ,1536,350,5,0,18,4,2,18,31,7,146
22,Robles,021,0180 ,1537,351,8,2,26,2,1,17,16,7,174
22,Robles,021,0180 ,1538,353,6,0,13,6,0,17,32,6,193
22,Robles,021,0180 ,1539,351,1,2,20,5,2,15,19,11,181
22,Robles,021,0180 ,1540,351,4,0,18,3,3,13,27,8,182
22,Robles,021,0180 ,1541,351,0,0,16,5,0,11,22,4,201
22,Robles,021,0180 ,1542,350,0,0,22,2,4,11,16,9,174
22,Robles,021,0180 ,1543,349,7,2,16,2,1,16,20,2,209
22,Robles,021,0180 ,1544,349,2,1,16,2,0,17,24,6,195
22,Robles,021,0180 ,1545,350,2,2,17,1,0,16,17,3,220
22,Robles,021,0180 ,1546,351,4,0,20,3,1,8,21,5,202
22,Robles,021,0180 ,1547,350,0,0,20,0,0,23,18,5,178
22,Robles,021,0180 ,1548,348,0,8,31,3,1,20,19,3,174
22,Robles,021,0180 ,1549,352,18,2,12,7,0,18,14,3,188
22,Robles,021,0180 ,1550,350,11,0,21,5,4,14,16,7,193
22,Robles,021,0180 ,1551,353,0,0,10,2,1,14,20,2,190
22,Robles,021,0180 ,1552,352,2,4,20,8,3,7,22,9,168
22,Robles,021,0180 ,1553,349,2,0,12,2,1,13,22,0,212
22,Robles,021,0180 ,1554,352,0,3,8,0,0,24,19,6,194
22,Robles,021,0180 ,1555,351,0,0,30,6,0,22,14,4,178
22,Robles,021,0180 ,1556,352,1,4,13,5,1,21,15,2,221
22,Robles,021,0180 ,1557,351,0,0,24,5,0,17,17,9,178
22,Robles,021,0180 ,1558,352,12,2,19,4,1,8,12,8,198
22,Robles,021,0180 ,1559,335,0,0,7,6,0,12,17,10,189
22,Robles,021,0181 ,1560,349,0,0,8,0,4,55,8,3,139
22,Robles,021,0181 ,1561,349,3,0,6,1,0,77,7,1,144
22,Robles,021,0181 ,1562,351,0,0,3,0,1,65,0,2,141
22,Robles,021,0181 ,1563,350,2,0,3,1,2,85,9,5,149
22,Robles,021,0181 ,1564,350,0,0,10,1,0,74,14,1,132
22,Robles,021,0181 ,1565,350,1,1,8,0,0,76,17,0,153
22,Robles,021,0181 ,1566,350,2,3,8,2,2,65,16,0,141
22,Robles,021,0181 ,1567,287,0,0,3,3,1,63,118,0,0
22,Robles,021,0182 ,1568,350,4,0,6,2,2,29,7,3,180
22,Robles,021,0182 ,1569,349,0,0,6,0,0,43,2,0,171
22,Robles,021,0182 ,1570,351,1,0,4,0,0,32,10,4,182
22,Robles,021,0182 ,1571,352,0,0,0,0,0,46,16,0,168
22,Robles,021,0182 ,1572,350,3,1,2,0,1,24,10,0,190
22,Robles,021,0182 ,1573,266,0,0,2,0,0,19,3,0,130
22,Ro Hondo,022,0183 ,1574,349,1,0,3,1,0,0,227,25,0
22,Ro Hondo,022,0183 ,1575,351,5,1,1,3,0,19,3,0,215
22,Ro Hondo,022,0183 ,1576,352,10,3,3,0,2,12,6,3,207
22,Ro Hondo,022,0183 ,1577,110,2,0,0,0,0,8,1,0,72
22,Ro Hondo,022,0183A,1578,255,0,0,3,2,0,41,7,1,196
22,Ro Hondo,022,0184 ,1579,351,0,0,3,2,2,29,3,0,182
22,Ro Hondo,022,0184 ,1580,349,5,0,2,2,2,25,3,1,173
22,Ro Hondo,022,0184 ,1581,323,2,2,1,0,0,31,0,0,163
22,Ro Hondo,022,0185 ,1582,350,0,0,0,0,0,180,0,0,0
22,Ro Hondo,022,0185 ,1583,352,0,0,1,2,1,14,4,0,188
22,Ro Hondo,022,0185 ,1584,351,0,0,0,0,2,25,1,1,180
22,Ro Hondo,022,0185 ,1585,146,0,0,1,0,0,18,2,0,72
22,Ro Hondo,022,0186 ,1586,350,1,0,5,4,0,33,2,0,173
22,Ro Hondo,022,0186 ,1587,272,0,0,0,0,0,0,0,0,0
22,Ro Hondo,022,0187 ,1588,197,0,0,1,0,3,0,6,0,94
22,Ro Hondo,022,0187 ,1589,197,0,1,1,2,1,22,3,0,98
22,Ro Hondo,022,0187A,1590,352,4,1,1,0,0,26,0,0,181
22,Ro Hondo,022,0187A,1591,350,0,0,2,2,1,20,3,1,182
22,Ro Hondo,022,0188 ,1592,350,10,0,1,0,0,21,4,2,176
22,Ro Hondo,022,0188 ,1593,303,2,0,3,1,0,14,1,1,161
22,Ro Hondo,022,0189 ,1594,353,1,0,2,2,0,6,3,0,208
22,Ro Hondo,022,0189 ,1595,350,3,0,2,1,0,15,0,2,194
22,Ro Hondo,022,0189 ,1596,191,0,1,2,0,0,12,2,0,114
22,Ro Hondo,022,0189 ,1597,192,2,0,4,0,2,9,3,0,82
22,Ro Hondo,022,0190 ,1598,350,4,0,0,1,0,21,12,1,186
22,Ro Hondo,022,0190 ,1599,351,0,0,2,0,0,32,1,0,176
22,Ro Hondo,022,0190 ,1600,350,1,0,4,2,2,29,2,0,183
22,Ro Hondo,022,0190 ,1601,350,2,2,0,1,1,29,5,2,194
22,Ro Hondo,022,0190 ,1602,351,6,1,0,0,0,36,7,1,181
22,Ro Hondo,022,0190 ,1603,280,0,0,1,2,0,22,1,2,165
22,Ro Hondo,022,0190A,1604,261,0,0,0,0,0,0,5,0,135
22,Ro Hondo,022,0191 ,1605,346,17,1,16,0,1,17,3,1,177
22,Ro Hondo,022,0191 ,1606,348,0,0,7,1,1,24,4,0,180
22,Ro Hondo,022,0191 ,1607,346,2,2,3,1,0,39,10,0,153
22,Ro Hondo,022,0191 ,1608,179,4,0,7,0,0,11,4,0,95
22,Ro Hondo,022,0192 ,1609,348,0,0,0,0,0,27,7,0,166
22,Ro Hondo,022,0192 ,1610,350,0,0,1,1,1,34,4,0,156
22,Ro Hondo,022,0192 ,1611,181,0,0,0,1,0,7,7,2,94
22,Ro Hondo,022,0193 ,1612,351,0,0,10,2,4,21,17,4,196
22,Ro Hondo,022,0193 ,1613,354,6,1,9,0,0,31,16,0,188
22,Ro Hondo,022,0193 ,1614,351,0,0,12,2,1,39,10,2,199
22,Ro Hondo,022,0193 ,1615,350,12,0,6,3,3,39,15,6,182
22,Ro Hondo,022,0193 ,1616,351,3,2,9,3,1,32,21,4,174
22,Ro Hondo,022,0193 ,1617,352,0,2,20,6,2,47,13,5,163
22,Ro Hondo,022,0193 ,1618,354,17,3,15,1,3,43,24,5,166
22,Ro Hondo,022,0193 ,1619,352,5,0,8,1,2,35,17,3,192
22,Ro Hondo,022,0193 ,1620,354,12,3,20,4,0,30,38,9,151
22,Ro Hondo,022,0193 ,1621,351,3,5,21,5,3,32,16,2,182
22,Ro Hondo,022,0193 ,1622,350,2,2,11,3,2,26,15,4,190
22,Ro Hondo,022,0193 ,1623,350,10,9,7,5,1,36,16,1,181
22,Ro Hondo,022,0193 ,1624,350,12,4,16,8,3,32,21,3,158
22,Ro Hondo,022,0193 ,1625,353,1,3,7,4,2,26,12,3,214
22,Ro Hondo,022,0193 ,1626,352,10,4,3,2,1,48,17,1,170
22,Ro Hondo,022,0193 ,1627,351,3,0,5,3,1,38,11,2,179
22,Ro Hondo,022,0193 ,1628,352,3,0,7,2,3,29,18,2,194
22,Ro Hondo,022,0193 ,1629,353,22,6,10,2,0,29,13,1,176
22,Ro Hondo,022,0193 ,1630,351,3,1,8,2,1,43,12,2,190
22,Ro Hondo,022,0193 ,1631,351,0,0,8,3,1,19,12,2,195
22,Ro Hondo,022,0193 ,1632,349,1,3,19,2,5,22,21,3,190
22,Ro Hondo,022,0193 ,1633,352,2,1,20,1,0,51,6,9,142
22,Ro Hondo,022,0193 ,1634,350,15,4,11,5,2,17,18,3,199
22,Ro Hondo,022,0193 ,1635,348,0,0,9,0,0,16,13,3,202
22,Ro Hondo,022,0193 ,1636,353,1,4,18,2,3,27,15,5,168
22,Ro Hondo,022,0193 ,1637,354,10,4,6,2,3,33,22,2,177
22,Ro Hondo,022,0193 ,1638,351,1,2,9,5,1,23,7,0,195
22,Ro Hondo,022,0193 ,1639,353,2,3,15,3,3,24,18,2,197
22,Ro Hondo,022,0193 ,1640,353,2,5,7,1,7,29,22,2,176
22,Ro Hondo,022,0193 ,1641,353,0,0,9,6,2,30,17,2,188
22,Ro Hondo,022,0193 ,1642,353,4,0,6,3,0,47,19,2,184
22,Ro Hondo,022,0193 ,1643,352,0,2,9,2,3,35,21,5,181
22,Ro Hondo,022,0193 ,1644,350,0,0,9,3,2,28,14,0,203
22,Ro Hondo,022,0193 ,1645,354,0,3,5,1,4,29,21,2,198
22,Ro Hondo,022,0193 ,1646,350,0,0,9,1,1,38,10,2,201
22,Ro Hondo,022,0193 ,1647,351,1,2,23,3,4,21,17,6,173
22,Ro Hondo,022,0193 ,1648,350,0,0,21,3,1,24,20,2,184
22,Ro Hondo,022,0193 ,1649,349,2,7,12,3,0,35,0,3,190
22,Ro Hondo,022,0193 ,1650,350,1,1,13,2,2,32,9,6,188
22,Ro Hondo,022,0193 ,1651,352,1,2,11,0,4,37,17,1,201
22,Ro Hondo,022,0193 ,1652,354,0,0,15,3,3,28,13,2,187
22,Ro Hondo,022,0193 ,1653,353,3,0,26,7,0,33,18,2,159
22,Ro Hondo,022,0193 ,1654,353,0,0,6,1,1,28,12,3,189
22,Ro Hondo,022,0193 ,1655,351,11,0,9,1,2,40,19,0,199
22,Ro Hondo,022,0193 ,1656,349,2,1,6,2,0,27,18,3,210
22,Ro Hondo,022,0193 ,1657,352,0,0,24,4,0,17,32,3,160
22,Ro Hondo,022,0193 ,1658,353,0,0,9,4,4,32,17,0,182
22,Ro Hondo,022,0193 ,1659,349,0,0,12,2,1,44,20,6,168
22,Ro Hondo,022,0193 ,1660,351,0,0,11,4,2,40,10,1,239
22,Ro Hondo,022,0193 ,1661,351,4,1,6,1,2,49,14,2,182
22,Ro Hondo,022,0193 ,1662,351,0,0,0,0,0,0,0,0,0
22,Ro Hondo,022,0193 ,1663,353,0,0,1,0,0,2,5,6,180
22,Ro Hondo,022,0193 ,1664,353,1,2,7,1,2,37,11,4,193
22,Ro Hondo,022,0193 ,1665,352,0,0,20,3,3,39,25,5,164
22,Ro Hondo,022,0193 ,1666,351,9,4,16,1,1,25,15,3,167
22,Ro Hondo,022,0193 ,1667,351,15,0,3,1,7,38,16,6,185
22,Ro Hondo,022,0193 ,1668,355,0,0,5,1,1,43,16,2,185
22,Ro Hondo,022,0193 ,1669,355,1,3,2,2,0,27,19,3,198
22,Ro Hondo,022,0193 ,1670,349,2,1,19,1,3,30,6,3,188
22,Ro Hondo,022,0193 ,1671,354,0,0,13,2,3,30,14,3,179
22,Ro Hondo,022,0193 ,1672,353,0,2,8,1,3,26,17,0,192
22,Ro Hondo,022,0193 ,1673,354,5,0,6,2,1,34,12,3,180
22,Ro Hondo,022,0193 ,1674,355,0,0,7,4,1,25,20,3,178
22,Ro Hondo,022,0193 ,1675,349,0,0,21,0,0,0,14,0,183
22,Ro Hondo,022,0193 ,1676,352,0,0,11,4,4,27,10,2,191
22,Ro Hondo,022,0193 ,1677,353,2,3,13,1,4,28,11,2,178
22,Ro Hondo,022,0193 ,1678,352,3,0,6,3,2,33,22,2,181
22,Ro Hondo,022,0193 ,1679,353,0,0,5,0,0,33,14,3,206
22,Ro Hondo,022,0193 ,1680,351,1,0,11,2,0,39,2,1,207
22,Ro Hondo,022,0193 ,1681,354,0,0,6,1,2,20,12,2,217
22,Ro Hondo,022,0193 ,1682,352,0,0,13,4,0,14,24,3,175
22,Ro Hondo,022,0193 ,1683,355,16,0,6,3,0,35,18,3,168
22,Ro Hondo,022,0193 ,1684,191,0,0,12,2,2,21,11,1,85
22,Ro Hondo,022,0193 ,1685,196,0,0,12,2,1,18,13,2,96
22,Ro Hondo,022,0193A,1686,351,4,0,2,0,0,52,9,0,179
22,Ro Hondo,022,0193A,1687,350,2,0,3,0,2,28,6,1,203
22,Ro Hondo,022,0193A,1688,352,3,0,0,0,0,19,0,0,205
22,Ro Hondo,022,0193A,1689,76,1,0,0,0,0,6,1,0,37
22,Silipica,023,0194 ,1690,351,3,0,6,0,0,6,7,1,194
22,Silipica,023,0194 ,1691,349,0,0,12,2,1,8,3,0,183
22,Silipica,023,0194 ,1692,111,0,0,1,0,0,5,0,0,55
22,Silipica,023,0195 ,1693,352,12,0,9,4,1,5,14,0,237
22,Silipica,023,0195 ,1694,353,6,1,9,1,3,20,12,1,209
22,Silipica,023,0195 ,1695,349,1,2,5,1,3,7,20,2,185
22,Silipica,023,0195 ,1696,351,4,4,22,1,0,11,7,2,202
22,Silipica,023,0195 ,1697,351,0,0,4,0,0,13,10,2,215
22,Silipica,023,0195 ,1698,352,13,5,23,0,1,18,12,1,186
22,Silipica,023,0195 ,1699,77,0,0,4,2,2,0,7,0,40
22,Silipica,023,0195A,1700,351,6,1,3,0,1,0,15,3,222
22,Silipica,023,0195A,1701,337,0,0,12,1,4,25,12,0,185
22,Silipica,023,0196 ,1702,350,0,0,11,1,0,16,9,1,185
22,Silipica,023,0196 ,1703,350,0,1,15,1,0,7,7,6,211
22,Silipica,023,0196 ,1704,349,2,0,2,0,0,5,6,0,245
22,Silipica,023,0196 ,1705,350,0,0,19,2,1,7,5,3,208
22,Silipica,023,0196 ,1706,189,2,0,2,0,1,7,0,1,129
22,Silipica,023,0196 ,1707,191,2,0,7,2,0,8,5,1,118
22,Silipica,023,0197 ,1708,196,1,1,0,0,0,4,3,0,168
22,Silipica,023,0197 ,1709,199,1,0,0,0,0,4,2,0,130
22,San Martn,024,0198 ,1710,350,0,0,7,0,0,10,16,0,196
22,San Martn,024,0198 ,1711,350,2,0,4,1,3,12,12,2,183
22,San Martn,024,0198 ,1712,351,0,0,0,0,0,28,18,2,172
22,San Martn,024,0198 ,1713,182,0,0,5,0,0,9,13,3,93
22,San Martn,024,0198 ,1714,184,4,0,3,0,0,9,8,1,90
22,San Martn,024,0199 ,1715,325,0,0,0,0,0,22,9,0,148
22,San Martn,024,0200 ,1716,349,2,2,0,1,2,9,0,0,176
22,San Martn,024,0200 ,1717,349,3,1,2,2,0,13,5,2,176
22,San Martn,024,0200 ,1718,351,3,0,4,2,1,16,1,0,163
22,San Martn,024,0200 ,1719,223,2,0,3,2,1,6,2,1,125
22,San Martn,024,0201 ,1720,352,0,0,16,0,1,17,10,1,192
22,San Martn,024,0201 ,1721,352,1,1,14,2,0,12,2,0,211
22,San Martn,024,0201 ,1722,350,2,0,4,1,0,24,0,1,212
22,San Martn,024,0201 ,1723,350,5,4,15,0,0,11,7,2,194
22,San Martn,024,0201 ,1724,349,0,2,11,0,2,23,0,1,189
22,San Martn,024,0201 ,1725,337,1,0,8,0,0,9,6,3,204
22,San Martn,024,0202 ,1726,190,3,0,3,0,0,16,1,0,89
22,San Martn,024,0203 ,1727,140,0,0,0,1,0,14,0,0,43
22,San Martn,024,0204 ,1728,341,13,0,3,0,0,19,0,0,172
22,San Martn,024,0205 ,1729,349,11,0,3,0,0,37,5,2,171
22,San Martn,024,0205 ,1730,124,3,0,3,1,0,8,4,0,60
22,San Martn,024,0206 ,1731,267,1,0,0,0,0,14,1,3,119
22,Salavina,025,0207 ,1732,350,0,0,8,1,0,11,2,4,159
22,Salavina,025,0207 ,1733,350,2,0,2,1,0,7,5,1,176
22,Salavina,025,0207 ,1734,349,0,0,0,0,0,0,0,2,171
22,Salavina,025,0207 ,1735,231,0,0,4,1,0,8,5,1,107
22,Salavina,025,0208 ,1736,314,0,0,2,2,1,8,0,1,165
22,Salavina,025,0209 ,1737,350,7,0,0,2,0,17,3,0,180
22,Salavina,025,0209 ,1738,145,0,0,3,0,0,0,0,1,86
22,Salavina,025,0210 ,1739,349,0,0,2,3,4,0,2,1,0
22,Salavina,025,0210 ,1740,183,0,0,5,3,0,8,0,1,72
22,Salavina,025,0210 ,1741,186,0,0,4,0,0,9,0,0,0
22,Salavina,025,0211 ,1742,129,0,3,3,0,0,0,0,2,107
22,Salavina,025,0212 ,1743,349,2,0,0,1,0,0,3,0,103
22,Salavina,025,0212 ,1744,259,1,0,1,1,1,9,3,0,63
22,Salavina,025,0213 ,1745,354,6,1,8,1,0,13,15,2,181
22,Salavina,025,0213 ,1746,352,4,0,5,0,1,16,14,0,197
22,Salavina,025,0213 ,1747,351,3,0,11,1,0,10,9,2,192
22,Salavina,025,0213 ,1748,349,4,0,15,5,0,15,13,0,179
22,Salavina,025,0213 ,1749,353,2,1,18,3,1,12,10,0,172
22,Salavina,025,0213 ,1750,350,9,0,15,3,0,16,9,4,194
22,Salavina,025,0213 ,1751,349,5,0,13,0,0,12,13,4,198
22,Salavina,025,0213 ,1752,82,0,0,0,1,2,2,3,1,38
22,Salavina,025,0214 ,1753,349,0,0,3,1,0,23,0,1,167
22,Salavina,025,0214 ,1754,280,7,0,1,0,2,18,1,0,150
22,Salavina,025,0215 ,1755,350,9,0,0,2,1,5,11,1,204
22,Salavina,025,0215 ,1756,196,3,0,0,0,0,3,1,0,132
22,Salavina,025,0215 ,1757,195,6,0,2,0,0,5,1,1,116
22,Salavina,025,0215A,1758,313,4,0,4,2,0,3,5,0,143
22,Sarmiento,026,0216 ,1759,133,0,0,7,0,0,9,0,1,55
22,Sarmiento,026,0217 ,1760,130,1,0,0,0,0,5,3,0,52
22,Sarmiento,026,0218 ,1761,173,0,0,0,0,0,0,0,0,0
22,Sarmiento,026,0219 ,1762,347,0,0,6,2,0,32,13,1,195
22,Sarmiento,026,0219 ,1763,350,0,0,2,3,1,12,10,0,195
22,Sarmiento,026,0219 ,1764,351,15,0,5,2,2,14,15,1,199
22,Sarmiento,026,0219 ,1765,350,0,0,6,1,0,8,15,1,178
22,Sarmiento,026,0219 ,1766,351,0,0,0,0,0,23,4,0,204
22,Sarmiento,026,0219 ,1767,347,5,0,0,0,0,16,9,0,206
22,Sarmiento,026,0219 ,1768,117,1,0,4,0,1,9,14,2,58
22,Taboada,027,0221 ,1769,352,3,1,18,2,0,14,23,3,171
22,Taboada,027,0221 ,1770,351,0,0,0,0,1,15,33,3,159
22,Taboada,027,0221 ,1771,351,0,0,16,1,1,8,30,1,186
22,Taboada,027,0221 ,1772,353,8,3,15,2,2,12,24,1,180
22,Taboada,027,0221 ,1773,350,0,0,16,2,0,21,17,1,174
22,Taboada,027,0221 ,1774,349,2,1,10,0,1,23,22,3,172
22,Taboada,027,0221 ,1775,353,0,0,18,4,0,17,28,0,0
22,Taboada,027,0221 ,1776,352,4,2,16,1,2,19,36,1,166
22,Taboada,027,0221 ,1777,350,0,0,10,4,1,21,26,2,187
22,Taboada,027,0221 ,1778,351,0,0,14,0,0,10,17,2,198
22,Taboada,027,0221 ,1779,348,6,0,0,0,0,0,0,0,198
22,Taboada,027,0221 ,1780,352,1,0,15,0,0,9,24,0,170
22,Taboada,027,0221 ,1781,350,0,0,21,0,1,12,35,5,178
22,Taboada,027,0221 ,1782,349,0,0,8,1,0,15,16,0,190
22,Taboada,027,0221 ,1783,209,4,0,11,1,0,10,15,0,94
22,Taboada,027,0222 ,1784,351,2,0,12,1,0,28,21,2,177
22,Taboada,027,0222 ,1785,350,0,0,12,2,1,26,17,1,167
22,Taboada,027,0222 ,1786,241,2,0,10,0,1,11,13,0,144
22,Taboada,027,0223 ,1787,349,8,0,7,3,1,19,8,1,139
22,Taboada,027,0223 ,1788,351,0,0,6,0,0,11,13,0,213
22,Taboada,027,0223 ,1789,248,0,0,4,0,1,10,9,1,129
22,Taboada,027,0224 ,1790,348,3,1,16,11,0,29,11,0,168
22,Taboada,027,0224 ,1791,349,14,1,11,6,1,30,11,2,184
22,Taboada,027,0224 ,1792,350,26,1,4,5,2,37,4,0,186
22,Taboada,027,0224 ,1793,351,2,1,14,10,0,24,4,5,189
22,Taboada,027,0224 ,1794,347,14,3,3,11,0,36,12,4,180
22,Taboada,027,0224 ,1795,352,22,0,21,4,3,46,8,4,153
22,Taboada,027,0224 ,1796,349,0,0,12,4,0,22,8,0,177
22,Taboada,027,0224 ,1797,351,18,5,18,7,0,33,5,6,178
22,Taboada,027,0224 ,1798,351,6,0,13,5,2,43,7,2,175
22,Taboada,027,0224 ,1799,349,6,0,3,5,1,32,13,4,173
22,Taboada,027,0224 ,1800,349,11,0,8,7,1,37,18,2,171
22,Taboada,027,0224 ,1801,352,2,1,9,4,0,23,4,3,184
22,Taboada,027,0224 ,1802,352,5,0,4,2,0,42,7,2,190
22,Taboada,027,0224 ,1803,351,0,0,14,8,2,38,8,8,189
22,Taboada,027,0224 ,1804,349,0,0,8,1,1,25,4,3,203
22,Taboada,027,0224 ,1805,352,0,0,18,9,0,16,10,7,174
22,Taboada,027,0224 ,1806,350,3,1,0,0,0,32,8,0,156
22,Taboada,027,0224 ,1807,350,2,1,11,8,0,26,5,1,172
22,Taboada,027,0224 ,1808,351,3,1,9,3,0,32,14,0,169
22,Taboada,027,0224 ,1809,349,1,1,7,4,3,25,6,4,196
22,Taboada,027,0224 ,1810,350,0,0,0,2,0,24,2,1,195
22,Taboada,027,0224 ,1811,348,1,0,2,5,1,27,6,4,186
22,Taboada,027,0224 ,1812,351,5,0,18,40,4,31,9,3,172
22,Taboada,027,0224 ,1813,349,30,0,13,4,2,24,7,2,165
22,Taboada,027,0224 ,1814,350,16,4,12,6,0,31,3,4,187
22,Taboada,027,0224 ,1815,348,4,0,14,5,1,26,6,0,192
22,Taboada,027,0224 ,1816,349,10,0,19,10,1,19,8,1,177
22,Taboada,027,0224 ,1817,353,17,1,11,8,1,42,5,1,164
22,Taboada,027,0224 ,1818,351,3,7,13,3,3,32,14,4,162
22,Taboada,027,0224 ,1819,351,0,0,15,2,3,22,21,6,182
22,Taboada,027,0224 ,1820,351,13,3,17,4,3,42,19,2,156
22,Taboada,027,0224 ,1821,350,11,0,16,8,0,16,13,6,173
22,Taboada,027,0224 ,1822,350,0,0,29,5,1,29,12,1,160
22,Taboada,027,0224 ,1823,351,21,0,8,1,0,41,10,2,185
22,Taboada,027,0224 ,1824,352,0,0,0,0,0,0,0,0,0
22,Taboada,027,0224 ,1825,350,0,0,9,3,1,30,7,3,200
22,Taboada,027,0224 ,1826,350,6,3,4,2,1,34,6,4,199
22,Taboada,027,0224 ,1827,349,0,0,7,1,1,28,5,1,200
22,Taboada,027,0224 ,1828,349,1,0,10,6,0,25,8,3,158
22,Taboada,027,0224 ,1829,351,0,0,5,4,2,37,8,3,178
22,Taboada,027,0224 ,1830,350,8,0,12,5,1,22,11,0,191
22,Taboada,027,0224 ,1831,347,11,1,12,2,3,25,4,4,201
22,Taboada,027,0224 ,1832,348,13,1,12,4,1,39,12,5,160
22,Taboada,027,0224 ,1833,349,19,0,12,9,1,20,7,6,169
22,Taboada,027,0224 ,1834,348,11,0,11,4,0,35,12,3,182
22,Taboada,027,0224 ,1835,351,1,0,12,3,0,45,8,3,183
22,Taboada,027,0224 ,1836,350,0,0,9,5,0,33,9,0,198
22,Taboada,027,0224 ,1837,351,15,0,9,7,0,22,9,4,187
22,Taboada,027,0224 ,1838,349,0,0,9,2,2,46,6,3,182
22,Taboada,027,0224 ,1839,190,4,0,17,4,0,8,7,1,76
22,Taboada,027,0224 ,1840,190,1,0,6,5,0,18,5,1,105
22,Taboada,027,0224A,1841,266,0,0,3,0,0,27,0,0,96
22,Taboada,027,0225 ,1842,349,2,1,31,1,0,11,18,0,188
22,Taboada,027,0225 ,1843,177,0,0,11,3,0,9,9,3,85
22,Taboada,027,0225 ,1844,175,0,0,1,4,1,11,9,1,86
22,Taboada,027,0226 ,1845,350,10,0,4,0,0,15,6,0,183
22,Taboada,027,0226 ,1846,350,8,0,10,1,0,22,12,2,179
22,Taboada,027,0226 ,1847,349,9,1,10,1,0,45,18,3,162
22,Taboada,027,0226 ,1848,350,12,0,5,1,1,0,191,14,2
22,Taboada,027,0226 ,1849,214,4,0,5,2,0,6,3,0,125
