codprov,depto,coddepto,circuito,mesa,electores,blancos,nulos,0061,0324,0501,0514,0541
22,Capital,001,0001 ,0001,351,30,2,9,2,5,97,113
22,Capital,001,0001 ,0002,350,42,4,16,5,4,83,82
22,Capital,001,0001 ,0003,348,21,4,14,5,14,84,125
22,Capital,001,0001 ,0004,351,43,1,15,6,4,93,114
22,Capital,001,0001 ,0005,350,24,0,15,3,19,85,115
22,Capital,001,0001 ,0006,350,20,1,7,5,5,107,110
22,Capital,001,0001 ,0007,350,21,3,16,7,7,86,123
22,Capital,001,0001 ,0008,350,25,3,5,5,3,89,125
22,Capital,001,0001 ,0009,351,30,7,16,3,6,76,123
22,Capital,001,0001 ,0010,188,15,0,3,1,3,57,56
22,Capital,001,0001 ,0011,190,3,1,5,1,4,49,45
22,Capital,001,0002 ,0012,350,30,4,14,3,10,79,133
22,Capital,001,0002 ,0013,350,27,4,11,3,9,78,142
22,Capital,001,0002 ,0014,347,17,6,5,2,6,91,138
22,Capital,001,0002 ,0015,350,26,2,13,6,11,94,108
22,Capital,001,0002 ,0016,348,23,7,14,3,11,89,135
22,Capital,001,0002 ,0017,350,33,0,14,3,9,78,126
22,Capital,001,0002 ,0018,349,27,3,12,2,8,84,136
22,Capital,001,0002 ,0019,352,18,3,14,5,10,76,132
22,Capital,001,0002 ,0020,350,56,7,11,4,11,88,80
22,Capital,001,0002 ,0021,350,31,0,20,2,11,78,140
22,Capital,001,0002 ,0022,350,6,1,10,2,7,95,121
22,Capital,001,0002 ,0023,349,17,0,12,2,9,88,153
22,Capital,001,0002 ,0024,351,18,5,25,4,8,85,126
22,Capital,001,0002 ,0025,67,1,0,6,0,2,20,29
22,Capital,001,0002A,0026,350,5,2,16,2,7,28,158
22,Capital,001,0002A,0027,350,38,1,13,1,9,41,185
22,Capital,001,0002A,0028,352,15,6,15,7,5,38,193
22,Capital,001,0002A,0029,350,26,3,14,7,7,59,168
22,Capital,001,0002A,0030,350,37,1,12,2,9,61,172
22,Capital,001,0002A,0031,354,19,4,22,4,7,63,165
22,Capital,001,0002A,0032,350,23,7,16,0,9,53,177
22,Capital,001,0002A,0033,352,42,0,15,2,6,39,178
22,Capital,001,0002A,0034,352,26,0,15,3,12,65,182
22,Capital,001,0002A,0035,350,28,0,7,7,6,51,180
22,Capital,001,0002A,0036,349,22,2,17,7,10,73,156
22,Capital,001,0002A,0037,350,28,2,17,7,7,41,182
22,Capital,001,0002A,0038,348,31,2,19,4,4,60,172
22,Capital,001,0002A,0039,349,26,2,10,2,12,54,160
22,Capital,001,0002A,0040,351,23,2,9,4,8,56,162
22,Capital,001,0002A,0041,351,42,2,9,5,8,47,160
22,Capital,001,0002A,0042,350,27,0,20,4,5,43,181
22,Capital,001,0002A,0043,352,30,6,7,8,5,42,182
22,Capital,001,0002A,0044,353,15,4,8,1,6,48,205
22,Capital,001,0002A,0045,351,30,0,8,6,3,56,192
22,Capital,001,0002A,0046,354,32,3,9,4,11,53,173
22,Capital,001,0002A,0047,352,22,4,8,4,8,35,207
22,Capital,001,0002A,0048,348,11,0,16,3,9,51,165
22,Capital,001,0002A,0049,352,0,3,30,2,6,91,134
22,Capital,001,0002A,0050,351,25,7,9,9,14,60,157
22,Capital,001,0002A,0051,350,16,4,13,3,10,67,173
22,Capital,001,0002A,0052,350,24,1,13,6,9,47,193
22,Capital,001,0002A,0053,351,32,2,9,3,13,52,183
22,Capital,001,0002A,0054,353,0,0,0,0,0,0,0
22,Capital,001,0002A,0055,349,31,1,16,0,4,64,159
22,Capital,001,0002A,0056,350,21,6,13,2,7,49,184
22,Capital,001,0002A,0057,350,23,1,14,11,6,61,171
22,Capital,001,0002A,0058,353,51,0,11,2,8,60,179
22,Capital,001,0002A,0059,351,24,0,12,10,10,52,169
22,Capital,001,0002A,0060,348,27,2,14,6,10,49,170
22,Capital,001,0002A,0061,350,31,0,17,3,3,32,173
22,Capital,001,0002A,0062,350,40,2,8,6,17,39,173
22,Capital,001,0002A,0063,350,36,3,13,4,5,51,162
22,Capital,001,0002A,0064,77,6,0,3,0,2,10,37
22,Capital,001,0003 ,0065,352,8,8,9,3,10,56,134
22,Capital,001,0003 ,0066,353,21,1,19,2,9,62,151
22,Capital,001,0003 ,0067,349,33,1,10,2,7,73,121
22,Capital,001,0003 ,0068,350,28,1,13,4,13,71,124
22,Capital,001,0003 ,0069,351,20,6,22,6,4,78,132
22,Capital,001,0003 ,0070,349,21,3,19,4,8,73,136
22,Capital,001,0003 ,0071,352,19,6,10,6,5,65,153
22,Capital,001,0003 ,0072,349,26,4,18,1,6,75,138
22,Capital,001,0003 ,0073,351,26,1,15,3,7,71,143
22,Capital,001,0003 ,0074,350,27,3,16,3,12,67,133
22,Capital,001,0003 ,0075,348,4,4,14,2,8,52,148
22,Capital,001,0003 ,0076,351,0,0,17,10,13,52,145
22,Capital,001,0003 ,0077,351,26,10,10,2,8,73,119
22,Capital,001,0003 ,0078,350,19,4,12,5,13,77,144
22,Capital,001,0003 ,0079,352,0,0,16,3,2,73,119
22,Capital,001,0003 ,0080,348,8,2,12,4,9,80,80
22,Capital,001,0003 ,0081,350,27,0,5,7,5,75,142
22,Capital,001,0003 ,0082,350,23,1,11,7,8,56,134
22,Capital,001,0003 ,0083,349,17,0,16,3,3,75,148
22,Capital,001,0003 ,0084,349,10,2,6,7,2,62,157
22,Capital,001,0003 ,0085,349,19,3,13,1,3,73,147
22,Capital,001,0003 ,0086,352,27,4,13,6,9,69,120
22,Capital,001,0003 ,0087,348,31,3,16,4,8,72,146
22,Capital,001,0003 ,0088,349,46,5,11,3,7,66,105
22,Capital,001,0003 ,0089,349,37,0,13,1,13,66,119
22,Capital,001,0003 ,0090,113,6,1,10,0,1,25,47
22,Capital,001,0003A,0091,352,29,1,25,4,18,92,118
22,Capital,001,0003A,0092,351,0,0,16,4,9,88,134
22,Capital,001,0003A,0093,348,14,2,21,3,10,63,149
22,Capital,001,0003A,0094,352,8,2,14,3,10,64,160
22,Capital,001,0003A,0095,350,6,1,25,5,20,67,138
22,Capital,001,0003A,0096,351,19,1,15,5,12,86,132
22,Capital,001,0003A,0097,350,38,3,12,7,9,78,119
22,Capital,001,0003A,0098,351,22,4,12,3,9,79,138
22,Capital,001,0003A,0099,352,0,0,18,3,12,76,95
22,Capital,001,0003A,0100,352,23,8,14,7,8,67,149
22,Capital,001,0003A,0101,350,7,1,12,4,8,68,156
22,Capital,001,0003A,0102,350,4,1,12,4,10,66,149
22,Capital,001,0003A,0103,349,38,1,12,8,19,62,123
22,Capital,001,0003A,0104,350,29,0,11,6,5,83,132
22,Capital,001,0003A,0105,348,2,3,21,2,8,73,131
22,Capital,001,0003A,0106,351,13,0,14,3,7,65,157
22,Capital,001,0003A,0107,350,18,4,15,7,6,87,136
22,Capital,001,0003A,0108,352,0,0,18,5,13,75,144
22,Capital,001,0003A,0109,351,4,7,11,6,0,70,0
22,Capital,001,0003A,0110,348,26,1,17,8,11,68,136
22,Capital,001,0003A,0111,258,16,5,14,2,3,51,96
22,Capital,001,0004 ,0112,353,29,2,14,6,7,42,182
22,Capital,001,0004 ,0113,350,48,4,7,7,12,55,156
22,Capital,001,0004 ,0114,352,24,0,13,3,20,47,169
22,Capital,001,0004 ,0115,353,34,0,13,5,13,52,176
22,Capital,001,0004 ,0116,355,31,0,17,2,7,62,181
22,Capital,001,0004 ,0117,351,33,3,16,2,7,42,187
22,Capital,001,0004 ,0118,356,9,0,12,2,9,42,183
22,Capital,001,0004 ,0119,351,38,2,13,9,18,31,184
22,Capital,001,0004 ,0120,351,32,1,16,7,8,69,170
22,Capital,001,0004 ,0121,352,0,0,12,8,9,48,179
22,Capital,001,0004 ,0122,351,37,3,12,7,4,53,179
22,Capital,001,0004 ,0123,352,0,0,14,2,15,40,188
22,Capital,001,0004 ,0124,352,3,1,17,3,7,36,208
22,Capital,001,0004 ,0125,354,20,0,14,7,6,43,196
22,Capital,001,0004 ,0126,349,4,3,13,0,6,50,158
22,Capital,001,0004 ,0127,350,0,0,9,5,3,33,180
22,Capital,001,0004 ,0128,350,0,0,12,3,14,46,176
22,Capital,001,0004 ,0129,353,7,2,21,7,18,52,84
22,Capital,001,0004 ,0130,356,26,2,10,6,11,56,181
22,Capital,001,0004 ,0131,353,20,3,13,4,12,48,178
22,Capital,001,0004 ,0132,349,2,2,14,1,9,45,171
22,Capital,001,0004 ,0133,354,28,8,9,2,8,62,162
22,Capital,001,0004 ,0134,351,8,3,13,5,17,54,182
22,Capital,001,0004 ,0135,352,21,4,12,8,10,43,170
22,Capital,001,0004 ,0136,350,41,5,6,6,10,48,167
22,Capital,001,0004 ,0137,352,32,1,8,9,7,41,189
22,Capital,001,0004 ,0138,351,34,0,10,5,14,40,192
22,Capital,001,0004 ,0139,351,20,3,15,5,12,48,187
22,Capital,001,0004 ,0140,350,24,1,8,6,9,51,188
22,Capital,001,0004 ,0141,352,22,3,20,7,7,53,173
22,Capital,001,0004 ,0142,352,37,1,10,5,7,48,164
22,Capital,001,0004 ,0143,351,27,5,6,12,8,43,177
22,Capital,001,0004 ,0144,351,35,0,10,9,11,36,185
22,Capital,001,0004 ,0145,351,34,0,15,5,10,44,182
22,Capital,001,0004 ,0146,354,16,5,11,5,7,45,211
22,Capital,001,0004 ,0147,350,36,0,9,7,5,46,190
22,Capital,001,0004 ,0148,351,32,0,10,7,13,53,170
22,Capital,001,0004 ,0149,354,0,0,11,14,9,38,174
22,Capital,001,0004 ,0150,351,17,4,13,6,13,60,172
22,Capital,001,0004 ,0151,353,10,12,8,9,10,49,188
22,Capital,001,0004 ,0152,354,4,5,0,5,11,55,172
22,Capital,001,0004 ,0153,351,20,1,29,6,9,43,188
22,Capital,001,0004 ,0154,351,38,5,12,3,9,47,169
22,Capital,001,0004 ,0155,354,49,7,6,6,5,46,180
22,Capital,001,0004 ,0156,352,44,0,14,4,5,40,180
22,Capital,001,0004 ,0157,357,38,0,14,5,4,48,186
22,Capital,001,0004 ,0158,353,32,4,10,5,5,43,192
22,Capital,001,0004 ,0159,353,26,10,11,13,4,30,200
22,Capital,001,0004 ,0160,351,26,5,13,9,7,40,190
22,Capital,001,0004 ,0161,350,2,5,7,0,8,48,187
22,Capital,001,0004 ,0162,351,25,1,17,13,11,56,159
22,Capital,001,0004 ,0163,350,5,14,10,11,13,45,180
22,Capital,001,0004 ,0164,353,29,8,14,6,10,37,171
22,Capital,001,0004 ,0165,349,21,6,19,5,16,49,165
22,Capital,001,0004 ,0166,354,30,5,10,5,10,46,186
22,Capital,001,0004 ,0167,351,41,0,8,11,9,41,175
22,Capital,001,0004 ,0168,353,59,4,11,1,15,21,182
22,Capital,001,0004 ,0169,350,27,0,10,4,5,60,165
22,Capital,001,0004 ,0170,351,24,7,9,3,13,45,184
22,Capital,001,0004 ,0171,351,33,2,13,2,12,47,172
22,Capital,001,0004 ,0172,352,7,1,15,4,9,50,181
22,Capital,001,0004 ,0173,352,1,6,17,9,5,46,176
22,Capital,001,0004 ,0174,358,12,2,7,5,0,49,74
22,Capital,001,0004 ,0175,354,31,9,8,4,6,40,167
22,Capital,001,0004 ,0176,347,0,0,9,9,8,48,170
22,Capital,001,0004 ,0177,352,3,2,10,0,8,42,194
22,Capital,001,0004 ,0178,351,35,12,8,9,8,45,179
22,Capital,001,0004 ,0179,352,47,4,6,6,4,51,157
22,Capital,001,0004 ,0180,349,28,6,10,4,13,41,177
22,Capital,001,0004 ,0181,352,41,0,19,6,10,52,156
22,Capital,001,0004 ,0182,352,25,0,20,3,8,44,174
22,Capital,001,0004 ,0183,354,130,2,14,5,8,35,104
22,Capital,001,0004 ,0184,352,25,1,18,5,10,63,167
22,Capital,001,0004 ,0185,350,19,3,18,12,13,56,158
22,Capital,001,0004 ,0186,352,34,2,12,7,9,55,171
22,Capital,001,0004 ,0187,349,38,2,18,5,7,34,176
22,Capital,001,0004 ,0188,351,35,3,13,7,13,36,178
22,Capital,001,0004 ,0189,352,16,2,16,6,8,47,182
22,Capital,001,0004 ,0190,352,15,3,12,4,10,28,173
22,Capital,001,0004 ,0191,351,36,0,14,4,11,62,165
22,Capital,001,0004 ,0192,350,25,11,8,2,11,61,157
22,Capital,001,0004 ,0193,354,25,5,12,7,8,47,177
22,Capital,001,0004 ,0194,352,39,6,11,9,11,34,176
22,Capital,001,0004 ,0195,354,28,4,21,6,5,44,172
22,Capital,001,0004 ,0196,355,44,3,12,10,8,0,170
22,Capital,001,0004 ,0197,354,32,2,4,8,12,26,200
22,Capital,001,0004 ,0198,354,39,5,7,3,15,45,173
22,Capital,001,0004 ,0199,353,27,7,7,6,13,39,208
22,Capital,001,0004 ,0200,350,29,4,19,4,14,63,172
22,Capital,001,0004 ,0201,352,24,4,12,1,10,46,198
22,Capital,001,0004 ,0202,351,50,3,10,4,11,33,194
22,Capital,001,0004 ,0203,354,4,0,8,6,12,45,222
22,Capital,001,0004 ,0204,352,16,0,7,7,16,49,185
22,Capital,001,0004 ,0205,348,44,3,7,4,7,46,176
22,Capital,001,0004 ,0206,353,26,2,13,3,9,53,179
22,Capital,001,0004 ,0207,356,34,8,9,7,6,65,161
22,Capital,001,0004 ,0208,146,14,0,7,3,7,19,70
22,Capital,001,0005 ,0209,351,0,0,11,6,5,94,91
22,Capital,001,0005 ,0210,350,36,3,20,1,8,90,104
22,Capital,001,0005 ,0211,348,6,2,15,6,2,89,90
22,Capital,001,0005 ,0212,350,17,3,17,4,8,104,106
22,Capital,001,0005 ,0213,350,41,5,10,3,2,93,93
22,Capital,001,0005 ,0214,345,35,5,11,3,2,84,102
22,Capital,001,0005 ,0215,349,20,0,17,0,7,97,99
22,Capital,001,0005 ,0216,351,31,3,12,4,10,110,73
22,Capital,001,0005 ,0217,349,23,2,13,2,5,123,84
22,Capital,001,0005 ,0218,351,33,2,13,5,7,92,104
22,Capital,001,0005 ,0219,350,31,1,18,1,2,95,85
22,Capital,001,0005 ,0220,348,24,3,12,1,4,91,107
22,Capital,001,0005 ,0221,352,31,1,13,1,7,110,89
22,Capital,001,0005 ,0222,135,7,1,3,0,4,44,34
22,Capital,001,0006 ,0223,349,31,5,16,4,9,77,112
22,Capital,001,0006 ,0224,349,37,3,17,1,6,77,135
22,Capital,001,0006 ,0225,349,4,5,16,12,6,75,133
22,Capital,001,0006 ,0226,351,27,3,18,1,13,68,121
22,Capital,001,0006 ,0227,350,10,1,20,7,10,0,153
22,Capital,001,0006 ,0228,350,183,0,17,5,8,82,143
22,Capital,001,0006 ,0229,351,28,1,12,6,12,75,127
22,Capital,001,0006 ,0230,348,30,0,18,3,7,56,147
22,Capital,001,0006 ,0231,350,22,5,23,2,15,97,102
22,Capital,001,0006 ,0232,349,26,0,22,4,12,47,159
22,Capital,001,0006 ,0233,346,23,2,16,1,8,95,127
22,Capital,001,0006 ,0234,347,4,0,20,2,14,68,72
22,Capital,001,0006 ,0235,350,30,3,15,3,10,71,133
22,Capital,001,0006 ,0236,349,23,4,20,3,8,77,130
22,Capital,001,0006 ,0237,349,25,4,13,0,15,80,136
22,Capital,001,0006 ,0238,346,20,2,21,3,11,81,123
22,Capital,001,0006 ,0239,349,2,0,17,1,9,81,120
22,Capital,001,0006 ,0240,351,29,0,16,3,8,52,121
22,Capital,001,0006 ,0241,351,24,2,16,6,6,95,113
22,Capital,001,0006 ,0242,350,33,1,16,4,10,78,130
22,Capital,001,0006 ,0243,353,34,0,14,6,9,61,154
22,Capital,001,0006 ,0244,347,29,2,22,1,6,89,115
22,Capital,001,0006 ,0245,348,23,2,16,1,5,69,133
22,Capital,001,0006 ,0246,350,26,6,19,3,6,87,114
22,Capital,001,0006 ,0247,348,22,1,15,4,7,84,125
22,Capital,001,0006 ,0248,349,38,4,12,4,8,67,139
22,Capital,001,0006 ,0249,350,22,0,14,2,4,82,139
22,Capital,001,0006 ,0250,355,25,2,20,5,6,90,124
22,Capital,001,0006 ,0251,350,31,7,16,2,14,70,127
22,Capital,001,0006 ,0252,179,12,3,7,3,5,49,62
22,Capital,001,0006 ,0253,181,7,3,6,4,0,0,0
22,Capital,001,0007 ,0254,353,56,0,16,3,8,75,159
22,Capital,001,0007 ,0255,350,27,3,16,6,2,62,166
22,Capital,001,0007 ,0256,352,21,9,18,2,13,65,162
22,Capital,001,0007 ,0257,350,47,0,18,6,4,39,170
22,Capital,001,0007 ,0258,355,34,0,20,6,7,53,172
22,Capital,001,0007 ,0259,353,26,3,16,3,9,0,172
22,Capital,001,0007 ,0260,350,32,3,14,4,10,75,152
22,Capital,001,0007 ,0261,355,44,1,14,4,6,69,163
22,Capital,001,0007 ,0262,356,37,0,27,4,11,65,148
22,Capital,001,0007 ,0263,351,32,4,18,7,13,77,141
22,Capital,001,0007 ,0264,350,4,15,21,6,6,69,155
22,Capital,001,0007 ,0265,350,16,7,12,2,10,53,181
22,Capital,001,0007 ,0266,350,4,6,10,4,2,56,157
22,Capital,001,0007 ,0267,354,26,1,13,5,2,43,195
22,Capital,001,0007 ,0268,352,36,1,17,5,9,49,165
22,Capital,001,0007 ,0269,350,35,9,14,4,7,65,168
22,Capital,001,0007 ,0270,350,33,1,9,9,17,60,154
22,Capital,001,0007 ,0271,353,36,1,15,5,20,46,173
22,Capital,001,0007 ,0272,350,34,3,20,8,12,53,155
22,Capital,001,0007 ,0273,354,43,5,9,3,12,49,180
22,Capital,001,0007 ,0274,350,12,0,22,11,11,52,173
22,Capital,001,0007 ,0275,353,16,3,10,5,6,52,189
22,Capital,001,0007 ,0276,351,75,11,9,4,9,48,130
22,Capital,001,0007 ,0277,349,40,4,1,4,5,72,159
22,Capital,001,0007 ,0278,348,20,1,16,2,8,65,154
22,Capital,001,0007 ,0279,352,30,6,11,5,9,48,178
22,Capital,001,0007 ,0280,352,21,2,13,5,9,36,197
22,Capital,001,0007 ,0281,352,27,7,18,5,8,54,163
22,Capital,001,0007 ,0282,352,18,10,10,69,10,0,160
22,Capital,001,0007 ,0283,350,28,3,8,4,4,77,159
22,Capital,001,0007 ,0284,352,33,1,15,5,13,73,156
22,Capital,001,0007 ,0285,352,32,4,11,2,9,77,152
22,Capital,001,0007 ,0286,354,32,2,12,7,9,56,168
22,Capital,001,0007 ,0287,351,34,3,19,5,11,56,167
22,Capital,001,0007 ,0288,354,33,1,12,4,8,54,173
22,Capital,001,0007 ,0289,351,71,2,13,7,6,12,169
22,Capital,001,0007 ,0290,350,7,5,13,1,9,64,160
22,Capital,001,0007 ,0291,349,33,3,6,1,13,80,140
22,Capital,001,0007 ,0292,353,21,5,9,7,14,62,179
22,Capital,001,0007 ,0293,353,27,3,7,4,6,79,167
22,Capital,001,0007 ,0294,352,4,5,13,1,11,60,179
22,Capital,001,0007 ,0295,353,0,0,16,5,6,35,180
22,Capital,001,0007 ,0296,353,4,0,22,7,13,58,162
22,Capital,001,0007 ,0297,352,0,0,29,8,5,51,183
22,Capital,001,0007 ,0298,351,23,0,20,1,8,59,174
22,Capital,001,0007 ,0299,353,0,0,15,2,0,60,0
22,Capital,001,0007 ,0300,351,26,9,13,6,5,59,180
22,Capital,001,0007 ,0301,349,32,0,16,9,6,58,169
22,Capital,001,0007 ,0302,351,22,0,17,2,7,63,187
22,Capital,001,0007 ,0303,352,27,2,20,5,8,59,154
22,Capital,001,0007 ,0304,352,0,0,17,3,6,46,170
22,Capital,001,0007 ,0305,352,4,4,14,8,10,55,182
22,Capital,001,0007 ,0306,352,28,4,23,2,7,50,168
22,Capital,001,0007 ,0307,351,26,0,10,4,7,62,170
22,Capital,001,0007 ,0308,349,23,3,10,4,10,73,148
22,Capital,001,0007 ,0309,351,22,2,10,2,14,69,149
22,Capital,001,0007 ,0310,353,27,4,14,4,19,66,161
22,Capital,001,0007 ,0311,353,38,0,12,3,13,50,180
22,Capital,001,0007 ,0312,350,24,1,11,3,13,60,178
22,Capital,001,0007 ,0313,352,17,1,16,11,9,62,169
22,Capital,001,0007 ,0314,351,14,0,9,5,8,67,200
22,Capital,001,0007 ,0315,351,29,1,20,10,8,50,174
22,Capital,001,0007 ,0316,350,20,0,18,1,8,63,180
22,Capital,001,0007 ,0317,349,32,5,21,5,13,63,142
22,Capital,001,0007 ,0318,351,34,3,9,4,11,55,172
22,Capital,001,0007 ,0319,349,0,0,0,0,0,0,0
22,Capital,001,0007 ,0320,351,34,2,9,3,15,65,155
22,Capital,001,0007 ,0321,350,32,4,17,3,5,66,166
22,Capital,001,0007 ,0322,350,27,0,19,2,11,70,158
22,Capital,001,0007 ,0323,351,29,1,11,4,5,77,156
22,Capital,001,0007 ,0324,351,32,11,25,9,15,52,147
22,Capital,001,0007 ,0325,355,32,3,8,9,16,55,169
22,Capital,001,0007 ,0326,353,28,1,17,2,11,75,158
22,Capital,001,0007 ,0327,352,34,4,11,2,12,46,182
22,Capital,001,0007 ,0328,353,0,3,9,7,13,60,176
22,Capital,001,0007 ,0329,352,30,4,24,3,13,50,158
22,Capital,001,0007 ,0330,351,3,1,15,2,10,60,174
22,Capital,001,0007 ,0331,356,32,0,15,4,4,61,184
22,Capital,001,0007 ,0332,350,24,5,16,3,3,67,174
22,Capital,001,0007 ,0333,352,43,5,17,4,6,26,183
22,Capital,001,0007 ,0334,352,43,6,8,9,8,71,149
22,Capital,001,0007 ,0335,353,28,2,13,4,5,59,167
22,Capital,001,0007 ,0336,350,16,1,11,8,8,67,167
22,Capital,001,0007 ,0337,352,15,1,17,4,8,64,173
22,Capital,001,0007 ,0338,352,21,0,117,3,5,80,161
22,Capital,001,0007 ,0339,351,6,9,8,5,5,71,166
22,Capital,001,0007 ,0340,355,35,7,14,2,4,68,167
22,Capital,001,0007 ,0341,353,30,7,14,5,10,52,167
22,Capital,001,0007 ,0342,351,7,4,10,5,12,81,144
22,Capital,001,0007 ,0343,205,18,0,10,1,3,39,109
22,Capital,001,0007A,0344,351,21,0,10,3,7,72,171
22,Capital,001,0007A,0345,348,32,1,10,1,11,80,153
22,Capital,001,0007A,0346,348,26,6,23,2,8,74,131
22,Capital,001,0007A,0347,351,22,0,13,3,8,94,142
22,Capital,001,0007A,0348,352,39,5,21,3,7,60,152
22,Capital,001,0007A,0349,349,32,2,20,2,8,59,143
22,Capital,001,0007A,0350,350,24,3,9,4,10,68,153
22,Capital,001,0007A,0351,352,28,2,17,0,10,54,169
22,Capital,001,0007A,0352,349,21,5,16,3,8,84,137
22,Capital,001,0007A,0353,349,27,1,19,7,8,54,168
22,Capital,001,0007A,0354,348,28,1,13,3,5,64,150
22,Capital,001,0007A,0355,349,29,8,13,3,8,60,150
22,Capital,001,0007A,0356,351,32,0,8,3,5,53,178
22,Capital,001,0007A,0357,350,35,0,17,3,5,69,146
22,Capital,001,0007A,0358,350,24,5,15,7,6,54,163
22,Capital,001,0007A,0359,354,12,0,14,2,6,71,179
22,Capital,001,0007A,0360,350,42,0,15,5,11,69,141
22,Capital,001,0007A,0361,352,0,0,16,3,4,86,139
22,Capital,001,0007A,0362,351,36,0,14,1,3,78,140
22,Capital,001,0007A,0363,349,13,4,18,3,6,87,147
22,Capital,001,0007A,0364,352,29,3,14,7,8,64,151
22,Capital,001,0007A,0365,348,33,0,14,5,7,68,152
22,Capital,001,0007A,0366,350,5,1,16,5,4,52,164
22,Capital,001,0007A,0367,352,10,0,16,2,3,70,133
22,Capital,001,0007A,0368,354,0,0,11,3,3,58,169
22,Capital,001,0007A,0369,352,29,4,8,3,6,79,144
22,Capital,001,0007A,0370,352,14,1,15,4,0,82,0
22,Capital,001,0007A,0371,349,0,0,21,3,4,80,147
22,Capital,001,0007A,0372,352,22,0,16,1,5,94,135
22,Capital,001,0007A,0373,350,36,2,16,1,3,73,133
22,Capital,001,0007A,0374,287,24,1,9,5,7,63,118
22,Capital,001,0007B,0375,355,29,1,22,6,5,54,157
22,Capital,001,0007B,0376,354,25,6,13,5,3,55,179
22,Capital,001,0007B,0377,354,39,7,13,4,9,46,156
22,Capital,001,0007B,0378,354,28,3,9,4,12,65,167
22,Capital,001,0007B,0379,352,31,2,16,6,6,58,154
22,Capital,001,0007B,0380,351,10,0,10,3,2,49,175
22,Capital,001,0007B,0381,351,27,5,13,4,11,61,156
22,Capital,001,0007B,0382,351,23,1,14,7,9,63,150
22,Capital,001,0007B,0383,350,3,7,11,3,6,52,171
22,Capital,001,0007B,0384,352,29,1,21,4,7,83,138
22,Capital,001,0007B,0385,352,34,4,9,1,20,73,154
22,Capital,001,0007B,0386,353,26,0,12,2,4,81,164
22,Capital,001,0007B,0387,353,32,4,11,5,8,52,159
22,Capital,001,0007B,0388,350,24,2,13,5,4,52,182
22,Capital,001,0007B,0389,355,21,1,15,4,12,61,165
22,Capital,001,0007B,0390,353,26,7,15,5,7,54,171
22,Capital,001,0007B,0391,351,33,3,8,5,8,61,174
22,Capital,001,0007B,0392,351,24,7,15,4,2,67,148
22,Capital,001,0007B,0393,354,23,2,12,0,10,40,192
22,Capital,001,0007B,0394,348,25,6,14,4,7,60,166
22,Capital,001,0007B,0395,354,28,2,14,4,11,51,174
22,Capital,001,0007B,0396,354,27,0,13,1,8,42,197
22,Capital,001,0007B,0397,353,22,2,10,1,2,33,210
22,Capital,001,0007B,0398,351,86,1,8,3,3,32,206
22,Capital,001,0007B,0399,350,30,1,10,0,5,42,180
22,Capital,001,0007B,0400,353,36,7,14,5,5,49,168
22,Capital,001,0007B,0401,351,30,6,15,3,8,71,159
22,Capital,001,0007B,0402,352,27,4,12,2,11,55,174
22,Capital,001,0007B,0403,356,41,9,14,3,13,37,159
22,Capital,001,0007B,0404,353,36,0,11,4,8,43,195
22,Capital,001,0007B,0405,352,23,2,14,4,12,48,186
22,Capital,001,0007B,0406,351,37,0,14,3,7,74,146
22,Capital,001,0007B,0407,351,35,8,12,2,6,44,157
22,Capital,001,0007B,0408,351,35,0,19,2,5,48,176
22,Capital,001,0007B,0409,350,30,4,12,5,6,77,146
22,Capital,001,0007B,0410,351,26,0,16,4,6,50,175
22,Capital,001,0007B,0411,351,32,1,17,2,9,63,145
22,Capital,001,0007B,0412,353,25,1,15,2,8,43,191
22,Capital,001,0007B,0413,356,24,0,9,5,4,64,171
22,Capital,001,0007B,0414,350,28,0,20,8,6,47,170
22,Capital,001,0007B,0415,354,26,0,15,2,8,62,178
22,Capital,001,0007B,0416,353,25,4,7,3,8,63,179
22,Capital,001,0007B,0417,355,25,4,10,3,6,43,188
22,Capital,001,0007B,0418,354,30,2,15,2,5,68,156
22,Capital,001,0007B,0419,351,3,2,20,4,3,58,176
22,Capital,001,0007B,0420,353,14,1,12,6,6,47,175
22,Capital,001,0007B,0421,351,25,0,11,4,5,52,186
22,Capital,001,0007B,0422,349,7,1,13,1,12,53,177
22,Capital,001,0007B,0423,357,1,6,13,3,7,54,92
22,Capital,001,0007B,0424,352,11,8,12,3,5,19,173
22,Capital,001,0007B,0425,354,24,8,22,8,7,45,159
22,Capital,001,0007B,0426,352,27,13,14,4,7,52,164
22,Capital,001,0007B,0427,350,24,1,16,3,12,37,183
22,Capital,001,0007B,0428,352,26,5,9,3,11,59,170
22,Capital,001,0007B,0429,350,31,8,18,1,7,51,168
22,Capital,001,0007B,0430,350,6,6,9,4,2,50,190
22,Capital,001,0007B,0431,353,7,2,14,0,6,40,200
22,Capital,001,0007B,0432,352,23,6,13,2,5,64,161
22,Capital,001,0007B,0433,353,56,3,14,3,5,46,156
22,Capital,001,0007B,0434,352,0,0,12,3,11,54,163
22,Capital,001,0007B,0435,352,7,2,15,4,7,47,172
22,Capital,001,0007B,0436,347,4,1,9,3,11,71,138
22,Capital,001,0007B,0437,354,4,8,18,1,7,56,160
22,Capital,001,0007B,0438,351,0,0,8,4,10,4,177
22,Capital,001,0007B,0439,351,26,4,19,5,6,56,174
22,Capital,001,0007B,0440,351,6,4,11,9,10,64,161
22,Capital,001,0007B,0441,354,34,1,6,1,4,55,190
22,Capital,001,0007B,0442,349,32,2,11,1,5,76,162
22,Capital,001,0007B,0443,352,0,0,27,2,3,61,146
22,Capital,001,0007B,0444,352,22,0,15,1,8,64,184
22,Capital,001,0007B,0445,349,31,0,15,3,10,63,169
22,Capital,001,0007B,0446,352,0,0,0,5,6,47,181
22,Capital,001,0007B,0447,353,27,1,16,5,3,50,176
22,Capital,001,0007B,0448,351,20,5,24,0,5,66,150
22,Capital,001,0007B,0449,351,37,6,13,2,7,56,154
22,Capital,001,0007B,0450,351,7,7,17,3,7,53,180
22,Capital,001,0007B,0451,351,24,0,10,2,3,56,186
22,Capital,001,0007B,0452,350,19,0,11,2,10,54,181
22,Capital,001,0007B,0453,357,32,0,11,2,6,77,149
22,Capital,001,0007B,0454,355,33,0,18,1,6,56,165
22,Capital,001,0007B,0455,351,28,0,13,6,6,68,158
22,Capital,001,0007B,0456,352,36,6,9,1,7,47,189
22,Capital,001,0007B,0457,349,20,7,10,1,10,8,180
22,Capital,001,0007B,0458,353,111,5,12,4,7,56,92
22,Capital,001,0007B,0459,352,34,1,19,4,9,58,153
22,Capital,001,0007B,0460,354,24,2,13,4,9,55,124
22,Capital,001,0007B,0461,354,26,8,12,0,13,57,164
22,Capital,001,0007B,0462,351,25,2,11,5,2,65,169
22,Capital,001,0007B,0463,352,24,6,12,2,6,0,157
22,Capital,001,0007B,0464,354,7,3,13,0,9,56,181
22,Capital,001,0007B,0465,351,34,1,10,2,5,48,170
22,Capital,001,0007B,0466,352,33,4,11,1,4,43,178
22,Capital,001,0007B,0467,352,34,2,10,4,9,44,195
22,Capital,001,0007B,0468,350,43,3,11,3,2,61,156
22,Capital,001,0007B,0469,351,35,5,17,2,7,62,146
22,Capital,001,0007B,0470,285,16,0,15,2,9,66,128
22,Capital,001,0008 ,0471,351,28,4,12,7,20,35,179
22,Capital,001,0008 ,0472,354,29,2,15,2,5,37,191
22,Capital,001,0008 ,0473,354,43,0,12,4,9,49,160
22,Capital,001,0008 ,0474,354,5,5,15,2,11,46,191
22,Capital,001,0008 ,0475,351,37,0,10,3,10,65,168
22,Capital,001,0008 ,0476,352,18,3,13,6,9,60,179
22,Capital,001,0008 ,0477,353,29,3,11,4,10,58,183
22,Capital,001,0008 ,0478,358,34,4,16,4,15,61,160
22,Capital,001,0008 ,0479,354,18,5,12,11,6,57,182
22,Capital,001,0008 ,0480,357,44,0,13,7,4,44,179
22,Capital,001,0008 ,0481,352,24,0,18,4,8,46,190
22,Capital,001,0008 ,0482,358,14,2,17,7,10,55,196
22,Capital,001,0008 ,0483,353,24,2,13,8,6,56,193
22,Capital,001,0008 ,0484,359,28,3,17,6,6,49,180
22,Capital,001,0008 ,0485,354,29,3,6,7,14,53,187
22,Capital,001,0008 ,0486,354,5,5,12,2,8,24,201
22,Capital,001,0008 ,0487,352,0,0,17,5,13,40,189
22,Capital,001,0008 ,0488,355,6,6,12,0,10,42,200
22,Capital,001,0008 ,0489,354,18,1,14,6,14,39,189
22,Capital,001,0008 ,0490,350,21,0,15,3,14,54,184
22,Capital,001,0008 ,0491,353,8,5,15,7,11,62,183
22,Capital,001,0008 ,0492,355,43,4,13,5,4,45,180
22,Capital,001,0008 ,0493,354,29,0,14,3,8,42,191
22,Capital,001,0008 ,0494,354,42,5,11,4,10,38,179
22,Capital,001,0008 ,0495,350,0,0,17,2,8,75,175
22,Capital,001,0008 ,0496,355,40,2,11,4,9,58,166
22,Capital,001,0008 ,0497,349,0,0,6,0,11,53,172
22,Capital,001,0008 ,0498,352,30,11,14,3,9,55,149
22,Capital,001,0008 ,0499,350,8,1,8,3,10,35,186
22,Capital,001,0008 ,0500,350,23,1,14,5,11,54,129
22,Capital,001,0008 ,0501,354,4,5,17,3,7,55,177
22,Capital,001,0008 ,0502,352,4,1,10,2,10,17,163
22,Capital,001,0008 ,0503,351,4,6,13,3,9,46,186
22,Capital,001,0008 ,0504,353,21,3,18,6,11,50,183
22,Capital,001,0008 ,0505,353,39,0,18,0,7,57,179
22,Capital,001,0008 ,0506,350,7,2,21,5,9,37,186
22,Capital,001,0008 ,0507,355,5,1,10,3,2,49,208
22,Capital,001,0008 ,0508,351,6,3,14,2,10,49,181
22,Capital,001,0008 ,0509,355,45,4,20,4,13,55,160
22,Capital,001,0008 ,0510,351,2,1,0,0,9,43,220
22,Capital,001,0008 ,0511,350,5,3,11,3,8,39,203
22,Capital,001,0008 ,0512,351,4,27,19,2,11,49,187
22,Capital,001,0008 ,0513,355,9,0,2,2,6,47,206
22,Capital,001,0008 ,0514,353,3,2,15,3,6,59,124
22,Capital,001,0008 ,0515,352,29,5,15,3,7,46,188
22,Capital,001,0008 ,0516,352,23,9,21,4,7,46,179
22,Capital,001,0008 ,0517,354,26,3,15,7,4,41,185
22,Capital,001,0008 ,0518,350,29,7,18,5,12,35,180
22,Capital,001,0008 ,0519,352,3,1,20,3,13,82,177
22,Capital,001,0008 ,0520,352,31,3,18,1,11,49,186
22,Capital,001,0008 ,0521,352,28,0,11,5,5,53,195
22,Capital,001,0008 ,0522,353,22,5,12,2,14,58,181
22,Capital,001,0008 ,0523,353,15,0,17,1,6,57,177
22,Capital,001,0008 ,0524,353,24,1,12,4,7,65,191
22,Capital,001,0008 ,0525,349,39,6,9,4,8,41,177
22,Capital,001,0008 ,0526,357,30,1,12,6,12,34,200
22,Capital,001,0008 ,0527,352,39,2,20,2,16,51,169
22,Capital,001,0008 ,0528,354,0,0,10,1,14,48,178
22,Capital,001,0008 ,0529,351,33,0,12,4,7,54,165
22,Capital,001,0008 ,0530,352,44,3,17,4,6,49,167
22,Capital,001,0008 ,0531,353,32,3,11,1,11,42,185
22,Capital,001,0008 ,0532,351,21,21,9,2,13,62,169
22,Capital,001,0008 ,0533,352,35,3,10,5,6,48,165
22,Capital,001,0008 ,0534,355,28,2,7,7,4,58,181
22,Capital,001,0008 ,0535,356,37,7,22,5,10,52,165
22,Capital,001,0008 ,0536,354,25,0,12,7,10,53,178
22,Capital,001,0008 ,0537,355,26,1,11,4,7,48,200
22,Capital,001,0008 ,0538,350,25,5,19,5,1,63,183
22,Capital,001,0008 ,0539,354,16,2,17,5,10,50,198
22,Capital,001,0008 ,0540,352,17,4,18,3,11,58,187
22,Capital,001,0008 ,0541,354,23,9,19,2,15,44,179
22,Capital,001,0008 ,0542,353,24,1,15,1,17,52,179
22,Capital,001,0008 ,0543,355,29,3,18,7,7,58,169
22,Capital,001,0008 ,0544,351,39,0,11,3,12,38,197
22,Capital,001,0008 ,0545,355,44,0,16,1,8,43,190
22,Capital,001,0008 ,0546,349,40,3,16,6,2,37,184
22,Capital,001,0008 ,0547,353,27,1,9,1,7,50,188
22,Capital,001,0008 ,0548,350,25,2,11,3,6,50,178
22,Capital,001,0008 ,0549,200,11,3,11,2,3,26,99
22,Capital,001,0008 ,0550,201,26,2,9,2,9,37,83
22,Capital,001,0009 ,0551,352,39,1,7,3,3,52,180
22,Capital,001,0009 ,0552,357,0,0,18,2,20,59,123
22,Capital,001,0009 ,0553,353,11,36,13,7,5,32,177
22,Capital,001,0009 ,0554,350,6,5,13,3,8,44,195
22,Capital,001,0009 ,0555,355,45,3,21,7,9,47,175
22,Capital,001,0009 ,0556,354,29,5,15,12,11,60,162
22,Capital,001,0009 ,0557,357,6,1,17,4,9,40,89
22,Capital,001,0009 ,0558,359,29,0,16,5,8,58,174
22,Capital,001,0009 ,0559,359,30,6,20,6,11,0,181
22,Capital,001,0009 ,0560,131,8,0,5,3,3,23,68
22,Capital,001,0010 ,0561,349,27,1,0,2,0,4,266
22,Capital,001,0010 ,0562,353,14,2,5,10,1,0,256
22,Capital,001,0010 ,0563,352,36,0,4,0,0,18,229
22,Capital,001,0010 ,0564,352,11,3,3,1,1,0,259
22,Capital,001,0010 ,0565,350,19,0,0,6,3,10,252
22,Capital,001,0010 ,0566,200,10,0,1,0,1,7,163
22,Capital,001,0010 ,0567,201,3,0,0,3,0,5,159
22,Capital,001,0011 ,0568,350,8,0,1,1,0,2,269
22,Capital,001,0011 ,0569,350,3,0,0,0,0,3,239
22,Capital,001,0011 ,0570,177,2,0,0,2,1,3,137
22,Capital,001,0011 ,0571,176,6,1,1,0,0,0,126
22,Capital,001,0012 ,0572,350,14,0,0,0,0,4,249
22,Capital,001,0012 ,0573,352,0,0,1,0,0,9,239
22,Capital,001,0012 ,0574,349,11,0,0,0,0,4,252
22,Capital,001,0012 ,0575,350,0,0,2,0,2,1,249
22,Capital,001,0012 ,0576,178,0,0,1,1,0,5,127
22,Capital,001,0012 ,0577,177,0,0,0,0,0,0,127
22,Capital,001,0013 ,0578,342,9,1,0,1,0,4,251
22,Capital,001,0013 ,0579,115,2,0,0,0,0,0,66
22,Capital,001,0014 ,0580,353,24,2,4,3,2,0,249
22,Capital,001,0014 ,0581,351,14,0,0,2,4,7,277
22,Capital,001,0014 ,0582,247,3,0,0,1,2,14,203
22,Capital,001,0015 ,0583,351,0,0,0,0,0,0,0
22,Capital,001,0015 ,0584,360,0,0,0,0,0,0,0
22,Capital,001,0015 ,0585,258,0,0,0,0,0,0,0
22,Capital,001,0016 ,0586,357,13,0,2,5,0,4,267
22,Capital,001,0016 ,0587,355,11,7,0,3,1,4,130
22,Capital,001,0016 ,0588,270,9,0,2,2,0,4,216
22,Capital,001,0017 ,0589,354,0,0,5,2,14,28,194
22,Capital,001,0017 ,0590,350,0,0,3,1,11,25,233
22,Capital,001,0017 ,0591,350,27,2,5,7,13,33,181
22,Capital,001,0017 ,0592,351,0,0,3,6,7,15,248
22,Capital,001,0017 ,0593,351,29,2,9,0,5,26,229
22,Capital,001,0017 ,0594,355,22,0,10,2,8,30,234
22,Capital,001,0017 ,0595,348,32,0,4,1,1,19,251
22,Capital,001,0017 ,0596,91,0,0,0,0,2,3,55
22,Capital,001,0018 ,0597,350,16,1,11,8,4,0,218
22,Capital,001,0018 ,0598,352,32,0,8,7,5,41,192
22,Capital,001,0018 ,0599,143,14,1,2,0,2,9,99
22,Avellaneda,002,0019 ,0600,352,2,0,0,0,0,1,203
22,Avellaneda,002,0019 ,0601,188,1,0,0,0,0,0,111
22,Avellaneda,002,0019 ,0602,188,1,0,0,0,0,0,0
22,Avellaneda,002,0020 ,0603,354,20,1,3,0,2,43,181
22,Avellaneda,002,0020 ,0604,351,24,0,1,2,8,42,184
22,Avellaneda,002,0020 ,0605,351,25,0,3,3,8,70,142
22,Avellaneda,002,0020 ,0606,353,32,0,2,1,7,46,189
22,Avellaneda,002,0020 ,0607,350,25,0,2,1,6,33,185
22,Avellaneda,002,0020 ,0608,351,27,0,2,1,4,49,203
22,Avellaneda,002,0020 ,0609,353,31,0,1,2,5,62,170
22,Avellaneda,002,0020 ,0610,352,22,0,2,0,1,50,199
22,Avellaneda,002,0020 ,0611,353,35,1,2,1,10,0,169
22,Avellaneda,002,0020 ,0612,354,0,0,3,0,2,44,187
22,Avellaneda,002,0020 ,0613,353,27,5,0,0,3,53,179
22,Avellaneda,002,0020 ,0614,349,23,0,2,1,6,39,205
22,Avellaneda,002,0020 ,0615,290,15,1,0,2,4,33,169
22,Avellaneda,002,0021 ,0616,355,10,0,0,0,0,6,267
22,Avellaneda,002,0021 ,0617,349,0,0,0,0,0,24,252
22,Avellaneda,002,0021 ,0618,349,0,0,0,0,0,0,269
22,Avellaneda,002,0021 ,0619,356,0,0,0,0,2,8,257
22,Avellaneda,002,0021 ,0620,350,1,0,1,0,0,10,0
22,Avellaneda,002,0021 ,0621,181,8,0,0,0,0,10,13
22,Avellaneda,002,0021 ,0622,180,0,0,0,0,0,4,128
22,Avellaneda,002,0022 ,0623,350,9,0,2,3,9,6,219
22,Avellaneda,002,0022 ,0624,283,15,0,3,0,0,11,171
22,Avellaneda,002,0023 ,0625,353,1,0,1,0,0,12,218
22,Avellaneda,002,0023 ,0626,353,0,0,0,0,6,12,237
22,Avellaneda,002,0023 ,0627,352,0,0,0,0,1,5,258
22,Avellaneda,002,0023 ,0628,354,0,0,1,1,1,20,190
22,Avellaneda,002,0023 ,0629,352,8,0,0,0,2,4,236
22,Avellaneda,002,0023 ,0630,355,3,1,1,1,0,21,201
22,Avellaneda,002,0023 ,0631,354,1,1,1,1,1,12,238
22,Avellaneda,002,0023 ,0632,352,13,0,0,1,1,9,243
22,Avellaneda,002,0023 ,0633,337,2,0,0,0,2,15,245
22,Avellaneda,002,0024 ,0634,356,15,2,0,0,0,5,287
22,Avellaneda,002,0024 ,0635,349,0,0,1,0,0,7,291
22,Avellaneda,002,0024 ,0636,353,3,1,1,0,0,3,282
22,Avellaneda,002,0024 ,0637,191,2,0,0,0,1,6,150
22,Avellaneda,002,0024 ,0638,187,2,0,0,0,2,5,146
22,Avellaneda,002,0025 ,0639,179,7,2,0,0,0,3,82
22,Avellaneda,002,0026 ,0640,357,2,0,0,0,0,4,301
22,Avellaneda,002,0026 ,0641,357,3,0,0,0,0,3,309
22,Avellaneda,002,0026 ,0642,357,4,1,0,0,1,1,309
22,Avellaneda,002,0026 ,0643,67,0,0,0,0,0,0,62
22,Avellaneda,002,0027 ,0644,351,57,0,0,0,1,26,210
22,Avellaneda,002,0027 ,0645,356,54,0,0,0,3,15,219
22,Avellaneda,002,0027 ,0646,354,43,0,0,0,0,15,244
22,Avellaneda,002,0027 ,0647,353,33,0,0,0,1,20,239
22,Avellaneda,002,0027 ,0648,351,22,1,0,0,0,29,225
22,Avellaneda,002,0027 ,0649,138,8,0,0,0,1,6,88
22,Aguirre,003,0028 ,0650,355,8,0,0,3,0,36,204
22,Aguirre,003,0028 ,0651,276,0,0,0,0,0,43,0
22,Aguirre,003,0029 ,0652,347,12,0,1,1,0,20,267
22,Aguirre,003,0029 ,0653,354,0,0,1,0,0,35,257
22,Aguirre,003,0029 ,0654,194,6,0,1,0,1,12,144
22,Aguirre,003,0029 ,0655,195,7,0,0,0,1,7,148
22,Aguirre,003,0030 ,0656,185,0,0,1,0,0,7,142
22,Aguirre,003,0031 ,0657,354,4,2,0,3,0,164,101
22,Aguirre,003,0031 ,0658,356,6,0,2,2,2,144,133
22,Aguirre,003,0031 ,0659,354,0,0,0,0,1,168,106
22,Aguirre,003,0031 ,0660,352,16,0,2,0,2,142,107
22,Aguirre,003,0031 ,0661,351,2,2,4,1,0,131,93
22,Aguirre,003,0031 ,0662,351,3,0,0,0,1,130,149
22,Aguirre,003,0031 ,0663,351,3,0,1,0,0,137,140
22,Aguirre,003,0031 ,0664,354,0,1,2,5,2,142,130
22,Aguirre,003,0031 ,0665,353,6,4,2,1,0,174,98
22,Aguirre,003,0031 ,0666,356,9,6,2,1,2,160,113
22,Aguirre,003,0031 ,0667,352,6,0,2,0,0,133,135
22,Aguirre,003,0031 ,0668,354,11,2,1,1,0,132,132
22,Aguirre,003,0031 ,0669,205,2,2,1,1,0,93,0
22,Alberdi,004,0032 ,0670,353,1,0,0,1,0,0,227
22,Alberdi,004,0032 ,0671,356,3,0,1,0,0,0,208
22,Alberdi,004,0032 ,0672,272,0,0,0,0,1,0,168
22,Alberdi,004,0033 ,0673,357,12,0,0,0,1,6,263
22,Alberdi,004,0033 ,0674,353,6,0,1,0,0,5,269
22,Alberdi,004,0033 ,0675,357,1,0,0,0,0,2,164
22,Alberdi,004,0033 ,0676,114,0,0,0,0,0,0,86
22,Alberdi,004,0033A,0677,159,2,0,0,1,1,7,93
22,Alberdi,004,0034 ,0678,353,0,0,0,2,9,14,251
22,Alberdi,004,0034 ,0679,351,11,0,3,4,14,5,221
22,Alberdi,004,0034 ,0680,356,13,0,1,1,7,9,228
22,Alberdi,004,0034 ,0681,354,13,0,2,0,3,11,241
22,Alberdi,004,0034 ,0682,349,4,1,1,1,4,22,216
22,Alberdi,004,0034 ,0683,352,26,0,0,0,4,9,238
22,Alberdi,004,0034 ,0684,353,0,0,1,2,8,13,248
22,Alberdi,004,0034 ,0685,357,11,3,3,0,7,17,236
22,Alberdi,004,0034 ,0686,354,0,0,1,0,4,20,134
22,Alberdi,004,0034 ,0687,355,14,0,0,2,9,8,232
22,Alberdi,004,0034 ,0688,362,6,0,0,0,7,11,221
22,Alberdi,004,0034 ,0689,354,15,0,0,1,0,15,247
22,Alberdi,004,0034 ,0690,354,16,0,2,0,17,6,237
22,Alberdi,004,0034 ,0691,358,24,0,2,3,8,8,245
22,Alberdi,004,0034 ,0692,353,0,0,0,0,18,7,113
22,Alberdi,004,0034 ,0693,356,0,0,1,16,10,16,135
22,Alberdi,004,0034 ,0694,179,1,0,0,1,2,3,67
22,Alberdi,004,0034 ,0695,181,10,0,1,2,2,0,124
22,Alberdi,004,0035 ,0696,359,11,1,0,0,0,0,272
22,Alberdi,004,0035 ,0697,300,4,0,0,0,0,1,229
22,Alberdi,004,0036 ,0698,353,2,0,0,1,2,10,282
22,Alberdi,004,0036 ,0699,355,5,0,2,0,0,7,284
22,Alberdi,004,0036 ,0700,358,3,1,0,1,0,4,0
22,Alberdi,004,0036 ,0701,351,3,0,1,0,0,4,276
22,Alberdi,004,0036 ,0702,354,13,0,0,0,1,10,281
22,Alberdi,004,0036 ,0703,355,7,1,0,3,1,3,277
22,Alberdi,004,0036 ,0704,235,5,0,0,0,3,1,195
22,Atamisqui,005,0037 ,0705,357,1,0,1,1,0,3,268
22,Atamisqui,005,0037 ,0706,359,0,0,0,0,0,5,279
22,Atamisqui,005,0037 ,0707,353,15,0,0,0,0,6,259
22,Atamisqui,005,0037 ,0708,358,2,1,0,1,0,5,279
22,Atamisqui,005,0037 ,0709,355,6,0,0,0,0,1,274
22,Atamisqui,005,0037 ,0710,353,17,1,0,0,2,0,266
22,Atamisqui,005,0037 ,0711,355,0,3,0,0,0,4,281
22,Atamisqui,005,0037 ,0712,361,7,1,0,0,0,2,296
22,Atamisqui,005,0037 ,0713,357,9,0,0,1,0,4,280
22,Atamisqui,005,0037 ,0714,354,8,0,0,0,0,1,266
22,Atamisqui,005,0037 ,0715,359,8,1,1,1,0,3,282
22,Atamisqui,005,0037 ,0716,85,7,0,2,0,0,0,53
22,Atamisqui,005,0038 ,0717,355,0,0,0,1,1,3,256
22,Atamisqui,005,0038 ,0718,366,0,0,0,0,0,5,282
22,Atamisqui,005,0038 ,0719,362,0,0,1,0,1,1,272
22,Atamisqui,005,0038 ,0720,174,0,0,1,0,0,3,121
22,Atamisqui,005,0039 ,0721,351,5,0,0,2,1,1,248
22,Atamisqui,005,0039 ,0722,346,0,0,0,0,1,0,232
22,Atamisqui,005,0040 ,0723,352,3,1,0,0,1,0,273
22,Atamisqui,005,0040 ,0724,188,0,0,0,0,0,0,130
22,Atamisqui,005,0040A,0725,218,3,0,0,2,2,9,110
22,Atamisqui,005,0041 ,0726,257,2,0,0,1,2,26,122
22,Atamisqui,005,0042 ,0727,352,5,1,0,0,0,8,269
22,Atamisqui,005,0042 ,0728,354,0,0,1,0,2,5,258
22,Atamisqui,005,0042 ,0729,353,0,0,0,1,1,10,247
22,Atamisqui,005,0042 ,0730,357,7,1,3,1,0,2,281
22,Atamisqui,005,0042 ,0731,352,0,0,0,0,0,4,304
22,Atamisqui,005,0042 ,0732,181,4,0,1,1,0,1,142
22,Banda,006,0043 ,0733,351,31,1,13,3,30,44,144
22,Banda,006,0043 ,0734,350,21,1,9,5,37,47,163
22,Banda,006,0043 ,0735,348,25,6,9,0,29,56,172
22,Banda,006,0043 ,0736,354,26,1,18,7,42,45,137
22,Banda,006,0043 ,0737,349,15,5,10,0,49,32,159
22,Banda,006,0043 ,0738,352,26,4,17,3,50,54,136
22,Banda,006,0043 ,0739,351,27,3,13,6,42,42,147
22,Banda,006,0043 ,0740,355,30,0,13,0,52,58,115
22,Banda,006,0043 ,0741,351,18,0,6,3,52,44,156
22,Banda,006,0043 ,0742,355,22,0,7,2,66,42,149
22,Banda,006,0043 ,0743,348,2,7,8,3,64,42,126
22,Banda,006,0043 ,0744,358,34,2,9,3,41,41,155
22,Banda,006,0043 ,0745,351,28,3,11,1,55,55,130
22,Banda,006,0043 ,0746,352,21,1,6,1,43,51,146
22,Banda,006,0043 ,0747,351,87,2,1,1,40,20,152
22,Banda,006,0043 ,0748,352,29,1,9,3,44,37,150
22,Banda,006,0043 ,0749,351,32,4,17,3,43,62,114
22,Banda,006,0043 ,0750,351,22,1,19,4,45,38,120
22,Banda,006,0043 ,0751,350,25,2,13,3,46,37,154
22,Banda,006,0043 ,0752,352,26,1,17,2,40,75,121
22,Banda,006,0043 ,0753,349,8,3,22,1,20,51,78
22,Banda,006,0043 ,0754,353,27,4,8,5,44,53,140
22,Banda,006,0043 ,0755,350,23,0,18,3,44,48,150
22,Banda,006,0043 ,0756,350,32,2,9,4,24,59,151
22,Banda,006,0043 ,0757,350,21,4,9,2,44,51,133
22,Banda,006,0043 ,0758,352,42,4,7,1,54,36,131
22,Banda,006,0043 ,0759,348,46,1,10,4,61,1,142
22,Banda,006,0043 ,0760,350,27,2,14,6,46,39,153
22,Banda,006,0043 ,0761,351,19,5,9,1,39,52,158
22,Banda,006,0043 ,0762,353,15,3,19,0,46,44,153
22,Banda,006,0043 ,0763,349,112,0,8,0,41,26,93
22,Banda,006,0043 ,0764,350,21,1,10,3,42,55,146
22,Banda,006,0043 ,0765,350,34,4,12,4,31,54,137
22,Banda,006,0043 ,0766,353,26,3,6,4,33,47,149
22,Banda,006,0043 ,0767,350,28,4,8,4,35,57,135
22,Banda,006,0043 ,0768,351,26,3,12,0,38,83,118
22,Banda,006,0043 ,0769,352,30,1,8,0,47,39,151
22,Banda,006,0043 ,0770,350,15,6,16,2,46,54,143
22,Banda,006,0043 ,0771,349,22,0,6,2,43,59,146
22,Banda,006,0043 ,0772,353,24,3,9,3,40,41,156
22,Banda,006,0043 ,0773,352,31,0,14,1,43,43,158
22,Banda,006,0043 ,0774,351,36,4,14,2,33,68,109
22,Banda,006,0043 ,0775,352,19,3,13,3,28,58,137
22,Banda,006,0043 ,0776,350,24,0,6,4,54,50,134
22,Banda,006,0043 ,0777,350,22,4,12,3,42,59,136
22,Banda,006,0043 ,0778,351,5,6,0,2,0,27,0
22,Banda,006,0043 ,0779,350,25,3,6,4,39,51,134
22,Banda,006,0043 ,0780,350,13,11,7,1,44,46,158
22,Banda,006,0043 ,0781,353,39,0,8,5,33,55,117
22,Banda,006,0043 ,0782,351,12,0,17,2,44,70,128
22,Banda,006,0043 ,0783,349,17,3,6,2,48,42,150
22,Banda,006,0043 ,0784,351,26,3,20,2,43,43,138
22,Banda,006,0043 ,0785,349,22,5,11,1,36,55,140
22,Banda,006,0043 ,0786,352,3,7,15,1,50,46,89
22,Banda,006,0043 ,0787,351,25,2,10,2,42,58,132
22,Banda,006,0043 ,0788,350,30,1,13,1,37,57,134
22,Banda,006,0043 ,0789,353,20,2,16,3,41,62,134
22,Banda,006,0043 ,0790,350,0,0,19,3,53,44,128
22,Banda,006,0043 ,0791,355,97,6,4,4,43,48,149
22,Banda,006,0043 ,0792,356,8,0,9,2,40,43,159
22,Banda,006,0043 ,0793,353,23,3,4,2,39,81,125
22,Banda,006,0043 ,0794,350,26,2,14,3,35,53,152
22,Banda,006,0043 ,0795,353,31,1,13,3,41,46,138
22,Banda,006,0043 ,0796,348,25,1,9,0,56,49,138
22,Banda,006,0043 ,0797,349,23,5,14,0,47,51,137
22,Banda,006,0043 ,0798,268,9,2,10,3,17,45,104
22,Banda,006,0044 ,0799,354,11,4,7,1,43,62,136
22,Banda,006,0044 ,0800,348,5,2,8,7,29,31,164
22,Banda,006,0044 ,0801,352,4,0,4,2,41,57,152
22,Banda,006,0044 ,0802,349,23,0,9,3,39,52,141
22,Banda,006,0044 ,0803,353,19,0,5,0,32,34,190
22,Banda,006,0044 ,0804,351,32,0,10,2,40,31,168
22,Banda,006,0044 ,0805,356,1,7,4,0,48,45,150
22,Banda,006,0044 ,0806,354,11,0,7,0,41,0,182
22,Banda,006,0044 ,0807,352,33,0,10,1,34,33,163
22,Banda,006,0044 ,0808,355,30,5,14,2,34,46,153
22,Banda,006,0044 ,0809,351,38,0,10,3,31,39,163
22,Banda,006,0044 ,0810,356,17,3,9,3,48,26,164
22,Banda,006,0044 ,0811,356,21,3,11,1,40,41,149
22,Banda,006,0044 ,0812,351,19,13,7,1,41,46,155
22,Banda,006,0044 ,0813,352,11,2,16,2,35,28,180
22,Banda,006,0044 ,0814,354,25,1,7,1,49,49,141
22,Banda,006,0044 ,0815,352,23,4,9,4,44,33,178
22,Banda,006,0044 ,0816,351,16,1,3,1,33,46,183
22,Banda,006,0044 ,0817,352,20,1,11,1,49,32,159
22,Banda,006,0044 ,0818,352,22,4,3,1,44,25,172
22,Banda,006,0044 ,0819,351,21,4,12,1,32,40,144
22,Banda,006,0044 ,0820,357,34,0,8,4,36,47,143
22,Banda,006,0044 ,0821,356,21,0,7,4,38,30,188
22,Banda,006,0044 ,0822,351,5,2,5,2,51,0,171
22,Banda,006,0044 ,0823,349,29,2,6,2,60,40,152
22,Banda,006,0044 ,0824,350,30,0,11,3,34,37,166
22,Banda,006,0044 ,0825,353,22,4,12,0,46,46,148
22,Banda,006,0044 ,0826,353,13,0,16,0,38,38,184
22,Banda,006,0044 ,0827,351,37,1,6,2,0,63,0
22,Banda,006,0044 ,0828,350,22,0,7,2,43,52,148
22,Banda,006,0044 ,0829,354,24,2,8,1,69,25,154
22,Banda,006,0044 ,0830,350,13,0,14,6,46,41,151
22,Banda,006,0044 ,0831,353,29,0,9,3,53,44,148
22,Banda,006,0044 ,0832,349,0,0,6,1,33,36,160
22,Banda,006,0044 ,0833,353,0,1,7,2,36,32,168
22,Banda,006,0044 ,0834,350,13,0,6,2,35,48,179
22,Banda,006,0044 ,0835,353,23,3,10,1,37,32,161
22,Banda,006,0044 ,0836,354,4,5,11,2,36,28,187
22,Banda,006,0044 ,0837,351,0,0,11,4,33,39,144
22,Banda,006,0044 ,0838,351,4,0,3,1,32,36,165
22,Banda,006,0044 ,0839,355,4,0,7,0,35,46,199
22,Banda,006,0044 ,0840,350,26,4,5,3,56,31,158
22,Banda,006,0044 ,0841,350,7,5,9,4,31,60,158
22,Banda,006,0044 ,0842,353,0,2,5,1,35,53,152
22,Banda,006,0044 ,0843,351,0,0,7,6,48,44,163
22,Banda,006,0044 ,0844,353,26,5,9,2,46,47,164
22,Banda,006,0044 ,0845,350,22,2,14,1,47,43,157
22,Banda,006,0044 ,0846,351,17,2,8,5,42,62,149
22,Banda,006,0044 ,0847,352,4,1,7,1,148,47,162
22,Banda,006,0044 ,0848,354,20,3,16,3,51,32,149
22,Banda,006,0044 ,0849,353,20,8,10,8,45,41,147
22,Banda,006,0044 ,0850,356,15,1,13,3,48,41,159
22,Banda,006,0044 ,0851,350,28,2,15,3,24,51,137
22,Banda,006,0044 ,0852,353,22,9,16,5,57,30,150
22,Banda,006,0044 ,0853,349,20,0,12,2,46,53,158
22,Banda,006,0044 ,0854,351,22,3,9,5,37,45,158
22,Banda,006,0044 ,0855,351,49,6,9,1,56,43,112
22,Banda,006,0044 ,0856,351,24,3,10,5,49,40,163
22,Banda,006,0044 ,0857,349,20,1,13,1,46,36,167
22,Banda,006,0044 ,0858,352,15,2,12,3,45,35,175
22,Banda,006,0044 ,0859,352,38,3,9,1,46,28,152
22,Banda,006,0044 ,0860,353,22,0,11,3,36,34,166
22,Banda,006,0044 ,0861,353,35,4,10,1,35,39,163
22,Banda,006,0044 ,0862,349,25,1,14,3,51,45,149
22,Banda,006,0044 ,0863,351,48,6,5,2,33,35,150
22,Banda,006,0044 ,0864,352,17,1,8,5,56,39,151
22,Banda,006,0044 ,0865,350,26,1,9,3,38,44,167
22,Banda,006,0044 ,0866,349,21,1,4,0,39,49,161
22,Banda,006,0044 ,0867,352,83,3,8,2,36,47,106
22,Banda,006,0044 ,0868,351,19,1,13,4,56,36,140
22,Banda,006,0044 ,0869,352,16,0,16,1,0,29,175
22,Banda,006,0044 ,0870,350,0,0,9,0,35,45,166
22,Banda,006,0044 ,0871,350,2,3,7,3,57,34,154
22,Banda,006,0044 ,0872,349,6,1,9,35,35,46,161
22,Banda,006,0044 ,0873,351,4,2,7,5,50,41,166
22,Banda,006,0044 ,0874,349,17,2,9,2,49,39,170
22,Banda,006,0044 ,0875,353,21,0,10,5,34,40,154
22,Banda,006,0044 ,0876,353,7,5,7,1,47,41,172
22,Banda,006,0044 ,0877,351,22,5,10,1,43,34,160
22,Banda,006,0044 ,0878,353,31,1,7,2,39,36,164
22,Banda,006,0044 ,0879,351,20,0,2,1,67,39,155
22,Banda,006,0044 ,0880,354,28,2,12,3,50,36,148
22,Banda,006,0044 ,0881,352,26,4,6,2,41,33,156
22,Banda,006,0044 ,0882,350,0,0,10,2,42,36,107
22,Banda,006,0044 ,0883,349,24,5,9,3,42,34,181
22,Banda,006,0044 ,0884,282,12,0,7,1,47,41,112
22,Banda,006,0045 ,0885,352,37,0,9,4,18,29,180
22,Banda,006,0045 ,0886,351,34,0,12,1,16,28,185
22,Banda,006,0045 ,0887,351,0,0,9,2,26,44,156
22,Banda,006,0045 ,0888,352,21,7,12,1,12,27,192
22,Banda,006,0045 ,0889,109,7,0,4,0,4,7,67
22,Banda,006,0046 ,0890,180,0,0,3,0,13,24,89
22,Banda,006,0046 ,0891,180,7,1,5,0,17,15,76
22,Banda,006,0047 ,0892,351,2,1,0,0,8,7,227
22,Banda,006,0047 ,0893,350,6,0,6,1,4,4,293
22,Banda,006,0047 ,0894,355,1,0,0,1,13,5,290
22,Banda,006,0047 ,0895,279,4,1,1,0,11,0,132
22,Banda,006,0048 ,0896,355,34,1,15,3,39,46,161
22,Banda,006,0048 ,0897,352,7,2,20,4,36,0,159
22,Banda,006,0048 ,0898,352,31,11,12,4,34,40,145
22,Banda,006,0048 ,0899,354,32,1,12,1,46,29,165
22,Banda,006,0048 ,0900,361,22,1,13,5,49,24,169
22,Banda,006,0048 ,0901,354,22,9,7,3,40,52,152
22,Banda,006,0048 ,0902,354,21,1,10,2,30,54,169
22,Banda,006,0048 ,0903,351,17,4,10,3,28,48,126
22,Banda,006,0048 ,0904,352,33,3,15,3,38,40,150
22,Banda,006,0048 ,0905,354,31,1,14,0,35,39,166
22,Banda,006,0048 ,0906,349,30,0,8,4,40,49,145
22,Banda,006,0048 ,0907,353,28,5,9,5,49,28,173
22,Banda,006,0048 ,0908,350,34,0,9,3,44,43,160
22,Banda,006,0048 ,0909,350,16,3,13,2,26,57,171
22,Banda,006,0048 ,0910,351,23,1,13,1,35,42,172
22,Banda,006,0048 ,0911,353,28,0,12,8,40,39,162
22,Banda,006,0048 ,0912,352,4,2,18,6,31,54,149
22,Banda,006,0048 ,0913,352,12,0,7,6,29,40,105
22,Banda,006,0048 ,0914,356,18,3,16,3,32,54,152
22,Banda,006,0048 ,0915,353,9,0,13,2,27,43,140
22,Banda,006,0048 ,0916,357,5,5,22,5,38,49,156
22,Banda,006,0048 ,0917,351,23,1,14,3,40,45,164
22,Banda,006,0048 ,0918,354,32,2,8,3,31,57,166
22,Banda,006,0048 ,0919,354,41,0,9,2,44,0,148
22,Banda,006,0048 ,0920,359,11,0,11,4,45,51,147
22,Banda,006,0048 ,0921,354,25,1,14,0,35,45,173
22,Banda,006,0048 ,0922,353,23,2,8,2,50,34,167
22,Banda,006,0048 ,0923,351,18,3,8,0,40,45,180
22,Banda,006,0048 ,0924,353,18,10,10,4,41,47,149
22,Banda,006,0048 ,0925,352,0,0,13,2,59,21,167
22,Banda,006,0048 ,0926,358,23,1,9,2,49,45,93
22,Banda,006,0048 ,0927,355,25,1,5,2,47,52,166
22,Banda,006,0048 ,0928,354,75,2,14,4,38,20,149
22,Banda,006,0048 ,0929,354,0,0,12,6,0,0,0
22,Banda,006,0048 ,0930,354,25,4,19,3,38,55,152
22,Banda,006,0048 ,0931,357,31,0,10,1,36,57,160
22,Banda,006,0048 ,0932,354,43,1,15,2,22,34,175
22,Banda,006,0048 ,0933,351,33,0,15,2,40,37,144
22,Banda,006,0048 ,0934,357,24,2,12,1,39,42,167
22,Banda,006,0048 ,0935,356,27,0,8,4,38,67,149
22,Banda,006,0048 ,0936,353,18,1,7,1,42,39,156
22,Banda,006,0048 ,0937,348,30,3,13,4,24,37,166
22,Banda,006,0048 ,0938,352,14,4,11,2,42,51,169
22,Banda,006,0048 ,0939,353,26,0,9,4,33,43,167
22,Banda,006,0048 ,0940,354,37,4,16,4,36,43,138
22,Banda,006,0048 ,0941,357,31,1,20,4,42,46,150
22,Banda,006,0048 ,0942,353,13,1,7,2,48,44,170
22,Banda,006,0048 ,0943,352,27,1,16,3,28,40,183
22,Banda,006,0048 ,0944,350,32,0,11,2,40,44,162
22,Banda,006,0048 ,0945,352,30,4,15,4,38,51,151
22,Banda,006,0048 ,0946,352,33,1,8,1,33,31,168
22,Banda,006,0048 ,0947,351,29,0,10,3,42,41,159
22,Banda,006,0048 ,0948,355,32,2,14,4,54,39,151
22,Banda,006,0048 ,0949,356,2,3,12,1,25,40,191
22,Banda,006,0048 ,0950,353,2,0,13,4,32,52,158
22,Banda,006,0048 ,0951,355,27,4,13,0,41,51,152
22,Banda,006,0048 ,0952,350,32,1,12,2,35,42,162
22,Banda,006,0048 ,0953,352,12,2,12,1,41,37,177
22,Banda,006,0048 ,0954,352,28,1,6,0,54,40,166
22,Banda,006,0048 ,0955,353,29,3,10,1,45,43,151
22,Banda,006,0048 ,0956,353,4,3,16,0,33,51,160
22,Banda,006,0048 ,0957,352,20,5,8,3,39,38,168
22,Banda,006,0048 ,0958,354,33,0,12,0,56,63,121
22,Banda,006,0048 ,0959,351,18,2,15,2,41,46,151
22,Banda,006,0048 ,0960,72,5,2,4,0,5,9,21
22,Banda,006,0049 ,0961,352,0,0,0,6,1,0,241
22,Banda,006,0049 ,0962,352,8,3,3,0,0,0,239
22,Banda,006,0049 ,0963,351,25,2,1,0,0,0,250
22,Banda,006,0049 ,0964,345,13,0,1,1,3,10,234
22,Banda,006,0049A,0965,133,5,0,1,2,3,10,53
22,Banda,006,0050 ,0966,347,0,0,0,0,3,4,256
22,Banda,006,0050 ,0967,185,0,0,1,0,2,1,133
22,Banda,006,0050 ,0968,185,0,0,0,0,3,4,127
22,Banda,006,0051 ,0969,357,7,0,2,0,3,6,265
22,Banda,006,0051 ,0970,196,2,0,1,0,6,1,144
22,Banda,006,0051 ,0971,198,0,0,0,2,4,2,151
22,Banda,006,0052 ,0972,354,60,0,4,3,3,8,216
22,Banda,006,0052 ,0973,353,22,0,2,2,1,10,260
22,Banda,006,0052 ,0974,352,44,0,0,2,0,8,236
22,Banda,006,0052 ,0975,353,24,0,4,1,9,10,237
22,Banda,006,0052 ,0976,352,26,5,2,1,1,15,246
22,Banda,006,0052 ,0977,356,21,0,1,1,1,11,207
22,Banda,006,0052 ,0978,354,25,5,2,0,2,7,252
22,Banda,006,0052 ,0979,352,41,1,4,2,1,12,235
22,Banda,006,0052 ,0980,353,55,0,3,0,5,8,228
22,Banda,006,0052 ,0981,354,38,2,0,1,2,11,245
22,Banda,006,0052 ,0982,350,0,0,2,3,1,8,254
22,Banda,006,0052 ,0983,357,37,2,5,0,0,9,241
22,Banda,006,0052 ,0984,349,2,0,1,5,1,12,237
22,Banda,006,0052 ,0985,353,22,2,0,1,0,16,238
22,Banda,006,0052 ,0986,353,29,0,2,2,2,14,224
22,Banda,006,0052 ,0987,354,41,1,3,0,3,6,232
22,Banda,006,0052 ,0988,352,39,5,0,1,3,12,234
22,Banda,006,0052 ,0989,349,19,1,0,1,2,13,250
22,Banda,006,0052 ,0990,355,43,0,3,0,1,8,245
22,Banda,006,0052 ,0991,353,45,0,3,0,3,12,231
22,Banda,006,0052 ,0992,353,46,0,0,1,1,0,230
22,Banda,006,0052 ,0993,356,20,3,1,2,2,9,263
22,Banda,006,0052 ,0994,354,0,0,1,2,2,8,230
22,Banda,006,0052 ,0995,353,55,0,0,1,2,12,220
22,Banda,006,0052 ,0996,350,32,5,1,0,1,5,242
22,Banda,006,0052 ,0997,351,52,0,1,0,1,8,228
22,Banda,006,0052 ,0998,350,0,3,3,0,0,7,237
22,Banda,006,0053 ,0999,352,0,0,4,3,5,9,190
22,Banda,006,0053 ,1000,351,0,196,0,3,0,0,193
22,Banda,006,0053 ,1001,78,0,0,0,0,0,0,64
22,Banda,006,0053A,1002,293,13,1,2,5,4,38,156
22,Banda,006,0054 ,1003,351,5,0,3,4,8,10,219
22,Banda,006,0054 ,1004,315,1,2,1,1,0,6,201
22,Banda,006,0055 ,1005,348,1,0,0,2,2,17,222
22,Banda,006,0055 ,1006,349,0,0,0,0,3,17,93
22,Banda,006,0055 ,1007,352,2,0,0,0,0,15,246
22,Banda,006,0055 ,1008,127,0,0,0,0,2,1,75
22,Banda,006,0056 ,1009,348,1,3,0,0,1,1,223
22,Banda,006,0056 ,1010,349,0,0,0,0,0,0,0
22,Banda,006,0056 ,1011,127,0,1,0,0,0,0,1
22,Banda,006,0057 ,1012,353,0,0,0,0,1,4,249
22,Banda,006,0057 ,1013,192,1,1,0,2,0,0,116
22,Banda,006,0058 ,1014,355,6,0,0,4,1,10,263
22,Banda,006,0058 ,1015,353,6,0,4,2,8,11,246
22,Banda,006,0058 ,1016,353,17,1,0,0,13,8,259
22,Banda,006,0058 ,1017,355,25,0,1,3,8,10,253
22,Banda,006,0058 ,1018,351,0,0,0,1,2,15,258
22,Banda,006,0058 ,1019,355,3,0,0,0,7,4,272
22,Banda,006,0058 ,1020,350,29,0,0,1,2,17,252
22,Banda,006,0058 ,1021,277,25,0,4,0,8,9,182
22,Banda,006,0059 ,1022,352,0,0,3,0,6,6,269
22,Banda,006,0059 ,1023,96,0,0,0,0,10,2,65
22,Banda,006,0060 ,1024,196,0,0,1,0,4,0,123
22,Banda,006,0060 ,1025,196,10,0,2,0,3,17,109
22,Banda,006,0061 ,1026,354,20,0,4,3,3,27,177
22,Banda,006,0061 ,1027,127,8,0,2,0,3,14,55
22,Banda,006,0062 ,1028,354,7,0,4,2,18,34,207
22,Banda,006,0062 ,1029,217,2,0,2,1,12,11,126
22,Banda,006,0063 ,1030,348,16,1,5,0,29,22,187
22,Banda,006,0063 ,1031,349,28,1,1,0,31,27,159
22,Banda,006,0063 ,1032,192,17,0,3,1,9,7,115
22,Banda,006,0064 ,1033,351,2,0,1,0,1,2,262
22,Banda,006,0064 ,1034,353,5,0,3,1,0,1,254
22,Banda,006,0064 ,1035,334,4,0,1,0,4,2,244
22,Banda,006,0065 ,1036,353,29,0,2,1,2,10,207
22,Banda,006,0065 ,1037,229,0,0,0,1,1,9,130
22,Banda,006,0066 ,1038,354,6,0,0,0,9,4,255
22,Banda,006,0066 ,1039,351,11,1,0,0,3,8,240
22,Banda,006,0066 ,1040,352,20,1,1,1,7,5,196
22,Banda,006,0066 ,1041,355,20,0,0,0,4,2,258
22,Banda,006,0066 ,1042,348,27,0,1,0,14,4,232
22,Banda,006,0066 ,1043,328,23,0,1,2,12,6,237
22,Belgrano,007,0067 ,1044,355,19,1,2,1,1,109,161
22,Belgrano,007,0067 ,1045,356,16,0,0,3,4,109,144
22,Belgrano,007,0067 ,1046,352,23,5,3,2,0,127,111
22,Belgrano,007,0067 ,1047,352,18,1,0,1,1,117,143
22,Belgrano,007,0067 ,1048,354,11,5,3,5,3,120,144
22,Belgrano,007,0067 ,1049,350,6,4,0,2,4,122,141
22,Belgrano,007,0067 ,1050,351,20,0,1,5,4,97,169
22,Belgrano,007,0067 ,1051,348,17,0,1,3,4,139,115
22,Belgrano,007,0067 ,1052,351,19,5,2,0,6,89,15
22,Belgrano,007,0067 ,1053,352,5,0,1,2,7,113,139
22,Belgrano,007,0067 ,1054,349,18,4,6,9,4,117,143
22,Belgrano,007,0067 ,1055,350,12,0,6,1,2,118,131
22,Belgrano,007,0067 ,1056,350,9,1,1,2,2,127,155
22,Belgrano,007,0067 ,1057,352,9,12,1,2,7,115,152
22,Belgrano,007,0067 ,1058,355,0,0,0,4,8,109,153
22,Belgrano,007,0067 ,1059,79,1,1,1,0,3,23,32
22,Belgrano,007,0067A,1060,234,17,0,1,0,1,72,92
22,Belgrano,007,0068 ,1061,356,2,1,0,0,0,21,279
22,Belgrano,007,0068 ,1062,125,1,0,0,0,0,11,93
22,Belgrano,007,0069 ,1063,351,14,0,0,0,0,0,169
22,Belgrano,007,0069 ,1064,356,0,1,0,1,0,69,214
22,Belgrano,007,0069 ,1065,196,8,1,0,0,0,57,95
22,Copo,008,0070 ,1066,348,13,1,0,0,0,1,249
22,Copo,008,0070 ,1067,349,4,0,0,0,0,0,226
22,Copo,008,0070 ,1068,349,4,0,0,0,0,0,239
22,Copo,008,0070 ,1069,74,0,0,0,0,0,0,26
22,Copo,008,0070A,1070,309,3,0,0,0,0,1,229
22,Copo,008,0071 ,1071,351,19,1,0,3,6,10,194
22,Copo,008,0071 ,1072,351,25,0,1,0,9,0,193
22,Copo,008,0071 ,1073,351,11,0,3,1,10,21,194
22,Copo,008,0071 ,1074,347,3,0,2,1,3,17,212
22,Copo,008,0071 ,1075,351,13,0,0,1,9,23,221
22,Copo,008,0071 ,1076,349,20,0,0,2,4,18,203
22,Copo,008,0071 ,1077,351,29,0,0,1,6,20,170
22,Copo,008,0071 ,1078,352,22,0,5,1,10,33,188
22,Copo,008,0071 ,1079,351,14,0,1,3,11,23,201
22,Copo,008,0071 ,1080,349,28,2,1,1,2,17,145
22,Copo,008,0071 ,1081,350,22,0,0,2,13,15,202
22,Copo,008,0071 ,1082,350,14,0,3,1,4,17,223
22,Copo,008,0071 ,1083,352,13,2,1,4,6,22,127
22,Copo,008,0071 ,1084,351,10,4,5,1,8,26,187
22,Copo,008,0071 ,1085,348,48,0,4,2,7,6,186
22,Copo,008,0071 ,1086,352,37,1,0,3,7,38,164
22,Copo,008,0071 ,1087,347,4,0,1,1,5,23,134
22,Copo,008,0071 ,1088,348,28,0,3,3,7,28,194
22,Copo,008,0071 ,1089,350,14,0,4,1,5,27,203
22,Copo,008,0071 ,1090,353,0,0,0,0,5,16,203
22,Copo,008,0071 ,1091,347,17,0,1,0,6,18,211
22,Copo,008,0071 ,1092,351,0,0,3,2,3,26,199
22,Copo,008,0071 ,1093,351,15,1,1,0,1,19,191
22,Copo,008,0071 ,1094,350,5,6,0,5,8,30,194
22,Copo,008,0071 ,1095,352,16,0,0,1,6,19,218
22,Copo,008,0071 ,1096,351,19,1,2,2,0,27,197
22,Copo,008,0071 ,1097,350,19,0,2,1,2,20,200
22,Copo,008,0071 ,1098,350,0,0,0,1,8,17,221
22,Copo,008,0071 ,1099,351,24,1,6,4,4,28,167
22,Copo,008,0071 ,1100,348,16,0,7,1,2,34,204
22,Copo,008,0071 ,1101,347,21,0,0,1,3,23,195
22,Copo,008,0071 ,1102,164,11,0,0,4,0,8,79
22,Copo,008,0072 ,1103,351,4,3,1,1,4,2,254
22,Copo,008,0072 ,1104,351,0,0,0,0,9,4,241
22,Copo,008,0072 ,1105,352,8,0,3,2,6,7,245
22,Copo,008,0072 ,1106,352,14,2,2,2,2,9,209
22,Copo,008,0072 ,1107,350,6,8,5,0,7,0,211
22,Copo,008,0072 ,1108,349,9,0,5,3,2,13,237
22,Copo,008,0072 ,1109,352,3,5,1,1,2,10,230
22,Copo,008,0072 ,1110,352,6,2,0,3,3,3,246
22,Copo,008,0072 ,1111,353,1,4,3,3,7,12,262
22,Copo,008,0072 ,1112,170,0,0,5,2,1,0,119
22,Copo,008,0072A,1113,351,3,0,0,1,0,0,285
22,Copo,008,0072A,1114,353,2,0,0,2,0,3,286
22,Copo,008,0072A,1115,352,7,0,1,0,0,3,287
22,Copo,008,0072A,1116,299,2,0,0,1,0,0,0
22,Copo,008,0072B,1117,359,7,2,0,0,0,1,262
22,Copo,008,0072B,1118,271,2,0,0,0,0,4,210
22,Copo,008,0073 ,1119,349,34,0,0,0,0,2,227
22,Copo,008,0073 ,1120,350,42,3,1,0,0,1,233
22,Copo,008,0073 ,1121,348,0,1,0,0,1,2,0
22,Copo,008,0073 ,1122,349,10,0,0,0,0,2,261
22,Copo,008,0073 ,1123,153,3,0,0,0,0,0,115
22,Choya,009,0074 ,1124,352,5,3,1,0,0,4,255
22,Choya,009,0074 ,1125,351,6,3,0,2,1,1,270
22,Choya,009,0074 ,1126,358,0,0,0,0,1,6,259
22,Choya,009,0074 ,1127,106,0,0,0,0,0,0,83
22,Choya,009,0075 ,1128,280,0,0,0,3,2,5,211
22,Choya,009,0076 ,1129,351,10,0,3,4,4,11,187
22,Choya,009,0076 ,1130,81,1,0,0,1,3,1,52
22,Choya,009,0077 ,1131,352,31,4,6,1,18,37,193
22,Choya,009,0077 ,1132,353,21,0,11,4,13,34,184
22,Choya,009,0077 ,1133,349,36,4,5,2,13,33,175
22,Choya,009,0077 ,1134,350,16,18,8,1,16,27,180
22,Choya,009,0077 ,1135,357,24,5,3,6,16,40,176
22,Choya,009,0077 ,1136,356,27,5,8,3,19,47,172
22,Choya,009,0077 ,1137,352,35,0,9,3,22,26,172
22,Choya,009,0077 ,1138,354,6,4,2,2,31,33,165
22,Choya,009,0077 ,1139,352,40,3,3,5,25,35,171
22,Choya,009,0077 ,1140,352,9,5,12,5,27,43,166
22,Choya,009,0077 ,1141,350,33,2,11,1,19,38,183
22,Choya,009,0077 ,1142,347,0,0,5,5,27,26,173
22,Choya,009,0077 ,1143,354,36,6,9,1,18,30,177
22,Choya,009,0077 ,1144,353,37,4,4,2,16,27,185
22,Choya,009,0077 ,1145,352,9,0,6,3,19,26,196
22,Choya,009,0077 ,1146,352,5,9,9,4,15,28,182
22,Choya,009,0077 ,1147,350,9,7,10,2,23,24,187
22,Choya,009,0077 ,1148,353,26,1,5,2,20,22,200
22,Choya,009,0077 ,1149,349,11,6,11,3,18,40,182
22,Choya,009,0077 ,1150,352,4,5,9,7,26,0,159
22,Choya,009,0077 ,1151,351,8,5,7,1,16,51,166
22,Choya,009,0077 ,1152,361,14,18,4,2,16,43,183
22,Choya,009,0077 ,1153,351,0,0,10,2,17,31,179
22,Choya,009,0077 ,1154,355,21,5,6,2,32,26,197
22,Choya,009,0077 ,1155,351,10,0,9,2,15,30,187
22,Choya,009,0077 ,1156,354,28,3,9,0,20,47,176
22,Choya,009,0077 ,1157,354,22,2,4,2,17,37,187
22,Choya,009,0077 ,1158,350,1,1,6,5,25,14,164
22,Choya,009,0077 ,1159,352,30,4,9,5,21,37,174
22,Choya,009,0077 ,1160,350,5,5,4,3,18,43,179
22,Choya,009,0077 ,1161,353,34,2,9,3,18,31,183
22,Choya,009,0077 ,1162,352,38,0,6,4,23,29,177
22,Choya,009,0077 ,1163,348,22,8,2,21,17,0,220
22,Choya,009,0077 ,1164,353,0,0,8,3,19,36,86
22,Choya,009,0077 ,1165,352,31,1,5,5,12,18,212
22,Choya,009,0077 ,1166,355,9,7,9,5,30,11,188
22,Choya,009,0077 ,1167,353,5,9,3,1,15,38,195
22,Choya,009,0077 ,1168,355,15,6,6,6,24,41,184
22,Choya,009,0077 ,1169,354,26,5,4,1,25,39,180
22,Choya,009,0077 ,1170,353,13,5,9,3,21,22,188
22,Choya,009,0077 ,1171,353,26,0,9,2,20,32,200
22,Choya,009,0077 ,1172,351,26,0,4,4,33,25,177
22,Choya,009,0077 ,1173,349,8,1,2,1,29,45,167
22,Choya,009,0077 ,1174,353,47,4,4,2,18,32,175
22,Choya,009,0077 ,1175,352,8,4,5,3,19,22,177
22,Choya,009,0077 ,1176,350,55,7,4,1,24,29,154
22,Choya,009,0077 ,1177,350,25,3,6,4,13,22,183
22,Choya,009,0077 ,1178,351,38,2,1,4,28,20,181
22,Choya,009,0077 ,1179,352,25,2,7,4,29,33,177
22,Choya,009,0077 ,1180,352,0,0,9,0,25,37,179
22,Choya,009,0077 ,1181,349,8,0,5,1,20,29,202
22,Choya,009,0077 ,1182,353,10,4,4,4,20,40,179
22,Choya,009,0077 ,1183,349,41,5,4,3,15,20,177
22,Choya,009,0077 ,1184,349,8,10,5,3,18,36,188
22,Choya,009,0077 ,1185,349,10,1,15,4,23,40,172
22,Choya,009,0077 ,1186,353,34,0,3,4,25,25,182
22,Choya,009,0077 ,1187,355,9,0,3,4,21,29,188
22,Choya,009,0077 ,1188,354,20,2,6,3,15,41,181
22,Choya,009,0077 ,1189,349,40,4,3,0,9,31,214
22,Choya,009,0077 ,1190,352,0,0,5,2,21,31,181
22,Choya,009,0077 ,1191,200,5,4,3,2,15,35,88
22,Choya,009,0077 ,1192,202,0,0,4,1,11,20,112
22,Choya,009,0078 ,1193,351,0,0,2,2,0,0,266
22,Choya,009,0078 ,1194,352,2,2,0,4,1,3,255
22,Choya,009,0078 ,1195,350,0,0,0,0,0,0,277
22,Choya,009,0078 ,1196,180,0,3,1,1,2,1,139
22,Choya,009,0078 ,1197,179,0,0,0,1,2,2,121
22,Choya,009,0079 ,1198,285,1,0,0,0,0,0,183
22,Choya,009,0080 ,1199,27,0,0,0,1,0,0,11
22,Choya,009,0081 ,1200,354,1,1,0,0,1,1,296
22,Choya,009,0081 ,1201,357,4,0,0,0,0,0,315
22,Choya,009,0081 ,1202,353,2,0,1,0,2,5,307
22,Choya,009,0081 ,1203,206,4,0,0,0,1,1,173
22,Choya,009,0082 ,1204,117,2,2,2,1,4,4,41
22,Choya,009,0083 ,1205,161,2,0,2,0,1,13,90
22,Choya,009,0084 ,1206,123,0,0,0,0,0,4,37
22,Choya,009,0085 ,1207,164,0,0,0,0,0,0,115
22,Choya,009,0086 ,1208,348,0,0,0,1,7,6,254
22,Choya,009,0086 ,1209,125,0,0,0,0,4,0,98
22,Figueroa,010,0087 ,1210,352,5,2,0,0,0,15,120
22,Figueroa,010,0087 ,1211,351,13,0,0,1,1,9,265
22,Figueroa,010,0087 ,1212,352,2,0,0,0,1,14,18
22,Figueroa,010,0087 ,1213,351,6,0,2,0,1,11,266
22,Figueroa,010,0087 ,1214,212,6,0,0,0,0,2,172
22,Figueroa,010,0088 ,1215,351,0,0,1,0,2,12,212
22,Figueroa,010,0088 ,1216,349,0,0,2,1,2,6,202
22,Figueroa,010,0088 ,1217,73,0,0,0,0,0,0,8
22,Figueroa,010,0089 ,1218,347,6,0,0,0,0,2,235
22,Figueroa,010,0089 ,1219,347,7,0,0,0,1,6,227
22,Figueroa,010,0089A,1220,355,0,0,0,0,3,3,220
22,Figueroa,010,0089A,1221,354,1,0,0,0,1,0,246
22,Figueroa,010,0089A,1222,183,0,0,0,0,1,0,129
22,Figueroa,010,0089A,1223,184,0,0,0,0,3,0,92
22,Figueroa,010,0090 ,1224,355,9,1,6,0,8,3,185
22,Figueroa,010,0090 ,1225,353,5,1,3,2,21,18,151
22,Figueroa,010,0090 ,1226,70,1,0,0,0,2,2,26
22,Figueroa,010,0091 ,1227,350,0,0,1,2,3,0,175
22,Figueroa,010,0091 ,1228,360,8,0,1,1,8,16,173
22,Figueroa,010,0091 ,1229,181,0,0,2,0,4,5,85
22,Figueroa,010,0092 ,1230,358,7,0,1,0,3,1,274
22,Figueroa,010,0092 ,1231,360,7,1,0,1,2,0,272
22,Figueroa,010,0092 ,1232,362,7,2,1,0,2,1,273
22,Figueroa,010,0092 ,1233,355,10,1,4,4,2,11,252
22,Figueroa,010,0092 ,1234,354,15,1,0,1,0,4,251
22,Figueroa,010,0092 ,1235,358,12,0,1,0,0,4,263
22,Figueroa,010,0092 ,1236,355,3,0,0,0,0,2,259
22,Figueroa,010,0092 ,1237,92,2,0,0,0,0,1,61
22,Figueroa,010,0093 ,1238,354,0,0,0,0,0,1,0
22,Figueroa,010,0093 ,1239,354,0,0,1,1,1,0,141
22,Figueroa,010,0093 ,1240,351,0,0,0,0,0,0,0
22,Figueroa,010,0093 ,1241,187,6,0,0,0,4,1,128
22,Figueroa,010,0093 ,1242,187,0,2,0,1,0,2,136
22,Figueroa,010,0094 ,1243,352,0,0,1,0,3,5,253
22,Figueroa,010,0094 ,1244,353,0,0,1,0,0,1,272
22,Figueroa,010,0094 ,1245,352,2,2,1,0,0,0,250
22,Figueroa,010,0094 ,1246,350,0,0,0,0,0,9,238
22,Figueroa,010,0094 ,1247,201,0,1,0,0,0,2,140
22,Figueroa,010,0094 ,1248,198,0,0,0,0,0,0,0
22,Figueroa,010,0095 ,1249,349,0,0,1,0,0,4,233
22,Figueroa,010,0095 ,1250,350,0,4,0,0,0,1,248
22,Figueroa,010,0095 ,1251,351,0,1,3,1,0,3,227
22,Figueroa,010,0095 ,1252,110,0,0,0,0,1,1,71
22,Guasayn,011,0096 ,1253,356,0,0,0,0,1,5,272
22,Guasayn,011,0096 ,1254,320,3,0,0,0,1,7,0
22,Guasayn,011,0097 ,1255,349,14,0,1,0,1,2,261
22,Guasayn,011,0097 ,1256,65,0,0,0,0,1,2,55
22,Guasayn,011,0098 ,1257,350,6,0,1,0,7,4,272
22,Guasayn,011,0098 ,1258,354,1,0,2,2,3,5,260
22,Guasayn,011,0098 ,1259,349,12,0,0,0,11,3,254
22,Guasayn,011,0098 ,1260,340,4,0,0,0,9,9,252
22,Guasayn,011,0099 ,1261,347,47,0,1,1,0,22,174
22,Guasayn,011,0099 ,1262,178,23,0,1,0,1,12,96
22,Guasayn,011,0100 ,1263,348,9,0,1,10,4,0,236
22,Guasayn,011,0100 ,1264,349,0,0,3,1,3,27,237
22,Guasayn,011,0100 ,1265,351,8,2,1,5,6,19,242
22,Guasayn,011,0100 ,1266,349,8,6,2,1,7,28,227
22,Guasayn,011,0100 ,1267,200,0,0,1,2,1,19,109
22,Guasayn,011,0100 ,1268,199,8,1,2,0,1,18,131
22,Guasayn,011,0101 ,1269,351,5,4,0,0,3,7,297
22,Guasayn,011,0101 ,1270,316,4,1,0,0,0,4,98
22,Guasayn,011,0102 ,1271,353,0,0,0,0,0,0,0
22,Guasayn,011,0102 ,1272,138,0,0,0,0,0,0,123
22,Jimnez,012,0103 ,1273,348,13,0,0,1,1,1,262
22,Jimnez,012,0103 ,1274,351,3,0,1,0,1,1,279
22,Jimnez,012,0103 ,1275,354,2,2,0,0,0,2,267
22,Jimnez,012,0103 ,1276,208,0,0,0,0,0,0,170
22,Jimnez,012,0104 ,1277,354,0,4,1,3,0,4,272
22,Jimnez,012,0104 ,1278,352,9,0,0,0,0,0,272
22,Jimnez,012,0104 ,1279,352,1,0,0,2,0,2,288
22,Jimnez,012,0104 ,1280,245,0,0,0,0,0,2,129
22,Jimnez,012,0105 ,1281,349,0,1,2,1,0,0,293
22,Jimnez,012,0105 ,1282,353,10,0,0,2,0,3,290
22,Jimnez,012,0105 ,1283,198,0,2,0,0,0,1,169
22,Jimnez,012,0105 ,1284,199,0,0,0,1,1,2,162
22,Jimnez,012,0105A,1285,282,0,0,2,0,2,10,159
22,Jimnez,012,0106 ,1286,350,25,3,1,4,6,15,224
22,Jimnez,012,0106 ,1287,348,27,2,2,1,2,7,228
22,Jimnez,012,0106 ,1288,356,37,2,0,2,3,4,230
22,Jimnez,012,0106 ,1289,350,39,0,2,2,1,15,203
22,Jimnez,012,0106 ,1290,354,32,2,1,0,2,16,225
22,Jimnez,012,0106 ,1291,356,24,0,1,1,2,0,217
22,Jimnez,012,0106 ,1292,348,31,0,2,7,3,15,213
22,Jimnez,012,0106 ,1293,354,30,7,2,1,0,11,233
22,Jimnez,012,0106 ,1294,353,27,0,2,0,4,15,230
22,Jimnez,012,0106 ,1295,118,5,0,1,0,1,6,81
22,Jimnez,012,0107 ,1296,362,3,0,0,2,0,2,296
22,Jimnez,012,0107 ,1297,356,3,2,0,1,0,0,302
22,Jimnez,012,0107 ,1298,356,2,0,0,4,0,3,290
22,Jimnez,012,0107 ,1299,353,5,0,0,3,0,1,285
22,Jimnez,012,0107 ,1300,300,2,0,0,1,1,0,249
22,Jimnez,012,0107A,1301,235,0,0,1,2,1,0,142
22,Jimnez,012,0107B,1302,264,3,0,1,2,1,17,140
22,Jimnez,012,0108 ,1303,351,8,0,1,0,3,1,285
22,Jimnez,012,0108 ,1304,356,2,1,0,0,0,1,300
22,Jimnez,012,0108 ,1305,324,1,3,1,0,1,0,277
22,Jimnez,012,0109 ,1306,242,2,0,0,1,0,16,54
22,Loreto,013,0110 ,1307,347,9,0,5,1,6,54,209
22,Loreto,013,0110 ,1308,353,11,4,1,1,3,52,195
22,Loreto,013,0110 ,1309,351,34,0,3,3,5,42,184
22,Loreto,013,0110 ,1310,350,26,2,3,1,1,47,194
22,Loreto,013,0110 ,1311,352,27,4,5,1,0,37,207
22,Loreto,013,0110 ,1312,350,37,2,1,2,3,25,192
22,Loreto,013,0110 ,1313,350,31,6,5,3,3,24,200
22,Loreto,013,0110 ,1314,349,30,0,3,1,0,34,193
22,Loreto,013,0110 ,1315,349,26,0,2,5,4,57,169
22,Loreto,013,0110 ,1316,353,37,2,4,2,5,45,168
22,Loreto,013,0110 ,1317,350,12,0,3,0,2,55,191
22,Loreto,013,0110 ,1318,346,10,3,1,0,2,30,204
22,Loreto,013,0110 ,1319,351,0,0,3,4,5,45,195
22,Loreto,013,0110 ,1320,350,43,1,5,1,2,43,189
22,Loreto,013,0110 ,1321,351,50,1,4,0,2,50,187
22,Loreto,013,0110 ,1322,344,21,5,4,1,6,51,196
22,Loreto,013,0110 ,1323,352,34,0,3,1,10,49,172
22,Loreto,013,0110 ,1324,349,43,0,8,3,2,63,159
22,Loreto,013,0110 ,1325,348,37,0,1,3,4,66,167
22,Loreto,013,0110 ,1326,351,12,5,4,1,7,38,205
22,Loreto,013,0110 ,1327,351,17,1,3,4,3,51,173
22,Loreto,013,0110 ,1328,350,23,5,1,0,6,62,177
22,Loreto,013,0110 ,1329,349,34,0,0,0,7,55,181
22,Loreto,013,0110 ,1330,350,15,1,2,1,3,43,199
22,Loreto,013,0110 ,1331,351,18,2,9,2,3,56,185
22,Loreto,013,0110 ,1332,349,12,9,10,3,2,41,186
22,Loreto,013,0110 ,1333,349,19,4,1,2,5,50,192
22,Loreto,013,0110 ,1334,346,17,3,3,1,8,45,109
22,Loreto,013,0110 ,1335,350,26,2,1,9,4,35,193
22,Loreto,013,0110 ,1336,189,9,0,2,0,1,0,107
22,Loreto,013,0110 ,1337,191,5,5,3,0,0,36,82
22,Loreto,013,0110A,1338,295,13,0,1,2,3,16,161
22,Loreto,013,0111 ,1339,356,0,0,0,1,0,0,248
22,Loreto,013,0111 ,1340,149,3,0,0,0,0,0,113
22,Loreto,013,0112 ,1341,291,4,5,2,0,1,9,171
22,Loreto,013,0113 ,1342,353,0,0,0,0,0,2,0
22,Loreto,013,0113 ,1343,349,2,0,1,1,0,0,274
22,Loreto,013,0113 ,1344,97,0,0,0,1,0,0,70
22,Loreto,013,0114 ,1345,296,0,0,1,0,1,11,180
22,Loreto,013,0115 ,1346,178,4,0,1,0,1,8,71
22,Loreto,013,0115 ,1347,179,0,0,1,2,1,3,78
22,Loreto,013,0116 ,1348,351,0,0,0,0,0,2,223
22,Loreto,013,0116 ,1349,195,1,0,0,0,0,1,79
22,Loreto,013,0116 ,1350,195,0,0,0,0,0,1,0
22,Loreto,013,0117 ,1351,335,15,7,0,1,2,0,174
22,Loreto,013,0117A,1352,351,0,0,0,0,0,0,0
22,Loreto,013,0117A,1353,190,0,0,0,0,0,0,135
22,Loreto,013,0118 ,1354,196,0,1,0,0,1,8,124
22,Loreto,013,0118 ,1355,199,7,0,0,1,0,2,107
22,Loreto,013,0119 ,1356,292,15,0,2,0,1,6,139
22,Loreto,013,0120 ,1357,196,0,0,0,0,1,1,140
22,Loreto,013,0120 ,1358,195,2,1,0,0,0,0,139
22,Juan F. Ibarra,014,0121 ,1359,351,2,0,1,1,88,26,128
22,Juan F. Ibarra,014,0121 ,1360,350,3,3,1,1,82,20,131
22,Juan F. Ibarra,014,0121 ,1361,347,0,0,4,0,90,8,144
22,Juan F. Ibarra,014,0121 ,1362,356,9,0,0,2,113,17,139
22,Juan F. Ibarra,014,0121 ,1363,352,10,1,2,1,84,14,158
22,Juan F. Ibarra,014,0121 ,1364,349,0,0,1,5,66,22,137
22,Juan F. Ibarra,014,0121 ,1365,357,2,0,2,1,76,27,136
22,Juan F. Ibarra,014,0121 ,1366,350,0,0,1,1,67,23,152
22,Juan F. Ibarra,014,0121 ,1367,350,16,1,0,2,64,19,151
22,Juan F. Ibarra,014,0121 ,1368,352,19,0,0,5,97,18,123
22,Juan F. Ibarra,014,0121 ,1369,353,12,1,3,3,74,25,132
22,Juan F. Ibarra,014,0121 ,1370,350,8,2,0,3,89,19,158
22,Juan F. Ibarra,014,0121 ,1371,356,0,0,4,2,62,19,146
22,Juan F. Ibarra,014,0121 ,1372,355,14,7,2,0,79,35,141
22,Juan F. Ibarra,014,0121 ,1373,354,25,0,0,0,82,24,130
22,Juan F. Ibarra,014,0121 ,1374,352,8,1,3,2,88,22,146
22,Juan F. Ibarra,014,0121 ,1375,184,1,0,0,1,34,9,84
22,Juan F. Ibarra,014,0122 ,1376,200,1,0,0,0,2,0,124
22,Juan F. Ibarra,014,0122 ,1377,203,0,0,0,1,1,3,125
22,Juan F. Ibarra,014,0123 ,1378,352,8,0,0,0,1,30,254
22,Juan F. Ibarra,014,0123 ,1379,352,2,0,0,0,2,14,274
22,Juan F. Ibarra,014,0123 ,1380,352,11,0,0,0,2,27,256
22,Juan F. Ibarra,014,0123 ,1381,117,0,0,1,0,0,1,84
22,Juan F. Ibarra,014,0124 ,1382,351,5,0,0,1,10,1,247
22,Juan F. Ibarra,014,0124 ,1383,349,0,0,1,1,7,4,263
22,Juan F. Ibarra,014,0124 ,1384,355,0,0,1,0,20,2,255
22,Juan F. Ibarra,014,0124 ,1385,292,0,0,0,1,9,0,176
22,Juan F. Ibarra,014,0125 ,1386,313,14,0,2,0,15,4,224
22,Juan F. Ibarra,014,0125A,1387,106,0,0,0,0,0,5,64
22,Juan F. Ibarra,014,0126 ,1388,358,6,4,3,0,0,2,280
22,Juan F. Ibarra,014,0126 ,1389,273,7,0,0,0,1,0,216
22,Juan F. Ibarra,014,0126A,1390,356,4,2,0,0,3,6,258
22,Juan F. Ibarra,014,0126A,1391,355,6,0,0,0,0,3,281
22,Juan F. Ibarra,014,0126A,1392,289,4,0,1,1,0,5,206
22,Juan F. Ibarra,014,0126B,1393,359,13,0,0,7,0,1,325
22,Juan F. Ibarra,014,0126B,1394,116,6,0,0,2,0,0,99
22,Mitre,015,0127 ,1395,352,21,3,0,0,0,13,240
22,Mitre,015,0127 ,1396,355,24,0,1,0,0,33,222
22,Mitre,015,0127 ,1397,210,6,1,0,0,0,24,138
22,Mitre,015,0128 ,1398,92,3,0,0,0,0,22,8
22,Mitre,015,0129 ,1399,83,0,0,0,0,1,3,19
22,Mitre,015,0130 ,1400,128,0,2,0,0,0,9,70
22,Moreno,016,0131 ,1401,214,0,0,0,42,4,0,80
22,Moreno,016,0132 ,1402,82,4,0,0,8,0,1,26
22,Moreno,016,0133 ,1403,105,5,0,0,5,6,7,30
22,Moreno,016,0134 ,1404,323,9,0,0,8,7,6,99
22,Moreno,016,0135 ,1405,351,0,0,0,1,12,2,112
22,Moreno,016,0135 ,1406,108,0,0,0,0,2,0,80
22,Moreno,016,0136 ,1407,359,0,0,0,12,21,5,156
22,Moreno,016,0136 ,1408,353,1,1,1,6,14,2,227
22,Moreno,016,0136 ,1409,363,0,0,0,2,25,4,261
22,Moreno,016,0136 ,1410,166,0,0,0,3,10,1,113
22,Moreno,016,0137 ,1411,216,0,0,0,59,6,2,65
22,Moreno,016,0138 ,1412,325,0,0,1,5,22,15,153
22,Moreno,016,0139 ,1413,350,6,2,4,5,2,0,243
22,Moreno,016,0139 ,1414,351,0,0,2,4,3,20,224
22,Moreno,016,0139 ,1415,350,10,0,0,7,9,10,131
22,Moreno,016,0139 ,1416,357,3,5,1,11,3,14,229
22,Moreno,016,0139 ,1417,354,6,2,2,5,4,16,228
22,Moreno,016,0139 ,1418,356,5,1,5,3,5,13,220
22,Moreno,016,0139 ,1419,358,4,2,1,5,0,17,242
22,Moreno,016,0139 ,1420,353,12,2,5,4,6,14,232
22,Moreno,016,0139 ,1421,354,0,0,2,1,2,11,239
22,Moreno,016,0139 ,1422,357,5,0,2,2,6,13,238
22,Moreno,016,0139 ,1423,357,1,0,2,3,2,15,237
22,Moreno,016,0139 ,1424,321,9,3,2,3,8,0,94
22,Moreno,016,0139A,1425,358,0,0,0,2,0,0,0
22,Moreno,016,0139A,1426,204,1,2,0,4,0,0,135
22,Moreno,016,0139A,1427,210,1,1,0,1,0,6,155
22,Moreno,016,0139B,1428,323,1,0,0,0,4,2,153
22,Moreno,016,0140 ,1429,351,11,18,2,85,9,8,158
22,Moreno,016,0140 ,1430,350,0,0,1,86,2,12,141
22,Moreno,016,0140 ,1431,349,7,4,0,64,6,41,134
22,Moreno,016,0140 ,1432,350,0,0,1,90,5,10,154
22,Moreno,016,0140 ,1433,349,16,0,2,71,7,21,160
22,Moreno,016,0140 ,1434,350,1,0,0,0,5,12,0
22,Moreno,016,0140 ,1435,354,9,3,3,102,4,3,159
22,Moreno,016,0140 ,1436,350,21,5,0,103,6,0,124
22,Moreno,016,0140 ,1437,352,20,0,5,70,5,34,146
22,Moreno,016,0140 ,1438,350,28,0,3,86,6,23,140
22,Moreno,016,0140 ,1439,352,14,3,2,93,6,23,142
22,Moreno,016,0140 ,1440,348,23,2,2,112,5,18,120
22,Moreno,016,0140 ,1441,350,32,0,0,83,11,19,131
22,Moreno,016,0140 ,1442,350,32,0,2,84,6,13,150
22,Moreno,016,0140 ,1443,352,81,0,0,86,6,9,146
22,Moreno,016,0140 ,1444,350,36,3,8,89,6,21,116
22,Moreno,016,0140 ,1445,351,21,6,0,79,8,15,146
22,Moreno,016,0140 ,1446,355,23,1,2,101,13,10,125
22,Moreno,016,0140 ,1447,351,27,0,1,84,7,31,133
22,Moreno,016,0140 ,1448,346,19,1,0,94,9,15,139
22,Moreno,016,0140 ,1449,353,21,0,2,94,7,19,132
22,Moreno,016,0140 ,1450,350,0,0,1,83,12,13,142
22,Moreno,016,0140 ,1451,352,27,6,2,81,6,13,145
22,Moreno,016,0140 ,1452,352,15,0,1,104,14,14,129
22,Moreno,016,0140 ,1453,350,18,7,1,101,7,11,131
22,Moreno,016,0140 ,1454,348,17,1,3,87,6,9,146
22,Moreno,016,0140 ,1455,350,16,0,1,89,9,11,158
22,Moreno,016,0140 ,1456,351,29,0,3,88,7,12,131
22,Moreno,016,0140 ,1457,349,20,0,3,98,6,4,147
22,Moreno,016,0140 ,1458,351,35,0,1,91,3,0,143
22,Moreno,016,0140 ,1459,352,29,1,1,125,4,20,122
22,Moreno,016,0140 ,1460,307,18,0,4,86,0,11,0
22,Moreno,016,0141 ,1461,351,9,0,0,0,2,3,219
22,Moreno,016,0141 ,1462,254,6,0,0,2,4,3,155
22,Moreno,016,0142 ,1463,352,5,0,0,9,0,2,248
22,Moreno,016,0142 ,1464,349,4,0,2,14,0,3,238
22,Moreno,016,0142 ,1465,130,2,0,0,2,1,0,85
22,Moreno,016,0143 ,1466,349,7,0,0,2,0,0,285
22,Moreno,016,0143 ,1467,137,1,0,0,1,0,0,109
22,Moreno,016,0144 ,1468,351,3,0,0,6,0,1,219
22,Moreno,016,0144 ,1469,354,1,1,2,3,0,0,231
22,Moreno,016,0144 ,1470,70,2,0,1,1,1,0,38
22,Moreno,016,0144A,1471,350,8,0,0,6,11,5,251
22,Moreno,016,0144A,1472,231,7,0,0,5,5,5,166
22,Ojo de Agua,017,0145 ,1473,349,11,2,0,0,1,7,1
22,Ojo de Agua,017,0145 ,1474,355,8,1,2,1,0,3,277
22,Ojo de Agua,017,0145 ,1475,351,8,0,1,0,3,0,267
22,Ojo de Agua,017,0145 ,1476,353,0,0,2,1,1,10,252
22,Ojo de Agua,017,0145 ,1477,351,0,0,0,0,1,3,281
22,Ojo de Agua,017,0145 ,1478,351,8,0,0,3,1,7,272
22,Ojo de Agua,017,0145 ,1479,351,7,3,0,0,0,5,284
22,Ojo de Agua,017,0145 ,1480,350,6,0,0,0,0,6,285
22,Ojo de Agua,017,0145 ,1481,353,8,1,1,1,1,12,267
22,Ojo de Agua,017,0145 ,1482,354,0,0,0,0,0,3,287
22,Ojo de Agua,017,0145 ,1483,350,3,1,0,0,0,3,282
22,Ojo de Agua,017,0145 ,1484,353,8,1,1,0,1,2,302
22,Ojo de Agua,017,0145 ,1485,348,3,0,1,0,2,6,266
22,Ojo de Agua,017,0145 ,1486,353,3,0,0,0,1,9,271
22,Ojo de Agua,017,0145 ,1487,355,9,0,1,2,2,4,278
22,Ojo de Agua,017,0145 ,1488,352,7,4,0,3,0,8,273
22,Ojo de Agua,017,0145 ,1489,350,2,3,1,0,2,8,269
22,Ojo de Agua,017,0145 ,1490,351,8,0,2,1,0,5,274
22,Ojo de Agua,017,0145 ,1491,351,4,0,1,0,1,14,283
22,Ojo de Agua,017,0145 ,1492,350,10,0,0,0,0,9,277
22,Ojo de Agua,017,0145 ,1493,352,8,1,0,0,0,5,270
22,Ojo de Agua,017,0145 ,1494,353,3,1,0,2,2,12,272
22,Ojo de Agua,017,0145 ,1495,274,7,0,2,1,2,8,208
22,Ojo de Agua,017,0145A,1496,104,0,0,1,0,0,0,73
22,Ojo de Agua,017,0146 ,1497,198,0,0,0,0,1,0,128
22,Ojo de Agua,017,0146 ,1498,197,1,0,1,0,0,0,125
22,Ojo de Agua,017,0147 ,1499,206,3,1,2,1,0,0,112
22,Ojo de Agua,017,0147A,1500,328,3,0,0,1,0,0,141
22,Ojo de Agua,017,0148 ,1501,224,1,0,0,0,0,2,147
22,Ojo de Agua,017,0148A,1502,85,0,0,0,0,0,3,65
22,Ojo de Agua,017,0149 ,1503,305,8,0,0,1,0,4,186
22,Ojo de Agua,017,0150 ,1504,352,22,3,0,0,0,4,232
22,Ojo de Agua,017,0150 ,1505,358,9,1,1,0,0,3,252
22,Ojo de Agua,017,0150 ,1506,360,0,1,1,0,0,13,253
22,Ojo de Agua,017,0150 ,1507,355,19,0,2,0,2,6,245
22,Ojo de Agua,017,0150 ,1508,358,15,3,0,0,0,7,261
22,Ojo de Agua,017,0150 ,1509,356,0,0,0,0,0,9,265
22,Pellegrini,018,0151 ,1510,190,1,0,0,0,0,4,105
22,Pellegrini,018,0151 ,1511,188,10,0,0,0,0,4,92
22,Pellegrini,018,0152 ,1512,354,7,0,1,2,0,3,245
22,Pellegrini,018,0152 ,1513,149,4,0,0,0,1,4,89
22,Pellegrini,018,0153 ,1514,351,0,0,0,0,0,20,244
22,Pellegrini,018,0153 ,1515,351,0,0,0,0,0,0,0
22,Pellegrini,018,0153 ,1516,139,0,1,0,0,0,17,91
22,Pellegrini,018,0154 ,1517,353,0,0,2,3,1,12,243
22,Pellegrini,018,0154 ,1518,352,12,0,0,0,2,18,247
22,Pellegrini,018,0154 ,1519,356,10,1,7,2,1,11,251
22,Pellegrini,018,0154 ,1520,356,9,1,2,3,1,16,236
22,Pellegrini,018,0154 ,1521,351,2,3,2,1,1,22,234
22,Pellegrini,018,0154 ,1522,357,7,1,1,1,0,0,246
22,Pellegrini,018,0154 ,1523,351,9,1,0,0,3,10,237
22,Pellegrini,018,0154 ,1524,354,3,0,1,0,1,22,222
22,Pellegrini,018,0154 ,1525,354,11,1,1,0,2,6,242
22,Pellegrini,018,0154 ,1526,356,16,0,3,0,0,16,240
22,Pellegrini,018,0154 ,1527,357,5,2,8,5,4,12,236
22,Pellegrini,018,0154 ,1528,355,5,0,1,3,1,16,248
22,Pellegrini,018,0154 ,1529,354,6,0,2,19,2,13,254
22,Pellegrini,018,0154 ,1530,354,4,0,0,1,1,20,237
22,Pellegrini,018,0154 ,1531,355,12,0,1,1,1,5,247
22,Pellegrini,018,0154 ,1532,352,5,3,2,0,0,9,267
22,Pellegrini,018,0154 ,1533,356,14,4,0,1,0,17,235
22,Pellegrini,018,0154 ,1534,289,4,0,2,1,3,13,201
22,Pellegrini,018,0154A,1535,185,5,1,0,2,1,5,87
22,Pellegrini,018,0154A,1536,185,0,0,1,0,1,10,89
22,Pellegrini,018,0155 ,1537,362,0,0,1,0,0,10,213
22,Pellegrini,018,0155 ,1538,157,0,0,0,0,0,0,58
22,Pellegrini,018,0156 ,1539,350,10,11,0,0,1,1,234
22,Pellegrini,018,0156 ,1540,206,1,1,0,1,0,4,154
22,Pellegrini,018,0157 ,1541,350,3,1,0,1,0,1,271
22,Pellegrini,018,0157 ,1542,354,5,1,1,1,1,1,269
22,Pellegrini,018,0157 ,1543,354,6,0,0,4,1,1,281
22,Pellegrini,018,0157 ,1544,356,1,0,0,5,0,2,271
22,Pellegrini,018,0157 ,1545,355,13,0,0,1,0,4,271
22,Pellegrini,018,0157 ,1546,357,3,0,0,0,0,1,271
22,Pellegrini,018,0157 ,1547,197,2,1,0,0,0,0,152
22,Pellegrini,018,0157 ,1548,197,2,0,0,1,0,2,153
22,Pellegrini,018,0158 ,1549,356,0,0,1,0,0,0,301
22,Pellegrini,018,0158 ,1550,319,0,0,0,0,0,4,266
22,Pellegrini,018,0158A,1551,351,3,1,0,0,0,10,0
22,Pellegrini,018,0158A,1552,203,2,0,0,0,2,3,152
22,Pellegrini,018,0159 ,1553,357,3,2,0,0,0,0,248
22,Pellegrini,018,0159 ,1554,194,0,0,0,0,0,0,144
22,Pellegrini,018,0160 ,1555,355,3,0,1,1,0,0,223
22,Pellegrini,018,0160 ,1556,353,3,1,1,0,0,3,236
22,Pellegrini,018,0160 ,1557,126,0,0,0,0,0,6,91
22,Quebrachos,019,0161 ,1558,180,0,0,0,0,1,3,98
22,Quebrachos,019,0161 ,1559,179,2,0,0,0,0,5,99
22,Quebrachos,019,0162 ,1560,99,2,0,1,0,1,23,23
22,Quebrachos,019,0163 ,1561,159,1,0,0,0,0,3,101
22,Quebrachos,019,0164 ,1562,183,4,0,0,1,0,0,71
22,Quebrachos,019,0164 ,1563,184,6,2,0,1,0,8,86
22,Quebrachos,019,0165 ,1564,351,16,0,0,1,0,1,172
22,Quebrachos,019,0165 ,1565,160,3,0,0,0,0,0,77
22,Quebrachos,019,0166 ,1566,350,10,1,1,1,20,28,51
22,Quebrachos,019,0166 ,1567,166,6,1,0,0,1,6,92
22,Quebrachos,019,0167 ,1568,350,17,0,1,1,2,50,198
22,Quebrachos,019,0167 ,1569,355,2,6,0,2,1,41,206
22,Quebrachos,019,0167 ,1570,350,22,6,2,9,3,0,184
22,Quebrachos,019,0167 ,1571,352,9,2,3,2,1,37,207
22,Quebrachos,019,0167 ,1572,350,12,3,2,1,1,51,207
22,Quebrachos,019,0167 ,1573,348,12,4,3,0,2,52,201
22,Quebrachos,019,0167 ,1574,354,0,0,0,2,4,34,212
22,Quebrachos,019,0167 ,1575,353,11,1,2,2,3,66,183
22,Quebrachos,019,0167 ,1576,349,9,0,3,5,0,46,206
22,Quebrachos,019,0167 ,1577,351,13,5,2,10,1,49,198
22,Quebrachos,019,0167 ,1578,349,0,0,3,2,6,43,204
22,Quebrachos,019,0167 ,1579,352,5,1,1,1,2,52,116
22,Quebrachos,019,0167 ,1580,349,27,5,0,5,3,36,203
22,Quebrachos,019,0167 ,1581,354,10,4,2,1,1,36,208
22,Quebrachos,019,0167 ,1582,312,14,1,6,1,1,48,172
22,Quebrachos,019,0168 ,1583,260,4,1,0,0,1,7,144
22,Quebrachos,019,0168A,1584,114,2,0,1,0,0,6,66
22,Quebrachos,019,0169 ,1585,338,0,0,0,0,0,3,232
22,Rivadavia,020,0170 ,1586,354,26,0,2,0,2,96,160
22,Rivadavia,020,0170 ,1587,349,24,1,5,4,5,103,143
22,Rivadavia,020,0170 ,1588,350,15,0,3,2,10,73,172
22,Rivadavia,020,0170 ,1589,351,22,1,7,2,2,102,170
22,Rivadavia,020,0170 ,1590,351,31,0,3,7,6,97,142
22,Rivadavia,020,0170 ,1591,350,24,4,3,8,6,119,118
22,Rivadavia,020,0170 ,1592,348,1,1,5,5,2,94,162
22,Rivadavia,020,0170 ,1593,352,30,0,6,3,8,99,137
22,Rivadavia,020,0170 ,1594,183,31,2,2,1,2,30,81
22,Rivadavia,020,0171 ,1595,351,5,0,1,1,0,17,268
22,Rivadavia,020,0171 ,1596,269,10,0,0,0,2,17,196
22,Rivadavia,020,0171A,1597,14,1,0,0,0,0,1,2
22,Rivadavia,020,0172 ,1598,178,0,0,0,0,0,11,129
22,Rivadavia,020,0173 ,1599,63,1,0,0,0,0,2,20
22,Robles,021,0174 ,1600,352,0,0,2,2,9,21,175
22,Robles,021,0174 ,1601,66,0,0,0,0,2,1,35
22,Robles,021,0175 ,1602,349,1,1,1,8,32,1,239
22,Robles,021,0175 ,1603,144,4,0,0,0,5,4,119
22,Robles,021,0176 ,1604,357,2,0,1,1,6,5,287
22,Robles,021,0176 ,1605,355,33,1,0,0,4,11,251
22,Robles,021,0176 ,1606,355,20,0,2,0,9,5,269
22,Robles,021,0176 ,1607,190,0,0,2,0,4,13,118
22,Robles,021,0176 ,1608,191,2,0,2,2,5,11,140
22,Robles,021,0177 ,1609,354,0,0,2,2,5,24,208
22,Robles,021,0177 ,1610,352,29,0,7,2,8,26,199
22,Robles,021,0177 ,1611,355,14,0,5,3,3,23,222
22,Robles,021,0177 ,1612,350,11,0,5,2,11,31,121
22,Robles,021,0177 ,1613,349,0,0,4,2,4,27,218
22,Robles,021,0177 ,1614,356,22,1,6,3,2,33,198
22,Robles,021,0177 ,1615,352,5,0,8,2,7,34,187
22,Robles,021,0177 ,1616,350,36,3,6,0,4,28,185
22,Robles,021,0177 ,1617,349,21,3,8,6,1,24,202
22,Robles,021,0177 ,1618,351,30,9,0,5,10,35,189
22,Robles,021,0177 ,1619,357,9,5,4,3,4,32,200
22,Robles,021,0177 ,1620,352,36,0,4,2,9,34,187
22,Robles,021,0177 ,1621,354,20,0,4,5,5,32,199
22,Robles,021,0177 ,1622,357,27,1,2,0,11,27,202
22,Robles,021,0177 ,1623,354,45,4,8,3,2,23,179
22,Robles,021,0177 ,1624,276,18,4,5,0,5,23,148
22,Robles,021,0178 ,1625,349,49,6,5,1,5,31,184
22,Robles,021,0178 ,1626,347,27,0,4,4,3,28,222
22,Robles,021,0178 ,1627,352,35,0,4,4,1,41,203
22,Robles,021,0178 ,1628,350,22,0,7,9,3,37,207
22,Robles,021,0178 ,1629,350,3,0,1,1,0,35,192
22,Robles,021,0178 ,1630,354,23,0,3,8,1,35,214
22,Robles,021,0178 ,1631,353,29,1,1,5,2,50,205
22,Robles,021,0178 ,1632,352,30,0,4,2,1,40,197
22,Robles,021,0178 ,1633,356,0,0,3,4,8,36,205
22,Robles,021,0178 ,1634,350,0,0,0,5,5,24,218
22,Robles,021,0178 ,1635,353,12,6,4,3,6,21,149
22,Robles,021,0178 ,1636,350,18,1,8,4,5,46,201
22,Robles,021,0178 ,1637,351,16,0,2,3,7,34,201
22,Robles,021,0178 ,1638,353,36,0,2,5,5,40,204
22,Robles,021,0178 ,1639,154,3,0,4,2,3,17,85
22,Robles,021,0179 ,1640,350,3,1,2,4,0,3,246
22,Robles,021,0179 ,1641,355,0,0,0,1,4,6,269
22,Robles,021,0179 ,1642,351,3,0,0,1,4,12,246
22,Robles,021,0179 ,1643,248,0,0,0,5,1,1,2
22,Robles,021,0180 ,1644,349,47,2,4,5,9,35,181
22,Robles,021,0180 ,1645,349,0,0,3,4,7,25,194
22,Robles,021,0180 ,1646,349,41,0,7,6,5,32,199
22,Robles,021,0180 ,1647,352,0,0,4,3,5,24,210
22,Robles,021,0180 ,1648,351,4,2,3,4,2,7,205
22,Robles,021,0180 ,1649,353,9,0,2,6,2,27,179
22,Robles,021,0180 ,1650,350,5,4,1,2,5,13,207
22,Robles,021,0180 ,1651,354,0,0,4,4,8,14,249
22,Robles,021,0180 ,1652,351,5,0,4,1,4,24,215
22,Robles,021,0180 ,1653,352,0,0,3,9,4,31,182
22,Robles,021,0180 ,1654,349,0,0,4,16,6,43,177
22,Robles,021,0180 ,1655,354,9,8,6,6,1,26,178
22,Robles,021,0180 ,1656,349,5,0,3,4,1,29,194
22,Robles,021,0180 ,1657,351,0,0,3,5,9,38,190
22,Robles,021,0180 ,1658,352,40,2,0,6,5,28,212
22,Robles,021,0180 ,1659,349,53,7,4,6,1,14,198
22,Robles,021,0180 ,1660,352,4,1,5,5,7,24,184
22,Robles,021,0180 ,1661,350,51,6,5,5,2,22,188
22,Robles,021,0180 ,1662,350,0,0,1,7,4,26,220
22,Robles,021,0180 ,1663,352,0,0,5,2,2,36,195
22,Robles,021,0180 ,1664,349,0,0,3,4,3,13,230
22,Robles,021,0180 ,1665,350,5,3,4,8,4,26,184
22,Robles,021,0180 ,1666,349,7,7,3,4,7,0,206
22,Robles,021,0180 ,1667,349,9,4,4,2,6,30,185
22,Robles,021,0180 ,1668,353,9,2,6,8,4,40,210
22,Robles,021,0180 ,1669,352,12,2,6,1,2,16,214
22,Robles,021,0180 ,1670,352,37,1,3,6,2,14,207
22,Robles,021,0180 ,1671,348,0,0,0,2,9,52,176
22,Robles,021,0180 ,1672,353,0,0,2,3,4,16,218
22,Robles,021,0180 ,1673,349,3,2,3,1,3,19,218
22,Robles,021,0180 ,1674,351,16,0,5,7,3,30,195
22,Robles,021,0180 ,1675,350,1,2,0,4,3,15,217
22,Robles,021,0180 ,1676,351,5,2,2,1,7,21,198
22,Robles,021,0180 ,1677,350,34,3,5,8,0,25,201
22,Robles,021,0180 ,1678,350,4,2,4,1,6,26,191
22,Robles,021,0180 ,1679,138,1,1,1,1,2,4,76
22,Robles,021,0181 ,1680,354,0,0,1,2,13,10,238
22,Robles,021,0181 ,1681,360,5,4,3,0,32,14,223
22,Robles,021,0181 ,1682,363,0,0,0,0,0,0,0
22,Robles,021,0181 ,1683,357,2,0,2,1,21,11,263
22,Robles,021,0181 ,1684,353,2,0,2,4,10,0,139
22,Robles,021,0181 ,1685,359,23,0,0,1,14,15,254
22,Robles,021,0181 ,1686,357,0,0,1,0,19,10,251
22,Robles,021,0181 ,1687,356,4,0,2,1,12,14,249
22,Robles,021,0181 ,1688,232,0,0,0,6,13,0,161
22,Robles,021,0182 ,1689,350,0,0,1,1,6,8,234
22,Robles,021,0182 ,1690,351,4,0,0,0,9,5,237
22,Robles,021,0182 ,1691,347,0,0,1,2,6,1,23
22,Robles,021,0182 ,1692,351,0,0,3,0,4,10,228
22,Robles,021,0182 ,1693,352,0,0,0,0,5,11,242
22,Robles,021,0182 ,1694,349,10,1,2,0,0,7,221
22,Robles,021,0182 ,1695,89,2,0,0,0,1,1,58
22,Ro Hondo,022,0183 ,1696,351,0,0,1,1,4,1,272
22,Ro Hondo,022,0183 ,1697,350,0,0,0,2,1,6,290
22,Ro Hondo,022,0183 ,1698,353,0,0,3,1,5,3,281
22,Ro Hondo,022,0183 ,1699,253,9,0,0,2,4,4,197
22,Ro Hondo,022,0183A,1700,288,3,0,3,0,6,2,141
22,Ro Hondo,022,0184 ,1701,354,78,3,3,0,9,9,177
22,Ro Hondo,022,0184 ,1702,350,3,1,1,1,3,21,215
22,Ro Hondo,022,0184 ,1703,238,0,0,1,0,5,8,163
22,Ro Hondo,022,0185 ,1704,353,4,3,0,0,0,2,262
22,Ro Hondo,022,0185 ,1705,348,0,0,0,2,1,1,151
22,Ro Hondo,022,0185 ,1706,352,0,0,2,0,0,3,259
22,Ro Hondo,022,0185 ,1707,131,0,0,0,0,0,0,101
22,Ro Hondo,022,0186 ,1708,353,0,0,1,1,1,3,157
22,Ro Hondo,022,0186 ,1709,238,0,0,0,0,0,1,169
22,Ro Hondo,022,0187 ,1710,180,0,0,0,0,3,0,113
22,Ro Hondo,022,0187 ,1711,183,0,0,0,0,4,0,110
22,Ro Hondo,022,0187A,1712,348,35,0,3,1,8,10,152
22,Ro Hondo,022,0187A,1713,294,30,1,5,2,8,9,134
22,Ro Hondo,022,0188 ,1714,351,16,0,2,1,2,4,223
22,Ro Hondo,022,0188 ,1715,312,11,0,0,1,2,9,211
22,Ro Hondo,022,0189 ,1716,350,29,0,0,1,4,0,234
22,Ro Hondo,022,0189 ,1717,350,49,0,0,7,1,7,218
22,Ro Hondo,022,0189 ,1718,349,7,0,1,0,0,1,255
22,Ro Hondo,022,0189 ,1719,82,6,0,0,0,1,2,55
22,Ro Hondo,022,0190 ,1720,355,0,0,0,0,1,3,134
22,Ro Hondo,022,0190 ,1721,347,2,0,1,0,0,4,235
22,Ro Hondo,022,0190 ,1722,349,0,0,0,3,1,1,220
22,Ro Hondo,022,0190 ,1723,353,9,1,0,0,3,3,252
22,Ro Hondo,022,0190 ,1724,349,6,0,1,2,1,3,243
22,Ro Hondo,022,0190 ,1725,289,0,0,0,0,0,0,0
22,Ro Hondo,022,0190A,1726,195,0,0,1,2,8,2,74
22,Ro Hondo,022,0191 ,1727,350,0,0,0,0,2,0,210
22,Ro Hondo,022,0191 ,1728,352,3,1,0,0,0,0,242
22,Ro Hondo,022,0191 ,1729,352,23,4,0,0,7,2,234
22,Ro Hondo,022,0191 ,1730,306,2,0,0,2,0,0,218
22,Ro Hondo,022,0192 ,1731,351,0,0,0,0,0,1,271
22,Ro Hondo,022,0192 ,1732,347,0,0,1,0,1,1,257
22,Ro Hondo,022,0192 ,1733,231,0,0,0,1,0,0,74
22,Ro Hondo,022,0193 ,1734,351,53,5,5,2,8,18,176
22,Ro Hondo,022,0193 ,1735,350,43,0,4,8,1,17,200
22,Ro Hondo,022,0193 ,1736,351,41,0,12,10,13,22,170
22,Ro Hondo,022,0193 ,1737,351,0,0,12,17,17,16,184
22,Ro Hondo,022,0193 ,1738,356,47,5,6,8,24,23,176
22,Ro Hondo,022,0193 ,1739,352,8,5,10,5,13,28,149
22,Ro Hondo,022,0193 ,1740,352,56,0,5,6,20,31,151
22,Ro Hondo,022,0193 ,1741,350,0,0,8,15,13,37,148
22,Ro Hondo,022,0193 ,1742,351,11,9,0,14,11,17,178
22,Ro Hondo,022,0193 ,1743,351,41,3,10,16,14,33,145
22,Ro Hondo,022,0193 ,1744,349,42,0,8,14,12,42,152
22,Ro Hondo,022,0193 ,1745,351,26,0,8,6,12,19,181
22,Ro Hondo,022,0193 ,1746,350,0,0,0,3,0,15,57
22,Ro Hondo,022,0193 ,1747,351,0,0,12,13,14,23,171
22,Ro Hondo,022,0193 ,1748,357,51,6,8,6,9,30,170
22,Ro Hondo,022,0193 ,1749,349,48,4,0,15,13,17,169
22,Ro Hondo,022,0193 ,1750,352,69,3,4,13,9,13,172
22,Ro Hondo,022,0193 ,1751,349,49,2,7,5,16,16,177
22,Ro Hondo,022,0193 ,1752,350,0,0,10,5,19,19,215
22,Ro Hondo,022,0193 ,1753,349,0,0,11,5,15,16,177
22,Ro Hondo,022,0193 ,1754,356,44,4,5,12,11,23,169
22,Ro Hondo,022,0193 ,1755,349,43,3,9,13,9,19,180
22,Ro Hondo,022,0193 ,1756,350,0,0,0,0,0,0,0
22,Ro Hondo,022,0193 ,1757,355,33,4,15,6,18,30,163
22,Ro Hondo,022,0193 ,1758,350,28,12,7,7,24,11,178
22,Ro Hondo,022,0193 ,1759,352,35,0,11,16,8,9,189
22,Ro Hondo,022,0193 ,1760,350,50,6,8,9,12,22,180
22,Ro Hondo,022,0193 ,1761,348,7,6,9,6,10,38,168
22,Ro Hondo,022,0193 ,1762,350,91,1,11,16,11,19,110
22,Ro Hondo,022,0193 ,1763,348,39,2,8,11,17,13,177
22,Ro Hondo,022,0193 ,1764,350,10,1,15,17,16,17,177
22,Ro Hondo,022,0193 ,1765,348,0,0,4,11,14,17,165
22,Ro Hondo,022,0193 ,1766,351,7,7,5,11,12,19,184
22,Ro Hondo,022,0193 ,1767,350,8,8,8,4,21,17,169
22,Ro Hondo,022,0193 ,1768,350,9,1,13,8,14,18,169
22,Ro Hondo,022,0193 ,1769,350,6,3,6,3,11,20,186
22,Ro Hondo,022,0193 ,1770,351,24,12,9,10,8,22,189
22,Ro Hondo,022,0193 ,1771,351,0,0,8,10,10,15,188
22,Ro Hondo,022,0193 ,1772,350,49,3,6,6,13,18,187
22,Ro Hondo,022,0193 ,1773,350,9,10,7,7,15,26,166
22,Ro Hondo,022,0193 ,1774,352,18,10,10,11,7,17,295
22,Ro Hondo,022,0193 ,1775,350,24,5,7,9,12,15,204
22,Ro Hondo,022,0193 ,1776,349,22,1,11,6,9,24,198
22,Ro Hondo,022,0193 ,1777,350,14,0,8,12,11,14,185
22,Ro Hondo,022,0193 ,1778,353,38,2,11,15,12,25,180
22,Ro Hondo,022,0193 ,1779,352,0,0,5,4,12,26,182
22,Ro Hondo,022,0193 ,1780,351,52,3,5,2,14,23,160
22,Ro Hondo,022,0193 ,1781,352,55,0,6,17,4,30,170
22,Ro Hondo,022,0193 ,1782,349,56,0,7,4,9,20,194
22,Ro Hondo,022,0193 ,1783,347,38,1,5,7,9,30,178
22,Ro Hondo,022,0193 ,1784,349,36,6,5,7,7,32,167
22,Ro Hondo,022,0193 ,1785,350,37,4,5,9,7,12,205
22,Ro Hondo,022,0193 ,1786,351,25,4,4,10,15,35,161
22,Ro Hondo,022,0193 ,1787,351,39,5,5,8,10,18,194
22,Ro Hondo,022,0193 ,1788,354,0,0,2,5,5,15,146
22,Ro Hondo,022,0193 ,1789,350,0,0,13,7,20,16,183
22,Ro Hondo,022,0193 ,1790,348,40,3,9,9,10,23,169
22,Ro Hondo,022,0193 ,1791,351,0,0,5,10,15,33,178
22,Ro Hondo,022,0193 ,1792,352,41,8,7,6,13,21,154
22,Ro Hondo,022,0193 ,1793,350,4,4,16,4,13,26,168
22,Ro Hondo,022,0193 ,1794,351,6,5,7,14,13,22,186
22,Ro Hondo,022,0193 ,1795,351,0,0,6,11,17,29,168
22,Ro Hondo,022,0193 ,1796,349,8,7,12,4,14,10,178
22,Ro Hondo,022,0193 ,1797,350,7,9,12,9,24,16,185
22,Ro Hondo,022,0193 ,1798,352,8,11,8,13,12,19,97
22,Ro Hondo,022,0193 ,1799,351,3,5,10,5,12,29,168
22,Ro Hondo,022,0193 ,1800,350,3,6,8,10,15,20,172
22,Ro Hondo,022,0193 ,1801,350,0,0,1,7,29,28,116
22,Ro Hondo,022,0193 ,1802,348,13,4,8,12,13,11,199
22,Ro Hondo,022,0193 ,1803,350,46,10,14,10,13,24,158
22,Ro Hondo,022,0193 ,1804,353,20,6,7,5,10,33,175
22,Ro Hondo,022,0193 ,1805,351,38,0,10,7,9,20,192
22,Ro Hondo,022,0193 ,1806,352,6,9,9,8,6,34,172
22,Ro Hondo,022,0193 ,1807,349,8,2,3,13,16,21,173
22,Ro Hondo,022,0193 ,1808,354,45,3,10,10,8,14,185
22,Ro Hondo,022,0193 ,1809,353,43,4,8,15,13,19,191
22,Ro Hondo,022,0193 ,1810,351,57,6,6,11,7,13,184
22,Ro Hondo,022,0193 ,1811,347,40,2,6,5,18,34,155
22,Ro Hondo,022,0193 ,1812,352,50,0,11,12,16,0,151
22,Ro Hondo,022,0193 ,1813,353,24,10,16,7,6,23,175
22,Ro Hondo,022,0193 ,1814,256,24,0,6,9,9,25,128
22,Ro Hondo,022,0193A,1815,356,0,0,0,2,0,0,296
22,Ro Hondo,022,0193A,1816,342,1,2,1,1,3,0,268
22,Ro Hondo,022,0193A,1817,349,0,0,0,1,1,4,0
22,Ro Hondo,022,0193A,1818,341,14,2,2,1,2,0,255
22,Silipica,023,0194 ,1819,351,0,0,0,1,0,13,246
22,Silipica,023,0194 ,1820,349,0,0,1,0,0,19,215
22,Silipica,023,0194 ,1821,149,0,0,0,0,0,10,98
22,Silipica,023,0195 ,1822,351,4,0,0,0,1,3,289
22,Silipica,023,0195 ,1823,353,4,0,4,2,0,11,284
22,Silipica,023,0195 ,1824,351,18,3,0,1,3,0,259
22,Silipica,023,0195 ,1825,354,7,0,0,0,0,5,285
22,Silipica,023,0195 ,1826,351,4,1,0,0,0,9,289
22,Silipica,023,0195 ,1827,351,0,0,0,2,1,6,271
22,Silipica,023,0195 ,1828,271,10,1,0,1,0,7,205
22,Silipica,023,0195A,1829,350,4,0,2,0,2,1,283
22,Silipica,023,0195A,1830,350,2,0,0,1,5,3,282
22,Silipica,023,0195A,1831,149,3,0,0,0,0,4,128
22,Silipica,023,0196 ,1832,357,0,0,0,0,0,0,265
22,Silipica,023,0196 ,1833,353,0,0,0,1,1,5,279
22,Silipica,023,0196 ,1834,353,5,0,0,0,0,2,288
22,Silipica,023,0196 ,1835,352,0,0,0,0,1,11,277
22,Silipica,023,0196 ,1836,359,0,0,0,0,0,14,279
22,Silipica,023,0196 ,1837,120,0,0,0,0,0,4,95
22,Silipica,023,0197 ,1838,350,7,0,0,1,0,7,269
22,Silipica,023,0197 ,1839,97,2,0,0,0,0,1,74
22,San Martn,024,0198 ,1840,348,0,0,0,0,0,1,235
22,San Martn,024,0198 ,1841,347,10,0,1,1,0,2,259
22,San Martn,024,0198 ,1842,349,0,0,1,0,0,0,270
22,San Martn,024,0198 ,1843,348,0,0,0,0,0,0,267
22,San Martn,024,0198 ,1844,66,0,0,0,0,0,0,26
22,San Martn,024,0199 ,1845,307,8,0,0,2,0,13,171
22,San Martn,024,0200 ,1846,351,7,0,0,0,0,1,228
22,San Martn,024,0200 ,1847,349,1,0,0,0,1,3,54
22,San Martn,024,0200 ,1848,348,0,0,0,0,0,1,233
22,San Martn,024,0200 ,1849,197,1,0,0,1,0,2,59
22,San Martn,024,0201 ,1850,353,3,0,0,0,1,4,120
22,San Martn,024,0201 ,1851,351,0,0,1,1,0,10,265
22,San Martn,024,0201 ,1852,349,2,0,0,2,0,1,303
22,San Martn,024,0201 ,1853,348,0,0,2,0,0,7,248
22,San Martn,024,0201 ,1854,352,4,3,0,0,1,1,272
22,San Martn,024,0201 ,1855,352,17,0,0,0,0,4,263
22,San Martn,024,0201 ,1856,152,1,0,1,0,0,2,115
22,San Martn,024,0202 ,1857,182,5,9,0,8,0,5,62
22,San Martn,024,0203 ,1858,129,0,0,0,0,2,1,45
22,San Martn,024,0204 ,1859,303,0,0,3,2,4,13,143
22,San Martn,024,0205 ,1860,355,0,0,1,0,7,1,224
22,San Martn,024,0205 ,1861,198,13,0,0,0,4,2,121
22,San Martn,024,0206 ,1862,257,9,1,5,0,7,10,92
22,Salavina,025,0207 ,1863,351,0,0,1,0,0,4,254
22,Salavina,025,0207 ,1864,351,14,0,0,0,0,1,243
22,Salavina,025,0207 ,1865,355,14,0,0,0,0,0,257
22,Salavina,025,0207 ,1866,318,6,0,0,0,0,1,230
22,Salavina,025,0208 ,1867,298,0,0,0,1,0,2,212
22,Salavina,025,0209 ,1868,348,5,1,0,0,1,1,269
22,Salavina,025,0209 ,1869,144,3,0,0,0,0,2,108
22,Salavina,025,0210 ,1870,350,0,0,1,1,0,15,159
22,Salavina,025,0210 ,1871,195,0,0,0,0,1,10,101
22,Salavina,025,0210 ,1872,196,0,0,0,0,3,5,100
22,Salavina,025,0211 ,1873,134,18,0,2,0,0,6,56
22,Salavina,025,0212 ,1874,355,0,0,1,0,1,9,85
22,Salavina,025,0212 ,1875,247,9,0,1,0,0,3,103
22,Salavina,025,0213 ,1876,351,18,3,0,0,0,35,208
22,Salavina,025,0213 ,1877,353,5,4,1,3,0,37,207
22,Salavina,025,0213 ,1878,353,15,6,0,1,3,33,210
22,Salavina,025,0213 ,1879,349,18,4,4,1,3,57,169
22,Salavina,025,0213 ,1880,349,13,1,1,1,2,47,196
22,Salavina,025,0213 ,1881,353,7,0,6,0,2,57,196
22,Salavina,025,0213 ,1882,352,19,3,1,0,0,37,205
22,Salavina,025,0213 ,1883,327,6,1,3,1,3,36,110
22,Salavina,025,0214 ,1884,351,9,0,0,0,0,2,244
22,Salavina,025,0214 ,1885,218,5,0,0,0,0,4,167
22,Salavina,025,0215 ,1886,352,7,0,1,0,0,4,262
22,Salavina,025,0215 ,1887,355,3,0,0,0,0,4,288
22,Salavina,025,0215 ,1888,85,2,0,0,0,0,0,74
22,Salavina,025,0215A,1889,285,6,0,1,7,0,0,149
22,Sarmiento,026,0216 ,1890,139,0,0,0,0,2,8,72
22,Sarmiento,026,0217 ,1891,116,1,0,0,1,0,8,58
22,Sarmiento,026,0218 ,1892,171,14,0,2,3,1,35,68
22,Sarmiento,026,0219 ,1893,354,3,0,0,0,0,2,193
22,Sarmiento,026,0219 ,1894,353,1,0,0,0,2,2,201
22,Sarmiento,026,0219 ,1895,353,4,0,0,0,0,0,198
22,Sarmiento,026,0219 ,1896,351,0,4,0,0,1,1,234
22,Sarmiento,026,0219 ,1897,350,89,0,0,0,8,0,171
22,Sarmiento,026,0219 ,1898,351,0,0,0,4,0,0,184
22,Sarmiento,026,0219 ,1899,343,0,0,1,2,5,0,191
22,General Taboada,027,0221 ,1900,355,15,0,0,1,7,43,187
22,General Taboada,027,0221 ,1901,350,16,0,0,2,6,41,210
22,General Taboada,027,0221 ,1902,352,6,0,4,1,8,46,206
22,General Taboada,027,0221 ,1903,356,16,5,4,1,8,37,205
22,General Taboada,027,0221 ,1904,351,36,0,1,1,12,49,0
22,General Taboada,027,0221 ,1905,357,20,3,3,0,2,38,216
22,General Taboada,027,0221 ,1906,353,10,2,1,3,9,41,185
22,General Taboada,027,0221 ,1907,352,6,16,2,1,8,67,166
22,General Taboada,027,0221 ,1908,354,5,0,1,1,4,33,200
22,General Taboada,027,0221 ,1909,353,0,0,2,1,3,41,191
22,General Taboada,027,0221 ,1910,353,0,0,5,1,8,26,208
22,General Taboada,027,0221 ,1911,353,26,0,3,3,7,52,187
22,General Taboada,027,0221 ,1912,352,6,4,1,2,3,42,188
22,General Taboada,027,0221 ,1913,354,0,0,2,2,10,43,156
22,General Taboada,027,0221 ,1914,350,7,1,1,2,7,28,206
22,General Taboada,027,0221 ,1915,221,14,0,3,1,8,23,112
22,General Taboada,027,0222 ,1916,354,2,0,0,1,0,11,233
22,General Taboada,027,0222 ,1917,352,4,0,1,1,28,19,224
22,General Taboada,027,0222 ,1918,243,1,0,0,0,7,13,180
22,General Taboada,027,0223 ,1919,350,18,0,4,0,2,2,248
22,General Taboada,027,0223 ,1920,358,17,1,0,0,1,3,246
22,General Taboada,027,0223 ,1921,302,3,0,1,6,0,0,214
22,General Taboada,027,0224 ,1922,355,66,7,4,3,8,47,136
22,General Taboada,027,0224 ,1923,352,42,3,3,3,5,42,184
22,General Taboada,027,0224 ,1924,352,43,0,2,4,0,29,0
22,General Taboada,027,0224 ,1925,353,43,0,2,0,7,43,173
22,General Taboada,027,0224 ,1926,350,3,0,1,4,8,38,187
22,General Taboada,027,0224 ,1927,353,37,0,5,0,6,44,191
22,General Taboada,027,0224 ,1928,353,13,0,2,3,5,55,166
22,General Taboada,027,0224 ,1929,352,41,5,11,7,13,38,163
22,General Taboada,027,0224 ,1930,349,44,0,8,2,17,44,185
22,General Taboada,027,0224 ,1931,353,15,15,4,0,9,53,187
22,General Taboada,027,0224 ,1932,351,33,0,8,1,7,34,192
22,General Taboada,027,0224 ,1933,349,42,0,4,2,10,33,180
22,General Taboada,027,0224 ,1934,351,0,0,4,0,7,30,211
22,General Taboada,027,0224 ,1935,352,12,1,4,3,6,13,218
22,General Taboada,027,0224 ,1936,347,24,0,9,7,15,37,165
22,General Taboada,027,0224 ,1937,349,0,0,9,1,2,28,194
22,General Taboada,027,0224 ,1938,352,11,7,6,2,5,0,166
22,General Taboada,027,0224 ,1939,347,0,0,1,3,7,5,186
22,General Taboada,027,0224 ,1940,353,6,0,6,3,12,40,170
22,General Taboada,027,0224 ,1941,349,34,2,7,1,10,41,171
22,General Taboada,027,0224 ,1942,352,23,0,5,0,10,31,210
22,General Taboada,027,0224 ,1943,351,27,4,2,2,8,45,190
22,General Taboada,027,0224 ,1944,352,25,6,1,2,8,38,206
22,General Taboada,027,0224 ,1945,350,28,0,6,5,6,37,198
22,General Taboada,027,0224 ,1946,351,27,0,2,5,8,45,183
22,General Taboada,027,0224 ,1947,351,26,2,7,5,16,35,185
22,General Taboada,027,0224 ,1948,349,0,0,5,1,12,38,185
22,General Taboada,027,0224 ,1949,349,33,0,6,0,11,34,193
22,General Taboada,027,0224 ,1950,348,13,7,4,0,12,40,195
22,General Taboada,027,0224 ,1951,353,24,0,4,4,18,48,171
22,General Taboada,027,0224 ,1952,349,28,8,3,2,7,43,190
22,General Taboada,027,0224 ,1953,349,43,0,4,2,9,56,156
22,General Taboada,027,0224 ,1954,351,6,0,3,2,5,35,138
22,General Taboada,027,0224 ,1955,351,0,0,4,6,10,48,169
22,General Taboada,027,0224 ,1956,350,29,0,6,2,8,37,187
22,General Taboada,027,0224 ,1957,351,0,0,3,1,8,44,192
22,General Taboada,027,0224 ,1958,349,19,1,4,2,19,51,196
22,General Taboada,027,0224 ,1959,357,23,4,7,7,14,29,200
22,General Taboada,027,0224 ,1960,349,0,0,5,1,9,39,208
22,General Taboada,027,0224 ,1961,354,13,8,2,8,8,22,214
22,General Taboada,027,0224 ,1962,354,23,0,5,2,0,27,184
22,General Taboada,027,0224 ,1963,351,11,3,2,6,12,42,162
22,General Taboada,027,0224 ,1964,351,37,2,2,3,11,29,190
22,General Taboada,027,0224 ,1965,351,6,2,4,2,11,37,171
22,General Taboada,027,0224 ,1966,350,29,0,5,2,5,37,192
22,General Taboada,027,0224 ,1967,354,29,13,4,2,10,41,163
22,General Taboada,027,0224 ,1968,351,44,0,6,1,7,45,181
22,General Taboada,027,0224 ,1969,354,24,0,4,0,11,35,205
22,General Taboada,027,0224 ,1970,349,26,0,3,5,5,47,206
22,General Taboada,027,0224 ,1971,351,24,4,5,2,6,42,200
22,General Taboada,027,0224 ,1972,351,16,0,4,0,8,33,201
22,General Taboada,027,0224 ,1973,352,9,1,4,3,4,36,126
22,General Taboada,027,0224 ,1974,351,24,2,7,5,7,34,194
22,General Taboada,027,0224 ,1975,256,14,0,6,2,7,33,108
22,General Taboada,027,0224A,1976,245,0,0,1,2,5,16,110
22,General Taboada,027,0225 ,1977,357,4,0,2,0,0,20,246
22,General Taboada,027,0225 ,1978,299,2,1,2,0,0,22,227
22,General Taboada,027,0226 ,1979,353,0,0,0,1,0,1,228
22,General Taboada,027,0226 ,1980,355,5,0,0,0,2,1,247
22,General Taboada,027,0226 ,1981,349,14,0,2,0,1,21,234
22,General Taboada,027,0226 ,1982,351,6,3,3,1,1,13,214
22,General Taboada,027,0226 ,1983,262,17,0,1,2,0,16,183
