codprov,depto,coddepto,circuito,mesa,electores,blancos,nulos,0003,0061,0131,0132,0133
20,Deseado,001,0001 ,0001,273,41,0,15,61,131,132,133
20,Deseado,001,0001 ,0002,271,25,5,29,61,131,132,133
20,Deseado,001,0001 ,0003,268,35,1,21,61,131,132,133
20,Deseado,001,0001 ,0004,272,23,1,19,61,131,132,133
20,Deseado,001,0001 ,0005,270,28,0,22,61,131,132,133
20,Deseado,001,0001 ,0006,270,26,0,35,61,131,132,133
20,Deseado,001,0001 ,0007,271,34,4,26,61,131,132,133
20,Deseado,001,0001 ,0008,271,37,4,23,61,131,132,133
20,Deseado,001,0001 ,0009,270,31,0,26,61,131,132,133
20,Deseado,001,0001 ,0010,278,39,4,27,61,131,132,133
20,Deseado,001,0001 ,0011,269,34,7,25,61,131,132,133
20,Deseado,001,0001 ,0012,271,20,3,37,61,131,132,133
20,Deseado,001,0001 ,0013,270,31,0,25,61,131,132,133
20,Deseado,001,0001 ,0014,272,36,2,37,61,131,132,133
20,Deseado,001,0001 ,0015,272,25,9,19,61,131,132,133
20,Deseado,001,0001 ,0016,270,23,6,19,61,131,132,133
20,Deseado,001,0001 ,0017,269,23,4,22,61,131,132,133
20,Deseado,001,0001 ,0018,270,22,1,17,61,131,132,133
20,Deseado,001,0001 ,0019,270,31,5,29,61,131,132,133
20,Deseado,001,0001 ,0020,271,30,2,17,61,131,132,133
20,Deseado,001,0001 ,0021,274,25,2,28,61,131,132,133
20,Deseado,001,0001 ,0022,270,18,0,28,61,131,132,133
20,Deseado,001,0001 ,0023,270,29,4,35,61,131,132,133
20,Deseado,001,0001 ,0024,270,21,4,31,61,131,132,133
20,Deseado,001,0001 ,0025,270,27,0,32,61,131,132,133
20,Deseado,001,0001 ,0026,270,1,5,21,61,131,132,133
20,Deseado,001,0001 ,0027,271,22,6,34,61,131,132,133
20,Deseado,001,0001 ,0028,271,24,1,16,61,131,132,133
20,Deseado,001,0001 ,0029,271,23,1,38,61,131,132,133
20,Deseado,001,0001 ,0030,270,16,8,37,61,131,132,133
20,Deseado,001,0001 ,0031,270,15,13,31,61,131,132,133
20,Deseado,001,0001 ,0032,272,25,2,24,61,131,132,133
20,Deseado,001,0001 ,0033,269,33,5,22,61,131,132,133
20,Deseado,001,0001 ,0034,273,0,0,19,61,131,132,133
20,Deseado,001,0001 ,0035,271,24,4,33,61,131,132,133
20,Deseado,001,0001 ,0036,272,25,4,23,61,131,132,133
20,Deseado,001,0001 ,0037,140,7,0,12,61,131,132,133
20,Deseado,001,0001 ,0038,140,19,2,10,61,131,132,133
20,Deseado,001,0001A,0039,40,6,1,1,61,131,132,133
20,Deseado,001,0002 ,0040,270,17,0,7,61,131,132,133
20,Deseado,001,0002 ,0041,174,8,0,6,61,131,132,133
20,Deseado,001,0002 ,0042,177,9,2,5,61,131,132,133
20,Deseado,001,0003 ,0043,270,28,2,43,61,131,132,133
20,Deseado,001,0003 ,0044,272,36,5,37,61,131,132,133
20,Deseado,001,0003 ,0045,271,31,12,23,61,131,132,133
20,Deseado,001,0003 ,0046,268,29,2,26,61,131,132,133
20,Deseado,001,0003 ,0047,271,38,0,30,61,131,132,133
20,Deseado,001,0003 ,0048,270,40,1,38,61,131,132,133
20,Deseado,001,0003 ,0049,271,27,13,37,61,131,132,133
20,Deseado,001,0003 ,0050,271,26,2,35,61,131,132,133
20,Deseado,001,0003 ,0051,270,36,2,22,61,131,132,133
20,Deseado,001,0003 ,0052,270,25,9,38,61,131,132,133
20,Deseado,001,0003 ,0053,269,38,4,18,61,131,132,133
20,Deseado,001,0003 ,0054,269,44,2,18,61,131,132,133
20,Deseado,001,0003 ,0055,272,24,4,28,61,131,132,133
20,Deseado,001,0003 ,0056,271,56,3,23,61,131,132,133
20,Deseado,001,0003 ,0057,271,44,2,38,61,131,132,133
20,Deseado,001,0003 ,0058,269,45,1,22,61,131,132,133
20,Deseado,001,0003 ,0059,271,44,3,28,61,131,132,133
20,Deseado,001,0003 ,0060,271,31,0,24,61,131,132,133
20,Deseado,001,0003 ,0061,272,27,4,27,61,131,132,133
20,Deseado,001,0003 ,0062,270,1,35,27,61,131,132,133
20,Deseado,001,0003 ,0063,272,33,2,20,61,131,132,133
20,Deseado,001,0003 ,0064,270,20,2,32,61,131,132,133
20,Deseado,001,0003 ,0065,272,38,10,43,61,131,132,133
20,Deseado,001,0003 ,0066,270,44,2,23,61,131,132,133
20,Deseado,001,0003 ,0067,272,29,7,29,61,131,132,133
20,Deseado,001,0003 ,0068,270,37,8,27,61,131,132,133
20,Deseado,001,0003 ,0069,272,38,3,25,61,131,132,133
20,Deseado,001,0003 ,0070,269,46,6,36,61,131,132,133
20,Deseado,001,0003 ,0071,273,45,4,33,61,131,132,133
20,Deseado,001,0003 ,0072,268,42,9,38,61,131,132,133
20,Deseado,001,0003 ,0073,269,36,4,25,61,131,132,133
20,Deseado,001,0003 ,0074,270,45,0,29,61,131,132,133
20,Deseado,001,0003 ,0075,272,27,3,27,61,131,132,133
20,Deseado,001,0003 ,0076,272,17,11,19,61,131,132,133
20,Deseado,001,0003 ,0077,272,32,3,30,61,131,132,133
20,Deseado,001,0003 ,0078,277,38,2,28,61,131,132,133
20,Deseado,001,0003 ,0079,271,42,5,20,61,131,132,133
20,Deseado,001,0003 ,0080,272,27,5,28,61,131,132,133
20,Deseado,001,0003 ,0081,272,48,2,33,61,131,132,133
20,Deseado,001,0003 ,0082,269,33,10,33,61,131,132,133
20,Deseado,001,0003 ,0083,270,35,1,23,61,131,132,133
20,Deseado,001,0003 ,0084,269,24,2,18,61,131,132,133
20,Deseado,001,0003 ,0085,271,44,2,25,61,131,132,133
20,Deseado,001,0003 ,0086,270,31,0,41,61,131,132,133
20,Deseado,001,0003 ,0087,269,35,0,26,61,131,132,133
20,Deseado,001,0003 ,0088,271,37,3,23,61,131,132,133
20,Deseado,001,0003 ,0089,272,26,6,29,61,131,132,133
20,Deseado,001,0003 ,0090,272,42,4,37,61,131,132,133
20,Deseado,001,0003 ,0091,273,41,1,30,61,131,132,133
20,Deseado,001,0003 ,0092,270,30,2,28,61,131,132,133
20,Deseado,001,0003 ,0093,271,41,4,32,61,131,132,133
20,Deseado,001,0003 ,0094,271,38,2,23,61,131,132,133
20,Deseado,001,0003 ,0095,272,35,8,27,61,131,132,133
20,Deseado,001,0003 ,0096,272,26,5,31,61,131,132,133
20,Deseado,001,0003 ,0097,271,37,3,28,61,131,132,133
20,Deseado,001,0003 ,0098,273,51,11,18,61,131,132,133
20,Deseado,001,0003 ,0099,270,32,3,38,61,131,132,133
20,Deseado,001,0003 ,0100,270,33,2,32,61,131,132,133
20,Deseado,001,0003 ,0101,270,40,5,26,61,131,132,133
20,Deseado,001,0003 ,0102,269,24,4,21,61,131,132,133
20,Deseado,001,0003 ,0103,271,34,1,32,61,131,132,133
20,Deseado,001,0003 ,0104,271,34,0,23,61,131,132,133
20,Deseado,001,0003 ,0105,270,32,7,25,61,131,132,133
20,Deseado,001,0003 ,0106,271,28,0,31,61,131,132,133
20,Deseado,001,0003 ,0107,269,33,3,42,61,131,132,133
20,Deseado,001,0003 ,0108,274,26,6,34,61,131,132,133
20,Deseado,001,0003 ,0109,271,32,3,26,61,131,132,133
20,Deseado,001,0003 ,0110,272,32,2,37,61,131,132,133
20,Deseado,001,0003 ,0111,270,40,0,36,61,131,132,133
20,Deseado,001,0003 ,0112,273,34,6,20,61,131,132,133
20,Deseado,001,0003 ,0113,272,40,1,25,61,131,132,133
20,Deseado,001,0003 ,0114,271,30,6,25,61,131,132,133
20,Deseado,001,0003 ,0115,271,31,10,25,61,131,132,133
20,Deseado,001,0003 ,0116,269,48,3,34,61,131,132,133
20,Deseado,001,0003 ,0117,272,41,2,29,61,131,132,133
20,Deseado,001,0003 ,0118,270,29,10,21,61,131,132,133
20,Deseado,001,0003 ,0119,270,48,0,24,61,131,132,133
20,Deseado,001,0003 ,0120,269,49,1,23,61,131,132,133
20,Deseado,001,0003 ,0121,271,43,2,32,61,131,132,133
20,Deseado,001,0003 ,0122,271,34,2,32,61,131,132,133
20,Deseado,001,0003 ,0123,269,34,3,30,61,131,132,133
20,Deseado,001,0003 ,0124,271,49,4,22,61,131,132,133
20,Deseado,001,0003 ,0125,271,38,2,28,61,131,132,133
20,Deseado,001,0003 ,0126,271,42,3,29,61,131,132,133
20,Deseado,001,0003 ,0127,272,37,4,30,61,131,132,133
20,Deseado,001,0003 ,0128,270,54,0,33,61,131,132,133
20,Deseado,001,0003 ,0129,270,39,2,32,61,131,132,133
20,Deseado,001,0003 ,0130,271,26,3,30,61,131,132,133
20,Deseado,001,0003 ,0131,271,29,1,35,61,131,132,133
20,Deseado,001,0003 ,0132,269,41,1,28,61,131,132,133
20,Deseado,001,0003 ,0133,271,45,7,27,61,131,132,133
20,Deseado,001,0003 ,0134,271,25,5,26,61,131,132,133
20,Deseado,001,0003 ,0135,270,34,5,24,61,131,132,133
20,Deseado,001,0003 ,0136,270,32,3,36,61,131,132,133
20,Deseado,001,0003 ,0137,271,35,4,27,61,131,132,133
20,Deseado,001,0003 ,0138,270,26,6,37,61,131,132,133
20,Deseado,001,0003 ,0139,271,42,5,31,61,131,132,133
20,Deseado,001,0003 ,0140,271,40,5,33,61,131,132,133
20,Deseado,001,0003 ,0141,272,54,2,14,61,131,132,133
20,Deseado,001,0003 ,0142,270,30,2,22,61,131,132,133
20,Deseado,001,0003 ,0143,271,40,2,30,61,131,132,133
20,Deseado,001,0003 ,0144,271,37,2,36,61,131,132,133
20,Deseado,001,0003 ,0145,271,48,4,26,61,131,132,133
20,Deseado,001,0003 ,0146,271,36,0,32,61,131,132,133
20,Deseado,001,0003 ,0147,269,37,2,29,61,131,132,133
20,Deseado,001,0003 ,0148,270,36,0,29,61,131,132,133
20,Deseado,001,0003 ,0149,271,29,2,25,61,131,132,133
20,Deseado,001,0003 ,0150,270,31,2,11,61,131,132,133
20,Deseado,001,0003 ,0151,270,32,4,21,61,131,132,133
20,Deseado,001,0003 ,0152,270,37,0,22,61,131,132,133
20,Deseado,001,0003 ,0153,273,41,0,32,61,131,132,133
20,Deseado,001,0003 ,0154,270,36,1,35,61,131,132,133
20,Deseado,001,0003 ,0155,270,37,0,30,61,131,132,133
20,Deseado,001,0003 ,0156,272,52,1,27,61,131,132,133
20,Deseado,001,0003 ,0157,271,33,2,29,61,131,132,133
20,Deseado,001,0003 ,0158,271,43,2,23,61,131,132,133
20,Deseado,001,0003 ,0159,270,43,1,22,61,131,132,133
20,Deseado,001,0003 ,0160,270,30,1,33,61,131,132,133
20,Deseado,001,0003 ,0161,272,45,6,24,61,131,132,133
20,Deseado,001,0003 ,0162,270,24,2,32,61,131,132,133
20,Deseado,001,0003 ,0163,271,35,3,28,61,131,132,133
20,Deseado,001,0003 ,0164,271,32,2,30,61,131,132,133
20,Deseado,001,0003 ,0165,268,46,0,29,61,131,132,133
20,Deseado,001,0003 ,0166,272,31,1,32,61,131,132,133
20,Deseado,001,0003 ,0167,272,43,7,34,61,131,132,133
20,Deseado,001,0003 ,0168,271,36,1,36,61,131,132,133
20,Deseado,001,0003 ,0169,270,33,2,33,61,131,132,133
20,Deseado,001,0003 ,0170,272,41,2,36,61,131,132,133
20,Deseado,001,0003 ,0171,270,45,2,19,61,131,132,133
20,Deseado,001,0003 ,0172,216,22,2,14,61,131,132,133
20,Deseado,001,0003 ,0173,215,30,4,13,61,131,132,133
20,Deseado,001,0004 ,0174,273,18,0,13,61,131,132,133
20,Deseado,001,0004 ,0175,272,25,0,27,61,131,132,133
20,Deseado,001,0004 ,0176,136,15,1,15,61,131,132,133
20,Deseado,001,0004 ,0177,137,46,8,26,61,131,132,133
20,Deseado,001,0004A,0178,49,7,0,1,61,131,132,133
20,Deseado,001,0005 ,0179,270,23,3,27,61,131,132,133
20,Deseado,001,0005 ,0180,273,59,3,18,61,131,132,133
20,Deseado,001,0005 ,0181,270,44,1,40,61,131,132,133
20,Deseado,001,0005 ,0182,271,52,2,13,61,131,132,133
20,Deseado,001,0005 ,0183,271,37,0,32,61,131,132,133
20,Deseado,001,0005 ,0184,270,42,1,22,61,131,132,133
20,Deseado,001,0005 ,0185,271,26,7,22,61,131,132,133
20,Deseado,001,0005 ,0186,271,34,6,28,61,131,132,133
20,Deseado,001,0005 ,0187,271,36,2,36,61,131,132,133
20,Deseado,001,0005 ,0188,269,27,0,30,61,131,132,133
20,Deseado,001,0005 ,0189,269,38,11,45,61,131,132,133
20,Deseado,001,0005 ,0190,271,41,4,26,61,131,132,133
20,Deseado,001,0005 ,0191,270,34,3,32,61,131,132,133
20,Deseado,001,0005 ,0192,271,29,1,20,61,131,132,133
20,Deseado,001,0005 ,0193,270,28,3,22,61,131,132,133
20,Deseado,001,0005 ,0194,270,14,5,20,61,131,132,133
20,Deseado,001,0005 ,0195,270,36,0,28,61,131,132,133
20,Deseado,001,0005 ,0196,270,39,3,19,61,131,132,133
20,Deseado,001,0005 ,0197,271,32,2,24,61,131,132,133
20,Deseado,001,0005 ,0198,271,35,2,25,61,131,132,133
20,Deseado,001,0005 ,0199,272,30,2,39,61,131,132,133
20,Deseado,001,0005 ,0200,272,21,2,56,61,131,132,133
20,Deseado,001,0005 ,0201,273,42,1,29,61,131,132,133
20,Deseado,001,0005 ,0202,270,55,0,31,61,131,132,133
20,Deseado,001,0005 ,0203,272,1,2,31,61,131,132,133
20,Deseado,001,0005 ,0204,270,34,7,16,61,131,132,133
20,Deseado,001,0005 ,0205,271,49,7,27,61,131,132,133
20,Deseado,001,0005 ,0206,270,32,3,17,61,131,132,133
20,Deseado,001,0005 ,0207,271,35,4,23,61,131,132,133
20,Deseado,001,0005 ,0208,272,48,2,37,61,131,132,133
20,Deseado,001,0005 ,0209,272,1,2,25,61,131,132,133
20,Deseado,001,0005 ,0210,271,2,6,10,61,131,132,133
20,Deseado,001,0005 ,0211,271,52,1,28,61,131,132,133
20,Deseado,001,0005 ,0212,272,1,3,30,61,131,132,133
20,Deseado,001,0005 ,0213,269,45,6,29,61,131,132,133
20,Deseado,001,0005 ,0214,270,37,8,24,61,131,132,133
20,Deseado,001,0005 ,0215,271,34,3,24,61,131,132,133
20,Deseado,001,0005 ,0216,270,39,5,26,61,131,132,133
20,Deseado,001,0005 ,0217,270,34,6,21,61,131,132,133
20,Deseado,001,0005 ,0218,270,50,0,38,61,131,132,133
20,Deseado,001,0005 ,0219,272,39,8,27,61,131,132,133
20,Deseado,001,0005 ,0220,271,7,4,32,61,131,132,133
20,Deseado,001,0005 ,0221,270,47,3,18,61,131,132,133
20,Deseado,001,0005 ,0222,271,31,2,27,61,131,132,133
20,Deseado,001,0005 ,0223,269,41,0,17,61,131,132,133
20,Deseado,001,0005 ,0224,270,1,0,25,61,131,132,133
20,Deseado,001,0005 ,0225,271,49,0,28,61,131,132,133
20,Deseado,001,0005 ,0226,272,39,3,21,61,131,132,133
20,Deseado,001,0005 ,0227,272,4,6,29,61,131,132,133
20,Deseado,001,0005 ,0228,273,8,7,24,61,131,132,133
20,Deseado,001,0005 ,0229,272,57,6,25,61,131,132,133
20,Deseado,001,0005 ,0230,270,39,5,30,61,131,132,133
20,Deseado,001,0005 ,0231,272,2,2,30,61,131,132,133
20,Deseado,001,0005 ,0232,151,20,0,6,61,131,132,133
20,Deseado,001,0005 ,0233,151,20,4,12,61,131,132,133
20,Deseado,001,0005A,0234,158,17,0,19,61,131,132,133
20,Deseado,001,0006 ,0235,270,1,2,21,61,131,132,133
20,Deseado,001,0006 ,0236,272,0,0,23,61,131,132,133
20,Deseado,001,0006 ,0237,271,1,4,26,61,131,132,133
20,Deseado,001,0006 ,0238,273,2,3,9,61,131,132,133
20,Deseado,001,0006 ,0239,272,24,3,26,61,131,132,133
20,Deseado,001,0006 ,0240,272,48,0,29,61,131,132,133
20,Deseado,001,0006 ,0241,271,36,1,32,61,131,132,133
20,Deseado,001,0006 ,0242,272,21,6,18,61,131,132,133
20,Deseado,001,0006 ,0243,272,41,2,48,61,131,132,133
20,Deseado,001,0006 ,0244,273,28,6,41,61,131,132,133
20,Deseado,001,0006 ,0245,270,3,9,24,61,131,132,133
20,Deseado,001,0006 ,0246,271,1,3,29,61,131,132,133
20,Deseado,001,0006 ,0247,272,33,1,21,61,131,132,133
20,Deseado,001,0006 ,0248,272,28,4,21,61,131,132,133
20,Deseado,001,0006 ,0249,270,2,3,20,61,131,132,133
20,Deseado,001,0006 ,0250,272,4,6,26,61,131,132,133
20,Deseado,001,0006 ,0251,272,39,1,21,61,131,132,133
20,Deseado,001,0006 ,0252,270,0,0,30,61,131,132,133
20,Deseado,001,0006 ,0253,270,42,3,28,61,131,132,133
20,Deseado,001,0006 ,0254,270,9,9,30,61,131,132,133
20,Deseado,001,0006 ,0255,272,30,7,27,61,131,132,133
20,Deseado,001,0006 ,0256,273,1,5,15,61,131,132,133
20,Deseado,001,0006 ,0257,270,0,2,19,61,131,132,133
20,Deseado,001,0006 ,0258,269,32,7,33,61,131,132,133
20,Deseado,001,0006 ,0259,272,27,1,19,61,131,132,133
20,Deseado,001,0006 ,0260,273,18,0,25,61,131,132,133
20,Deseado,001,0006 ,0261,270,0,3,24,61,131,132,133
20,Deseado,001,0006 ,0262,272,1,2,28,61,131,132,133
20,Deseado,001,0006 ,0263,270,33,4,36,61,131,132,133
20,Deseado,001,0006 ,0264,271,31,4,17,61,131,132,133
20,Deseado,001,0006 ,0265,273,2,8,27,61,131,132,133
20,Deseado,001,0006 ,0266,270,4,4,30,61,131,132,133
20,Deseado,001,0006 ,0267,270,1,7,33,61,131,132,133
20,Deseado,001,0006 ,0268,271,1,8,22,61,131,132,133
20,Deseado,001,0006 ,0269,271,0,0,23,61,131,132,133
20,Deseado,001,0006 ,0270,274,26,4,26,61,131,132,133
20,Deseado,001,0006 ,0271,271,37,5,34,61,131,132,133
20,Deseado,001,0006 ,0272,271,17,6,42,61,131,132,133
20,Deseado,001,0006 ,0273,271,4,2,18,61,131,132,133
20,Deseado,001,0006 ,0274,271,32,3,24,61,131,132,133
20,Deseado,001,0006 ,0275,269,41,2,32,61,131,132,133
20,Deseado,001,0006 ,0276,270,8,3,38,61,131,132,133
20,Deseado,001,0006 ,0277,274,27,2,26,61,131,132,133
20,Deseado,001,0006 ,0278,270,41,0,20,61,131,132,133
20,Deseado,001,0006 ,0279,270,0,0,19,61,131,132,133
20,Deseado,001,0006 ,0280,271,44,0,32,61,131,132,133
20,Deseado,001,0006 ,0281,212,30,5,28,61,131,132,133
20,Deseado,001,0006 ,0282,214,2,7,17,61,131,132,133
20,Deseado,001,0006A,0283,52,6,0,5,61,131,132,133
20,Deseado,001,0007 ,0284,1,0,0,0,61,131,132,133
20,Lago Buenos Aires,002,0008 ,0285,270,23,5,36,61,131,132,133
20,Lago Buenos Aires,002,0008 ,0286,269,17,0,32,61,131,132,133
20,Lago Buenos Aires,002,0008 ,0287,272,25,3,27,61,131,132,133
20,Lago Buenos Aires,002,0008 ,0288,270,15,0,34,61,131,132,133
20,Lago Buenos Aires,002,0008 ,0289,271,16,1,38,61,131,132,133
20,Lago Buenos Aires,002,0008 ,0290,272,21,0,43,61,131,132,133
20,Lago Buenos Aires,002,0008 ,0291,271,23,2,37,61,131,132,133
20,Lago Buenos Aires,002,0008 ,0292,271,33,0,33,61,131,132,133
20,Lago Buenos Aires,002,0008 ,0293,268,1,2,25,61,131,132,133
20,Lago Buenos Aires,002,0008 ,0294,271,17,0,33,61,131,132,133
20,Lago Buenos Aires,002,0008 ,0295,269,32,1,30,61,131,132,133
20,Lago Buenos Aires,002,0008 ,0296,268,25,2,31,61,131,132,133
20,Lago Buenos Aires,002,0008 ,0297,188,23,0,27,61,131,132,133
20,Lago Buenos Aires,002,0008 ,0298,188,21,2,19,61,131,132,133
20,Lago Buenos Aires,002,0008A,0299,23,1,0,0,61,131,132,133
20,Lago Buenos Aires,002,0009 ,0300,272,31,3,37,61,131,132,133
20,Lago Buenos Aires,002,0009 ,0301,270,22,1,36,61,131,132,133
20,Lago Buenos Aires,002,0009 ,0302,270,21,0,30,61,131,132,133
20,Lago Buenos Aires,002,0009 ,0303,273,23,0,38,61,131,132,133
20,Lago Buenos Aires,002,0009 ,0304,270,16,3,45,61,131,132,133
20,Lago Buenos Aires,002,0009 ,0305,274,18,2,37,61,131,132,133
20,Lago Buenos Aires,002,0009 ,0306,271,25,3,43,61,131,132,133
20,Lago Buenos Aires,002,0009 ,0307,203,8,5,32,61,131,132,133
20,Lago Buenos Aires,002,0009 ,0308,206,17,5,26,61,131,132,133
20,Magallanes,003,0010 ,0309,273,27,2,27,61,131,132,133
20,Magallanes,003,0010 ,0310,271,26,2,37,61,131,132,133
20,Magallanes,003,0010 ,0311,275,8,0,32,61,131,132,133
20,Magallanes,003,0010 ,0312,270,32,0,34,61,131,132,133
20,Magallanes,003,0010 ,0313,271,22,0,22,61,131,132,133
20,Magallanes,003,0010 ,0314,271,10,4,38,61,131,132,133
20,Magallanes,003,0010 ,0315,270,17,0,31,61,131,132,133
20,Magallanes,003,0010 ,0316,273,20,2,32,61,131,132,133
20,Magallanes,003,0010 ,0317,272,13,1,50,61,131,132,133
20,Magallanes,003,0010 ,0318,271,18,2,36,61,131,132,133
20,Magallanes,003,0010 ,0319,272,21,3,26,61,131,132,133
20,Magallanes,003,0010 ,0320,269,21,4,33,61,131,132,133
20,Magallanes,003,0010 ,0321,274,24,0,32,61,131,132,133
20,Magallanes,003,0010 ,0322,270,28,6,24,61,131,132,133
20,Magallanes,003,0010 ,0323,272,15,5,38,61,131,132,133
20,Magallanes,003,0010 ,0324,270,19,0,38,61,131,132,133
20,Magallanes,003,0010 ,0325,271,12,3,32,61,131,132,133
20,Magallanes,003,0010 ,0326,272,21,4,34,61,131,132,133
20,Magallanes,003,0010 ,0327,271,20,1,35,61,131,132,133
20,Magallanes,003,0010 ,0328,271,18,3,28,61,131,132,133
20,Magallanes,003,0010 ,0329,270,15,5,24,61,131,132,133
20,Magallanes,003,0010 ,0330,268,19,2,29,61,131,132,133
20,Magallanes,003,0010 ,0331,270,29,0,32,61,131,132,133
20,Magallanes,003,0010 ,0332,173,9,0,23,61,131,132,133
20,Magallanes,003,0010 ,0333,173,19,1,26,61,131,132,133
20,Magallanes,003,0011 ,0334,69,8,0,9,61,131,132,133
20,Río Chico,004,0012 ,0335,58,6,0,3,61,131,132,133
20,Río Chico,004,0012A,0336,9,12,0,1,61,131,132,133
20,Río Chico,004,0012B,0337,202,24,2,25,61,131,132,133
20,Río Chico,004,0013 ,0338,271,2,1,30,61,131,132,133
20,Río Chico,004,0013 ,0339,272,18,4,27,61,131,132,133
20,Río Chico,004,0013 ,0340,275,22,1,35,61,131,132,133
20,Río Chico,004,0013 ,0341,270,24,3,29,61,131,132,133
20,Río Chico,004,0013 ,0342,271,22,1,31,61,131,132,133
20,Río Chico,004,0013 ,0343,270,28,1,34,61,131,132,133
20,Río Chico,004,0013 ,0344,276,1,4,34,61,131,132,133
20,Río Chico,004,0013 ,0345,269,23,4,19,61,131,132,133
20,Río Chico,004,0013 ,0346,272,21,0,30,61,131,132,133
20,Río Chico,004,0013 ,0347,208,0,1,26,61,131,132,133
20,Río Chico,004,0013 ,0348,209,18,0,19,61,131,132,133
20,Río Chico,004,0013A,0349,57,3,0,3,61,131,132,133
20,Corpen Aike,005,0014 ,0350,270,16,1,21,61,131,132,133
20,Corpen Aike,005,0014 ,0351,271,1,0,14,61,131,132,133
20,Corpen Aike,005,0014 ,0352,271,17,0,32,61,131,132,133
20,Corpen Aike,005,0014 ,0353,272,8,3,24,61,131,132,133
20,Corpen Aike,005,0014 ,0354,271,18,4,20,61,131,132,133
20,Corpen Aike,005,0014 ,0355,273,13,0,14,61,131,132,133
20,Corpen Aike,005,0014 ,0356,270,23,5,15,61,131,132,133
20,Corpen Aike,005,0014 ,0357,271,28,3,18,61,131,132,133
20,Corpen Aike,005,0014 ,0358,271,11,5,24,61,131,132,133
20,Corpen Aike,005,0014 ,0359,272,16,0,22,61,131,132,133
20,Corpen Aike,005,0014 ,0360,272,15,1,20,61,131,132,133
20,Corpen Aike,005,0014 ,0361,272,26,0,23,61,131,132,133
20,Corpen Aike,005,0014 ,0362,272,12,1,21,61,131,132,133
20,Corpen Aike,005,0014 ,0363,270,17,1,33,61,131,132,133
20,Corpen Aike,005,0014 ,0364,274,17,4,24,61,131,132,133
20,Corpen Aike,005,0014 ,0365,270,29,1,21,61,131,132,133
20,Corpen Aike,005,0014 ,0366,272,23,2,24,61,131,132,133
20,Corpen Aike,005,0014 ,0367,272,16,1,19,61,131,132,133
20,Corpen Aike,005,0014 ,0368,227,18,0,17,61,131,132,133
20,Corpen Aike,005,0014 ,0369,228,7,1,12,61,131,132,133
20,Corpen Aike,005,0014A,0370,17,0,0,0,61,131,132,133
20,Corpen Aike,005,0015 ,0371,272,25,1,29,61,131,132,133
20,Corpen Aike,005,0015 ,0372,270,20,4,19,61,131,132,133
20,Corpen Aike,005,0015 ,0373,271,24,1,33,61,131,132,133
20,Corpen Aike,005,0015 ,0374,270,34,2,23,61,131,132,133
20,Corpen Aike,005,0015 ,0375,270,20,0,22,61,131,132,133
20,Corpen Aike,005,0015 ,0376,271,18,2,22,61,131,132,133
20,Corpen Aike,005,0015 ,0377,269,18,1,21,61,131,132,133
20,Corpen Aike,005,0015 ,0378,271,20,2,17,61,131,132,133
20,Corpen Aike,005,0015 ,0379,270,26,3,19,61,131,132,133
20,Corpen Aike,005,0015 ,0380,271,18,6,20,61,131,132,133
20,Corpen Aike,005,0015 ,0381,269,25,3,16,61,131,132,133
20,Corpen Aike,005,0015 ,0382,272,31,0,26,61,131,132,133
20,Corpen Aike,005,0015 ,0383,174,13,1,14,61,131,132,133
20,Corpen Aike,005,0015 ,0384,172,0,5,12,61,131,132,133
20,Corpen Aike,005,0015A,0385,28,0,0,0,61,131,132,133
20,Lago Argentino,006,0016 ,0386,188,3,0,14,61,131,132,133
20,Lago Argentino,006,0016A,0387,273,12,0,17,61,131,132,133
20,Lago Argentino,006,0016A,0388,273,10,1,14,61,131,132,133
20,Lago Argentino,006,0016A,0389,228,13,4,12,61,131,132,133
20,Lago Argentino,006,0016A,0390,232,11,0,8,61,131,132,133
20,Lago Argentino,006,0017 ,0391,272,25,1,8,61,131,132,133
20,Lago Argentino,006,0017 ,0392,269,0,0,9,61,131,132,133
20,Lago Argentino,006,0017 ,0393,270,0,0,8,61,131,132,133
20,Lago Argentino,006,0017 ,0394,273,14,2,16,61,131,132,133
20,Lago Argentino,006,0017 ,0395,270,14,1,10,61,131,132,133
20,Lago Argentino,006,0017 ,0396,273,12,1,10,61,131,132,133
20,Lago Argentino,006,0017 ,0397,271,14,7,15,61,131,132,133
20,Lago Argentino,006,0017 ,0398,272,16,1,18,61,131,132,133
20,Lago Argentino,006,0017 ,0399,271,11,6,14,61,131,132,133
20,Lago Argentino,006,0017 ,0400,272,11,1,26,61,131,132,133
20,Lago Argentino,006,0017 ,0401,272,17,2,10,61,131,132,133
20,Lago Argentino,006,0017 ,0402,269,0,2,15,61,131,132,133
20,Lago Argentino,006,0017 ,0403,275,17,2,17,61,131,132,133
20,Lago Argentino,006,0017 ,0404,270,10,2,11,61,131,132,133
20,Lago Argentino,006,0017 ,0405,270,12,2,14,61,131,132,133
20,Lago Argentino,006,0017 ,0406,274,17,0,17,61,131,132,133
20,Lago Argentino,006,0017 ,0407,272,24,2,6,61,131,132,133
20,Lago Argentino,006,0017 ,0408,274,15,1,15,61,131,132,133
20,Lago Argentino,006,0017 ,0409,274,14,2,13,61,131,132,133
20,Lago Argentino,006,0017 ,0410,270,14,1,15,61,131,132,133
20,Lago Argentino,006,0017 ,0411,270,27,3,11,61,131,132,133
20,Lago Argentino,006,0017 ,0412,273,19,4,11,61,131,132,133
20,Lago Argentino,006,0017 ,0413,272,0,4,7,61,131,132,133
20,Lago Argentino,006,0017 ,0414,270,4,2,11,61,131,132,133
20,Lago Argentino,006,0017 ,0415,270,0,0,3,61,131,132,133
20,Lago Argentino,006,0017 ,0416,272,22,1,9,61,131,132,133
20,Lago Argentino,006,0017 ,0417,271,13,4,19,61,131,132,133
20,Lago Argentino,006,0017 ,0418,271,20,0,22,61,131,132,133
20,Lago Argentino,006,0017 ,0419,271,11,2,16,61,131,132,133
20,Lago Argentino,006,0017 ,0420,274,24,3,13,61,131,132,133
20,Lago Argentino,006,0017 ,0421,271,14,0,14,61,131,132,133
20,Lago Argentino,006,0017 ,0422,271,16,1,13,61,131,132,133
20,Lago Argentino,006,0017 ,0423,270,22,0,7,61,131,132,133
20,Lago Argentino,006,0017 ,0424,274,20,2,12,61,131,132,133
20,Lago Argentino,006,0017 ,0425,273,14,2,11,61,131,132,133
20,Lago Argentino,006,0017 ,0426,270,14,0,16,61,131,132,133
20,Lago Argentino,006,0017 ,0427,270,10,1,15,61,131,132,133
20,Lago Argentino,006,0017 ,0428,271,17,0,14,61,131,132,133
20,Lago Argentino,006,0017 ,0429,271,24,2,9,61,131,132,133
20,Lago Argentino,006,0017 ,0430,272,15,2,13,61,131,132,133
20,Lago Argentino,006,0017 ,0431,272,21,0,9,61,131,132,133
20,Lago Argentino,006,0017 ,0432,270,19,1,11,61,131,132,133
20,Lago Argentino,006,0017 ,0433,271,19,5,15,61,131,132,133
20,Lago Argentino,006,0017 ,0434,272,11,0,7,61,131,132,133
20,Lago Argentino,006,0017 ,0435,272,14,4,12,61,131,132,133
20,Lago Argentino,006,0017 ,0436,270,20,1,14,61,131,132,133
20,Lago Argentino,006,0017 ,0437,272,18,0,4,61,131,132,133
20,Lago Argentino,006,0017 ,0438,269,20,4,21,61,131,132,133
20,Lago Argentino,006,0017 ,0439,256,11,2,10,61,131,132,133
20,Lago Argentino,006,0017 ,0440,258,17,1,13,61,131,132,133
20,Güer Aike,007,0018 ,0441,270,16,6,60,61,131,132,133
20,Güer Aike,007,0018 ,0442,271,23,0,59,61,131,132,133
20,Güer Aike,007,0018 ,0443,271,0,1,56,61,131,132,133
20,Güer Aike,007,0018 ,0444,273,30,7,65,61,131,132,133
20,Güer Aike,007,0018 ,0445,270,21,6,52,61,131,132,133
20,Güer Aike,007,0018 ,0446,271,16,4,49,61,131,132,133
20,Güer Aike,007,0018 ,0447,273,14,1,62,61,131,132,133
20,Güer Aike,007,0018 ,0448,270,19,5,53,61,131,132,133
20,Güer Aike,007,0018 ,0449,270,15,2,60,61,131,132,133
20,Güer Aike,007,0018 ,0450,270,13,6,58,61,131,132,133
20,Güer Aike,007,0018 ,0451,267,29,5,74,61,131,132,133
20,Güer Aike,007,0018 ,0452,269,17,2,67,61,131,132,133
20,Güer Aike,007,0018 ,0453,270,26,3,74,61,131,132,133
20,Güer Aike,007,0018 ,0454,272,0,5,70,61,131,132,133
20,Güer Aike,007,0018 ,0455,270,24,3,55,61,131,132,133
20,Güer Aike,007,0018 ,0456,271,12,5,59,61,131,132,133
20,Güer Aike,007,0018 ,0457,270,31,4,61,61,131,132,133
20,Güer Aike,007,0018 ,0458,270,0,3,52,61,131,132,133
20,Güer Aike,007,0018 ,0459,271,30,6,57,61,131,132,133
20,Güer Aike,007,0018 ,0460,270,28,0,45,61,131,132,133
20,Güer Aike,007,0018 ,0461,271,30,1,53,61,131,132,133
20,Güer Aike,007,0018 ,0462,270,28,2,72,61,131,132,133
20,Güer Aike,007,0018 ,0463,271,20,3,90,61,131,132,133
20,Güer Aike,007,0018 ,0464,270,13,3,63,61,131,132,133
20,Güer Aike,007,0018 ,0465,270,21,2,49,61,131,132,133
20,Güer Aike,007,0018 ,0466,271,16,5,46,61,131,132,133
20,Güer Aike,007,0018 ,0467,270,26,6,70,61,131,132,133
20,Güer Aike,007,0018 ,0468,271,20,5,61,61,131,132,133
20,Güer Aike,007,0018 ,0469,270,20,4,59,61,131,132,133
20,Güer Aike,007,0018 ,0470,269,19,7,49,61,131,132,133
20,Güer Aike,007,0018 ,0471,269,25,0,65,61,131,132,133
20,Güer Aike,007,0018 ,0472,270,13,6,80,61,131,132,133
20,Güer Aike,007,0018 ,0473,269,13,4,69,61,131,132,133
20,Güer Aike,007,0018 ,0474,270,23,5,62,61,131,132,133
20,Güer Aike,007,0018 ,0475,270,23,1,60,61,131,132,133
20,Güer Aike,007,0018 ,0476,273,18,1,65,61,131,132,133
20,Güer Aike,007,0018 ,0477,270,18,3,56,61,131,132,133
20,Güer Aike,007,0018 ,0478,271,17,2,58,61,131,132,133
20,Güer Aike,007,0018 ,0479,270,14,2,69,61,131,132,133
20,Güer Aike,007,0018 ,0480,271,26,4,42,61,131,132,133
20,Güer Aike,007,0018 ,0481,271,24,0,63,61,131,132,133
20,Güer Aike,007,0018 ,0482,270,16,6,73,61,131,132,133
20,Güer Aike,007,0018 ,0483,273,0,0,48,61,131,132,133
20,Güer Aike,007,0018 ,0484,270,18,2,40,61,131,132,133
20,Güer Aike,007,0018 ,0485,269,27,1,67,61,131,132,133
20,Güer Aike,007,0018 ,0486,268,21,0,44,61,131,132,133
20,Güer Aike,007,0018 ,0487,271,0,2,47,61,131,132,133
20,Güer Aike,007,0018 ,0488,270,27,2,58,61,131,132,133
20,Güer Aike,007,0018 ,0489,270,28,10,70,61,131,132,133
20,Güer Aike,007,0018 ,0490,270,19,1,49,61,131,132,133
20,Güer Aike,007,0018 ,0491,272,19,5,48,61,131,132,133
20,Güer Aike,007,0018 ,0492,272,30,1,64,61,131,132,133
20,Güer Aike,007,0018 ,0493,270,22,1,54,61,131,132,133
20,Güer Aike,007,0018 ,0494,270,22,2,55,61,131,132,133
20,Güer Aike,007,0018 ,0495,270,31,0,84,61,131,132,133
20,Güer Aike,007,0018 ,0496,269,21,9,45,61,131,132,133
20,Güer Aike,007,0018 ,0497,271,21,0,54,61,131,132,133
20,Güer Aike,007,0018 ,0498,270,18,4,61,61,131,132,133
20,Güer Aike,007,0018 ,0499,273,22,3,31,61,131,132,133
20,Güer Aike,007,0018 ,0500,271,33,1,46,61,131,132,133
20,Güer Aike,007,0018 ,0501,269,27,5,56,61,131,132,133
20,Güer Aike,007,0018 ,0502,270,12,6,62,61,131,132,133
20,Güer Aike,007,0018 ,0503,271,19,0,36,61,131,132,133
20,Güer Aike,007,0018 ,0504,271,15,8,64,61,131,132,133
20,Güer Aike,007,0018 ,0505,269,16,3,52,61,131,132,133
20,Güer Aike,007,0018 ,0506,270,25,1,68,61,131,132,133
20,Güer Aike,007,0018 ,0507,270,17,1,49,61,131,132,133
20,Güer Aike,007,0018 ,0508,273,17,3,55,61,131,132,133
20,Güer Aike,007,0018 ,0509,272,17,5,52,61,131,132,133
20,Güer Aike,007,0018 ,0510,272,27,0,55,61,131,132,133
20,Güer Aike,007,0018 ,0511,274,27,0,51,61,131,132,133
20,Güer Aike,007,0018 ,0512,269,21,2,60,61,131,132,133
20,Güer Aike,007,0018 ,0513,271,21,2,56,61,131,132,133
20,Güer Aike,007,0018 ,0514,269,21,2,52,61,131,132,133
20,Güer Aike,007,0018 ,0515,271,1,8,70,61,131,132,133
20,Güer Aike,007,0018 ,0516,271,13,4,52,61,131,132,133
20,Güer Aike,007,0018 ,0517,271,26,3,58,61,131,132,133
20,Güer Aike,007,0018 ,0518,270,19,2,56,61,131,132,133
20,Güer Aike,007,0018 ,0519,270,28,3,57,61,131,132,133
20,Güer Aike,007,0018 ,0520,270,17,3,60,61,131,132,133
20,Güer Aike,007,0018 ,0521,271,23,3,58,61,131,132,133
20,Güer Aike,007,0018 ,0522,270,2,2,59,61,131,132,133
20,Güer Aike,007,0018 ,0523,270,15,6,66,61,131,132,133
20,Güer Aike,007,0018 ,0524,271,18,2,53,61,131,132,133
20,Güer Aike,007,0018 ,0525,269,17,2,47,61,131,132,133
20,Güer Aike,007,0018 ,0526,269,17,1,56,61,131,132,133
20,Güer Aike,007,0018 ,0527,272,11,2,65,61,131,132,133
20,Güer Aike,007,0018 ,0528,271,25,4,46,61,131,132,133
20,Güer Aike,007,0018 ,0529,271,20,2,67,61,131,132,133
20,Güer Aike,007,0018 ,0530,270,22,1,58,61,131,132,133
20,Güer Aike,007,0018 ,0531,271,22,3,54,61,131,132,133
20,Güer Aike,007,0018 ,0532,269,16,5,56,61,131,132,133
20,Güer Aike,007,0018 ,0533,270,19,0,65,61,131,132,133
20,Güer Aike,007,0018 ,0534,270,20,3,56,61,131,132,133
20,Güer Aike,007,0018 ,0535,269,23,5,56,61,131,132,133
20,Güer Aike,007,0018 ,0536,271,18,3,47,61,131,132,133
20,Güer Aike,007,0018 ,0537,271,13,1,37,61,131,132,133
20,Güer Aike,007,0018 ,0538,270,20,3,66,61,131,132,133
20,Güer Aike,007,0018 ,0539,270,26,6,73,61,131,132,133
20,Güer Aike,007,0018 ,0540,270,25,2,67,61,131,132,133
20,Güer Aike,007,0018 ,0541,269,10,1,72,61,131,132,133
20,Güer Aike,007,0018 ,0542,270,8,5,45,61,131,132,133
20,Güer Aike,007,0018 ,0543,271,21,1,54,61,131,132,133
20,Güer Aike,007,0018 ,0544,273,20,3,57,61,131,132,133
20,Güer Aike,007,0018 ,0545,270,19,1,56,61,131,132,133
20,Güer Aike,007,0018 ,0546,271,21,3,58,61,131,132,133
20,Güer Aike,007,0018 ,0547,270,0,0,61,61,131,132,133
20,Güer Aike,007,0018 ,0548,272,13,4,39,61,131,132,133
20,Güer Aike,007,0018 ,0549,271,15,6,59,61,131,132,133
20,Güer Aike,007,0018 ,0550,270,23,0,52,61,131,132,133
20,Güer Aike,007,0018 ,0551,271,16,0,55,61,131,132,133
20,Güer Aike,007,0018 ,0552,270,16,3,67,61,131,132,133
20,Güer Aike,007,0018 ,0553,273,18,4,63,61,131,132,133
20,Güer Aike,007,0018 ,0554,273,31,4,47,61,131,132,133
20,Güer Aike,007,0018 ,0555,271,19,3,49,61,131,132,133
20,Güer Aike,007,0018 ,0556,271,13,5,70,61,131,132,133
20,Güer Aike,007,0018 ,0557,269,24,3,68,61,131,132,133
20,Güer Aike,007,0018 ,0558,273,1,22,48,61,131,132,133
20,Güer Aike,007,0018 ,0559,272,23,2,65,61,131,132,133
20,Güer Aike,007,0018 ,0560,270,33,1,58,61,131,132,133
20,Güer Aike,007,0018 ,0561,270,27,3,62,61,131,132,133
20,Güer Aike,007,0018 ,0562,270,28,0,53,61,131,132,133
20,Güer Aike,007,0018 ,0563,269,21,2,60,61,131,132,133
20,Güer Aike,007,0018 ,0564,270,23,4,66,61,131,132,133
20,Güer Aike,007,0018 ,0565,271,0,1,67,61,131,132,133
20,Güer Aike,007,0018 ,0566,272,16,3,56,61,131,132,133
20,Güer Aike,007,0018 ,0567,272,28,0,62,61,131,132,133
20,Güer Aike,007,0018 ,0568,274,23,6,45,61,131,132,133
20,Güer Aike,007,0018 ,0569,270,3,24,59,61,131,132,133
20,Güer Aike,007,0018 ,0570,270,19,3,47,61,131,132,133
20,Güer Aike,007,0018 ,0571,270,19,2,53,61,131,132,133
20,Güer Aike,007,0018 ,0572,272,20,0,58,61,131,132,133
20,Güer Aike,007,0018 ,0573,269,18,1,63,61,131,132,133
20,Güer Aike,007,0018 ,0574,271,23,2,58,61,131,132,133
20,Güer Aike,007,0018 ,0575,271,33,0,53,61,131,132,133
20,Güer Aike,007,0018 ,0576,272,21,2,58,61,131,132,133
20,Güer Aike,007,0018 ,0577,273,61,1,66,61,131,132,133
20,Güer Aike,007,0018 ,0578,272,12,3,66,61,131,132,133
20,Güer Aike,007,0018 ,0579,269,12,3,56,61,131,132,133
20,Güer Aike,007,0018 ,0580,270,19,2,57,61,131,132,133
20,Güer Aike,007,0018 ,0581,270,18,4,42,61,131,132,133
20,Güer Aike,007,0018 ,0582,269,2,2,48,61,131,132,133
20,Güer Aike,007,0018 ,0583,270,18,4,48,61,131,132,133
20,Güer Aike,007,0018 ,0584,270,15,6,63,61,131,132,133
20,Güer Aike,007,0018 ,0585,270,1,2,70,61,131,132,133
20,Güer Aike,007,0018 ,0586,270,17,5,68,61,131,132,133
20,Güer Aike,007,0018 ,0587,270,11,2,72,61,131,132,133
20,Güer Aike,007,0018 ,0588,270,25,1,73,61,131,132,133
20,Güer Aike,007,0018 ,0589,270,19,10,63,61,131,132,133
20,Güer Aike,007,0018 ,0590,271,23,6,62,61,131,132,133
20,Güer Aike,007,0018 ,0591,270,22,1,63,61,131,132,133
20,Güer Aike,007,0018 ,0592,269,18,1,64,61,131,132,133
20,Güer Aike,007,0018 ,0593,270,11,3,64,61,131,132,133
20,Güer Aike,007,0018 ,0594,269,24,5,56,61,131,132,133
20,Güer Aike,007,0018 ,0595,272,18,0,40,61,131,132,133
20,Güer Aike,007,0018 ,0596,271,19,4,67,61,131,132,133
20,Güer Aike,007,0018 ,0597,270,17,1,52,61,131,132,133
20,Güer Aike,007,0018 ,0598,268,13,0,41,61,131,132,133
20,Güer Aike,007,0018 ,0599,271,23,4,84,61,131,132,133
20,Güer Aike,007,0018 ,0600,270,13,5,55,61,131,132,133
20,Güer Aike,007,0018 ,0601,270,15,8,69,61,131,132,133
20,Güer Aike,007,0018 ,0602,269,21,3,57,61,131,132,133
20,Güer Aike,007,0018 ,0603,271,31,0,55,61,131,132,133
20,Güer Aike,007,0018 ,0604,270,20,4,62,61,131,132,133
20,Güer Aike,007,0018 ,0605,270,28,0,45,61,131,132,133
20,Güer Aike,007,0018 ,0606,271,19,2,49,61,131,132,133
20,Güer Aike,007,0018 ,0607,270,16,3,75,61,131,132,133
20,Güer Aike,007,0018 ,0608,271,39,5,55,61,131,132,133
20,Güer Aike,007,0018 ,0609,269,24,6,58,61,131,132,133
20,Güer Aike,007,0018 ,0610,270,17,2,68,61,131,132,133
20,Güer Aike,007,0018 ,0611,270,19,7,48,61,131,132,133
20,Güer Aike,007,0018 ,0612,271,21,2,75,61,131,132,133
20,Güer Aike,007,0018 ,0613,272,24,2,60,61,131,132,133
20,Güer Aike,007,0018 ,0614,269,16,4,54,61,131,132,133
20,Güer Aike,007,0018 ,0615,271,21,2,62,61,131,132,133
20,Güer Aike,007,0018 ,0616,271,30,1,69,61,131,132,133
20,Güer Aike,007,0018 ,0617,270,17,8,83,61,131,132,133
20,Güer Aike,007,0018 ,0618,270,18,5,67,61,131,132,133
20,Güer Aike,007,0018 ,0619,270,27,0,58,61,131,132,133
20,Güer Aike,007,0018 ,0620,270,26,2,50,61,131,132,133
20,Güer Aike,007,0018 ,0621,271,13,1,63,61,131,132,133
20,Güer Aike,007,0018 ,0622,271,25,2,61,61,131,132,133
20,Güer Aike,007,0018 ,0623,269,15,2,75,61,131,132,133
20,Güer Aike,007,0018 ,0624,270,17,1,82,61,131,132,133
20,Güer Aike,007,0018 ,0625,271,16,4,72,61,131,132,133
20,Güer Aike,007,0018 ,0626,271,12,2,68,61,131,132,133
20,Güer Aike,007,0018 ,0627,272,29,4,49,61,131,132,133
20,Güer Aike,007,0018 ,0628,271,23,3,78,61,131,132,133
20,Güer Aike,007,0018 ,0629,271,24,2,67,61,131,132,133
20,Güer Aike,007,0018 ,0630,274,25,4,71,61,131,132,133
20,Güer Aike,007,0018 ,0631,268,16,2,46,61,131,132,133
20,Güer Aike,007,0018 ,0632,271,16,4,50,61,131,132,133
20,Güer Aike,007,0018 ,0633,269,20,5,54,61,131,132,133
20,Güer Aike,007,0018 ,0634,271,16,1,64,61,131,132,133
20,Güer Aike,007,0018 ,0635,270,17,1,57,61,131,132,133
20,Güer Aike,007,0018 ,0636,272,31,0,60,61,131,132,133
20,Güer Aike,007,0018 ,0637,273,0,0,56,61,131,132,133
20,Güer Aike,007,0018 ,0638,272,14,4,60,61,131,132,133
20,Güer Aike,007,0018 ,0639,270,15,4,49,61,131,132,133
20,Güer Aike,007,0018 ,0640,269,30,3,47,61,131,132,133
20,Güer Aike,007,0018 ,0641,272,19,0,62,61,131,132,133
20,Güer Aike,007,0018 ,0642,270,18,2,67,61,131,132,133
20,Güer Aike,007,0018 ,0643,269,16,2,55,61,131,132,133
20,Güer Aike,007,0018 ,0644,271,27,4,60,61,131,132,133
20,Güer Aike,007,0018 ,0645,271,16,3,63,61,131,132,133
20,Güer Aike,007,0018 ,0646,270,22,2,69,61,131,132,133
20,Güer Aike,007,0018 ,0647,269,19,7,67,61,131,132,133
20,Güer Aike,007,0018 ,0648,270,0,0,57,61,131,132,133
20,Güer Aike,007,0018 ,0649,270,15,0,50,61,131,132,133
20,Güer Aike,007,0018 ,0650,273,17,2,42,61,131,132,133
20,Güer Aike,007,0018 ,0651,270,16,4,49,61,131,132,133
20,Güer Aike,007,0018 ,0652,271,22,1,68,61,131,132,133
20,Güer Aike,007,0018 ,0653,269,0,2,53,61,131,132,133
20,Güer Aike,007,0018 ,0654,269,10,0,41,61,131,132,133
20,Güer Aike,007,0018 ,0655,271,21,4,41,61,131,132,133
20,Güer Aike,007,0018 ,0656,270,0,7,48,61,131,132,133
20,Güer Aike,007,0018 ,0657,270,17,1,67,61,131,132,133
20,Güer Aike,007,0018 ,0658,273,13,5,57,61,131,132,133
20,Güer Aike,007,0018 ,0659,270,7,1,71,61,131,132,133
20,Güer Aike,007,0018 ,0660,270,35,3,61,61,131,132,133
20,Güer Aike,007,0018 ,0661,270,21,5,74,61,131,132,133
20,Güer Aike,007,0018 ,0662,268,21,2,56,61,131,132,133
20,Güer Aike,007,0018 ,0663,273,23,4,60,61,131,132,133
20,Güer Aike,007,0018 ,0664,272,30,3,53,61,131,132,133
20,Güer Aike,007,0018 ,0665,271,2,3,66,61,131,132,133
20,Güer Aike,007,0018 ,0666,271,17,0,45,61,131,132,133
20,Güer Aike,007,0018 ,0667,270,13,1,54,61,131,132,133
20,Güer Aike,007,0018 ,0668,271,18,3,58,61,131,132,133
20,Güer Aike,007,0018 ,0669,271,27,1,63,61,131,132,133
20,Güer Aike,007,0018 ,0670,272,26,1,61,61,131,132,133
20,Güer Aike,007,0018 ,0671,271,21,1,48,61,131,132,133
20,Güer Aike,007,0018 ,0672,272,19,2,45,61,131,132,133
20,Güer Aike,007,0018 ,0673,272,19,6,45,61,131,132,133
20,Güer Aike,007,0018 ,0674,269,20,2,61,61,131,132,133
20,Güer Aike,007,0018 ,0675,271,21,1,59,61,131,132,133
20,Güer Aike,007,0018 ,0676,270,28,2,58,61,131,132,133
20,Güer Aike,007,0018 ,0677,269,12,3,51,61,131,132,133
20,Güer Aike,007,0018 ,0678,271,15,12,49,61,131,132,133
20,Güer Aike,007,0018 ,0679,269,22,4,73,61,131,132,133
20,Güer Aike,007,0018 ,0680,271,22,2,60,61,131,132,133
20,Güer Aike,007,0018 ,0681,270,14,4,66,61,131,132,133
20,Güer Aike,007,0018 ,0682,270,15,0,53,61,131,132,133
20,Güer Aike,007,0018 ,0683,274,24,4,50,61,131,132,133
20,Güer Aike,007,0018 ,0684,272,18,1,46,61,131,132,133
20,Güer Aike,007,0018 ,0685,270,26,2,57,61,131,132,133
20,Güer Aike,007,0018 ,0686,271,23,0,57,61,131,132,133
20,Güer Aike,007,0018 ,0687,270,19,6,51,61,131,132,133
20,Güer Aike,007,0018 ,0688,273,30,1,55,61,131,132,133
20,Güer Aike,007,0018 ,0689,271,14,3,53,61,131,132,133
20,Güer Aike,007,0018 ,0690,269,19,2,63,61,131,132,133
20,Güer Aike,007,0018 ,0691,270,28,2,65,61,131,132,133
20,Güer Aike,007,0018 ,0692,272,16,7,66,61,131,132,133
20,Güer Aike,007,0018 ,0693,271,24,8,56,61,131,132,133
20,Güer Aike,007,0018 ,0694,270,19,7,55,61,131,132,133
20,Güer Aike,007,0018 ,0695,270,23,2,57,61,131,132,133
20,Güer Aike,007,0018 ,0696,273,13,2,69,61,131,132,133
20,Güer Aike,007,0018 ,0697,270,20,0,66,61,131,132,133
20,Güer Aike,007,0018 ,0698,272,23,2,45,61,131,132,133
20,Güer Aike,007,0018 ,0699,270,23,6,70,61,131,132,133
20,Güer Aike,007,0018 ,0700,271,16,5,63,61,131,132,133
20,Güer Aike,007,0018 ,0701,273,21,2,60,61,131,132,133
20,Güer Aike,007,0018 ,0702,270,27,3,74,61,131,132,133
20,Güer Aike,007,0018 ,0703,271,13,2,69,61,131,132,133
20,Güer Aike,007,0018 ,0704,270,19,0,69,61,131,132,133
20,Güer Aike,007,0018 ,0705,269,10,6,63,61,131,132,133
20,Güer Aike,007,0018 ,0706,274,13,1,54,61,131,132,133
20,Güer Aike,007,0018 ,0707,270,0,0,39,61,131,132,133
20,Güer Aike,007,0018 ,0708,165,14,0,20,61,131,132,133
20,Güer Aike,007,0018 ,0709,163,1,0,29,61,131,132,133
20,Güer Aike,007,0019 ,0710,86,2,0,12,61,131,132,133
20,Güer Aike,007,0020 ,0711,55,4,2,3,61,131,132,133
20,Güer Aike,007,0021 ,0712,270,31,1,15,61,131,132,133
20,Güer Aike,007,0021 ,0713,270,25,4,28,61,131,132,133
20,Güer Aike,007,0021 ,0714,270,31,0,23,61,131,132,133
20,Güer Aike,007,0021 ,0715,271,28,0,23,61,131,132,133
20,Güer Aike,007,0021 ,0716,270,23,2,29,61,131,132,133
20,Güer Aike,007,0021 ,0717,270,20,2,28,61,131,132,133
20,Güer Aike,007,0021 ,0718,270,18,0,24,61,131,132,133
20,Güer Aike,007,0021 ,0719,268,24,3,23,61,131,132,133
20,Güer Aike,007,0021 ,0720,270,30,0,26,61,131,132,133
20,Güer Aike,007,0021 ,0721,271,32,0,25,61,131,132,133
20,Güer Aike,007,0021 ,0722,271,29,3,19,61,131,132,133
20,Güer Aike,007,0021 ,0723,271,15,4,28,61,131,132,133
20,Güer Aike,007,0021 ,0724,271,22,0,24,61,131,132,133
20,Güer Aike,007,0021 ,0725,272,25,1,24,61,131,132,133
20,Güer Aike,007,0021 ,0726,271,24,6,16,61,131,132,133
20,Güer Aike,007,0021 ,0727,271,18,0,11,61,131,132,133
20,Güer Aike,007,0021 ,0728,271,21,1,29,61,131,132,133
20,Güer Aike,007,0021 ,0729,270,21,5,15,61,131,132,133
20,Güer Aike,007,0021 ,0730,271,38,1,22,61,131,132,133
20,Güer Aike,007,0021 ,0731,271,13,0,16,61,131,132,133
20,Güer Aike,007,0021 ,0732,270,29,3,0,61,131,132,133
20,Güer Aike,007,0021 ,0733,271,29,1,18,61,131,132,133
20,Güer Aike,007,0021 ,0734,270,25,2,24,61,131,132,133
20,Güer Aike,007,0021 ,0735,271,20,2,19,61,131,132,133
20,Güer Aike,007,0021 ,0736,271,29,1,24,61,131,132,133
20,Güer Aike,007,0021 ,0737,271,28,2,16,61,131,132,133
20,Güer Aike,007,0021 ,0738,150,7,0,6,61,131,132,133
20,Güer Aike,007,0021 ,0739,151,19,1,15,61,131,132,133
20,Güer Aike,007,0021A,0740,27,2,0,0,61,131,132,133
20,Güer Aike,007,0021B,0741,274,19,2,29,61,131,132,133
20,Güer Aike,007,0021B,0742,272,19,2,26,61,131,132,133
20,Güer Aike,007,0021B,0743,273,34,2,17,61,131,132,133
20,Güer Aike,007,0021B,0744,272,27,0,28,61,131,132,133
20,Güer Aike,007,0021B,0745,271,0,0,19,61,131,132,133
20,Güer Aike,007,0021B,0746,272,0,1,25,61,131,132,133
20,Güer Aike,007,0021B,0747,273,0,0,32,61,131,132,133
20,Güer Aike,007,0021B,0748,273,0,4,20,61,131,132,133
20,Güer Aike,007,0021B,0749,270,22,0,19,61,131,132,133
20,Güer Aike,007,0021B,0750,271,34,2,21,61,131,132,133
20,Güer Aike,007,0021B,0751,270,3,2,27,61,131,132,133
20,Güer Aike,007,0021B,0752,273,6,30,23,61,131,132,133
20,Güer Aike,007,0021B,0753,270,32,6,13,61,131,132,133
20,Güer Aike,007,0021B,0754,269,2,1,27,61,131,132,133
20,Güer Aike,007,0021B,0755,272,25,0,22,61,131,132,133
20,Güer Aike,007,0021B,0756,272,21,1,24,61,131,132,133
20,Güer Aike,007,0021B,0757,272,40,1,28,61,131,132,133
20,Güer Aike,007,0021B,0758,270,16,4,25,61,131,132,133
20,Güer Aike,007,0021B,0759,271,20,0,24,61,131,132,133
20,Güer Aike,007,0021B,0760,148,9,0,14,61,131,132,133
20,Güer Aike,007,0021B,0761,149,13,0,10,61,131,132,133
