codprov,depto,coddepto,circuito,mesa,electores,blancos,nulos,0061,0068,0153,0501,0502,0518,0526
18,Capital,001,0001 ,0001,329,25,1,1,0,4,79,78,42,10
18,Capital,001,0001 ,0002,330,28,2,2,2,11,57,72,44,7
18,Capital,001,0001 ,0003,329,33,0,0,0,6,55,79,40,9
18,Capital,001,0001 ,0004,329,31,0,3,1,2,71,101,35,6
18,Capital,001,0001 ,0005,329,29,1,1,0,6,58,90,37,8
18,Capital,001,0001 ,0006,328,26,2,2,1,9,57,84,49,5
18,Capital,001,0001 ,0007,330,57,4,0,0,4,73,62,51,5
18,Capital,001,0001 ,0008,330,35,1,1,0,8,51,100,38,10
18,Capital,001,0001 ,0009,328,26,1,1,1,4,68,98,44,3
18,Capital,001,0001 ,0010,328,40,0,0,1,9,61,74,46,6
18,Capital,001,0001 ,0011,329,23,0,2,0,7,78,89,55,10
18,Capital,001,0001 ,0012,328,1,0,0,0,7,52,96,51,3
18,Capital,001,0001 ,0013,327,31,0,0,0,12,53,91,46,11
18,Capital,001,0001 ,0014,329,29,2,2,1,7,44,102,38,11
18,Capital,001,0001 ,0015,328,32,0,2,1,3,65,89,34,5
18,Capital,001,0002 ,0016,341,0,0,0,0,9,58,62,37,0
18,Capital,001,0002 ,0017,342,0,1,0,0,5,57,98,56,5
18,Capital,001,0002 ,0018,342,14,5,1,2,4,84,90,44,10
18,Capital,001,0002 ,0019,341,24,3,0,0,6,55,118,28,2
18,Capital,001,0002 ,0020,341,1,4,2,0,11,75,82,52,5
18,Capital,001,0002 ,0021,342,0,0,0,0,0,0,0,0,0
18,Capital,001,0002 ,0022,339,0,5,1,1,10,72,86,40,6
18,Capital,001,0003 ,0023,314,29,0,0,1,13,57,78,44,5
18,Capital,001,0003 ,0024,315,35,2,1,1,8,64,79,35,7
18,Capital,001,0003 ,0025,313,24,3,2,1,13,55,86,42,11
18,Capital,001,0003 ,0026,313,32,1,4,1,5,73,69,37,7
18,Capital,001,0003 ,0027,312,17,3,0,4,6,62,79,38,9
18,Capital,001,0003 ,0028,313,23,1,3,2,5,76,72,42,5
18,Capital,001,0003 ,0029,313,24,3,1,1,5,68,95,47,7
18,Capital,001,0003 ,0030,314,42,0,1,0,4,60,68,43,12
18,Capital,001,0004 ,0031,334,29,2,1,3,4,112,51,52,12
18,Capital,001,0004 ,0032,334,17,2,2,2,0,91,58,61,6
18,Capital,001,0004 ,0033,335,0,7,0,1,11,87,72,41,8
18,Capital,001,0004 ,0034,331,0,0,0,1,3,90,69,46,12
18,Capital,001,0004 ,0035,333,18,2,0,0,4,107,63,57,8
18,Capital,001,0004 ,0036,334,19,0,0,4,4,115,63,37,10
18,Capital,001,0005 ,0037,322,27,0,1,2,12,94,67,46,5
18,Capital,001,0005 ,0038,322,0,0,2,0,13,100,44,54,2
18,Capital,001,0005 ,0039,321,18,0,1,2,11,108,49,58,7
18,Capital,001,0005 ,0040,322,26,1,2,1,2,109,51,60,6
18,Capital,001,0005 ,0041,321,12,5,1,4,6,103,47,66,9
18,Capital,001,0005 ,0042,322,16,3,2,2,12,100,47,50,1
18,Capital,001,0005 ,0043,319,14,11,3,1,11,91,55,52,7
18,Capital,001,0005 ,0044,322,4,0,0,1,21,91,24,67,7
18,Capital,001,0005 ,0045,321,1,0,30,4,3,105,59,36,2
18,Capital,001,0006 ,0046,351,2,0,1,2,5,150,30,62,5
18,Capital,001,0006 ,0047,349,23,2,0,2,12,148,34,53,5
18,Capital,001,0006 ,0048,349,26,5,2,0,9,148,21,62,5
18,Capital,001,0006 ,0049,349,20,0,1,0,16,163,22,49,4
18,Capital,001,0006 ,0050,349,27,5,1,0,6,158,26,48,4
18,Capital,001,0006 ,0051,349,0,0,0,1,8,152,27,56,5
18,Capital,001,0006 ,0052,348,29,0,0,0,10,167,18,56,5
18,Capital,001,0006 ,0053,349,26,2,2,0,11,143,34,56,4
18,Capital,001,0006 ,0054,349,16,0,0,2,6,161,29,42,2
18,Capital,001,0007 ,0055,328,34,0,0,2,6,179,12,26,9
18,Capital,001,0007 ,0056,326,4,6,1,1,8,182,22,29,5
18,Capital,001,0007 ,0057,326,8,0,3,0,1,166,15,39,1
18,Capital,001,0007 ,0058,326,17,4,0,1,8,200,20,25,3
18,Capital,001,0007 ,0059,325,1,4,1,0,8,168,16,31,1
18,Capital,001,0007 ,0060,326,8,23,2,1,4,163,16,35,4
18,Capital,001,0007 ,0061,325,17,0,0,0,7,174,19,30,2
18,Capital,001,0007 ,0062,328,15,15,0,2,0,176,8,30,1
18,Capital,001,0007 ,0063,325,2,2,1,0,5,158,26,35,1
18,Capital,001,0007 ,0064,326,21,4,0,0,3,171,20,41,2
18,Capital,001,0007 ,0065,326,17,0,1,1,6,177,18,35,3
18,Capital,001,0007 ,0066,327,0,0,0,2,6,169,18,40,2
18,Capital,001,0007 ,0067,327,24,4,1,0,6,175,21,32,1
18,Capital,001,0008 ,0068,327,0,2,1,2,7,141,52,37,6
18,Capital,001,0008 ,0069,329,1,8,3,0,9,133,31,46,5
18,Capital,001,0008 ,0070,329,0,0,0,0,10,140,40,28,9
18,Capital,001,0008 ,0071,327,30,1,2,0,0,131,37,57,5
18,Capital,001,0008 ,0072,326,1,0,3,1,3,117,30,56,7
18,Capital,001,0008 ,0073,325,8,3,0,3,6,133,32,62,3
18,Capital,001,0008 ,0074,324,27,4,4,1,7,125,45,51,1
18,Capital,001,0008 ,0075,326,23,1,1,2,6,136,26,55,3
18,Capital,001,0008 ,0076,326,25,0,2,8,8,136,53,42,5
18,Capital,001,0008 ,0077,328,11,3,1,0,14,133,44,53,5
18,Capital,001,0008 ,0078,325,37,4,2,2,12,108,37,52,2
18,Capital,001,0009 ,0079,336,0,0,3,1,13,117,49,47,4
18,Capital,001,0009 ,0080,335,0,0,0,0,9,81,56,51,5
18,Capital,001,0009 ,0081,335,24,1,3,0,8,102,64,46,4
18,Capital,001,0009 ,0082,335,32,1,0,3,12,91,57,51,2
18,Capital,001,0009 ,0083,336,13,6,1,3,9,100,73,41,8
18,Capital,001,0009 ,0084,336,41,2,1,3,8,77,57,59,7
18,Capital,001,0009 ,0085,334,28,2,2,1,6,93,73,48,5
18,Capital,001,0009 ,0086,335,29,7,0,0,4,103,63,47,11
18,Capital,001,0009 ,0087,335,0,1,2,1,7,114,54,44,2
18,Capital,001,0009 ,0088,336,35,1,3,1,6,121,38,48,2
18,Capital,001,0009 ,0089,335,35,2,2,0,11,105,45,48,8
18,Capital,001,0009 ,0090,337,16,0,0,2,11,21,58,54,6
18,Capital,001,0009 ,0091,336,0,0,1,1,7,105,62,38,5
18,Capital,001,0009 ,0092,334,94,0,0,1,7,63,56,46,7
18,Capital,001,0009 ,0093,335,32,0,2,0,11,102,62,39,10
18,Capital,001,0010 ,0094,349,76,4,2,5,7,122,51,52,9
18,Capital,001,0010 ,0095,349,53,2,0,3,2,97,70,46,0
18,Capital,001,0010 ,0096,349,25,2,2,1,9,99,53,70,4
18,Capital,001,0010 ,0097,349,27,1,2,2,5,97,58,55,10
18,Capital,001,0010 ,0098,348,26,0,3,2,13,109,63,46,11
18,Capital,001,0010 ,0099,350,23,5,0,3,9,91,72,49,9
18,Capital,001,0010 ,0100,350,14,0,2,0,8,97,62,81,6
18,Capital,001,0011 ,0101,340,0,0,1,2,8,155,30,30,5
18,Capital,001,0011 ,0102,342,21,5,0,0,4,146,37,47,0
18,Capital,001,0011 ,0103,343,39,3,3,1,5,121,47,47,9
18,Capital,001,0011 ,0104,342,28,1,1,1,5,157,36,39,9
18,Capital,001,0011 ,0105,342,28,2,2,1,7,140,36,42,4
18,Capital,001,0011 ,0106,341,21,3,1,2,8,148,36,33,4
18,Capital,001,0011 ,0107,341,0,0,0,2,7,126,44,35,5
18,Capital,001,0011 ,0108,341,17,2,2,0,5,154,32,41,8
18,Capital,001,0012 ,0109,339,0,0,3,1,2,154,28,37,5
18,Capital,001,0012 ,0110,341,24,4,3,1,7,125,44,55,5
18,Capital,001,0012 ,0111,338,3,8,3,1,9,132,36,53,3
18,Capital,001,0012 ,0112,339,0,0,0,4,10,146,25,48,3
18,Capital,001,0012 ,0113,337,0,0,0,0,4,136,12,40,0
18,Capital,001,0012 ,0114,338,28,0,0,0,9,156,27,32,8
18,Capital,001,0012 ,0115,339,2,2,1,0,6,142,31,38,6
18,Capital,001,0012 ,0116,339,30,2,2,0,9,131,43,38,3
18,Capital,001,0012 ,0117,338,0,0,0,1,2,154,23,39,0
18,Capital,001,0012 ,0118,340,30,2,0,2,12,141,32,39,4
18,Capital,001,0012 ,0119,338,25,2,1,2,9,132,27,45,9
18,Capital,001,0012 ,0120,339,25,4,1,0,6,150,41,50,0
18,Capital,001,0012 ,0121,339,32,2,3,1,13,134,29,40,4
18,Capital,001,0013 ,0122,292,23,0,3,1,5,125,37,44,7
18,Capital,001,0013 ,0123,291,27,1,2,1,4,124,30,43,7
18,Capital,001,0013 ,0124,292,34,1,1,0,4,118,46,27,2
18,Capital,001,0013 ,0125,293,20,0,1,3,10,137,35,38,0
18,Capital,001,0013 ,0126,292,14,0,2,0,1,126,38,40,6
18,Capital,001,0014 ,0127,330,29,3,0,0,14,106,41,56,8
18,Capital,001,0014 ,0128,328,30,1,1,0,12,112,76,37,6
18,Capital,001,0014 ,0129,330,23,5,5,3,9,117,52,41,9
18,Capital,001,0014 ,0130,330,20,0,0,5,4,115,73,37,7
18,Capital,001,0014 ,0131,329,23,2,1,4,7,119,44,49,12
18,Capital,001,0014 ,0132,329,19,3,2,0,7,133,56,48,5
18,Capital,001,0014 ,0133,329,21,1,1,3,7,118,52,48,14
18,Capital,001,0014 ,0134,331,22,1,1,1,8,115,44,39,2
18,Capital,001,0014 ,0135,327,237,33,3,0,6,125,59,43,4
18,Capital,001,0014 ,0136,327,20,3,0,0,3,109,74,51,6
18,Capital,001,0014 ,0137,330,32,1,2,0,2,124,59,37,8
18,Capital,001,0014 ,0138,329,27,1,1,1,4,95,89,42,6
18,Capital,001,0014 ,0139,328,30,1,1,0,10,99,65,52,1
18,Capital,001,0015 ,0140,328,19,2,0,2,4,123,55,39,11
18,Capital,001,0015 ,0141,327,31,1,1,1,6,107,50,48,8
18,Capital,001,0015 ,0142,327,38,0,1,0,11,115,50,30,7
18,Capital,001,0015 ,0143,327,27,2,2,1,3,137,45,33,8
18,Capital,001,0015 ,0144,327,21,9,4,0,9,103,63,43,12
18,Capital,001,0015 ,0145,328,21,0,1,3,9,120,50,43,6
18,Capital,001,0015 ,0146,328,0,0,0,0,0,98,39,41,8
18,Capital,001,0015 ,0147,326,3,2,4,0,1,141,7,36,5
18,Capital,001,0016 ,0148,350,38,5,3,1,10,88,82,32,8
18,Capital,001,0016 ,0149,351,27,3,1,0,8,86,68,51,6
18,Capital,001,0016 ,0150,349,35,1,1,1,4,87,82,56,8
18,Capital,001,0016 ,0151,349,37,2,1,4,12,94,74,48,10
18,Capital,001,0016 ,0152,350,30,1,0,6,4,93,86,40,10
18,Capital,001,0016 ,0153,348,33,2,1,3,8,88,78,40,9
18,Capital,001,0017 ,0154,337,22,2,0,0,10,119,61,54,7
18,Capital,001,0017 ,0155,337,20,1,3,0,5,111,49,55,9
18,Capital,001,0017 ,0156,336,34,2,2,1,7,121,50,46,6
18,Capital,001,0017 ,0157,336,14,3,6,3,9,109,64,49,7
18,Capital,001,0017 ,0158,338,36,7,4,1,9,111,39,58,7
18,Capital,001,0017 ,0159,339,15,8,0,2,5,121,57,57,6
18,Capital,001,0017 ,0160,336,41,1,0,2,7,116,43,52,4
18,Capital,001,0017 ,0161,336,23,1,0,2,5,122,54,51,9
18,Capital,001,0017 ,0162,335,20,2,2,1,5,111,58,60,6
18,Capital,001,0017 ,0163,337,39,1,3,2,7,114,66,32,8
18,Capital,001,0018 ,0164,254,0,4,1,2,13,68,57,31,3
18,Capital,001,0018 ,0165,256,30,3,1,0,6,62,64,33,5
18,Capital,001,0018 ,0166,256,1,11,0,0,8,65,63,28,9
18,Capital,001,0019 ,0167,318,41,2,0,7,3,72,66,44,20
18,Capital,001,0019 ,0168,319,28,0,0,3,3,95,64,37,10
18,Capital,001,0019 ,0169,320,22,0,1,0,6,87,80,43,3
18,Capital,001,0019 ,0170,319,1,8,0,2,5,85,77,27,4
18,Capital,001,0019 ,0171,321,24,0,0,0,9,96,73,36,8
18,Capital,001,0019 ,0172,319,15,6,0,0,8,76,74,46,9
18,Capital,001,0019 ,0173,319,0,7,0,2,6,91,62,44,12
18,Capital,001,0019 ,0174,318,30,7,0,1,11,104,21,20,10
18,Capital,001,0019 ,0175,318,26,0,0,0,9,87,64,51,12
18,Capital,001,0020 ,0176,304,42,0,1,1,6,89,61,30,5
18,Capital,001,0020 ,0177,302,20,2,1,0,12,75,86,35,5
18,Capital,001,0020 ,0178,302,22,2,0,1,6,75,69,41,7
18,Capital,001,0020 ,0179,302,18,0,4,4,7,71,77,41,5
18,Capital,001,0020 ,0180,302,23,1,1,1,11,79,77,34,4
18,Capital,001,0020 ,0181,301,29,2,0,0,5,71,78,33,9
18,Capital,001,0020 ,0182,300,29,1,0,2,9,81,76,27,10
18,Capital,001,0021 ,0183,343,27,4,3,1,9,105,77,35,5
18,Capital,001,0021 ,0184,342,25,2,3,1,9,93,73,45,9
18,Capital,001,0021 ,0185,342,23,5,1,3,11,96,68,50,7
18,Capital,001,0021 ,0186,341,34,3,3,0,5,95,71,37,10
18,Capital,001,0021 ,0187,340,16,9,1,0,0,86,71,37,8
18,Capital,001,0021 ,0188,341,28,0,1,2,7,79,67,34,11
18,Capital,001,0022 ,0189,333,32,0,0,2,4,99,82,43,7
18,Capital,001,0022 ,0190,333,38,0,2,1,8,76,81,44,6
18,Capital,001,0022 ,0191,333,20,2,3,0,4,108,93,32,8
18,Capital,001,0022 ,0192,331,38,2,3,1,5,89,78,39,12
18,Capital,001,0022 ,0193,333,0,0,1,1,8,112,88,25,9
18,Capital,001,0022 ,0194,332,0,3,3,2,6,86,89,34,7
18,Capital,001,0022 ,0195,333,32,4,2,2,13,92,97,34,11
18,Capital,001,0022 ,0196,333,30,2,4,1,4,93,85,39,13
18,Capital,001,0022 ,0197,333,2,2,0,4,5,93,91,30,10
18,Capital,001,0022 ,0198,331,26,2,0,0,1,96,81,44,7
18,Capital,001,0022 ,0199,333,31,1,2,1,3,93,92,40,5
18,Capital,001,0022 ,0200,332,31,9,2,1,6,92,90,39,6
18,Capital,001,0022 ,0201,333,35,1,0,1,4,102,80,31,11
18,Capital,001,0023 ,0202,331,35,1,2,1,15,100,40,46,6
18,Capital,001,0023 ,0203,330,2,2,2,2,7,86,71,34,7
18,Capital,001,0023 ,0204,330,76,2,0,2,7,116,41,52,10
18,Capital,001,0023 ,0205,330,24,1,0,3,8,90,64,47,4
18,Capital,001,0023 ,0206,330,28,1,2,1,15,90,55,46,13
18,Capital,001,0024 ,0207,327,22,0,0,1,12,135,22,44,5
18,Capital,001,0024 ,0208,329,31,5,3,0,7,120,24,46,7
18,Capital,001,0024 ,0209,328,46,12,2,1,13,134,24,38,7
18,Capital,001,0024 ,0210,326,16,2,1,1,3,154,27,48,4
18,Capital,001,0024 ,0211,330,22,6,3,2,7,140,20,42,12
18,Capital,001,0024 ,0212,327,31,5,2,0,7,150,32,34,6
18,Capital,001,0024 ,0213,326,33,3,3,3,3,140,31,41,0
18,Capital,001,0024 ,0214,327,0,1,3,4,5,142,19,43,1
18,Capital,001,0024 ,0215,327,20,1,0,3,5,156,26,40,5
18,Capital,001,0024 ,0216,327,14,4,4,2,11,142,34,52,2
18,Capital,001,0024 ,0217,327,20,4,3,0,5,128,34,47,2
18,Capital,001,0024 ,0218,327,23,1,0,0,6,136,29,55,5
18,Capital,001,0024 ,0219,326,92,1,3,0,6,139,32,49,6
18,Capital,001,0025 ,0220,323,31,2,1,0,10,130,26,46,6
18,Capital,001,0025 ,0221,323,28,8,0,1,5,133,36,37,5
18,Capital,001,0025 ,0222,324,23,3,0,3,2,127,28,58,5
18,Capital,001,0025 ,0223,323,18,4,0,7,7,136,28,49,4
18,Capital,001,0025 ,0224,323,19,2,1,0,7,155,24,36,4
18,Capital,001,0025 ,0225,323,0,0,2,0,5,139,32,56,3
18,Capital,001,0025 ,0226,324,42,2,0,1,9,141,19,45,12
18,Capital,001,0025 ,0227,323,22,2,4,7,12,137,30,43,7
18,Capital,001,0025 ,0228,321,3,1,0,0,4,119,31,55,0
18,Capital,001,0025 ,0229,323,24,7,1,1,13,123,26,51,5
18,Capital,001,0026 ,0230,328,24,2,2,2,13,121,48,41,7
18,Capital,001,0026 ,0231,327,0,3,2,4,4,96,69,36,5
18,Capital,001,0026 ,0232,330,25,1,0,2,10,118,49,47,4
18,Capital,001,0026 ,0233,329,21,2,2,0,8,96,53,55,5
18,Capital,001,0026 ,0234,327,33,1,1,0,7,97,38,59,11
18,Capital,001,0026 ,0235,328,23,0,1,4,5,117,48,40,11
18,Capital,001,0026 ,0236,329,21,0,0,2,10,103,54,54,13
18,Capital,001,0026 ,0237,327,18,4,0,1,14,112,56,54,7
18,Capital,001,0026 ,0238,327,25,1,2,0,6,102,44,56,10
18,Capital,001,0026 ,0239,327,34,4,0,0,6,93,65,44,3
18,Capital,001,0026 ,0240,327,23,2,0,0,6,112,57,44,4
18,Capital,001,0027 ,0241,329,23,0,1,3,9,145,28,56,3
18,Capital,001,0027 ,0242,329,17,3,1,1,13,154,31,37,7
18,Capital,001,0027 ,0243,329,9,0,2,1,9,159,21,52,7
18,Capital,001,0027 ,0244,329,5,0,1,3,10,122,27,47,4
18,Capital,001,0027 ,0245,329,38,0,1,0,3,122,33,43,3
18,Capital,001,0027 ,0246,329,23,0,0,3,0,150,34,37,3
18,Capital,001,0027 ,0247,329,27,2,1,4,11,131,32,65,2
18,Capital,001,0027 ,0248,330,14,4,0,0,11,143,23,44,2
18,Capital,001,0027 ,0249,329,0,2,4,2,11,156,36,38,2
18,Capital,001,0028 ,0250,290,32,1,3,2,6,74,55,48,8
18,Capital,001,0028 ,0251,290,15,0,2,1,5,66,61,44,3
18,Capital,001,0028 ,0252,289,40,0,3,0,13,78,49,28,4
18,Capital,001,0029 ,0253,325,21,2,1,1,7,114,59,36,8
18,Capital,001,0029 ,0254,326,17,0,4,0,9,101,63,66,6
18,Capital,001,0029 ,0255,326,14,10,1,0,5,111,64,45,2
18,Capital,001,0029 ,0256,325,0,0,5,2,10,97,59,50,10
18,Capital,001,0029 ,0257,324,23,1,4,0,10,108,45,51,7
18,Capital,001,0029 ,0258,324,17,6,4,1,8,104,61,42,8
18,Capital,001,0030 ,0259,329,21,3,2,0,7,136,25,55,3
18,Capital,001,0030 ,0260,328,20,4,6,0,7,129,28,56,0
18,Capital,001,0030 ,0261,329,17,1,2,1,6,132,27,60,5
18,Capital,001,0030 ,0262,329,22,2,0,2,6,116,34,55,6
18,Capital,001,0030 ,0263,328,30,7,4,0,3,115,25,60,6
18,Capital,001,0030 ,0264,328,0,0,2,0,9,105,44,56,3
18,Capital,001,0030 ,0265,331,7,6,3,1,3,118,30,56,4
18,Capital,001,0030 ,0266,328,20,2,2,2,10,132,32,52,3
18,Capital,001,0030 ,0267,328,51,0,0,1,4,125,31,44,2
18,Capital,001,0030 ,0268,329,11,0,2,1,5,145,33,48,5
18,Capital,001,0031 ,0269,334,9,2,3,1,8,221,64,53,4
18,Capital,001,0031 ,0270,336,29,0,3,0,0,123,57,58,4
18,Capital,001,0031 ,0271,337,32,0,2,0,5,124,50,49,2
18,Capital,001,0031 ,0272,337,1,0,6,0,8,98,48,49,7
18,Capital,001,0031 ,0273,335,2,0,0,1,7,102,52,42,11
18,Capital,001,0031 ,0274,335,12,2,1,4,4,121,85,51,11
18,Capital,001,0031 ,0275,333,18,3,1,0,7,104,54,57,9
18,Capital,001,0031 ,0276,335,2,1,3,3,12,70,50,51,11
18,Capital,001,0031 ,0277,336,0,0,4,3,6,101,57,58,3
18,Capital,001,0031 ,0278,333,28,2,2,0,10,102,54,49,7
18,Capital,001,0031 ,0279,339,0,1,0,0,7,107,35,44,1
18,Capital,001,0031 ,0280,335,28,0,3,2,5,97,112,46,7
18,Capital,001,0031 ,0281,334,37,0,2,1,5,100,55,54,4
18,Capital,001,0031 ,0282,335,30,2,2,1,14,98,51,55,10
18,Capital,001,0031 ,0283,334,21,4,2,0,7,120,51,46,6
18,Capital,001,0031 ,0284,335,22,3,2,0,7,123,54,49,3
18,Santa Lucía,002,0032 ,0285,343,33,1,3,1,5,98,17,107,5
18,Santa Lucía,002,0032 ,0286,343,31,1,3,0,6,100,32,103,2
18,Santa Lucía,002,0032 ,0287,343,20,21,1,0,4,91,44,98,5
18,Santa Lucía,002,0032 ,0288,344,50,0,0,0,2,95,27,105,0
18,Santa Lucía,002,0032 ,0289,342,1,1,1,0,2,114,12,93,1
18,Santa Lucía,002,0032 ,0290,345,32,0,1,1,3,90,20,114,10
18,Santa Lucía,002,0032 ,0291,343,20,4,1,1,5,123,37,74,3
18,Santa Lucía,002,0032 ,0292,342,1,1,1,0,6,104,35,81,3
18,Santa Lucía,002,0032 ,0293,340,41,1,0,2,5,74,42,100,3
18,Santa Lucía,002,0032 ,0294,341,29,2,1,0,5,80,33,109,6
18,Santa Lucía,002,0032 ,0295,342,42,0,0,0,3,92,31,95,7
18,Santa Lucía,002,0032 ,0296,342,51,0,2,3,3,95,37,68,8
18,Santa Lucía,002,0032 ,0297,342,29,5,0,1,7,87,30,102,7
18,Santa Lucía,002,0032 ,0298,342,36,0,2,2,5,97,29,103,4
18,Santa Lucía,002,0032 ,0299,342,15,0,0,0,6,102,57,95,1
18,Santa Lucía,002,0032 ,0300,340,31,1,1,0,5,103,24,97,3
18,Santa Lucía,002,0032 ,0301,342,0,0,2,0,6,95,25,95,5
18,Santa Lucía,002,0032 ,0302,342,30,10,1,0,6,104,29,89,4
18,Santa Lucía,002,0032 ,0303,342,40,0,0,1,0,97,32,95,6
18,Santa Lucía,002,0032 ,0304,342,0,1,1,0,10,85,38,91,7
18,Santa Lucía,002,0032 ,0305,342,26,1,3,2,4,105,37,95,9
18,Santa Lucía,002,0032 ,0306,341,44,0,0,0,6,98,18,105,2
18,Santa Lucía,002,0032 ,0307,342,2,0,0,0,6,86,32,87,5
18,Santa Lucía,002,0032 ,0308,343,35,2,2,1,5,105,30,103,2
18,Santa Lucía,002,0032 ,0309,341,36,0,0,1,12,95,30,99,9
18,Santa Lucía,002,0033 ,0310,344,0,0,0,0,5,0,10,0,0
18,Santa Lucía,002,0033 ,0311,342,29,5,0,0,0,129,18,84,4
18,Santa Lucía,002,0033 ,0312,342,1,1,2,2,1,122,13,103,3
18,Santa Lucía,002,0033 ,0313,342,34,5,2,0,2,116,16,90,3
18,Santa Lucía,002,0033 ,0314,342,36,0,0,1,5,109,21,96,8
18,Santa Lucía,002,0033 ,0315,341,45,2,0,0,0,120,31,78,0
18,Santa Lucía,002,0033 ,0316,341,30,2,0,0,2,125,19,90,6
18,Santa Lucía,002,0033 ,0317,341,10,0,2,0,3,156,14,89,2
18,Santa Lucía,002,0033 ,0318,343,37,0,0,0,8,92,34,90,3
18,Santa Lucía,002,0033 ,0319,343,28,6,1,3,5,102,30,81,0
18,Santa Lucía,002,0033 ,0320,342,25,0,1,4,2,131,27,98,2
18,Santa Lucía,002,0033 ,0321,342,2,3,0,1,3,117,22,98,3
18,Santa Lucía,002,0033 ,0322,342,48,0,0,4,5,116,20,86,2
18,Santa Lucía,002,0033 ,0323,342,35,3,2,1,1,107,18,85,7
18,Santa Lucía,002,0033 ,0324,342,34,6,0,2,6,106,22,94,3
18,Santa Lucía,002,0033 ,0325,342,20,7,0,1,5,122,14,100,2
18,Santa Lucía,002,0033 ,0326,342,32,2,3,0,9,109,28,80,3
18,Santa Lucía,002,0033 ,0327,341,2,0,0,0,0,123,22,97,0
18,Santa Lucía,002,0033 ,0328,342,1,4,0,0,20,96,29,95,0
18,Santa Lucía,002,0033 ,0329,341,51,0,0,0,3,80,24,102,2
18,Santa Lucía,002,0033 ,0330,342,47,0,2,0,7,100,23,90,4
18,Santa Lucía,002,0033 ,0331,341,5,10,4,0,4,105,25,104,1
18,Santa Lucía,002,0033 ,0332,342,29,0,0,0,4,131,13,90,3
18,Santa Lucía,002,0033 ,0333,341,0,0,0,0,5,70,4,78,14
18,Santa Lucía,002,0033 ,0334,343,36,1,0,1,4,109,21,95,5
18,Santa Lucía,002,0033 ,0335,341,4,10,0,3,0,119,18,87,4
18,Santa Lucía,002,0033 ,0336,341,0,0,0,0,2,112,16,85,0
18,Santa Lucía,002,0033 ,0337,342,0,5,1,0,7,99,22,95,1
18,Santa Lucía,002,0033 ,0338,342,19,11,0,0,2,99,30,106,3
18,Santa Lucía,002,0033 ,0339,344,0,3,1,0,7,125,21,92,4
18,Santa Lucía,002,0033 ,0340,342,34,0,0,1,3,102,16,108,3
18,Santa Lucía,002,0033 ,0341,342,33,4,0,3,2,128,18,84,9
18,Santa Lucía,002,0033 ,0342,342,0,0,0,0,0,0,0,0,0
18,Santa Lucía,002,0033 ,0343,342,38,1,0,1,6,112,31,83,5
18,Santa Lucía,002,0033 ,0344,341,35,1,0,0,5,118,35,89,3
18,Santa Lucía,002,0033 ,0345,342,22,4,0,2,5,118,16,94,3
18,Santa Lucía,002,0033 ,0346,342,22,10,0,3,5,95,22,113,3
18,Santa Lucía,002,0033 ,0347,342,32,1,0,2,6,102,30,102,2
18,Santa Lucía,002,0033 ,0348,342,1,3,2,1,1,107,23,90,2
18,Santa Lucía,002,0033 ,0349,341,0,0,1,0,5,136,18,83,3
18,Santa Lucía,002,0034 ,0350,348,29,9,3,0,1,161,5,68,0
18,Santa Lucía,002,0034 ,0351,348,2,0,2,1,0,135,11,84,3
18,Santa Lucía,002,0034 ,0352,348,0,0,0,1,4,161,14,80,0
18,Santa Lucía,002,0034 ,0353,348,44,0,0,2,2,133,14,90,3
18,Santa Lucía,002,0034 ,0354,348,23,2,3,3,3,164,7,73,3
18,Santa Lucía,002,0034 ,0355,348,0,5,1,2,3,139,10,94,1
18,Santa Lucía,002,0034 ,0356,349,34,5,0,2,1,140,15,87,3
18,Santa Lucía,002,0034 ,0357,349,2,4,1,0,1,137,16,98,1
18,Santa Lucía,002,0034 ,0358,348,23,0,1,1,2,157,11,80,1
18,Santa Lucía,002,0034 ,0359,348,31,0,1,0,4,141,14,74,6
18,Santa Lucía,002,0034 ,0360,347,26,3,3,0,2,134,8,87,1
18,Santa Lucía,002,0034 ,0361,348,28,6,1,0,3,164,8,76,1
18,Santa Lucía,002,0034 ,0362,348,26,2,3,0,0,151,11,85,5
18,Santa Lucía,002,0034 ,0363,348,23,0,1,1,7,159,12,66,2
18,Santa Lucía,002,0034 ,0364,348,28,0,3,2,2,131,7,103,1
18,Santa Lucía,002,0034 ,0365,348,24,0,2,1,6,130,13,94,0
18,Santa Lucía,002,0034 ,0366,349,0,1,0,0,3,137,8,84,5
18,Santa Lucía,002,0034 ,0367,349,31,4,0,0,4,188,4,47,2
18,Santa Lucía,002,0034 ,0368,348,3,6,0,0,0,128,15,92,0
18,Santa Lucía,002,0034 ,0369,348,3,0,0,2,0,140,10,129,1
18,Santa Lucía,002,0034 ,0370,348,32,2,0,2,0,160,8,80,32
18,Santa Lucía,002,0034 ,0371,348,27,1,0,0,6,158,9,85,2
18,Santa Lucía,002,0034 ,0372,348,28,1,1,0,2,142,18,84,3
18,Santa Lucía,002,0034 ,0373,348,0,0,2,2,3,144,13,99,2
18,Santa Lucía,002,0034 ,0374,348,6,0,0,0,2,167,4,71,0
18,Santa Lucía,002,0034 ,0375,348,46,0,0,1,5,152,8,76,1
18,Santa Lucía,002,0034 ,0376,348,2,2,2,0,6,118,23,93,0
18,Santa Lucía,002,0034 ,0377,348,28,0,2,0,2,161,14,67,6
18,Santa Lucía,002,0034 ,0378,347,144,0,0,0,0,47,10,78,5
18,Santa Lucía,002,0034 ,0379,347,4,2,0,0,2,144,16,97,2
18,Santa Lucía,002,0034 ,0380,347,32,3,0,0,7,157,10,64,5
18,Santa Lucía,002,0035 ,0381,282,5,1,0,1,2,128,8,47,1
18,Santa Lucía,002,0035 ,0382,282,24,8,0,0,1,125,7,64,2
18,Santa Lucía,002,0035 ,0383,283,23,0,0,0,2,122,16,63,2
18,Santa Lucía,002,0035 ,0384,283,24,5,1,0,2,133,6,52,5
18,Santa Lucía,002,0035 ,0385,282,27,9,0,1,2,106,10,63,1
18,Santa Lucía,002,0036 ,0386,337,35,3,0,1,4,148,10,68,3
18,Santa Lucía,002,0036 ,0387,334,0,0,1,0,0,158,1,0,0
18,Santa Lucía,002,0036 ,0388,335,2,2,0,0,6,146,5,76,3
18,Santa Lucía,002,0036 ,0389,333,0,0,0,0,3,155,5,224,0
18,Santa Lucía,002,0036 ,0390,334,20,0,0,0,6,143,4,81,3
18,Santa Lucía,002,0036 ,0391,335,43,3,0,2,7,133,12,73,0
18,Santa Lucía,002,0036 ,0392,334,31,1,0,0,2,164,10,26,0
18,Santa Lucía,002,0036 ,0393,334,0,0,2,1,3,146,9,71,1
18,Santa Lucía,002,0037 ,0394,342,37,0,0,0,8,138,6,70,2
18,Santa Lucía,002,0037 ,0395,342,47,2,0,1,3,136,9,77,3
18,Santa Lucía,002,0037 ,0396,342,37,0,0,1,4,137,16,77,2
18,Santa Lucía,002,0037 ,0397,342,0,0,1,0,5,152,10,66,1
18,Santa Lucía,002,0037 ,0398,342,24,5,1,1,6,137,6,90,1
18,Santa Lucía,002,0038 ,0399,324,30,0,0,0,4,114,3,93,2
18,Santa Lucía,002,0038 ,0400,322,20,6,1,0,1,136,13,82,2
18,Santa Lucía,002,0038 ,0401,322,4,0,2,2,2,124,17,84,4
18,Santa Lucía,002,0038 ,0402,322,19,2,1,0,5,125,14,85,2
18,Chimbas,003,0039 ,0403,347,1,3,0,0,9,153,18,35,3
18,Chimbas,003,0039 ,0404,346,30,2,0,0,2,167,17,54,3
18,Chimbas,003,0039 ,0405,347,0,0,0,0,4,198,21,0,4
18,Chimbas,003,0039 ,0406,348,24,5,1,1,3,186,20,35,1
18,Chimbas,003,0039 ,0407,348,26,3,2,1,4,179,31,41,2
18,Chimbas,003,0039 ,0408,347,39,4,0,0,6,170,28,40,4
18,Chimbas,003,0039 ,0409,345,31,0,2,1,8,175,23,34,1
18,Chimbas,003,0039 ,0410,347,54,6,3,1,9,157,30,14,2
18,Chimbas,003,0039 ,0411,349,2,4,0,0,10,160,3,55,0
18,Chimbas,003,0039 ,0412,348,43,1,1,1,7,135,41,47,1
18,Chimbas,003,0039 ,0413,346,47,0,0,0,1,167,11,45,6
18,Chimbas,003,0039 ,0414,347,46,0,0,1,6,158,30,29,2
18,Chimbas,003,0039 ,0415,347,0,0,0,0,0,0,0,0,0
18,Chimbas,003,0039 ,0416,347,34,0,0,0,2,188,17,45,1
18,Chimbas,003,0039 ,0417,347,21,1,3,1,5,164,31,46,1
18,Chimbas,003,0039 ,0418,346,0,0,0,0,1,35,2,3,0
18,Chimbas,003,0039 ,0419,347,2,5,1,1,3,139,37,40,5
18,Chimbas,003,0039 ,0420,347,3,4,1,2,7,159,36,28,0
18,Chimbas,003,0039 ,0421,345,2,1,2,0,6,177,28,50,3
18,Chimbas,003,0039 ,0422,347,0,0,2,0,7,172,27,37,7
18,Chimbas,003,0039 ,0423,348,0,6,0,0,6,160,0,40,0
18,Chimbas,003,0039 ,0424,346,34,0,0,0,7,187,15,29,1
18,Chimbas,003,0039 ,0425,347,26,4,0,0,4,161,41,33,4
18,Chimbas,003,0039 ,0426,346,1,6,0,0,4,179,30,35,0
18,Chimbas,003,0039 ,0427,347,2,5,1,0,5,170,27,42,8
18,Chimbas,003,0039 ,0428,347,36,4,0,0,4,163,29,36,4
18,Chimbas,003,0039 ,0429,347,3,7,1,1,0,181,19,41,0
18,Chimbas,003,0039 ,0430,349,2,2,0,2,3,184,25,37,2
18,Chimbas,003,0039 ,0431,347,0,13,0,2,6,152,39,35,5
18,Chimbas,003,0039 ,0432,346,35,2,1,1,1,183,36,27,0
18,Chimbas,003,0039 ,0433,347,0,0,0,1,3,193,20,39,2
18,Chimbas,003,0039 ,0434,348,1,3,3,0,6,171,24,33,3
18,Chimbas,003,0039 ,0435,347,0,0,0,0,9,159,27,54,0
18,Chimbas,003,0039 ,0436,347,4,5,0,0,8,170,41,48,1
18,Chimbas,003,0039 ,0437,347,52,0,3,0,0,167,0,43,4
18,Chimbas,003,0039 ,0438,347,3,0,0,1,3,185,16,20,1
18,Chimbas,003,0039 ,0439,347,35,3,1,0,8,153,31,40,2
18,Chimbas,003,0039 ,0440,348,47,7,0,0,10,145,25,53,0
18,Chimbas,003,0039 ,0441,346,40,0,0,0,5,158,28,42,3
18,Chimbas,003,0039 ,0442,347,44,0,2,2,11,180,9,45,3
18,Chimbas,003,0039 ,0443,347,3,0,9,1,5,186,25,41,5
18,Chimbas,003,0039 ,0444,346,0,0,0,0,8,175,18,43,4
18,Chimbas,003,0039 ,0445,346,3,0,5,2,4,123,22,30,2
18,Chimbas,003,0039 ,0446,346,0,1,0,0,0,209,26,37,17
18,Chimbas,003,0039 ,0447,346,0,0,4,0,4,174,21,46,2
18,Chimbas,003,0039 ,0448,346,15,10,0,0,6,178,39,7,0
18,Chimbas,003,0039 ,0449,346,24,6,0,4,6,153,33,44,4
18,Chimbas,003,0039 ,0450,346,2,3,1,0,9,178,18,38,3
18,Chimbas,003,0039 ,0451,346,6,1,0,0,4,170,18,47,7
18,Chimbas,003,0039 ,0452,346,0,0,0,0,5,173,21,42,5
18,Chimbas,003,0039 ,0453,346,0,0,0,0,2,190,13,45,1
18,Chimbas,003,0039 ,0454,346,3,0,0,0,8,176,35,36,1
18,Chimbas,003,0039 ,0455,347,38,4,0,1,7,158,34,40,4
18,Chimbas,003,0039 ,0456,346,5,7,1,1,2,158,28,32,4
18,Chimbas,003,0039 ,0457,346,1,5,0,3,0,133,26,57,5
18,Chimbas,003,0039 ,0458,346,35,0,2,0,6,168,23,38,1
18,Chimbas,003,0039 ,0459,346,5,4,1,0,3,162,28,38,5
18,Chimbas,003,0039 ,0460,346,4,4,1,0,6,180,25,30,7
18,Chimbas,003,0039 ,0461,346,0,0,2,2,4,162,21,30,1
18,Chimbas,003,0039 ,0462,345,31,2,0,1,7,165,24,38,3
18,Chimbas,003,0039 ,0463,345,76,0,1,0,3,171,22,13,4
18,Chimbas,003,0039 ,0464,346,6,3,0,0,1,190,21,53,4
18,Chimbas,003,0039 ,0465,345,6,5,5,0,9,153,24,41,3
18,Chimbas,003,0040 ,0466,346,5,0,1,0,3,169,26,34,9
18,Chimbas,003,0040 ,0467,346,0,0,2,0,8,170,4,28,6
18,Chimbas,003,0040 ,0468,345,10,5,0,3,7,172,23,26,7
18,Chimbas,003,0040 ,0469,345,12,2,3,1,4,181,37,32,0
18,Chimbas,003,0040 ,0470,345,3,0,0,1,1,167,51,30,1
18,Chimbas,003,0040 ,0471,345,12,0,0,0,6,181,23,23,5
18,Chimbas,003,0040 ,0472,346,0,0,0,0,12,176,9,27,11
18,Chimbas,003,0040 ,0473,347,0,0,0,0,4,225,7,11,7
18,Chimbas,003,0040 ,0474,347,0,0,0,0,0,157,26,25,7
18,Chimbas,003,0040 ,0475,345,37,6,0,0,2,139,33,39,3
18,Chimbas,003,0040 ,0476,347,0,0,0,0,0,0,4,2,8
18,Chimbas,003,0040 ,0477,346,21,0,2,0,5,189,22,32,7
18,Chimbas,003,0040 ,0478,346,1,6,0,0,0,174,17,41,3
18,Chimbas,003,0040 ,0479,345,1,3,0,5,5,175,23,31,5
18,Chimbas,003,0040 ,0480,344,10,0,0,0,6,155,27,21,6
18,Chimbas,003,0040 ,0481,345,15,6,0,2,6,194,6,29,3
18,Chimbas,003,0040 ,0482,345,37,0,0,0,5,176,32,25,5
18,Chimbas,003,0040 ,0483,344,0,0,1,0,13,171,27,30,5
18,Chimbas,003,0040 ,0484,345,24,1,2,2,3,174,19,36,3
18,Chimbas,003,0040 ,0485,343,88,0,0,0,6,175,0,0,0
18,Chimbas,003,0040 ,0486,345,23,0,2,0,6,170,29,45,3
18,Chimbas,003,0040 ,0487,345,1,6,0,1,9,199,17,27,5
18,Chimbas,003,0040 ,0488,346,0,0,0,2,0,181,19,33,9
18,Chimbas,003,0040 ,0489,345,26,2,0,2,0,173,27,33,1
18,Chimbas,003,0040 ,0490,343,24,1,1,2,5,176,19,43,4
18,Chimbas,003,0040 ,0491,345,10,1,3,0,6,159,31,46,3
18,Chimbas,003,0040 ,0492,345,48,2,0,3,3,175,15,31,0
18,Chimbas,003,0040 ,0493,345,0,0,2,0,11,181,0,50,0
18,Chimbas,003,0040 ,0494,344,0,7,3,0,11,172,23,40,3
18,Chimbas,003,0040 ,0495,345,92,3,2,0,0,145,31,25,3
18,Chimbas,003,0040 ,0496,345,1,7,1,2,1,163,48,36,4
18,Chimbas,003,0040 ,0497,346,54,12,0,2,4,158,7,24,7
18,Chimbas,003,0040 ,0498,345,2,6,0,0,6,163,24,23,2
18,Chimbas,003,0040 ,0499,346,1,12,1,0,2,159,31,34,3
18,Chimbas,003,0041 ,0500,342,3,2,3,0,1,194,20,45,3
18,Chimbas,003,0041 ,0501,342,5,2,1,0,1,192,15,35,1
18,Chimbas,003,0041 ,0502,342,28,3,0,0,1,207,11,36,4
18,Chimbas,003,0041 ,0503,342,2,4,0,0,2,193,24,39,2
18,Chimbas,003,0041 ,0504,342,3,7,0,2,4,189,12,41,3
18,Chimbas,003,0041 ,0505,341,5,1,0,0,1,213,9,31,0
18,Chimbas,003,0041 ,0506,341,1,4,0,0,3,189,14,31,0
18,Chimbas,003,0041 ,0507,341,5,3,0,0,2,144,11,35,7
18,Chimbas,003,0041 ,0508,341,1,2,3,4,3,190,16,27,3
18,Chimbas,003,0041 ,0509,341,38,4,0,3,3,165,20,52,3
18,Chimbas,003,0041 ,0510,341,172,7,1,4,6,39,16,18,4
18,Chimbas,003,0041 ,0511,340,2,0,0,0,4,182,14,36,5
18,Chimbas,003,0041 ,0512,341,29,1,0,2,3,199,12,34,2
18,Chimbas,003,0041 ,0513,341,24,3,0,0,5,198,111,27,1
18,Chimbas,003,0041 ,0514,341,4,2,1,2,6,189,15,37,3
18,Chimbas,003,0041 ,0515,341,0,0,0,1,8,189,4,6,10
18,Chimbas,003,0041 ,0516,341,0,0,0,0,0,0,0,0,0
18,Chimbas,003,0041 ,0517,341,0,0,3,0,3,187,24,36,1
18,Chimbas,003,0041 ,0518,341,3,6,0,1,3,162,2,51,5
18,Chimbas,003,0041 ,0519,342,11,1,0,3,6,214,13,29,5
18,Chimbas,003,0041 ,0520,342,21,7,0,1,3,201,10,36,1
18,Chimbas,003,0041 ,0521,341,23,9,0,0,6,194,14,34,3
18,Chimbas,003,0041 ,0522,341,5,2,0,0,2,197,13,38,0
18,Chimbas,003,0041 ,0523,342,0,0,0,3,1,206,15,35,1
18,Chimbas,003,0041 ,0524,342,0,3,1,1,3,194,15,0,5
18,Chimbas,003,0041 ,0525,341,30,0,3,0,0,182,15,37,4
18,Chimbas,003,0041 ,0526,340,2,2,0,0,2,190,16,18,0
18,Chimbas,003,0041 ,0527,341,3,5,0,0,2,186,0,32,0
18,Chimbas,003,0041 ,0528,342,21,7,1,1,7,177,22,33,2
18,Chimbas,003,0041 ,0529,341,2,8,1,1,8,157,21,46,4
18,Chimbas,003,0041 ,0530,342,26,0,2,2,9,161,23,54,7
18,Chimbas,003,0041 ,0531,340,2,0,0,2,11,162,16,41,0
18,Chimbas,003,0041 ,0532,341,4,10,0,2,2,167,10,40,7
18,Chimbas,003,0041 ,0533,342,3,41,0,1,3,176,11,44,11
18,Chimbas,003,0041 ,0534,342,24,0,0,1,2,189,17,37,4
18,Chimbas,003,0042 ,0535,346,4,7,0,0,2,206,24,26,3
18,Chimbas,003,0042 ,0536,346,35,5,1,0,4,186,22,34,2
18,Chimbas,003,0042 ,0537,345,0,0,0,0,3,191,25,34,7
18,Chimbas,003,0042 ,0538,346,8,0,0,0,6,198,17,31,2
18,Chimbas,003,0042 ,0539,348,0,0,0,0,0,173,14,28,0
18,Chimbas,003,0042 ,0540,347,13,0,1,0,3,192,23,49,1
18,Chimbas,003,0042 ,0541,347,39,1,3,0,5,203,9,14,6
18,Chimbas,003,0042 ,0542,346,30,1,2,0,4,196,28,19,5
18,Chimbas,003,0042 ,0543,346,0,0,0,0,0,202,16,190,0
18,Chimbas,003,0042 ,0544,347,29,0,0,0,6,194,19,44,2
18,Chimbas,003,0042 ,0545,346,13,2,1,1,4,190,22,30,5
18,Chimbas,003,0042 ,0546,346,0,0,0,0,5,195,16,15,4
18,Chimbas,003,0042 ,0547,346,2,3,2,0,6,194,37,17,1
18,Chimbas,003,0042 ,0548,345,4,3,1,0,7,194,23,40,0
18,Chimbas,003,0042 ,0549,346,16,0,0,0,2,207,28,32,5
18,Chimbas,003,0042 ,0550,346,1,1,1,0,0,192,20,33,5
18,Chimbas,003,0042 ,0551,346,14,11,1,0,6,207,19,26,3
18,Chimbas,003,0042 ,0552,346,20,3,0,0,5,172,27,52,5
18,Chimbas,003,0042 ,0553,346,4,4,0,0,7,186,15,0,0
18,Chimbas,003,0042 ,0554,347,1,2,5,0,4,184,2,9,1
18,Chimbas,003,0042 ,0555,346,100,7,1,0,0,182,24,26,6
18,Chimbas,003,0042 ,0556,346,2,8,2,0,5,213,12,26,7
18,Chimbas,003,0042 ,0557,345,2,4,0,1,10,187,26,28,4
18,Chimbas,003,0042 ,0558,344,1,2,3,0,4,205,16,28,2
18,Chimbas,003,0043 ,0559,334,0,0,0,0,7,192,18,39,4
18,Chimbas,003,0043 ,0560,335,0,1,0,0,8,211,7,25,0
18,Chimbas,003,0043 ,0561,334,0,0,0,0,3,194,26,35,4
18,Chimbas,003,0043 ,0562,334,2,4,0,0,81,193,20,39,2
18,Chimbas,003,0043 ,0563,334,31,0,0,0,8,200,15,32,3
18,Chimbas,003,0043 ,0564,334,0,0,0,0,0,0,0,0,0
18,Chimbas,003,0043 ,0565,334,2,2,0,0,0,223,1,31,0
18,Chimbas,003,0043 ,0566,334,0,0,0,0,6,201,15,30,4
18,Chimbas,003,0043 ,0567,334,2,2,0,0,4,204,11,44,2
18,Chimbas,003,0043 ,0568,334,4,1,0,0,10,196,18,10,2
18,Chimbas,003,0043 ,0569,335,39,2,0,0,5,180,17,30,4
18,Chimbas,003,0043 ,0570,333,0,0,0,0,7,187,11,47,0
18,Chimbas,003,0043 ,0571,335,7,5,0,1,4,225,13,24,1
18,Chimbas,003,0043 ,0572,334,3,14,1,0,3,212,11,30,0
18,Chimbas,003,0043 ,0573,333,0,3,0,0,2,195,18,16,2
18,Chimbas,003,0043 ,0574,334,6,0,0,1,2,197,12,28,0
18,Chimbas,003,0043 ,0575,334,30,6,0,0,5,183,13,36,0
18,Chimbas,003,0043 ,0576,334,2,1,0,0,4,211,17,24,3
18,Chimbas,003,0043 ,0577,335,0,0,0,0,6,194,26,37,2
18,Chimbas,003,0044 ,0578,347,1,5,0,0,0,200,12,46,2
18,Chimbas,003,0044 ,0579,347,0,0,0,0,0,187,20,45,0
18,Chimbas,003,0044 ,0580,347,6,3,0,0,5,186,15,25,4
18,Chimbas,003,0044 ,0581,347,30,0,0,0,9,192,13,48,2
18,Chimbas,003,0044 ,0582,346,0,3,0,0,4,196,12,41,0
18,Rivadavia,004,0045 ,0583,349,43,0,1,0,7,136,32,65,5
18,Rivadavia,004,0045 ,0584,349,32,5,0,0,12,113,37,78,3
18,Rivadavia,004,0045 ,0585,348,37,3,1,2,10,110,37,57,6
18,Rivadavia,004,0045 ,0586,349,0,0,0,1,5,109,34,106,3
18,Rivadavia,004,0045 ,0587,349,18,2,0,2,11,106,50,76,8
18,Rivadavia,004,0045 ,0588,350,0,0,0,0,6,138,0,30,0
18,Rivadavia,004,0045 ,0589,350,48,1,2,1,5,116,27,69,1
18,Rivadavia,004,0045 ,0590,348,31,0,1,6,50,107,41,73,4
18,Rivadavia,004,0045 ,0591,347,28,4,0,2,8,114,29,88,7
18,Rivadavia,004,0045 ,0592,350,34,2,5,2,9,109,36,79,7
18,Rivadavia,004,0045 ,0593,349,2,1,2,3,5,119,20,73,6
18,Rivadavia,004,0045 ,0594,350,52,0,2,4,9,117,28,69,9
18,Rivadavia,004,0045 ,0595,350,46,0,2,4,21,96,36,62,7
18,Rivadavia,004,0045 ,0596,349,102,0,0,2,5,111,32,56,3
18,Rivadavia,004,0045 ,0597,349,10,12,1,3,8,88,14,80,5
18,Rivadavia,004,0045 ,0598,349,30,1,0,2,2,134,31,68,7
18,Rivadavia,004,0045 ,0599,350,28,3,2,1,0,115,47,69,9
18,Rivadavia,004,0045 ,0600,349,34,4,0,3,4,117,39,54,9
18,Rivadavia,004,0045 ,0601,348,45,5,0,0,6,110,42,76,4
18,Rivadavia,004,0045 ,0602,349,0,0,3,0,6,118,36,70,4
18,Rivadavia,004,0045 ,0603,349,17,2,1,2,11,126,0,69,8
18,Rivadavia,004,0045 ,0604,348,30,2,1,2,2,99,33,95,6
18,Rivadavia,004,0045 ,0605,349,118,11,0,2,4,107,4,28,3
18,Rivadavia,004,0045 ,0606,348,30,5,1,0,9,100,50,86,2
18,Rivadavia,004,0045 ,0607,347,53,2,0,2,2,129,1,80,6
18,Rivadavia,004,0045 ,0608,349,29,2,0,1,7,112,39,81,4
18,Rivadavia,004,0045 ,0609,349,40,3,1,0,10,111,42,77,3
18,Rivadavia,004,0045 ,0610,349,27,3,3,1,13,126,30,67,9
18,Rivadavia,004,0045 ,0611,349,123,4,2,3,5,107,47,70,1
18,Rivadavia,004,0045 ,0612,351,0,0,0,0,0,102,24,101,0
18,Rivadavia,004,0045 ,0613,348,27,1,3,0,9,155,26,54,11
18,Rivadavia,004,0045 ,0614,348,51,2,5,1,9,120,24,48,6
18,Rivadavia,004,0045 ,0615,347,14,1,3,2,8,139,29,66,6
18,Rivadavia,004,0045 ,0616,349,8,6,2,0,7,108,33,63,4
18,Rivadavia,004,0046 ,0617,346,0,0,1,1,11,157,28,61,6
18,Rivadavia,004,0046 ,0618,348,0,0,0,0,0,0,0,0,0
18,Rivadavia,004,0046 ,0619,347,62,4,0,0,11,130,18,30,3
18,Rivadavia,004,0046 ,0620,346,39,0,2,2,7,124,45,61,5
18,Rivadavia,004,0046 ,0621,346,3,8,2,2,8,106,30,73,12
18,Rivadavia,004,0046 ,0622,346,37,5,2,1,9,125,37,62,7
18,Rivadavia,004,0046 ,0623,347,38,0,1,2,3,116,54,73,3
18,Rivadavia,004,0046 ,0624,348,37,1,2,4,11,124,24,82,6
18,Rivadavia,004,0046 ,0625,347,0,2,4,3,13,126,33,66,7
18,Rivadavia,004,0046 ,0626,349,1,0,1,1,9,126,46,62,2
18,Rivadavia,004,0046 ,0627,345,30,4,0,0,4,151,27,49,4
18,Rivadavia,004,0046 ,0628,346,30,4,2,0,4,140,35,73,6
18,Rivadavia,004,0046 ,0629,347,31,4,2,0,5,134,40,75,3
18,Rivadavia,004,0047 ,0630,340,44,1,0,0,3,111,38,46,13
18,Rivadavia,004,0047 ,0631,343,0,0,7,0,7,113,47,54,6
18,Rivadavia,004,0047 ,0632,341,36,7,0,0,7,104,38,79,2
18,Rivadavia,004,0047 ,0633,341,37,3,1,1,5,108,34,77,7
18,Rivadavia,004,0047 ,0634,342,34,4,0,1,5,96,46,83,5
18,Rivadavia,004,0047 ,0635,342,20,7,0,2,8,153,28,58,0
18,Rivadavia,004,0047 ,0636,342,35,0,0,0,7,122,43,65,12
18,Rivadavia,004,0047 ,0637,342,29,2,1,2,4,105,38,76,6
18,Rivadavia,004,0047 ,0638,341,13,12,0,0,9,90,35,65,4
18,Rivadavia,004,0047 ,0639,340,34,0,0,1,6,105,44,74,8
18,Rivadavia,004,0047 ,0640,341,41,5,3,0,5,120,23,72,5
18,Rivadavia,004,0047 ,0641,340,17,3,2,0,12,125,41,71,4
18,Rivadavia,004,0047 ,0642,342,1,12,0,0,0,54,22,73,4
18,Rivadavia,004,0047 ,0643,341,2,5,0,0,13,91,40,71,6
18,Rivadavia,004,0047 ,0644,341,16,12,0,1,5,132,34,59,6
18,Rivadavia,004,0047 ,0645,344,1,9,1,2,6,108,42,60,8
18,Rivadavia,004,0047 ,0646,342,0,0,0,1,6,123,27,70,8
18,Rivadavia,004,0047 ,0647,340,27,1,2,4,2,130,32,61,2
18,Rivadavia,004,0048 ,0648,351,0,0,0,0,9,96,41,51,4
18,Rivadavia,004,0048 ,0649,349,6,2,2,1,11,104,75,77,4
18,Rivadavia,004,0048 ,0650,350,0,0,0,0,7,78,82,53,15
18,Rivadavia,004,0048 ,0651,350,24,4,2,3,8,111,52,67,6
18,Rivadavia,004,0048 ,0652,350,0,0,0,2,5,87,43,97,7
18,Rivadavia,004,0048 ,0653,351,37,3,0,0,3,82,49,78,8
18,Rivadavia,004,0048 ,0654,350,38,5,1,3,7,126,37,71,1
18,Rivadavia,004,0048 ,0655,352,35,2,0,1,9,108,38,67,1
18,Rivadavia,004,0048 ,0656,350,0,8,0,1,6,100,33,81,10
18,Rivadavia,004,0048 ,0657,350,26,1,1,2,5,94,53,71,16
18,Rivadavia,004,0048 ,0658,351,41,0,0,2,5,81,59,82,9
18,Rivadavia,004,0048 ,0659,349,33,2,1,0,0,112,49,73,2
18,Rivadavia,004,0048 ,0660,350,0,2,1,0,4,90,64,84,10
18,Rivadavia,004,0048 ,0661,350,49,0,1,0,3,103,46,79,3
18,Rivadavia,004,0048 ,0662,350,36,2,1,1,10,112,42,58,8
18,Rivadavia,004,0048 ,0663,349,34,2,1,1,5,109,47,79,4
18,Rivadavia,004,0048 ,0664,350,14,5,1,0,7,87,64,81,6
18,Rivadavia,004,0048 ,0665,349,43,0,1,0,4,92,47,81,9
18,Rivadavia,004,0048 ,0666,350,34,0,1,1,6,95,59,75,14
18,Rivadavia,004,0048 ,0667,350,40,6,1,1,10,119,34,49,6
18,Rivadavia,004,0048 ,0668,350,45,1,1,1,8,102,44,73,0
18,Rivadavia,004,0048 ,0669,350,29,0,0,1,12,113,46,79,0
18,Rivadavia,004,0048 ,0670,350,53,3,1,0,4,115,42,73,9
18,Rivadavia,004,0048 ,0671,350,39,3,4,0,6,90,57,64,7
18,Rivadavia,004,0048 ,0672,351,35,5,4,1,3,88,41,75,13
18,Rivadavia,004,0048 ,0673,349,2,6,3,2,1,95,59,75,1
18,Rivadavia,004,0048 ,0674,350,34,2,3,0,5,94,66,71,6
18,Rivadavia,004,0048 ,0675,350,43,0,3,1,10,95,53,69,4
18,Rivadavia,004,0048 ,0676,351,36,8,2,1,6,97,46,73,3
18,Rivadavia,004,0048 ,0677,350,1,1,0,0,2,109,35,74,10
18,Rivadavia,004,0048 ,0678,349,31,4,4,2,2,106,45,80,5
18,Rivadavia,004,0048 ,0679,350,35,6,2,1,4,100,42,81,8
18,Rivadavia,004,0048 ,0680,349,38,0,2,0,7,118,29,86,3
18,Rivadavia,004,0048 ,0681,350,45,1,1,1,10,96,42,87,3
18,Rivadavia,004,0048 ,0682,349,27,2,3,2,5,84,51,92,14
18,Rivadavia,004,0048 ,0683,351,29,0,1,1,6,118,52,71,3
18,Rivadavia,004,0048 ,0684,350,2,2,5,1,7,87,60,61,8
18,Rivadavia,004,0048 ,0685,352,21,5,1,2,1,116,58,70,8
18,Rivadavia,004,0048 ,0686,350,2,5,4,1,4,92,38,87,5
18,Rivadavia,004,0048 ,0687,351,43,8,2,1,5,94,43,69,9
18,Rivadavia,004,0048 ,0688,352,27,8,1,0,9,102,37,92,10
18,Rivadavia,004,0048 ,0689,350,34,1,0,0,13,88,37,85,11
18,Rivadavia,004,0048 ,0690,350,7,2,0,0,13,94,50,69,0
18,Rivadavia,004,0048 ,0691,350,40,4,0,2,6,93,49,81,9
18,Rivadavia,004,0048 ,0692,350,30,2,2,0,2,100,42,78,10
18,Rivadavia,004,0048 ,0693,350,25,5,2,0,9,103,43,73,10
18,Rivadavia,004,0048 ,0694,349,29,2,2,2,6,102,39,61,13
18,Rivadavia,004,0048 ,0695,349,26,0,1,2,6,111,38,79,12
18,Rivadavia,004,0048 ,0696,349,36,4,2,2,8,99,54,69,5
18,Rivadavia,004,0048 ,0697,349,139,2,8,0,4,72,73,95,6
18,Rivadavia,004,0049 ,0698,343,1,12,6,1,2,153,22,71,3
18,Rivadavia,004,0049 ,0699,344,3,6,2,1,9,115,0,84,6
18,Rivadavia,004,0049 ,0700,343,2,3,1,4,4,126,13,81,0
18,Rivadavia,004,0049 ,0701,343,0,0,4,0,12,114,23,86,6
18,Rivadavia,004,0049 ,0702,342,2,1,1,2,9,135,38,62,4
18,Rivadavia,004,0049 ,0703,344,2,3,2,2,6,129,26,73,5
18,Rivadavia,004,0049 ,0704,344,48,0,3,4,5,115,20,78,12
18,Rivadavia,004,0049 ,0705,343,0,0,0,0,0,137,69,0,0
18,Rivadavia,004,0049 ,0706,342,1,1,0,0,7,149,11,62,0
18,Rivadavia,004,0049 ,0707,343,29,2,3,2,8,118,20,79,6
18,Rivadavia,004,0049 ,0708,342,42,3,2,0,7,134,23,68,3
18,Rivadavia,004,0049 ,0709,344,3,4,4,2,6,155,22,67,0
18,Rivadavia,004,0049 ,0710,342,47,5,2,1,9,159,21,56,2
18,Rivadavia,004,0049 ,0711,343,0,0,1,0,7,128,24,92,3
18,Rivadavia,004,0049 ,0712,343,0,4,0,1,11,130,26,78,8
18,Rivadavia,004,0049 ,0713,344,0,2,4,6,4,129,32,66,9
18,Rivadavia,004,0049 ,0714,343,2,11,1,0,8,130,27,71,7
18,Rivadavia,004,0049 ,0715,342,0,0,2,2,9,132,29,64,2
18,Rivadavia,004,0049 ,0716,342,3,0,1,1,7,148,16,40,5
18,Rivadavia,004,0049 ,0717,341,20,1,1,1,7,123,34,79,6
18,Rivadavia,004,0049 ,0718,342,32,2,1,0,7,134,34,16,2
18,Rivadavia,004,0049 ,0719,342,26,4,1,0,8,150,20,73,2
18,Rivadavia,004,0049 ,0720,342,20,5,0,4,3,128,25,87,7
18,Rivadavia,004,0049 ,0721,341,30,11,0,2,3,111,27,78,6
18,Rivadavia,004,0049 ,0722,342,38,0,1,4,12,111,16,76,4
18,Rivadavia,004,0049 ,0723,342,0,0,0,1,4,124,21,36,2
18,Rivadavia,004,0049 ,0724,342,23,2,1,1,3,141,12,87,8
18,Rivadavia,004,0049 ,0725,342,24,0,1,0,8,184,25,66,6
18,Rivadavia,004,0049 ,0726,343,0,0,0,2,3,61,18,86,4
18,Rivadavia,004,0049 ,0727,342,18,0,2,3,8,129,25,85,3
18,Rivadavia,004,0049 ,0728,342,59,0,0,0,7,129,17,62,2
18,Rivadavia,004,0049 ,0729,343,26,0,0,2,6,145,23,74,3
18,Rivadavia,004,0049 ,0730,341,29,0,1,1,10,141,26,67,3
18,Rivadavia,004,0049 ,0731,340,33,5,5,1,10,128,14,68,7
18,Rivadavia,004,0049 ,0732,342,0,0,0,0,0,0,0,0,0
18,Rivadavia,004,0049 ,0733,342,91,1,3,0,11,112,28,30,2
18,Rivadavia,004,0049 ,0734,340,34,0,0,2,13,139,27,49,4
18,Rivadavia,004,0049 ,0735,344,12,18,0,2,3,129,24,76,12
18,Rivadavia,004,0049 ,0736,342,28,4,1,0,1,149,19,79,0
18,Rivadavia,004,0049 ,0737,342,21,4,2,1,7,143,21,84,6
18,Rivadavia,004,0049 ,0738,344,41,5,0,0,3,141,0,95,0
18,Rivadavia,004,0050 ,0739,340,33,1,1,0,6,149,8,51,1
18,Rivadavia,004,0050 ,0740,340,18,4,1,3,2,158,17,53,4
18,Rivadavia,004,0050 ,0741,339,1,1,0,1,5,148,12,119,0
18,Rivadavia,004,0050 ,0742,339,93,0,1,1,0,174,5,4,0
18,Rivadavia,004,0050 ,0743,338,22,7,0,0,5,145,12,70,1
18,Rivadavia,004,0050 ,0744,339,29,0,1,2,6,134,15,72,2
18,Rivadavia,004,0051 ,0745,326,32,0,0,2,8,135,8,68,3
18,Rivadavia,004,0051 ,0746,323,4,2,0,0,4,121,22,63,1
18,Rivadavia,004,0051 ,0747,324,24,0,0,1,1,147,19,61,2
18,Rivadavia,004,0051 ,0748,324,27,2,0,3,3,147,14,56,0
18,Rivadavia,004,0051 ,0749,325,3,1,0,0,3,125,4,7,0
18,Rivadavia,004,0051 ,0750,325,29,0,0,0,1,131,14,76,0
18,Rivadavia,004,0051 ,0751,324,42,0,0,0,5,164,20,26,2
18,Rivadavia,004,0051 ,0752,323,26,0,0,2,3,138,17,63,0
18,Rivadavia,004,0051 ,0753,322,35,2,0,0,7,138,18,50,2
18,Rivadavia,004,0051 ,0754,323,0,0,0,0,7,95,0,1,1
18,Rivadavia,004,0051 ,0755,328,4,0,0,0,3,140,14,74,5
18,Rivadavia,004,0052 ,0756,346,91,6,2,0,1,117,2,60,0
18,Rivadavia,004,0052 ,0757,345,32,0,2,0,3,187,11,54,2
18,Rivadavia,004,0052 ,0758,346,0,0,3,2,2,176,2,29,0
18,Rivadavia,004,0052 ,0759,344,28,3,0,0,2,171,11,56,1
18,Rivadavia,004,0052 ,0760,344,37,0,0,3,4,163,12,53,1
18,Rivadavia,004,0052 ,0761,346,61,3,0,0,4,174,1,42,0
18,Rivadavia,004,0052 ,0762,344,31,2,1,2,4,176,6,60,1
18,Rivadavia,004,0052 ,0763,344,28,5,0,0,2,178,8,52,1
18,Rivadavia,004,0052 ,0764,344,25,6,1,2,4,160,7,61,0
18,Rivadavia,004,0052 ,0765,344,41,6,1,0,3,168,2,50,1
18,Rivadavia,004,0052 ,0766,344,35,3,1,3,7,146,6,67,1
18,Rivadavia,004,0052 ,0767,344,2,6,0,0,0,186,4,57,0
18,Rivadavia,004,0052 ,0768,345,0,0,0,2,2,162,11,48,2
18,Rivadavia,004,0052 ,0769,344,2,11,2,3,0,161,8,70,0
18,Rivadavia,004,0052 ,0770,342,48,0,0,3,2,170,5,51,1
18,Rivadavia,004,0052 ,0771,344,0,0,1,0,1,205,7,49,6
18,Rivadavia,004,0052 ,0772,344,8,0,2,0,1,167,5,67,5
18,Rivadavia,004,0052 ,0773,344,27,2,1,1,3,180,8,56,7
18,Rivadavia,004,0052 ,0774,345,0,0,4,0,0,147,6,77,2
18,Rivadavia,004,0052 ,0775,344,22,2,1,0,4,175,7,52,7
18,Rivadavia,004,0052 ,0776,344,0,0,0,0,0,0,0,0,0
18,Rivadavia,004,0052 ,0777,344,3,4,0,1,0,179,3,38,1
18,Zonda,005,0053 ,0778,332,1,0,0,0,1,194,18,60,0
18,Zonda,005,0053 ,0779,331,85,6,0,0,0,171,31,0,0
18,Zonda,005,0053 ,0780,332,2,2,1,0,2,202,19,56,1
18,Zonda,005,0053 ,0781,333,4,0,0,0,0,175,27,37,0
18,Zonda,005,0053 ,0782,331,0,1,0,0,1,225,0,27,0
18,Zonda,005,0053 ,0783,332,0,3,0,0,2,99,10,70,0
18,Zonda,005,0053 ,0784,332,15,6,0,0,0,184,12,67,1
18,Zonda,005,0053 ,0785,332,1,1,0,0,2,208,20,52,1
18,Zonda,005,0053 ,0786,332,17,0,0,0,0,188,28,55,0
18,Zonda,005,0053 ,0787,332,0,1,1,0,1,199,1,58,0
18,Zonda,005,0053 ,0788,332,6,0,0,1,2,211,14,46,0
18,Zonda,005,0053 ,0789,332,7,8,0,1,0,0,0,48,0
18,Rawson,006,0054 ,0790,346,0,0,2,3,3,161,6,75,2
18,Rawson,006,0054 ,0791,348,17,5,0,1,5,163,14,51,3
18,Rawson,006,0054 ,0792,348,1,8,3,1,2,146,15,51,2
18,Rawson,006,0054 ,0793,347,0,2,2,3,6,161,18,48,3
18,Rawson,006,0054 ,0794,348,0,0,0,4,7,150,17,71,3
18,Rawson,006,0054 ,0795,349,0,0,0,0,4,156,21,51,0
18,Rawson,006,0054 ,0796,347,4,2,0,0,11,168,15,57,3
18,Rawson,006,0054 ,0797,348,1,4,5,0,7,153,23,59,3
18,Rawson,006,0054 ,0798,348,2,8,0,0,3,152,3,34,0
18,Rawson,006,0054 ,0799,348,24,0,1,1,4,183,12,44,0
18,Rawson,006,0054 ,0800,348,2,0,0,2,5,153,0,0,0
18,Rawson,006,0054 ,0801,350,2,0,1,4,5,198,13,47,5
18,Rawson,006,0054 ,0802,348,0,0,0,0,1,159,17,51,0
18,Rawson,006,0054 ,0803,348,24,6,2,1,2,177,11,46,2
18,Rawson,006,0054 ,0804,349,1,2,0,3,4,190,13,52,2
18,Rawson,006,0054 ,0805,349,24,0,2,0,3,186,12,54,0
18,Rawson,006,0054 ,0806,346,1,7,0,1,0,169,14,56,5
18,Rawson,006,0054 ,0807,348,5,4,0,2,0,186,3,58,4
18,Rawson,006,0054 ,0808,348,20,0,1,4,1,154,20,62,1
18,Rawson,006,0054 ,0809,347,5,6,0,1,7,174,7,47,1
18,Rawson,006,0054 ,0810,348,32,5,2,2,5,144,21,67,2
18,Rawson,006,0054 ,0811,349,38,2,1,0,0,165,15,49,1
18,Rawson,006,0054 ,0812,349,24,3,1,0,7,17,30,51,1
18,Rawson,006,0054 ,0813,347,36,3,2,0,2,165,27,45,3
18,Rawson,006,0054 ,0814,347,38,9,0,0,4,138,32,60,5
18,Rawson,006,0054 ,0815,347,0,4,2,2,3,158,22,55,3
18,Rawson,006,0054 ,0816,347,21,5,0,2,6,141,20,70,0
18,Rawson,006,0054 ,0817,347,1,2,4,0,4,166,58,32,2
18,Rawson,006,0054 ,0818,347,16,10,2,2,8,164,12,54,0
18,Rawson,006,0054 ,0819,347,4,6,0,1,0,176,20,52,1
18,Rawson,006,0054 ,0820,348,0,0,0,1,7,175,7,70,0
18,Rawson,006,0054 ,0821,347,48,1,3,0,10,154,9,58,10
18,Rawson,006,0054 ,0822,346,0,0,0,0,7,148,22,74,0
18,Rawson,006,0054 ,0823,348,4,0,0,21,3,169,10,0,0
18,Rawson,006,0054 ,0824,347,56,0,6,2,4,146,16,53,0
18,Rawson,006,0054 ,0825,348,21,6,0,3,7,140,34,70,1
18,Rawson,006,0054 ,0826,347,39,6,0,2,2,173,13,39,0
18,Rawson,006,0054 ,0827,347,29,2,1,1,10,151,27,56,0
18,Rawson,006,0054 ,0828,347,27,4,0,2,0,164,20,63,6
18,Rawson,006,0054 ,0829,348,24,0,1,0,4,154,24,58,0
18,Rawson,006,0054 ,0830,347,20,0,1,0,6,183,14,70,1
18,Rawson,006,0054 ,0831,347,5,2,1,1,10,155,20,59,0
18,Rawson,006,0054 ,0832,347,2,10,0,0,5,162,7,44,0
18,Rawson,006,0054 ,0833,346,36,4,1,5,10,158,16,59,0
18,Rawson,006,0054 ,0834,347,49,0,0,0,4,157,17,56,0
18,Rawson,006,0054 ,0835,346,25,2,1,0,5,170,14,63,4
18,Rawson,006,0054 ,0836,347,25,0,5,1,0,165,20,53,0
18,Rawson,006,0054 ,0837,347,26,0,1,2,2,176,15,54,3
18,Rawson,006,0054 ,0838,347,3,7,2,4,5,178,19,57,0
18,Rawson,006,0054 ,0839,347,32,1,1,1,5,153,23,50,1
18,Rawson,006,0054 ,0840,348,26,8,1,1,1,165,18,63,2
18,Rawson,006,0054 ,0841,346,18,2,2,1,3,161,15,53,1
18,Rawson,006,0054 ,0842,346,0,0,0,0,4,178,24,34,4
18,Rawson,006,0054 ,0843,347,24,7,1,1,7,186,16,51,3
18,Rawson,006,0054 ,0844,347,0,1,1,4,7,152,18,54,2
18,Rawson,006,0054 ,0845,348,0,5,0,0,5,157,15,59,0
18,Rawson,006,0054 ,0846,347,6,2,1,1,5,114,29,74,0
18,Rawson,006,0054 ,0847,346,34,4,2,0,2,156,11,71,2
18,Rawson,006,0054 ,0848,347,0,0,0,0,2,177,8,49,4
18,Rawson,006,0054 ,0849,347,0,3,0,0,4,169,113,86,0
18,Rawson,006,0054 ,0850,347,0,0,3,1,8,169,14,56,3
18,Rawson,006,0054 ,0851,347,0,0,3,1,5,164,12,64,3
18,Rawson,006,0054 ,0852,347,28,0,0,0,3,179,15,57,1
18,Rawson,006,0054 ,0853,347,4,6,0,0,5,149,16,66,3
18,Rawson,006,0054 ,0854,346,16,5,1,0,7,152,20,54,3
18,Rawson,006,0055 ,0855,346,33,1,2,0,5,163,16,54,4
18,Rawson,006,0055 ,0856,347,11,2,0,1,7,142,24,62,2
18,Rawson,006,0055 ,0857,345,0,7,4,1,0,135,33,38,3
18,Rawson,006,0055 ,0858,346,73,4,0,0,0,114,18,65,0
18,Rawson,006,0055 ,0859,346,6,7,1,0,11,125,36,53,5
18,Rawson,006,0055 ,0860,346,1,2,1,1,9,151,25,69,0
18,Rawson,006,0055 ,0861,345,0,0,1,0,8,128,32,71,6
18,Rawson,006,0055 ,0862,346,3,7,3,1,4,139,26,63,1
18,Rawson,006,0055 ,0863,345,24,3,0,0,6,136,28,64,5
18,Rawson,006,0055 ,0864,345,10,14,2,2,9,98,36,60,3
18,Rawson,006,0055 ,0865,345,27,6,0,1,5,159,20,63,2
18,Rawson,006,0055 ,0866,344,1,5,0,4,4,123,35,71,3
18,Rawson,006,0055 ,0867,341,22,3,0,0,7,134,35,66,5
18,Rawson,006,0055 ,0868,345,12,2,0,0,2,139,27,66,4
18,Rawson,006,0055 ,0869,345,19,1,0,0,9,148,36,61,3
18,Rawson,006,0055 ,0870,345,28,4,1,4,10,127,34,57,0
18,Rawson,006,0055 ,0871,345,9,0,0,0,5,167,23,72,4
18,Rawson,006,0055 ,0872,345,55,7,3,0,5,146,0,66,4
18,Rawson,006,0055 ,0873,346,0,0,0,1,2,160,24,62,5
18,Rawson,006,0055 ,0874,345,0,0,3,1,1,127,29,75,5
18,Rawson,006,0055 ,0875,345,43,8,2,1,7,115,44,48,4
18,Rawson,006,0055 ,0876,345,0,0,0,2,5,127,28,65,3
18,Rawson,006,0055 ,0877,345,43,0,0,2,6,131,27,58,3
18,Rawson,006,0055 ,0878,345,20,3,2,2,3,152,27,71,6
18,Rawson,006,0055 ,0879,345,8,3,1,0,3,112,23,71,1
18,Rawson,006,0055 ,0880,345,2,0,0,2,3,128,19,42,3
18,Rawson,006,0055 ,0881,345,25,4,2,0,7,139,40,68,4
18,Rawson,006,0055 ,0882,346,0,0,1,1,6,145,29,70,0
18,Rawson,006,0055 ,0883,345,33,3,1,0,0,154,29,164,6
18,Rawson,006,0055 ,0884,345,24,7,0,0,1,153,5,97,1
18,Rawson,006,0055 ,0885,344,0,0,0,0,0,128,27,37,0
18,Rawson,006,0055 ,0886,344,82,3,1,0,10,112,31,66,2
18,Rawson,006,0055 ,0887,345,31,3,0,0,8,146,30,69,7
18,Rawson,006,0055 ,0888,345,0,0,0,1,7,136,26,67,2
18,Rawson,006,0055 ,0889,344,1,10,0,0,0,118,37,62,0
18,Rawson,006,0055 ,0890,345,0,0,0,0,6,124,31,76,3
18,Rawson,006,0055 ,0891,345,8,6,2,3,7,121,42,39,6
18,Rawson,006,0055 ,0892,346,2,4,1,3,4,126,29,67,4
18,Rawson,006,0055 ,0893,345,1,6,0,0,10,152,27,56,0
18,Rawson,006,0055 ,0894,345,5,1,0,0,7,122,35,68,6
18,Rawson,006,0055 ,0895,345,34,5,0,0,16,129,18,64,4
18,Rawson,006,0055 ,0896,344,16,2,1,1,7,167,20,51,2
18,Rawson,006,0056 ,0897,350,4,2,6,1,11,158,14,46,4
18,Rawson,006,0056 ,0898,349,34,0,0,0,7,86,14,69,2
18,Rawson,006,0056 ,0899,351,3,0,0,0,4,150,20,59,3
18,Rawson,006,0056 ,0900,350,6,0,0,0,2,151,11,37,0
18,Rawson,006,0056 ,0901,350,30,5,1,1,1,155,13,68,6
18,Rawson,006,0056 ,0902,349,2,0,3,1,7,141,12,7,2
18,Rawson,006,0056 ,0903,349,32,0,1,1,4,144,16,70,0
18,Rawson,006,0056 ,0904,352,0,0,0,1,1,153,13,72,0
18,Rawson,006,0056 ,0905,350,0,6,0,0,12,105,13,115,4
18,Rawson,006,0056 ,0906,349,6,5,2,2,2,165,14,47,4
18,Rawson,006,0056 ,0907,349,4,4,0,1,3,149,17,68,1
18,Rawson,006,0056 ,0908,350,1,5,0,0,5,175,19,61,2
18,Rawson,006,0056 ,0909,350,9,2,0,0,1,165,18,63,1
18,Rawson,006,0056 ,0910,350,0,0,1,0,7,151,29,67,1
18,Rawson,006,0056 ,0911,350,37,0,0,2,4,145,24,63,1
18,Rawson,006,0056 ,0912,351,0,0,0,2,4,152,26,37,4
18,Rawson,006,0056 ,0913,349,2,1,0,0,3,174,14,60,0
18,Rawson,006,0056 ,0914,350,0,5,0,0,5,156,17,40,1
18,Rawson,006,0056 ,0915,350,9,0,0,0,3,202,5,61,2
18,Rawson,006,0056 ,0916,351,0,0,0,2,4,130,12,82,2
18,Rawson,006,0056 ,0917,351,25,3,1,1,3,147,11,84,3
18,Rawson,006,0056 ,0918,350,6,3,0,2,7,141,13,56,2
18,Rawson,006,0056 ,0919,350,61,3,1,0,1,165,0,43,1
18,Rawson,006,0056 ,0920,352,1,1,0,1,5,155,23,58,1
18,Rawson,006,0056 ,0921,350,4,1,0,0,4,192,26,48,4
18,Rawson,006,0056 ,0922,351,29,0,6,0,5,169,16,57,2
18,Rawson,006,0056 ,0923,349,2,4,1,3,7,141,19,61,5
18,Rawson,006,0056 ,0924,349,1,6,2,1,9,159,14,65,2
18,Rawson,006,0056 ,0925,350,0,0,5,2,2,123,19,79,4
18,Rawson,006,0056 ,0926,350,27,28,0,2,4,145,22,46,3
18,Rawson,006,0056 ,0927,350,0,0,3,0,9,148,15,71,3
18,Rawson,006,0056 ,0928,351,2,3,2,0,1,154,2,39,0
18,Rawson,006,0056 ,0929,351,8,0,0,0,1,166,14,68,4
18,Rawson,006,0056 ,0930,351,4,3,0,0,4,122,62,70,0
18,Rawson,006,0056 ,0931,350,3,2,0,0,0,191,0,0,0
18,Rawson,006,0056 ,0932,351,3,0,4,0,11,176,14,35,2
18,Rawson,006,0056 ,0933,351,31,0,0,0,6,136,14,71,2
18,Rawson,006,0056 ,0934,350,12,2,1,0,7,156,23,70,3
18,Rawson,006,0056 ,0935,350,2,7,0,0,4,168,6,12,0
18,Rawson,006,0056 ,0936,350,4,3,0,0,0,178,16,49,7
18,Rawson,006,0056 ,0937,350,2,4,1,0,8,149,23,68,3
18,Rawson,006,0056 ,0938,351,23,1,3,1,8,155,15,61,5
18,Rawson,006,0056 ,0939,347,19,2,1,0,6,170,19,54,3
18,Rawson,006,0056 ,0940,350,15,2,3,1,7,159,18,67,1
18,Rawson,006,0056 ,0941,350,24,0,2,2,9,148,16,77,3
18,Rawson,006,0056 ,0942,350,8,4,5,1,11,130,22,64,1
18,Rawson,006,0056 ,0943,349,1,5,0,0,0,133,23,71,0
18,Rawson,006,0056 ,0944,351,20,2,2,1,3,171,19,71,3
18,Rawson,006,0056 ,0945,350,17,3,1,4,3,147,25,70,3
18,Rawson,006,0056 ,0946,350,0,0,0,2,1,169,22,63,0
18,Rawson,006,0056 ,0947,350,0,0,2,1,3,163,2,47,3
18,Rawson,006,0056 ,0948,350,18,2,0,0,7,177,22,63,1
18,Rawson,006,0056 ,0949,350,2,8,1,1,10,162,19,66,1
18,Rawson,006,0056 ,0950,351,0,2,2,0,0,143,13,90,0
18,Rawson,006,0056 ,0951,349,1,10,2,1,2,150,12,38,1
18,Rawson,006,0056 ,0952,350,9,7,2,1,4,133,19,70,3
18,Rawson,006,0056 ,0953,350,30,3,2,1,3,133,18,93,2
18,Rawson,006,0056 ,0954,349,9,4,4,0,0,78,20,36,4
18,Rawson,006,0056 ,0955,349,31,5,2,0,5,159,10,30,6
18,Rawson,006,0056 ,0956,349,0,0,1,1,5,165,12,76,0
18,Rawson,006,0056 ,0957,351,26,11,0,0,5,155,12,74,6
18,Rawson,006,0056 ,0958,350,3,7,0,0,8,165,12,70,1
18,Rawson,006,0056 ,0959,350,4,5,1,2,5,179,10,50,8
18,Rawson,006,0056 ,0960,350,29,2,1,0,7,148,23,64,1
18,Rawson,006,0056 ,0961,350,26,3,2,0,5,159,20,60,5
18,Rawson,006,0056 ,0962,350,0,0,2,1,0,177,15,3,0
18,Rawson,006,0056 ,0963,351,2,2,1,1,7,172,18,54,2
18,Rawson,006,0056 ,0964,350,4,0,0,0,3,137,18,73,0
18,Rawson,006,0056 ,0965,350,2,1,0,0,5,160,17,63,0
18,Rawson,006,0056 ,0966,350,0,0,0,7,3,11,13,61,2
18,Rawson,006,0056 ,0967,350,5,3,0,1,8,138,11,44,2
18,Rawson,006,0056 ,0968,350,0,0,0,0,3,139,8,60,1
18,Rawson,006,0056 ,0969,350,2,7,3,2,5,173,13,57,1
18,Rawson,006,0056 ,0970,350,29,0,0,0,7,161,22,54,0
18,Rawson,006,0056 ,0971,350,0,0,2,3,7,150,21,70,2
18,Rawson,006,0056 ,0972,350,7,3,1,1,1,131,30,74,1
18,Rawson,006,0056 ,0973,350,0,0,1,0,3,129,22,86,2
18,Rawson,006,0056 ,0974,350,3,7,2,2,9,165,11,58,1
18,Rawson,006,0056 ,0975,350,25,2,3,3,9,123,25,86,0
18,Rawson,006,0056 ,0976,352,43,0,0,0,3,144,22,65,2
18,Rawson,006,0056 ,0977,349,8,5,0,1,6,148,20,74,4
18,Rawson,006,0056 ,0978,350,25,1,2,1,5,161,20,57,4
18,Rawson,006,0056 ,0979,351,24,6,1,1,5,151,20,83,0
18,Rawson,006,0056 ,0980,349,44,0,3,2,7,154,14,55,1
18,Rawson,006,0056 ,0981,351,24,2,2,2,5,157,25,61,0
18,Rawson,006,0056 ,0982,350,0,0,0,0,7,52,22,68,0
18,Rawson,006,0056 ,0983,349,0,0,1,0,5,124,27,84,3
18,Rawson,006,0056 ,0984,350,20,0,0,2,4,157,15,71,6
18,Rawson,006,0056 ,0985,350,62,3,1,3,0,155,21,23,1
18,Rawson,006,0056 ,0986,352,0,2,1,1,2,182,24,61,4
18,Rawson,006,0056 ,0987,351,2,9,0,0,2,162,14,58,5
18,Rawson,006,0056 ,0988,350,5,0,1,1,8,175,20,50,3
18,Rawson,006,0057 ,0989,348,0,0,1,0,5,157,26,56,5
18,Rawson,006,0057 ,0990,349,24,3,3,1,4,144,24,59,6
18,Rawson,006,0057 ,0991,348,3,7,4,0,6,133,30,55,1
18,Rawson,006,0057 ,0992,349,28,2,1,0,4,143,26,58,2
18,Rawson,006,0057 ,0993,347,21,11,2,1,4,157,23,50,4
18,Rawson,006,0057 ,0994,351,36,0,2,0,6,143,16,53,2
18,Rawson,006,0057 ,0995,348,3,1,1,0,0,164,8,59,4
18,Rawson,006,0057 ,0996,348,11,2,0,0,12,157,17,63,5
18,Rawson,006,0057 ,0997,348,4,1,3,0,6,164,22,25,0
18,Rawson,006,0057 ,0998,346,89,0,0,2,5,145,28,16,0
18,Rawson,006,0057 ,0999,349,0,0,2,2,5,153,22,77,8
18,Rawson,006,0057 ,1000,348,0,0,3,1,4,158,31,42,4
18,Rawson,006,0057 ,1001,348,37,5,2,1,7,125,39,61,9
18,Rawson,006,0057 ,1002,347,0,0,2,2,5,124,43,51,4
18,Rawson,006,0057 ,1003,348,1,1,0,0,3,156,34,50,1
18,Rawson,006,0057 ,1004,348,18,0,1,0,8,153,18,64,9
18,Rawson,006,0057 ,1005,347,37,0,5,1,7,131,20,63,3
18,Rawson,006,0057 ,1006,348,21,4,2,0,7,120,32,73,3
18,Rawson,006,0057 ,1007,348,42,1,1,0,0,142,21,53,2
18,Rawson,006,0057 ,1008,348,2,3,3,2,7,136,10,44,2
18,Rawson,006,0057 ,1009,347,3,3,3,0,5,146,18,74,6
18,Rawson,006,0057 ,1010,347,14,3,5,1,5,151,30,57,1
18,Rawson,006,0057 ,1011,348,43,11,0,1,3,147,25,45,1
18,Rawson,006,0057 ,1012,347,30,3,3,1,10,129,24,73,4
18,Rawson,006,0057 ,1013,347,24,0,2,1,10,136,30,68,7
18,Rawson,006,0058 ,1014,346,26,2,1,0,5,145,23,73,2
18,Rawson,006,0058 ,1015,347,40,5,0,0,7,14,36,52,0
18,Rawson,006,0058 ,1016,346,37,0,2,0,6,130,31,70,4
18,Rawson,006,0058 ,1017,346,24,4,0,0,10,144,28,64,3
18,Rawson,006,0058 ,1018,344,3,6,0,0,23,212,0,18,0
18,Rawson,006,0058 ,1019,346,22,1,2,0,2,124,44,83,2
18,Rawson,006,0058 ,1020,345,29,2,2,1,7,149,25,56,2
18,Rawson,006,0058 ,1021,346,2,7,2,0,8,127,37,55,4
18,Rawson,006,0058 ,1022,344,0,0,0,0,3,137,33,84,4
18,Rawson,006,0058 ,1023,345,0,0,0,0,0,130,51,61,0
18,Rawson,006,0058 ,1024,345,12,12,1,0,4,136,43,63,3
18,Rawson,006,0058 ,1025,345,34,4,1,1,0,136,27,76,4
18,Rawson,006,0058 ,1026,345,30,0,0,0,1,135,30,88,1
18,Rawson,006,0058 ,1027,348,2,2,0,0,12,99,37,59,1
18,Rawson,006,0058 ,1028,345,22,5,0,0,6,126,50,62,0
18,Rawson,006,0058 ,1029,346,51,0,0,0,7,117,46,61,5
18,Rawson,006,0058 ,1030,343,42,5,0,0,4,146,34,57,6
18,Rawson,006,0058 ,1031,344,30,2,0,0,9,130,30,64,6
18,Rawson,006,0058 ,1032,346,12,1,0,0,6,120,33,99,6
18,Rawson,006,0058 ,1033,344,35,2,0,0,18,125,39,51,3
18,Rawson,006,0058 ,1034,346,29,6,0,0,7,118,44,75,5
18,Rawson,006,0058 ,1035,345,21,1,3,0,7,137,41,59,1
18,Rawson,006,0058 ,1036,344,34,4,0,0,7,123,43,68,0
18,Rawson,006,0058 ,1037,344,25,32,0,0,4,126,49,63,4
18,Rawson,006,0058 ,1038,345,29,3,0,1,8,123,26,71,12
18,Rawson,006,0058 ,1039,346,36,0,0,0,15,132,51,52,0
18,Rawson,006,0058 ,1040,345,5,3,0,1,8,146,34,65,3
18,Rawson,006,0059 ,1041,294,1,7,0,3,2,149,11,40,1
18,Rawson,006,0059 ,1042,292,0,0,0,0,6,126,25,28,1
18,Rawson,006,0060 ,1043,323,5,0,4,1,5,142,30,48,0
18,Rawson,006,0060 ,1044,323,6,8,0,0,2,117,29,57,3
18,Rawson,006,0060 ,1045,321,32,1,4,1,4,140,23,46,2
18,Rawson,006,0060 ,1046,322,28,2,3,0,5,133,19,52,2
18,Rawson,006,0060 ,1047,322,30,1,1,0,3,137,22,57,0
18,Rawson,006,0060 ,1048,321,24,1,0,0,5,154,17,53,0
18,Rawson,006,0060 ,1049,322,3,5,3,0,6,127,7,26,2
18,Rawson,006,0060 ,1050,323,53,3,0,3,3,122,15,39,0
18,Rawson,006,0060 ,1051,322,54,0,1,0,9,139,15,35,1
18,Rawson,006,0061 ,1052,123,3,1,0,0,1,49,1,13,0
18,Nueve de Julio,007,0062 ,1053,332,0,0,0,0,1,170,40,34,2
18,Nueve de Julio,007,0062 ,1054,332,32,1,0,5,9,159,28,46,1
18,Nueve de Julio,007,0062 ,1055,332,0,0,0,2,5,160,27,49,3
18,Nueve de Julio,007,0062 ,1056,331,25,1,0,1,5,167,24,60,5
18,Nueve de Julio,007,0062 ,1057,330,1,3,0,0,1,162,36,7,0
18,Nueve de Julio,007,0062 ,1058,330,36,0,0,2,7,160,33,36,2
18,Nueve de Julio,007,0062 ,1059,329,0,0,0,0,12,150,40,49,3
18,Nueve de Julio,007,0062 ,1060,330,17,0,0,1,6,186,24,42,2
18,Nueve de Julio,007,0062 ,1061,330,28,1,0,7,8,163,26,33,2
18,Nueve de Julio,007,0062 ,1062,332,41,1,0,1,10,162,29,35,1
18,Nueve de Julio,007,0062 ,1063,331,3,0,0,1,5,204,33,43,1
18,Nueve de Julio,007,0062 ,1064,330,70,0,0,0,7,149,35,15,0
18,Nueve de Julio,007,0062 ,1065,330,34,1,0,2,3,120,31,41,2
18,Nueve de Julio,007,0062 ,1066,330,26,1,0,2,15,151,24,66,0
18,Nueve de Julio,007,0063 ,1067,331,30,0,0,0,3,163,25,57,0
18,Nueve de Julio,007,0063 ,1068,330,40,0,1,2,0,156,20,60,3
18,Nueve de Julio,007,0063 ,1069,332,0,0,0,2,1,164,27,58,2
18,Nueve de Julio,007,0063 ,1070,330,26,5,1,0,2,146,27,64,3
18,Nueve de Julio,007,0063 ,1071,331,42,0,0,0,0,162,18,46,0
18,Nueve de Julio,007,0063 ,1072,331,4,2,3,1,2,163,21,62,1
18,Nueve de Julio,007,0063 ,1073,331,23,0,0,0,1,141,30,79,5
18,Nueve de Julio,007,0063 ,1074,331,24,0,0,0,4,174,19,63,0
18,Nueve de Julio,007,0063 ,1075,330,32,2,0,0,4,150,29,60,1
18,Nueve de Julio,007,0063 ,1076,331,19,6,1,0,6,157,26,70,1
18,Nueve de Julio,007,0063 ,1077,330,0,0,0,0,8,138,27,80,0
18,San Martín,008,0064 ,1078,347,50,0,0,1,1,214,7,27,2
18,San Martín,008,0064 ,1079,347,48,3,1,1,6,182,3,46,10
18,San Martín,008,0064 ,1080,346,34,0,0,0,4,208,9,31,1
18,San Martín,008,0064 ,1081,346,3,1,0,0,5,222,0,29,0
18,San Martín,008,0064 ,1082,346,0,0,0,0,4,230,1,29,7
18,San Martín,008,0064 ,1083,346,37,1,0,2,1,220,8,27,8
18,San Martín,008,0064 ,1084,346,0,0,0,1,4,191,9,25,7
18,San Martín,008,0064 ,1085,346,2,0,1,0,4,211,8,30,8
18,San Martín,008,0064 ,1086,346,70,3,0,1,9,202,5,5,3
18,San Martín,008,0065 ,1087,333,4,1,0,0,7,205,14,28,1
18,San Martín,008,0065 ,1088,336,1,7,0,0,14,195,0,36,0
18,San Martín,008,0065 ,1089,335,28,0,0,1,6,192,17,43,1
18,San Martín,008,0065 ,1090,336,1,0,0,0,11,187,0,0,0
18,San Martín,008,0065 ,1091,335,4,0,0,0,4,219,4,34,1
18,San Martín,008,0065 ,1092,334,19,4,2,0,2,226,8,30,0
18,San Martín,008,0065 ,1093,335,0,0,0,0,8,207,2,35,1
18,San Martín,008,0065 ,1094,335,36,1,1,0,3,211,5,24,1
18,San Martín,008,0065 ,1095,334,0,0,0,0,10,202,8,41,1
18,San Martín,008,0066 ,1096,311,36,0,0,0,0,174,13,42,0
18,San Martín,008,0066 ,1097,311,39,0,2,0,2,177,8,30,2
18,San Martín,008,0066 ,1098,311,37,2,0,0,9,170,12,34,1
18,San Martín,008,0066 ,1099,311,40,0,0,0,3,171,10,23,3
18,San Martín,008,0066 ,1100,311,41,0,0,0,8,175,10,26,0
18,San Martín,008,0066 ,1101,310,33,0,1,2,5,193,2,18,0
18,San Martín,008,0066 ,1102,310,35,7,0,0,10,168,7,34,0
18,San Martín,008,0066 ,1103,311,39,0,0,2,14,168,13,27,0
18,Angaco,009,0067 ,1104,316,63,1,0,0,10,159,13,19,1
18,Angaco,009,0067 ,1105,316,35,5,0,2,5,155,39,31,4
18,Angaco,009,0067 ,1106,315,46,0,0,1,3,127,38,25,2
18,Angaco,009,0067 ,1107,314,32,2,0,1,5,154,52,31,0
18,Angaco,009,0067 ,1108,315,0,2,1,0,2,161,36,21,0
18,Angaco,009,0067 ,1109,315,38,0,0,1,5,157,38,30,0
18,Angaco,009,0067 ,1110,316,56,0,0,0,11,133,46,27,1
18,Angaco,009,0067 ,1111,315,0,1,0,0,8,176,41,16,1
18,Angaco,009,0067 ,1112,315,31,0,0,0,9,168,28,24,3
18,Angaco,009,0067 ,1113,314,25,1,0,0,7,172,42,27,2
18,Angaco,009,0068 ,1114,270,23,2,0,1,5,150,18,14,1
18,Angaco,009,0068 ,1115,268,37,1,0,42,8,143,21,22,1
18,Angaco,009,0069 ,1116,338,3,2,2,2,6,162,10,0,4
18,Angaco,009,0070 ,1117,213,1,1,0,2,14,115,8,14,0
18,Angaco,009,0071 ,1118,296,1,2,1,0,4,187,24,21,3
18,Angaco,009,0071 ,1119,295,0,0,2,2,2,176,18,12,1
18,Angaco,009,0071 ,1120,295,2,0,1,0,2,167,24,24,1
18,Angaco,009,0071 ,1121,296,0,0,0,2,0,166,19,28,3
18,Angaco,009,0071 ,1122,296,19,0,2,0,12,162,27,22,1
18,Angaco,009,0072 ,1123,321,40,2,0,0,5,167,29,17,3
18,Angaco,009,0073 ,1124,273,20,1,0,0,9,150,17,17,2
18,Angaco,009,0073 ,1125,274,24,0,0,0,4,170,13,18,1
18,Angaco,009,0073 ,1126,273,3,0,7,6,1,184,18,26,2
18,Angaco,009,0073 ,1127,274,0,0,0,0,5,152,25,23,0
18,Albardón,010,0074 ,1128,342,21,0,0,0,5,152,54,33,18
18,Albardón,010,0074 ,1129,343,30,1,0,0,3,139,67,24,19
18,Albardón,010,0074 ,1130,343,0,0,0,0,2,132,1,30,30
18,Albardón,010,0074 ,1131,343,0,0,0,0,7,132,44,35,21
18,Albardón,010,0074 ,1132,342,39,0,1,1,3,134,52,36,26
18,Albardón,010,0074 ,1133,342,1,3,0,0,0,125,0,28,0
18,Albardón,010,0074 ,1134,341,68,0,0,0,11,121,58,27,3
18,Albardón,010,0074 ,1135,342,32,2,4,0,2,106,51,30,47
18,Albardón,010,0074 ,1136,342,0,0,0,1,1,136,49,31,24
18,Albardón,010,0074 ,1137,342,45,1,1,0,11,132,42,28,25
18,Albardón,010,0074 ,1138,342,0,5,0,0,12,138,64,29,12
18,Albardón,010,0074 ,1139,342,55,1,0,2,9,118,47,34,14
18,Albardón,010,0074 ,1140,341,4,1,0,0,0,134,62,22,44
18,Albardón,010,0074 ,1141,342,33,1,0,0,5,138,45,41,26
18,Albardón,010,0074 ,1142,341,34,1,1,0,2,143,59,29,20
18,Albardón,010,0075 ,1143,306,0,0,0,0,0,0,0,0,0
18,Albardón,010,0075 ,1144,307,47,2,0,0,6,147,20,28,0
18,Albardón,010,0075 ,1145,306,5,3,0,0,2,146,23,30,5
18,Albardón,010,0075 ,1146,306,0,0,0,19,8,146,24,56,8
18,Albardón,010,0075 ,1147,304,32,0,0,1,2,152,30,28,9
18,Albardón,010,0075 ,1148,307,0,0,0,0,0,149,20,33,12
18,Albardón,010,0076 ,1149,267,38,0,0,0,0,136,18,30,10
18,Albardón,010,0076 ,1150,266,29,0,0,0,0,130,23,23,13
18,Albardón,010,0076 ,1151,266,25,0,1,1,0,150,11,42,9
18,Albardón,010,0077 ,1152,322,29,0,1,2,0,151,29,44,15
18,Albardón,010,0077 ,1153,322,27,4,0,1,6,135,23,62,14
18,Albardón,010,0077 ,1154,322,26,0,2,0,3,151,33,38,14
18,Albardón,010,0077 ,1155,322,44,0,0,0,3,141,30,45,9
18,Albardón,010,0078 ,1156,328,2,4,0,0,0,140,20,0,0
18,Albardón,010,0078 ,1157,328,5,2,0,0,5,157,20,40,28
18,Albardón,010,0078 ,1158,328,0,0,0,0,4,149,27,43,0
18,Albardón,010,0078 ,1159,329,5,0,1,1,1,158,25,34,18
18,Albardón,010,0078 ,1160,328,63,2,0,0,4,155,26,0,21
18,Albardón,010,0078 ,1161,328,45,1,0,1,4,153,24,32,10
18,Albardón,010,0078 ,1162,329,44,0,0,3,4,150,22,49,11
18,Albardón,010,0078 ,1163,328,40,0,0,0,9,163,24,28,12
18,Albardón,010,0078 ,1164,328,3,0,0,0,0,181,17,37,16
18,Albardón,010,0078 ,1165,328,4,1,0,0,3,151,15,45,10
18,Albardón,010,0078 ,1166,329,27,0,0,0,3,172,27,30,19
18,Albardón,010,0078 ,1167,329,26,8,0,0,4,168,36,36,11
18,Albardón,010,0078 ,1168,327,31,0,0,0,4,168,15,37,11
18,Albardón,010,0078 ,1169,328,36,3,0,0,3,142,30,36,12
18,Albardón,010,0079 ,1170,327,5,7,0,2,0,187,17,6,15
18,Albardón,010,0079 ,1171,327,30,6,0,0,2,179,29,16,22
18,Albardón,010,0079 ,1172,327,5,2,2,1,1,183,30,6,7
18,Albardón,010,0079 ,1173,327,0,0,0,0,1,179,17,33,9
18,Albardón,010,0079 ,1174,327,78,0,1,1,0,192,21,19,15
18,Albardón,010,0079 ,1175,327,4,6,0,1,0,166,37,19,17
18,Albardón,010,0079 ,1176,327,0,0,0,0,3,194,27,14,25
18,Albardón,010,0079 ,1177,327,5,2,1,0,0,195,26,16,8
18,Albardón,010,0079 ,1178,327,3,0,0,0,4,276,23,22,9
18,Albardón,010,0079 ,1179,328,3,3,0,0,1,210,27,2,3
18,Albardón,010,0079 ,1180,326,31,0,1,1,3,187,37,18,15
18,Albardón,010,0079 ,1181,325,0,0,1,0,7,165,27,21,9
18,Albardón,010,0079 ,1182,326,3,1,0,0,2,164,39,29,20
18,Albardón,010,0080 ,1183,350,0,0,0,0,3,160,47,18,9
18,Albardón,010,0080 ,1184,350,52,1,0,0,4,149,16,36,20
18,Albardón,010,0080 ,1185,349,31,0,2,0,1,164,34,48,8
18,Ullúm,011,0081 ,1186,323,17,0,0,0,0,238,8,23,13
18,Ullúm,011,0081 ,1187,323,2,0,0,0,1,234,20,12,8
18,Ullúm,011,0081 ,1188,324,9,2,0,0,9,215,5,32,11
18,Ullúm,011,0081 ,1189,322,2,1,0,0,1,233,13,17,7
18,Ullúm,011,0081 ,1190,323,39,0,0,0,5,213,10,18,0
18,Ullúm,011,0081 ,1191,324,2,2,1,0,12,220,20,27,8
18,Ullúm,011,0081 ,1192,323,0,0,0,0,9,237,0,19,0
18,Ullúm,011,0081 ,1193,322,14,0,0,0,9,231,3,25,5
18,Ullúm,011,0081 ,1194,322,0,3,0,0,5,218,0,28,8
18,Ullúm,011,0081 ,1195,322,0,0,0,0,4,23,5,11,22
18,Ullúm,011,0081 ,1196,323,13,1,0,0,9,215,15,29,4
18,Ullúm,011,0081 ,1197,321,45,0,0,0,4,187,11,28,17
18,Pocito,012,0083 ,1198,343,5,2,1,0,5,194,11,43,2
18,Pocito,012,0083 ,1199,343,3,4,0,1,4,184,12,50,3
18,Pocito,012,0083 ,1200,343,5,5,1,1,9,180,9,45,1
18,Pocito,012,0083 ,1201,343,64,0,0,0,0,154,22,38,0
18,Pocito,012,0083 ,1202,342,23,6,3,0,6,169,16,42,1
18,Pocito,012,0083 ,1203,343,16,6,0,0,1,181,22,48,1
18,Pocito,012,0083 ,1204,342,0,0,0,1,7,139,12,43,0
18,Pocito,012,0083 ,1205,343,33,6,0,2,4,189,2,40,2
18,Pocito,012,0083 ,1206,343,0,9,1,1,5,185,12,34,1
18,Pocito,012,0083 ,1207,342,48,5,1,0,6,136,18,0,1
18,Pocito,012,0083 ,1208,343,23,5,1,0,4,169,18,41,1
18,Pocito,012,0083 ,1209,342,5,20,0,1,7,168,18,29,3
18,Pocito,012,0083 ,1210,342,23,3,0,0,5,179,19,42,0
18,Pocito,012,0083 ,1211,341,0,0,0,0,4,201,20,43,0
18,Pocito,012,0083 ,1212,342,5,2,0,1,3,180,12,15,0
18,Pocito,012,0083 ,1213,341,30,2,0,1,9,155,27,44,2
18,Pocito,012,0083 ,1214,342,6,0,0,0,10,168,15,53,4
18,Pocito,012,0083 ,1215,343,21,4,3,0,7,196,22,29,2
18,Pocito,012,0083 ,1216,343,1,13,3,1,4,186,12,35,3
18,Pocito,012,0083 ,1217,342,22,7,1,0,7,161,18,53,3
18,Pocito,012,0083 ,1218,343,3,7,0,1,5,180,18,38,2
18,Pocito,012,0083 ,1219,342,3,3,0,3,2,171,16,52,1
18,Pocito,012,0083 ,1220,342,4,8,1,2,2,167,22,34,2
18,Pocito,012,0083 ,1221,343,4,9,0,0,4,177,21,45,3
18,Pocito,012,0083 ,1222,342,23,0,0,1,12,175,12,37,0
18,Pocito,012,0083 ,1223,343,36,0,0,0,5,184,10,33,2
18,Pocito,012,0083 ,1224,342,49,0,0,2,1,189,0,46,0
18,Pocito,012,0083 ,1225,342,22,5,0,0,2,193,13,34,1
18,Pocito,012,0083 ,1226,341,34,12,1,1,8,160,16,37,0
18,Pocito,012,0083 ,1227,342,13,1,0,1,5,176,12,45,3
18,Pocito,012,0083 ,1228,343,22,5,0,1,7,185,25,31,2
18,Pocito,012,0083 ,1229,344,26,5,0,0,5,163,18,47,0
18,Pocito,012,0083 ,1230,342,0,3,0,0,7,179,19,77,1
18,Pocito,012,0083 ,1231,341,3,2,2,0,6,187,30,39,4
18,Pocito,012,0083 ,1232,342,24,0,2,1,5,192,12,41,6
18,Pocito,012,0083 ,1233,342,0,6,2,0,6,155,25,26,2
18,Pocito,012,0083 ,1234,342,1,4,0,1,2,198,15,44,2
18,Pocito,012,0083 ,1235,342,0,0,2,0,1,184,3,6,0
18,Pocito,012,0083 ,1236,343,21,0,0,0,5,185,17,60,1
18,Pocito,012,0083 ,1237,342,13,1,13,2,0,167,18,62,7
18,Pocito,012,0083 ,1238,342,1,6,8,0,3,169,17,55,2
18,Pocito,012,0084 ,1239,340,3,2,0,1,3,182,18,40,3
18,Pocito,012,0084 ,1240,341,1,3,0,2,2,114,40,60,0
18,Pocito,012,0084 ,1241,341,32,0,0,1,2,167,22,47,5
18,Pocito,012,0084 ,1242,341,30,8,0,0,3,179,22,34,2
18,Pocito,012,0084 ,1243,339,19,3,0,0,6,164,20,45,1
18,Pocito,012,0084 ,1244,340,9,10,0,2,2,148,36,45,2
18,Pocito,012,0084 ,1245,342,3,4,0,2,2,165,19,54,4
18,Pocito,012,0084 ,1246,342,40,4,0,0,0,176,12,35,0
18,Pocito,012,0084 ,1247,341,0,2,0,0,4,165,16,65,4
18,Pocito,012,0084 ,1248,340,34,0,0,0,0,153,27,55,0
18,Pocito,012,0084 ,1249,341,26,1,0,1,3,163,21,40,3
18,Pocito,012,0084 ,1250,343,6,3,0,2,5,146,25,43,0
18,Pocito,012,0084 ,1251,341,24,3,0,0,2,162,41,39,1
18,Pocito,012,0084 ,1252,341,2,0,0,1,14,169,25,38,1
18,Pocito,012,0084 ,1253,342,3,12,0,0,4,152,22,46,3
18,Pocito,012,0084 ,1254,341,8,3,0,1,0,185,27,8,6
18,Pocito,012,0084 ,1255,341,46,0,0,3,0,155,22,47,0
18,Pocito,012,0084 ,1256,341,27,1,0,0,4,155,37,40,4
18,Pocito,012,0084 ,1257,341,3,3,0,0,3,146,31,55,5
18,Pocito,012,0084 ,1258,342,23,4,0,0,1,158,33,45,2
18,Pocito,012,0084 ,1259,342,35,5,0,0,0,137,24,49,2
18,Pocito,012,0084 ,1260,341,4,1,3,0,3,178,0,43,4
18,Pocito,012,0084 ,1261,341,29,1,1,0,6,160,25,50,1
18,Pocito,012,0084 ,1262,341,21,1,0,0,4,151,31,50,3
18,Pocito,012,0084 ,1263,341,53,0,0,0,0,164,19,43,0
18,Pocito,012,0084 ,1264,341,43,2,1,0,2,168,19,43,2
18,Pocito,012,0084 ,1265,343,30,7,2,0,2,182,18,42,2
18,Pocito,012,0084 ,1266,339,0,0,0,0,0,180,21,43,1
18,Pocito,012,0084 ,1267,341,0,0,3,1,3,153,31,60,0
18,Pocito,012,0084 ,1268,341,27,5,0,1,0,0,15,55,4
18,Pocito,012,0084 ,1269,341,3,0,0,0,5,63,43,63,0
18,Pocito,012,0084 ,1270,341,1,6,5,0,0,133,33,51,4
18,Pocito,012,0084 ,1271,340,0,0,0,1,1,157,32,50,7
18,Pocito,012,0084 ,1272,340,0,0,0,3,3,165,19,54,4
18,Pocito,012,0084 ,1273,340,0,0,0,0,0,159,3,49,0
18,Pocito,012,0085 ,1274,287,3,3,2,0,6,135,10,22,3
18,Pocito,012,0085 ,1275,288,0,0,1,0,3,143,18,45,1
18,Pocito,012,0085 ,1276,287,0,0,0,1,1,135,13,42,1
18,Pocito,012,0085 ,1277,287,0,0,0,3,0,149,12,38,0
18,Pocito,012,0085 ,1278,287,0,0,0,0,0,0,0,0,0
18,Pocito,012,0086 ,1279,342,3,9,0,0,1,174,24,37,3
18,Pocito,012,0086 ,1280,345,28,0,1,0,4,164,14,46,3
18,Pocito,012,0086 ,1281,341,0,0,0,2,6,144,24,50,1
18,Pocito,012,0086 ,1282,342,27,7,4,1,7,159,15,46,2
18,Pocito,012,0086 ,1283,343,0,0,0,0,0,176,0,36,0
18,Pocito,012,0086 ,1284,342,0,0,0,2,6,144,24,50,1
18,Pocito,012,0086 ,1285,342,28,0,1,0,4,164,14,46,3
18,Pocito,012,0086 ,1286,341,2,2,0,2,3,170,0,52,0
18,Pocito,012,0086 ,1287,343,15,0,2,0,4,177,20,44,1
18,Pocito,012,0086 ,1288,342,4,26,0,0,5,163,20,48,3
18,Pocito,012,0086 ,1289,341,32,3,3,1,0,163,22,49,2
18,Pocito,012,0086 ,1290,342,0,0,0,0,0,0,0,0,0
18,Pocito,012,0086 ,1291,343,22,0,0,0,6,185,21,36,9
18,Pocito,012,0086 ,1292,341,36,6,0,0,3,178,30,35,5
18,Pocito,012,0086 ,1293,342,24,0,1,1,7,168,14,45,5
18,Pocito,012,0086 ,1294,342,4,4,0,0,11,163,15,43,3
18,Pocito,012,0086 ,1295,341,0,0,0,0,2,152,21,35,0
18,Pocito,012,0087 ,1296,341,0,0,1,0,5,168,8,53,0
18,Pocito,012,0087 ,1297,342,0,0,0,0,7,151,11,26,0
18,Pocito,012,0088 ,1298,343,81,2,0,0,6,159,15,13,3
18,Pocito,012,0088 ,1299,343,29,8,0,0,0,180,4,52,0
18,Pocito,012,0088 ,1300,342,7,4,1,0,15,165,8,55,1
18,Pocito,012,0088 ,1301,341,8,0,0,1,0,173,9,26,1
18,Pocito,012,0088 ,1302,344,4,0,0,1,4,170,7,0,3
18,Pocito,012,0088 ,1303,343,3,7,0,0,8,151,12,50,3
18,Pocito,012,0088 ,1304,341,36,1,0,1,5,169,11,57,0
18,Pocito,012,0088 ,1305,341,5,3,0,1,2,180,13,6,5
18,Pocito,012,0088 ,1306,342,24,0,1,0,18,172,15,51,3
18,Sarmiento,013,0089 ,1307,342,0,0,1,0,3,157,23,21,0
18,Sarmiento,013,0089 ,1308,341,3,3,0,0,3,141,0,49,4
18,Sarmiento,013,0089 ,1309,341,33,3,0,2,8,166,31,42,4
18,Sarmiento,013,0089 ,1310,341,11,0,0,1,3,181,32,36,4
18,Sarmiento,013,0089 ,1311,342,0,0,0,0,11,159,31,53,1
18,Sarmiento,013,0089 ,1312,340,8,0,1,0,5,196,22,32,1
18,Sarmiento,013,0089 ,1313,340,0,0,0,0,5,165,28,51,1
18,Sarmiento,013,0089 ,1314,341,0,0,0,0,4,145,1,55,0
18,Sarmiento,013,0089 ,1315,340,0,0,0,0,7,185,2,28,0
18,Sarmiento,013,0089 ,1316,340,29,8,1,0,1,163,35,34,0
18,Sarmiento,013,0089 ,1317,340,28,0,1,0,4,168,31,46,10
18,Sarmiento,013,0089 ,1318,339,21,2,0,0,3,175,26,52,1
18,Sarmiento,013,0089 ,1319,340,79,0,2,0,1,180,18,0,4
18,Sarmiento,013,0089 ,1320,340,0,0,0,1,21,150,29,43,1
18,Sarmiento,013,0089 ,1321,342,4,1,0,0,9,170,25,35,2
18,Sarmiento,013,0089 ,1322,341,35,0,0,1,4,160,24,32,7
18,Sarmiento,013,0089 ,1323,341,1,5,0,0,4,184,48,44,1
18,Sarmiento,013,0089 ,1324,340,29,3,0,0,3,169,32,42,2
18,Sarmiento,013,0089 ,1325,341,39,0,0,0,1,174,34,39,2
18,Sarmiento,013,0089 ,1326,340,22,3,0,0,5,184,22,30,5
18,Sarmiento,013,0090 ,1327,295,3,0,0,0,1,156,29,24,12
18,Sarmiento,013,0090 ,1328,296,46,1,2,0,0,163,3,37,5
18,Sarmiento,013,0090 ,1329,295,2,2,0,0,0,155,34,35,1
18,Sarmiento,013,0090 ,1330,295,3,5,0,0,0,169,0,23,0
18,Sarmiento,013,0090 ,1331,295,4,0,0,0,0,192,0,0,0
18,Sarmiento,013,0090 ,1332,295,2,1,1,0,3,160,32,16,1
18,Sarmiento,013,0090A,1333,254,22,5,0,0,0,119,19,50,0
18,Sarmiento,013,0090A,1334,253,16,1,1,2,3,96,44,41,5
18,Sarmiento,013,0091 ,1335,297,26,0,1,0,5,170,20,30,1
18,Sarmiento,013,0091 ,1336,297,27,0,0,1,3,161,13,22,3
18,Sarmiento,013,0091 ,1337,297,0,0,0,1,3,158,0,9,4
18,Sarmiento,013,0091 ,1338,297,3,0,0,0,3,184,0,1,10
18,Sarmiento,013,0091 ,1339,296,65,14,0,0,2,158,14,5,2
18,Sarmiento,013,0092 ,1340,288,2,4,0,0,0,109,1,37,5
18,Sarmiento,013,0092 ,1341,288,0,0,0,0,4,0,14,27,4
18,Sarmiento,013,0092 ,1342,287,0,0,0,0,0,141,12,18,0
18,Sarmiento,013,0092 ,1343,287,0,0,2,0,2,149,13,19,1
18,Sarmiento,013,0092 ,1344,287,2,3,0,0,0,146,3,23,0
18,Sarmiento,013,0093 ,1345,347,0,0,0,0,0,186,49,41,3
18,Sarmiento,013,0093 ,1346,348,5,7,0,0,0,211,0,0,0
18,Sarmiento,013,0093 ,1347,348,8,5,0,0,0,188,21,30,0
18,Sarmiento,013,0093 ,1348,349,1,0,0,0,1,175,25,39,3
18,Sarmiento,013,0093 ,1349,348,4,10,0,1,0,209,27,36,4
18,Sarmiento,013,0093 ,1350,348,4,1,0,0,5,181,31,22,3
18,Sarmiento,013,0093 ,1351,348,0,6,0,0,1,198,31,39,11
18,Sarmiento,013,0093 ,1352,348,0,0,1,0,0,192,21,7,9
18,Sarmiento,013,0093 ,1353,347,9,7,1,0,0,211,19,25,0
18,Sarmiento,013,0093A,1354,289,23,1,0,0,3,183,17,32,1
18,Sarmiento,013,0094 ,1355,332,1,2,0,1,0,143,12,33,0
18,Sarmiento,013,0094A,1356,261,2,2,0,0,2,167,21,18,1
18,Sarmiento,013,0095 ,1357,156,37,0,1,0,1,44,11,28,0
18,Sarmiento,013,0096 ,1358,194,16,1,0,1,0,106,17,33,1
18,Sarmiento,013,0096 ,1359,193,12,5,1,1,1,95,20,35,1
18,25 de Mayo,014,0097 ,1360,340,7,0,0,1,5,200,18,44,0
18,25 de Mayo,014,0097 ,1361,339,0,0,0,0,9,193,24,0,0
18,25 de Mayo,014,0097 ,1362,338,29,2,0,0,7,189,11,37,2
18,25 de Mayo,014,0097 ,1363,337,1,1,0,1,0,195,7,38,3
18,25 de Mayo,014,0097 ,1364,338,15,0,0,0,5,221,16,11,3
18,25 de Mayo,014,0097 ,1365,338,25,3,0,1,6,179,11,32,2
18,25 de Mayo,014,0097 ,1366,339,2,3,0,0,23,193,24,53,0
18,25 de Mayo,014,0097 ,1367,339,11,0,0,0,9,190,31,25,3
18,25 de Mayo,014,0097 ,1368,338,19,0,0,0,5,192,29,34,1
18,25 de Mayo,014,0097 ,1369,339,30,3,0,1,5,197,15,22,2
18,25 de Mayo,014,0097 ,1370,338,3,0,1,0,8,229,10,16,3
18,25 de Mayo,014,0097 ,1371,338,2,2,1,0,8,211,18,23,0
18,25 de Mayo,014,0097 ,1372,338,1,0,0,0,6,227,8,37,8
18,25 de Mayo,014,0097 ,1373,338,0,0,0,0,8,203,18,28,1
18,25 de Mayo,014,0097 ,1374,338,43,0,0,0,5,191,18,24,2
18,25 de Mayo,014,0098 ,1375,343,0,0,0,0,7,210,0,29,1
18,25 de Mayo,014,0098 ,1376,343,32,0,0,0,5,207,15,29,1
18,25 de Mayo,014,0098 ,1377,343,1,0,0,0,0,189,20,31,3
18,25 de Mayo,014,0098 ,1378,343,3,3,0,0,9,224,15,24,4
18,25 de Mayo,014,0098 ,1379,345,4,0,0,0,4,199,26,29,0
18,25 de Mayo,014,0098 ,1380,343,2,0,2,0,9,208,17,27,4
18,25 de Mayo,014,0098 ,1381,344,3,2,1,0,8,190,12,29,2
18,25 de Mayo,014,0098 ,1382,343,4,30,0,0,4,233,7,23,8
18,25 de Mayo,014,0098 ,1383,344,26,1,3,0,4,213,8,27,4
18,25 de Mayo,014,0098 ,1384,346,21,2,0,0,2,206,14,31,8
18,25 de Mayo,014,0098 ,1385,345,29,0,0,0,6,202,14,29,0
18,25 de Mayo,014,0098 ,1386,342,0,2,1,0,7,208,35,38,4
18,25 de Mayo,014,0098 ,1387,344,0,0,0,0,5,216,16,27,3
18,25 de Mayo,014,0098 ,1388,344,4,0,0,1,7,200,6,41,3
18,25 de Mayo,014,0098 ,1389,343,3,0,0,0,5,172,0,26,9
18,25 de Mayo,014,0098 ,1390,344,4,2,1,0,0,213,26,31,1
18,25 de Mayo,014,0098 ,1391,343,2,0,0,0,10,192,24,34,3
18,25 de Mayo,014,0098 ,1392,343,0,0,1,1,7,98,26,36,2
18,25 de Mayo,014,0099 ,1393,330,12,2,1,0,3,195,15,39,0
18,25 de Mayo,014,0099 ,1394,329,16,0,1,0,2,200,13,23,1
18,25 de Mayo,014,0100 ,1395,317,25,0,0,0,0,181,7,20,6
18,25 de Mayo,014,0100 ,1396,315,0,0,0,0,0,0,0,0,0
18,Caucete,015,0101 ,1397,342,78,0,2,1,3,10,44,36,2
18,Caucete,015,0101 ,1398,342,50,0,1,3,5,119,29,65,0
18,Caucete,015,0101 ,1399,343,6,3,0,0,6,124,41,64,0
18,Caucete,015,0101 ,1400,344,0,0,1,1,0,145,32,37,3
18,Caucete,015,0101 ,1401,343,43,1,1,2,2,112,37,75,1
18,Caucete,015,0101 ,1402,343,27,6,0,0,3,127,48,62,1
18,Caucete,015,0101 ,1403,342,51,6,1,1,0,114,46,54,2
18,Caucete,015,0101 ,1404,343,0,0,0,2,4,138,41,55,1
18,Caucete,015,0101 ,1405,342,0,0,0,0,1,112,34,56,0
18,Caucete,015,0101 ,1406,342,43,2,0,3,3,113,34,63,1
18,Caucete,015,0101 ,1407,342,3,3,1,1,1,129,43,65,0
18,Caucete,015,0101 ,1408,342,36,0,1,0,5,113,67,54,2
18,Caucete,015,0102 ,1409,346,9,4,0,4,6,134,29,60,0
18,Caucete,015,0102 ,1410,345,42,4,0,3,5,114,29,72,0
18,Caucete,015,0102 ,1411,344,48,0,0,0,6,98,65,64,1
18,Caucete,015,0102 ,1412,344,45,5,0,1,3,110,35,58,2
18,Caucete,015,0102 ,1413,345,55,1,0,0,6,142,29,51,2
18,Caucete,015,0102 ,1414,345,37,0,1,3,3,123,40,61,1
18,Caucete,015,0102 ,1415,345,45,4,0,0,3,116,27,68,3
18,Caucete,015,0102 ,1416,345,43,7,0,1,6,120,31,72,0
18,Caucete,015,0102 ,1417,345,4,2,0,0,5,105,39,53,0
18,Caucete,015,0102 ,1418,345,0,0,4,1,4,109,48,63,2
18,Caucete,015,0102 ,1419,345,35,0,1,1,5,115,26,87,6
18,Caucete,015,0102 ,1420,345,0,0,1,2,2,127,30,62,2
18,Caucete,015,0102 ,1421,345,53,3,2,0,6,130,31,40,0
18,Caucete,015,0102 ,1422,346,1,4,0,0,13,100,38,67,2
18,Caucete,015,0102 ,1423,345,0,5,0,2,0,7,6,0,0
18,Caucete,015,0102 ,1424,345,2,6,0,0,5,115,16,16,0
18,Caucete,015,0102 ,1425,345,46,0,0,0,1,126,49,69,0
18,Caucete,015,0103 ,1426,348,43,1,1,1,4,134,22,69,1
18,Caucete,015,0103 ,1427,348,35,5,1,0,3,132,24,73,1
18,Caucete,015,0103 ,1428,349,72,0,0,0,1,146,14,55,0
18,Caucete,015,0103 ,1429,348,38,5,0,0,0,115,13,78,0
18,Caucete,015,0103 ,1430,348,44,0,0,0,1,144,16,63,1
18,Caucete,015,0103 ,1431,348,12,7,1,5,4,129,22,97,1
18,Caucete,015,0103 ,1432,347,44,2,0,0,0,123,23,61,2
18,Caucete,015,0103 ,1433,347,45,1,2,0,2,128,35,70,1
18,Caucete,015,0103 ,1434,347,0,1,0,0,2,147,18,60,0
18,Caucete,015,0103 ,1435,347,30,6,0,0,4,141,24,77,0
18,Caucete,015,0103 ,1436,347,6,0,0,0,0,164,27,93,0
18,Caucete,015,0103 ,1437,348,30,2,1,2,4,141,24,75,0
18,Caucete,015,0103 ,1438,347,6,5,0,0,4,147,11,41,0
18,Caucete,015,0103 ,1439,348,40,0,2,1,5,121,29,73,1
18,Caucete,015,0103 ,1440,347,43,1,2,2,2,130,13,67,1
18,Caucete,015,0103 ,1441,348,40,2,0,1,3,145,17,76,0
18,Caucete,015,0103 ,1442,347,42,3,2,1,0,134,26,67,2
18,Caucete,015,0103 ,1443,347,35,3,1,2,2,155,15,72,1
18,Caucete,015,0103 ,1444,346,14,1,1,1,4,152,32,75,1
18,Caucete,015,0104 ,1445,327,38,1,0,1,3,132,15,73,0
18,Caucete,015,0104 ,1446,327,46,0,1,0,5,116,25,57,1
18,Caucete,015,0104 ,1447,327,58,0,1,0,6,115,0,64,3
18,Caucete,015,0104 ,1448,327,1,0,0,1,9,122,19,64,0
18,Caucete,015,0104 ,1449,327,0,0,0,0,4,128,23,41,0
18,Caucete,015,0104 ,1450,326,45,0,0,0,4,121,21,70,0
18,Caucete,015,0104 ,1451,326,53,3,2,0,9,113,19,64,0
18,Caucete,015,0104 ,1452,326,3,0,0,0,0,128,11,55,0
18,Caucete,015,0104 ,1453,327,0,6,1,2,11,125,16,54,2
18,Caucete,015,0104 ,1454,327,35,5,0,1,4,117,26,72,0
18,Caucete,015,0104 ,1455,326,43,0,1,1,6,118,36,59,1
18,Caucete,015,0104 ,1456,326,3,4,0,1,0,97,19,61,0
18,Caucete,015,0104 ,1457,325,43,2,0,1,20,110,21,66,0
18,Caucete,015,0104 ,1458,325,59,5,1,0,7,106,21,62,0
18,Caucete,015,0105 ,1459,301,51,5,0,0,2,133,8,57,0
18,Caucete,015,0105 ,1460,301,49,0,0,0,0,110,8,53,0
18,Caucete,015,0106 ,1461,283,59,0,2,0,3,143,12,31,1
18,Caucete,015,0106 ,1462,284,45,3,1,1,8,118,5,50,2
18,Caucete,015,0106 ,1463,283,21,0,1,0,4,138,17,38,0
18,Caucete,015,0106 ,1464,282,20,2,1,0,8,128,14,51,0
18,Caucete,015,0107 ,1465,326,43,1,0,2,2,132,7,67,0
18,Caucete,015,0107 ,1466,326,34,2,0,0,0,140,10,71,0
18,Caucete,015,0107 ,1467,326,5,1,0,4,8,137,6,47,0
18,Caucete,015,0108 ,1468,337,123,0,1,2,2,115,9,3,0
18,Caucete,015,0108 ,1469,336,82,0,0,0,6,133,14,30,0
18,Caucete,015,0108 ,1470,335,40,3,0,3,2,140,17,52,1
18,Caucete,015,0108 ,1471,337,47,2,0,0,4,127,20,48,2
18,Caucete,015,0108 ,1472,335,0,0,0,0,0,135,14,57,0
18,Caucete,015,0109 ,1473,267,25,0,3,1,3,110,3,62,0
18,Caucete,015,0109 ,1474,268,4,0,1,0,1,104,1,94,0
18,Caucete,015,0109 ,1475,266,39,0,0,0,4,112,10,55,0
18,Caucete,015,0110 ,1476,271,17,1,0,0,0,116,6,71,2
18,Caucete,015,0110 ,1477,264,0,0,0,0,0,87,4,69,0
18,Caucete,015,0110 ,1478,269,5,0,0,0,0,88,2,72,0
18,Caucete,015,0110A,1479,318,31,2,0,0,4,136,4,34,0
18,Caucete,015,0111 ,1480,265,34,0,1,0,2,115,3,29,6
18,Caucete,015,0111 ,1481,265,74,0,0,0,0,110,0,0,0
18,Caucete,015,0112 ,1482,272,3,1,0,1,1,77,9,73,0
18,Valle Fértil,016,0113 ,1483,348,0,4,2,0,2,154,21,85,8
18,Valle Fértil,016,0113 ,1484,348,0,0,0,0,2,153,21,93,4
18,Valle Fértil,016,0113 ,1485,349,31,0,0,1,2,156,15,84,3
18,Valle Fértil,016,0113 ,1486,347,13,0,0,0,2,166,14,93,1
18,Valle Fértil,016,0113 ,1487,348,18,0,1,0,3,148,19,83,2
18,Valle Fértil,016,0113 ,1488,348,3,0,0,0,1,164,0,98,2
18,Valle Fértil,016,0113 ,1489,347,5,1,0,0,5,133,34,76,0
18,Valle Fértil,016,0113 ,1490,349,14,3,0,0,3,175,21,72,5
18,Valle Fértil,016,0113 ,1491,348,0,4,0,0,0,143,1,84,11
18,Valle Fértil,016,0113 ,1492,348,13,0,0,0,1,156,7,99,4
18,Valle Fértil,016,0113 ,1493,347,29,0,0,0,3,149,19,85,6
18,Valle Fértil,016,0113 ,1494,347,0,2,1,0,0,151,29,72,3
18,Valle Fértil,016,0113A,1495,180,0,0,0,0,1,93,1,48,2
18,Valle Fértil,016,0114 ,1496,291,0,1,1,0,0,141,14,30,4
18,Valle Fértil,016,0114A,1497,151,1,0,0,0,0,76,5,49,0
18,Valle Fértil,016,0115 ,1498,264,2,1,0,0,8,122,0,71,0
18,Valle Fértil,016,0115 ,1499,263,14,0,0,0,2,115,8,77,1
18,Valle Fértil,016,0115 ,1500,263,0,0,0,0,1,125,15,59,0
18,Valle Fértil,016,0116 ,1501,142,0,1,0,0,0,73,3,38,0
18,Valle Fértil,016,0117 ,1502,207,0,0,0,0,0,0,0,0,0
18,Jáchal,017,0118 ,1503,345,30,1,0,1,7,168,19,47,4
18,Jáchal,017,0118 ,1504,345,30,4,0,2,7,168,24,48,3
18,Jáchal,017,0118 ,1505,345,28,0,1,0,5,173,19,61,7
18,Jáchal,017,0118 ,1506,345,0,11,1,2,2,154,20,46,4
18,Jáchal,017,0118 ,1507,344,6,2,0,0,8,163,18,57,7
18,Jáchal,017,0118 ,1508,345,0,0,0,0,9,127,0,20,3
18,Jáchal,017,0118 ,1509,345,0,5,0,1,8,173,11,55,5
18,Jáchal,017,0118 ,1510,346,20,9,0,1,6,186,15,55,9
18,Jáchal,017,0118 ,1511,348,32,0,0,0,5,152,25,57,9
18,Jáchal,017,0118 ,1512,345,22,2,0,0,3,172,31,50,3
18,Jáchal,017,0118 ,1513,345,37,0,0,0,3,152,34,48,9
18,Jáchal,017,0118 ,1514,346,32,10,1,0,2,145,35,35,4
18,Jáchal,017,0118 ,1515,345,33,3,5,2,6,152,30,42,12
18,Jáchal,017,0118 ,1516,346,8,2,0,1,8,163,23,49,13
18,Jáchal,017,0118 ,1517,347,36,7,2,1,10,157,27,48,7
18,Jáchal,017,0118 ,1518,345,44,0,0,0,6,161,22,48,4
18,Jáchal,017,0118 ,1519,346,0,0,1,1,5,166,33,45,10
18,Jáchal,017,0118 ,1520,345,0,0,0,0,2,146,18,64,7
18,Jáchal,017,0118 ,1521,345,27,0,0,0,0,149,19,54,7
18,Jáchal,017,0118 ,1522,346,32,0,0,0,7,147,40,76,0
18,Jáchal,017,0118 ,1523,346,64,1,4,0,5,142,18,66,10
18,Jáchal,017,0118 ,1524,346,7,1,1,2,3,150,14,54,10
18,Jáchal,017,0118 ,1525,344,0,0,0,0,8,159,28,41,5
18,Jáchal,017,0118 ,1526,344,0,0,1,0,0,132,47,61,14
18,Jáchal,017,0118 ,1527,344,52,1,1,1,4,147,18,39,9
18,Jáchal,017,0118 ,1528,344,0,0,0,0,3,199,19,61,5
18,Jáchal,017,0118 ,1529,345,53,0,0,0,5,160,7,50,0
18,Jáchal,017,0118 ,1530,343,0,1,1,1,3,165,10,54,11
18,Jáchal,017,0119 ,1531,187,16,2,0,0,2,109,2,18,13
18,Jáchal,017,0119 ,1532,186,28,4,0,0,0,78,10,19,22
18,Jáchal,017,0120 ,1533,188,6,8,0,0,0,80,0,9,4
18,Jáchal,017,0120 ,1534,187,3,3,0,2,0,92,36,15,3
18,Jáchal,017,0121 ,1535,272,22,0,0,0,0,159,10,37,0
18,Jáchal,017,0121 ,1536,273,6,0,0,0,0,175,15,23,0
18,Jáchal,017,0121 ,1537,272,22,0,0,1,1,178,6,28,0
18,Jáchal,017,0122 ,1538,256,24,4,2,0,0,138,13,14,0
18,Jáchal,017,0123 ,1539,237,28,3,1,0,5,132,12,19,0
18,Jáchal,017,0123 ,1540,236,1,4,0,0,1,134,15,25,0
18,Jáchal,017,0123 ,1541,236,2,4,0,0,5,134,8,19,1
18,Jáchal,017,0124 ,1542,309,3,5,0,0,5,169,23,36,0
18,Jáchal,017,0124 ,1543,309,52,3,0,0,2,185,0,27,0
18,Jáchal,017,0124 ,1544,307,33,4,2,1,0,181,18,24,4
18,Jáchal,017,0125 ,1545,303,23,6,1,0,1,148,12,65,0
18,Jáchal,017,0125 ,1546,301,5,0,1,1,3,164,14,41,2
18,Jáchal,017,0125 ,1547,301,6,3,0,0,0,158,15,56,0
18,Jáchal,017,0126 ,1548,235,26,4,0,0,3,104,35,29,0
18,Jáchal,017,0126 ,1549,234,2,2,0,0,3,151,14,17,1
18,Jáchal,017,0127 ,1550,254,7,1,0,0,0,159,6,33,2
18,Jáchal,017,0129 ,1551,336,0,0,0,0,0,210,15,13,1
18,Jáchal,017,0129 ,1552,336,2,5,1,0,1,184,44,27,1
18,Jáchal,017,0129 ,1553,334,0,0,2,2,1,176,29,24,2
18,Jáchal,017,0129 ,1554,335,21,3,0,0,7,183,28,40,1
18,Jáchal,017,0130 ,1555,235,2,1,0,0,3,138,3,4,2
18,Jáchal,017,0130 ,1556,236,14,2,0,0,13,122,19,26,0
18,Jáchal,017,0130 ,1557,235,6,0,0,1,11,122,3,27,1
18,Jáchal,017,0131 ,1558,219,1,2,0,0,1,133,14,29,0
18,Jáchal,017,0131 ,1559,219,15,2,0,0,0,130,4,32,2
18,Jáchal,017,0132 ,1560,276,6,0,0,0,0,160,18,21,0
18,Jáchal,017,0132 ,1561,275,3,0,0,0,1,151,18,50,0
18,Jáchal,017,0132 ,1562,275,2,3,0,0,1,192,11,13,0
18,Iglesia,018,0134 ,1563,331,0,2,0,0,1,228,7,16,2
18,Iglesia,018,0134 ,1564,330,31,0,1,0,0,223,4,18,0
18,Iglesia,018,0134 ,1565,330,44,5,1,0,1,187,6,27,1
18,Iglesia,018,0134 ,1566,330,40,0,1,0,0,195,6,22,0
18,Iglesia,018,0135 ,1567,328,0,6,1,1,6,190,26,21,0
18,Iglesia,018,0135 ,1568,329,2,2,1,0,0,189,10,35,1
18,Iglesia,018,0135 ,1569,328,5,38,1,2,24,170,5,24,0
18,Iglesia,018,0136 ,1570,326,58,5,0,0,3,165,14,34,3
18,Iglesia,018,0136 ,1571,325,51,0,0,0,0,188,7,37,0
18,Iglesia,018,0136 ,1572,325,30,0,1,0,1,197,11,44,0
18,Iglesia,018,0136 ,1573,325,39,1,0,0,0,193,7,33,1
18,Iglesia,018,0136 ,1574,325,25,0,0,0,2,202,9,24,2
18,Iglesia,018,0136 ,1575,325,26,1,1,0,1,222,0,31,1
18,Iglesia,018,0136 ,1576,326,25,0,0,0,0,203,0,36,0
18,Iglesia,018,0136 ,1577,326,38,0,0,0,1,203,8,26,0
18,Iglesia,018,0136 ,1578,323,0,3,0,0,4,220,0,52,0
18,Iglesia,018,0137 ,1579,277,12,0,2,0,1,182,16,22,0
18,Iglesia,018,0137 ,1580,277,3,5,1,0,6,158,12,9,0
18,Iglesia,018,0137 ,1581,276,0,0,0,0,2,153,11,18,0
18,Iglesia,018,0138 ,1582,226,0,0,0,0,1,168,0,13,0
18,Iglesia,018,0138 ,1583,228,0,0,0,0,0,128,0,14,0
18,Calingasta,019,0139 ,1584,312,0,0,0,0,8,181,0,24,0
18,Calingasta,019,0139 ,1585,314,40,0,0,0,10,150,15,37,0
18,Calingasta,019,0139 ,1586,314,1,1,0,0,3,214,8,29,0
18,Calingasta,019,0139 ,1587,312,26,0,0,0,5,187,5,30,0
18,Calingasta,019,0139 ,1588,313,38,0,0,0,8,193,7,29,1
18,Calingasta,019,0139 ,1589,312,17,7,0,0,2,189,14,27,0
18,Calingasta,019,0139 ,1590,313,60,1,0,0,7,180,8,37,0
18,Calingasta,019,0139 ,1591,313,4,0,0,0,7,183,12,27,0
18,Calingasta,019,0140 ,1592,323,58,4,0,0,0,130,0,42,2
18,Calingasta,019,0141 ,1593,277,0,0,0,0,0,82,12,15,0
18,Calingasta,019,0141 ,1594,276,7,4,0,0,0,196,10,15,1
18,Calingasta,019,0141 ,1595,278,16,0,0,0,0,188,22,11,0
18,Calingasta,019,0141 ,1596,276,1,2,0,0,0,0,0,0,0
18,Calingasta,019,0142 ,1597,345,32,6,0,0,4,187,25,23,2
18,Calingasta,019,0142 ,1598,343,33,8,1,0,1,203,12,9,1
18,Calingasta,019,0142 ,1599,343,18,8,0,0,2,195,16,17,1
18,Calingasta,019,0142 ,1600,341,29,0,0,0,0,182,23,23,0
18,Calingasta,019,0142 ,1601,341,45,11,0,0,0,191,23,14,3
18,Calingasta,019,0142 ,1602,342,17,8,0,0,3,204,14,19,3
18,Calingasta,019,0142 ,1603,340,29,3,0,0,3,203,17,24,1
18,Calingasta,019,0142 ,1604,344,7,0,0,1,0,196,21,23,6
18,Calingasta,019,0142 ,1605,342,27,4,2,0,7,210,8,17,2
18,Calingasta,019,0142 ,1606,342,26,4,1,0,5,24,10,25,1
