codprov,depto,coddepto,circuito,mesa,electores,blancos,nulos,0070,0516,0565
19,Pueyrredon,001,0002 ,0428,349,7,4,3,143,130
19,Pueyrredon,001,0002 ,0429,349,8,4,5,150,128
19,Pueyrredon,001,0002 ,0430,349,0,0,0,0,0
19,Pueyrredon,001,0002 ,0431,349,3,0,10,140,122
19,Pueyrredon,001,0002 ,0432,349,20,3,8,158,98
19,Pueyrredon,001,0002 ,0433,349,9,2,4,150,128
19,Pueyrredon,001,0002 ,0434,349,8,5,6,158,118
19,Pueyrredon,001,0002 ,0435,349,6,9,10,156,109
19,Pueyrredon,001,0002 ,0436,349,13,1,8,166,94
19,Pueyrredon,001,0002 ,0437,349,13,5,5,132,137
19,Pueyrredon,001,0002 ,0438,349,13,1,9,142,139
19,Pueyrredon,001,0002 ,0439,350,12,2,8,154,126
19,Pueyrredon,001,0002 ,0440,349,13,8,8,148,113
19,Pueyrredon,001,0002 ,0441,349,14,0,6,137,134
19,Pueyrredon,001,0002 ,0442,349,12,6,7,120,152
19,Pueyrredon,001,0002 ,0443,349,8,4,4,146,125
19,Pueyrredon,001,0002 ,0444,349,6,1,10,144,134
19,Pueyrredon,001,0002 ,0445,349,13,3,6,146,115
19,Pueyrredon,001,0002 ,0446,349,4,3,6,143,144
19,Pueyrredon,001,0002 ,0447,349,3,3,13,134,124
19,Pueyrredon,001,0002 ,0448,349,19,1,13,145,111
19,Pueyrredon,001,0002 ,0449,349,13,2,6,150,120
19,Pueyrredon,001,0002 ,0450,349,12,0,9,149,106
19,Pueyrredon,001,0002 ,0451,348,13,2,3,124,155
19,Pueyrredon,001,0002 ,0452,348,5,4,4,145,143
19,Pueyrredon,001,0002 ,0453,348,0,0,0,0,0
19,Pueyrredon,001,0002 ,0454,348,9,2,3,141,144
19,Pueyrredon,001,0002 ,0455,348,15,0,5,135,130
19,Pueyrredon,001,0002 ,0456,348,8,7,7,167,104
19,Pueyrredon,001,0002 ,0457,348,10,2,8,160,106
19,Pueyrredon,001,0002 ,0458,348,7,3,7,148,121
19,Pueyrredon,001,0002 ,0459,348,7,2,8,158,116
19,Pueyrredon,001,0002 ,0460,348,3,5,5,149,145
19,Pueyrredon,001,0002 ,0461,348,9,2,10,154,117
19,Pueyrredon,001,0002 ,0462,348,8,2,7,144,130
19,Pueyrredon,001,0002 ,0463,348,11,3,6,141,121
19,Pueyrredon,001,0003 ,0464,343,4,0,1,127,164
19,Pueyrredon,001,0003 ,0465,342,6,1,4,121,159
19,Pueyrredon,001,0003 ,0466,343,4,8,5,126,157
19,Pueyrredon,001,0003 ,0467,343,7,2,3,141,157
19,Pueyrredon,001,0003 ,0468,343,4,8,1,124,152
19,Pueyrredon,001,0003 ,0469,343,2,6,4,121,158
19,Pueyrredon,001,0003 ,0470,343,3,7,5,128,159
19,Pueyrredon,001,0003 ,0471,343,3,4,2,128,159
19,Pueyrredon,001,0003 ,0472,343,6,5,8,120,142
19,Pueyrredon,001,0003 ,0473,343,4,5,6,131,151
19,Pueyrredon,001,0003 ,0474,343,7,7,6,120,165
19,Pueyrredon,001,0003 ,0475,343,6,5,2,133,149
19,Pueyrredon,001,0003 ,0476,343,7,0,3,122,171
19,Pueyrredon,001,0003 ,0477,343,3,4,3,128,162
19,Pueyrredon,001,0003 ,0478,343,1,7,1,131,162
19,Pueyrredon,001,0003 ,0479,343,2,1,5,140,154
19,Pueyrredon,001,0003 ,0480,343,10,0,4,107,166
19,Pueyrredon,001,0003 ,0481,343,5,6,6,106,166
19,Pueyrredon,001,0003 ,0482,342,6,2,7,117,156
19,Pueyrredon,001,0003 ,0483,342,4,1,5,131,164
19,Pueyrredon,001,0003 ,0484,342,3,5,5,129,143
19,Pueyrredon,001,0003 ,0485,342,4,5,3,126,147
19,Pueyrredon,001,0003 ,0486,342,1,2,2,137,152
19,Pueyrredon,001,0003 ,0487,342,2,4,8,125,163
19,Pueyrredon,001,0003 ,0488,342,5,10,6,124,159
19,Pueyrredon,001,0003 ,0489,342,3,5,6,131,147
19,Pueyrredon,001,0003 ,0490,342,2,3,6,134,156
19,Pueyrredon,001,0003 ,0491,342,0,3,4,123,156
19,Pueyrredon,001,0003 ,0492,342,2,0,0,111,181
19,Pueyrredon,001,0003 ,0493,342,0,8,4,119,158
19,Pueyrredon,001,0003 ,0494,342,8,1,7,131,139
19,Pueyrredon,001,0003 ,0495,342,4,8,4,128,158
19,Pueyrredon,001,0003 ,0496,342,7,4,3,135,141
19,Pueyrredon,001,0003 ,0497,342,7,3,2,119,159
19,Pueyrredon,001,0003 ,0498,342,3,7,2,119,158
19,Pueyrredon,001,0003 ,0499,342,3,3,1,123,174
19,Pueyrredon,001,0003 ,0500,342,5,0,0,141,141
19,Pueyrredon,001,0004 ,0501,326,2,1,9,111,130
19,Pueyrredon,001,0004 ,0502,326,3,3,8,111,142
19,Pueyrredon,001,0004 ,0503,326,6,0,4,101,151
19,Pueyrredon,001,0004 ,0504,326,6,3,7,116,123
19,Pueyrredon,001,0004 ,0505,325,0,5,6,106,148
19,Pueyrredon,001,0004 ,0506,325,1,3,7,117,135
19,Pueyrredon,001,0004 ,0507,325,2,0,8,110,149
19,Pueyrredon,001,0004A,0508,319,11,0,4,111,123
19,Pueyrredon,001,0004A,0509,319,5,0,5,116,140
19,Pueyrredon,001,0004A,0510,319,9,1,10,104,144
19,Pueyrredon,001,0004A,0511,318,6,4,16,108,123
19,Pueyrredon,001,0004A,0512,318,21,0,1,91,148
19,Pueyrredon,001,0004A,0513,318,12,0,8,106,137
19,Pueyrredon,001,0004A,0514,318,0,0,0,0,0
19,Pueyrredon,001,0005A,0515,47,0,0,0,13,26
19,Pueyrredon,001,0005B,0516,31,0,0,0,8,10
19,Pueyrredon,001,0006 ,0517,281,1,2,1,51,177
19,Pueyrredon,001,0006 ,0518,280,5,1,0,62,172
19,Pueyrredon,001,0007 ,0519,73,0,1,0,26,40
19,Pueyrredon,001,0008 ,0520,52,0,0,0,10,33
19,Pueyrredon,001,0009 ,0521,309,1,0,0,56,166
19,Pueyrredon,001,0009 ,0522,309,6,1,2,63,178
19,Pueyrredon,001,0010 ,0523,319,0,7,0,34,217
19,Pueyrredon,001,0010 ,0524,319,27,0,2,35,204
19,Pueyrredon,001,0010 ,0525,318,1,34,0,32,195
19,Pueyrredon,001,0011 ,0526,45,0,1,0,13,20
19,Pueyrredon,001,0012 ,0527,230,2,0,0,47,140
19,Pueyrredon,001,0012 ,0528,230,2,0,2,45,83
19,Pueyrredon,001,0013 ,0529,140,0,0,0,12,102
19,Pueyrredon,001,0014 ,0530,43,0,0,0,12,18
19,Pueyrredon,001,0015 ,0531,228,1,0,0,60,136
19,Pueyrredon,001,0015 ,0532,228,1,0,2,57,141
19,Pueyrredon,001,1001A,0001,343,4,0,1,89,203
19,Pueyrredon,001,1001A,0002,343,9,0,5,87,191
19,Pueyrredon,001,1001A,0003,343,10,4,1,96,188
19,Pueyrredon,001,1001A,0004,343,2,2,3,107,181
19,Pueyrredon,001,1001A,0005,343,0,4,3,79,198
19,Pueyrredon,001,1001A,0006,343,3,0,6,92,168
19,Pueyrredon,001,1001A,0007,342,9,8,1,97,187
19,Pueyrredon,001,1001A,0008,342,8,1,4,107,171
19,Pueyrredon,001,1001A,0009,342,4,10,2,100,182
19,Pueyrredon,001,1001A,0010,342,3,0,4,79,199
19,Pueyrredon,001,1001A,0011,342,7,2,2,70,204
19,Pueyrredon,001,1001A,0012,342,9,0,1,84,198
19,Pueyrredon,001,1001A,0013,342,4,7,0,81,192
19,Pueyrredon,001,1001A,0014,342,2,1,5,76,203
19,Pueyrredon,001,1001A,0015,342,6,4,8,95,181
19,Pueyrredon,001,1001A,0016,342,9,3,5,85,198
19,Pueyrredon,001,1001A,0017,342,6,0,2,96,189
19,Pueyrredon,001,1001A,0018,342,0,4,0,100,199
19,Pueyrredon,001,1001A,0019,342,7,0,4,79,188
19,Pueyrredon,001,1001A,0020,342,47,3,2,69,153
19,Pueyrredon,001,1001A,0021,343,0,5,3,91,193
19,Pueyrredon,001,1001A,0022,342,8,8,1,90,194
19,Pueyrredon,001,1001A,0023,342,7,4,2,71,200
19,Pueyrredon,001,1001B,0024,318,3,4,7,130,120
19,Pueyrredon,001,1001B,0025,318,4,2,6,139,110
19,Pueyrredon,001,1001B,0026,318,4,3,9,139,110
19,Pueyrredon,001,1001B,0027,318,7,2,4,140,114
19,Pueyrredon,001,1001B,0028,318,6,4,7,136,110
19,Pueyrredon,001,1001B,0029,317,6,3,4,143,125
19,Pueyrredon,001,1001B,0030,317,6,3,3,151,108
19,Pueyrredon,001,1001B,0031,317,7,7,9,134,111
19,Pueyrredon,001,1001B,0032,317,5,2,7,131,133
19,Pueyrredon,001,1001B,0033,317,0,1,4,130,124
19,Pueyrredon,001,1001C,0034,317,8,0,9,142,112
19,Pueyrredon,001,1001C,0035,316,8,1,6,145,109
19,Pueyrredon,001,1001C,0036,316,2,6,5,151,109
19,Pueyrredon,001,1001C,0037,315,3,5,7,119,135
19,Pueyrredon,001,1001C,0038,315,5,3,11,131,118
19,Pueyrredon,001,1001C,0039,315,6,5,3,145,118
19,Pueyrredon,001,1001C,0040,315,8,5,4,133,116
19,Pueyrredon,001,1002 ,0041,335,5,2,1,120,164
19,Pueyrredon,001,1002 ,0042,335,6,1,6,115,146
19,Pueyrredon,001,1002 ,0043,335,5,2,3,120,157
19,Pueyrredon,001,1002 ,0044,336,3,1,1,121,156
19,Pueyrredon,001,1002 ,0045,335,3,3,9,103,158
19,Pueyrredon,001,1002 ,0046,335,4,4,4,125,146
19,Pueyrredon,001,1002 ,0047,335,10,6,3,115,146
19,Pueyrredon,001,1002 ,0048,335,0,1,1,116,153
19,Pueyrredon,001,1002 ,0049,335,7,2,6,119,154
19,Pueyrredon,001,1002 ,0050,335,0,1,5,96,181
19,Pueyrredon,001,1002 ,0051,335,2,2,4,110,147
19,Pueyrredon,001,1002 ,0052,334,7,2,2,96,159
19,Pueyrredon,001,1002 ,0053,334,5,4,6,109,169
19,Pueyrredon,001,1002 ,0054,334,3,5,6,111,153
19,Pueyrredon,001,1002 ,0055,334,1,11,2,107,167
19,Pueyrredon,001,1002 ,0056,334,2,2,4,127,150
19,Pueyrredon,001,1002 ,0057,335,10,0,6,121,152
19,Pueyrredon,001,1002 ,0058,334,1,5,3,120,146
19,Pueyrredon,001,1002 ,0059,334,4,5,4,122,145
19,Pueyrredon,001,1003 ,0060,348,7,2,1,124,161
19,Pueyrredon,001,1003 ,0061,348,4,3,7,135,149
19,Pueyrredon,001,1003 ,0062,348,10,5,4,118,169
19,Pueyrredon,001,1003 ,0063,348,6,0,7,122,153
19,Pueyrredon,001,1003 ,0064,348,7,5,7,133,144
19,Pueyrredon,001,1003 ,0065,348,2,5,2,123,155
19,Pueyrredon,001,1003 ,0066,348,5,2,5,107,155
19,Pueyrredon,001,1003 ,0067,348,6,2,8,108,173
19,Pueyrredon,001,1003 ,0068,348,0,10,5,126,147
19,Pueyrredon,001,1003 ,0069,348,2,3,4,121,159
19,Pueyrredon,001,1003 ,0070,347,5,0,5,127,147
19,Pueyrredon,001,1003 ,0071,347,7,1,2,125,152
19,Pueyrredon,001,1003 ,0072,347,3,3,0,120,160
19,Pueyrredon,001,1003 ,0073,347,3,5,1,130,147
19,Pueyrredon,001,1003 ,0074,347,8,6,8,112,148
19,Pueyrredon,001,1003 ,0075,347,1,5,6,183,135
19,Pueyrredon,001,1003 ,0076,347,2,3,4,132,154
19,Pueyrredon,001,1003 ,0077,347,4,4,4,127,148
19,Pueyrredon,001,1004 ,0078,340,8,4,2,84,176
19,Pueyrredon,001,1004 ,0079,340,3,3,6,85,181
19,Pueyrredon,001,1004 ,0080,340,2,0,3,79,198
19,Pueyrredon,001,1004 ,0081,339,11,0,8,85,178
19,Pueyrredon,001,1004 ,0082,339,2,1,4,87,182
19,Pueyrredon,001,1004 ,0083,339,5,5,3,83,188
19,Pueyrredon,001,1004 ,0084,339,0,0,0,0,0
19,Pueyrredon,001,1004 ,0085,339,6,1,8,88,175
19,Pueyrredon,001,1004 ,0086,339,2,7,3,87,193
19,Pueyrredon,001,1004 ,0087,339,3,1,1,78,190
19,Pueyrredon,001,1004 ,0088,339,4,4,4,84,187
19,Pueyrredon,001,1004 ,0089,339,11,6,3,69,192
19,Pueyrredon,001,1004 ,0090,339,3,6,3,88,179
19,Pueyrredon,001,1004 ,0091,339,5,0,2,94,175
19,Pueyrredon,001,1004 ,0092,339,5,3,4,87,177
19,Pueyrredon,001,1004 ,0093,339,2,5,3,85,190
19,Pueyrredon,001,1004 ,0094,339,4,4,4,82,185
19,Pueyrredon,001,1004 ,0095,339,6,0,3,98,172
19,Pueyrredon,001,1004 ,0096,338,5,4,5,75,193
19,Pueyrredon,001,1004 ,0097,339,14,0,0,82,182
19,Pueyrredon,001,1004 ,0098,339,6,2,2,78,182
19,Pueyrredon,001,1004 ,0099,339,8,5,4,87,182
19,Pueyrredon,001,1004 ,0100,338,9,3,0,86,180
19,Pueyrredon,001,1004 ,0101,340,11,0,1,88,182
19,Pueyrredon,001,1004 ,0102,339,4,1,6,101,165
19,Pueyrredon,001,1005 ,0103,329,2,0,4,127,126
19,Pueyrredon,001,1005 ,0104,329,4,1,13,123,135
19,Pueyrredon,001,1005 ,0105,329,9,2,6,117,136
19,Pueyrredon,001,1005 ,0106,329,3,0,5,98,161
19,Pueyrredon,001,1005 ,0107,329,4,4,4,98,149
19,Pueyrredon,001,1005 ,0108,329,8,2,8,92,157
19,Pueyrredon,001,1005 ,0109,329,11,3,9,114,140
19,Pueyrredon,001,1005 ,0110,328,19,1,5,118,133
19,Pueyrredon,001,1005 ,0111,328,1,1,4,107,158
19,Pueyrredon,001,1005 ,0112,328,2,2,0,112,156
19,Pueyrredon,001,1005 ,0113,328,5,2,3,117,132
19,Pueyrredon,001,1005 ,0114,328,4,4,5,108,140
19,Pueyrredon,001,1005 ,0115,328,2,0,8,104,142
19,Pueyrredon,001,1005 ,0116,328,2,3,9,110,146
19,Pueyrredon,001,1005 ,0117,328,8,0,6,106,157
19,Pueyrredon,001,1005 ,0118,328,4,2,2,120,135
19,Pueyrredon,001,1006 ,0119,336,6,0,8,108,146
19,Pueyrredon,001,1006 ,0120,336,4,3,10,127,124
19,Pueyrredon,001,1006 ,0121,336,9,0,5,146,116
19,Pueyrredon,001,1006 ,0122,336,10,2,6,115,124
19,Pueyrredon,001,1006 ,0123,336,0,1,6,128,116
19,Pueyrredon,001,1006 ,0124,336,5,6,5,122,135
19,Pueyrredon,001,1006 ,0125,336,5,1,7,131,133
19,Pueyrredon,001,1006 ,0126,336,1,1,5,114,147
19,Pueyrredon,001,1006 ,0127,336,4,2,6,135,125
19,Pueyrredon,001,1006 ,0128,336,6,1,6,115,127
19,Pueyrredon,001,1006 ,0129,336,2,3,4,117,131
19,Pueyrredon,001,1006 ,0130,336,4,4,6,125,118
19,Pueyrredon,001,1006 ,0131,336,2,4,2,126,127
19,Pueyrredon,001,1006 ,0132,335,4,3,5,128,121
19,Pueyrredon,001,1006 ,0133,335,0,2,4,122,142
19,Pueyrredon,001,1007 ,0134,343,0,0,5,127,149
19,Pueyrredon,001,1007 ,0135,342,0,0,0,0,0
19,Pueyrredon,001,1007 ,0136,342,12,6,4,129,148
19,Pueyrredon,001,1007 ,0137,342,8,0,4,159,119
19,Pueyrredon,001,1007 ,0138,342,5,8,9,111,149
19,Pueyrredon,001,1007 ,0139,342,2,3,6,126,148
19,Pueyrredon,001,1007 ,0140,342,9,0,1,126,141
19,Pueyrredon,001,1007 ,0141,342,5,2,1,113,159
19,Pueyrredon,001,1007 ,0142,342,0,3,4,143,140
19,Pueyrredon,001,1007 ,0143,342,5,3,5,128,126
19,Pueyrredon,001,1007 ,0144,342,3,1,3,141,129
19,Pueyrredon,001,1007 ,0145,342,5,3,3,134,137
19,Pueyrredon,001,1007 ,0146,342,0,0,2,132,147
19,Pueyrredon,001,1007 ,0147,342,7,2,4,113,163
19,Pueyrredon,001,1007 ,0148,342,7,5,6,133,129
19,Pueyrredon,001,1007 ,0149,342,1,3,4,115,152
19,Pueyrredon,001,1007 ,0150,342,4,2,5,114,141
19,Pueyrredon,001,1007 ,0151,342,9,2,0,121,139
19,Pueyrredon,001,1007 ,0152,342,3,4,4,112,153
19,Pueyrredon,001,1007 ,0153,342,5,1,7,142,137
19,Pueyrredon,001,1007 ,0154,342,5,2,6,118,144
19,Pueyrredon,001,1007 ,0155,342,7,4,2,123,146
19,Pueyrredon,001,1007 ,0156,342,11,1,3,122,146
19,Pueyrredon,001,1008A,0157,318,1,4,4,114,151
19,Pueyrredon,001,1008A,0158,318,1,0,8,118,156
19,Pueyrredon,001,1008A,0159,317,1,1,1,129,143
19,Pueyrredon,001,1008A,0160,317,6,4,3,100,167
19,Pueyrredon,001,1008A,0161,317,4,4,2,123,139
19,Pueyrredon,001,1008A,0162,317,0,2,2,120,153
19,Pueyrredon,001,1008A,0163,317,0,2,7,113,158
19,Pueyrredon,001,1008B,0164,329,3,5,5,113,164
19,Pueyrredon,001,1008B,0165,329,5,4,7,113,156
19,Pueyrredon,001,1008B,0166,329,7,0,0,132,147
19,Pueyrredon,001,1008B,0167,328,4,6,8,112,165
19,Pueyrredon,001,1008B,0168,328,8,0,11,105,149
19,Pueyrredon,001,1008B,0169,328,4,1,1,95,186
19,Pueyrredon,001,1008B,0170,328,5,0,5,108,163
19,Pueyrredon,001,1008B,0171,328,9,1,2,112,170
19,Pueyrredon,001,1008B,0172,328,4,6,9,115,149
19,Pueyrredon,001,1008B,0173,328,1,0,0,122,167
19,Pueyrredon,001,1008C,0174,340,5,3,1,112,173
19,Pueyrredon,001,1008C,0175,340,0,4,7,117,160
19,Pueyrredon,001,1008C,0176,340,2,9,4,119,162
19,Pueyrredon,001,1008C,0177,340,5,1,10,135,140
19,Pueyrredon,001,1008C,0178,340,5,2,3,119,155
19,Pueyrredon,001,1008C,0179,340,9,2,3,125,155
19,Pueyrredon,001,1008C,0180,340,6,1,7,119,154
19,Pueyrredon,001,1008C,0181,340,4,4,4,115,168
19,Pueyrredon,001,1008C,0182,339,4,0,4,126,153
19,Pueyrredon,001,1008C,0183,339,3,0,4,118,174
19,Pueyrredon,001,1008C,0184,339,3,7,5,118,174
19,Pueyrredon,001,1008C,0185,339,2,4,5,138,147
19,Pueyrredon,001,1008C,0186,339,0,4,3,126,169
19,Pueyrredon,001,1008C,0187,339,4,1,3,113,171
19,Pueyrredon,001,1008C,0188,339,5,1,4,130,148
19,Pueyrredon,001,1008C,0189,339,4,5,5,135,153
19,Pueyrredon,001,1008D,0190,350,4,1,4,160,138
19,Pueyrredon,001,1008D,0191,350,5,7,6,139,143
19,Pueyrredon,001,1008D,0192,350,6,2,9,148,146
19,Pueyrredon,001,1008D,0193,350,5,4,5,156,139
19,Pueyrredon,001,1008D,0194,349,4,2,2,132,170
19,Pueyrredon,001,1008D,0195,349,3,3,2,136,160
19,Pueyrredon,001,1008D,0196,349,6,1,8,128,158
19,Pueyrredon,001,1008D,0197,349,4,4,4,168,132
19,Pueyrredon,001,1008D,0198,348,6,0,11,143,138
19,Pueyrredon,001,1008D,0199,349,8,1,5,159,126
19,Pueyrredon,001,1008D,0200,349,6,1,1,168,133
19,Pueyrredon,001,1008E,0201,339,2,4,5,124,151
19,Pueyrredon,001,1008E,0202,339,4,1,7,138,132
19,Pueyrredon,001,1008E,0203,339,4,3,7,120,151
19,Pueyrredon,001,1008E,0204,339,8,1,10,130,136
19,Pueyrredon,001,1008E,0205,339,2,2,7,146,141
19,Pueyrredon,001,1008E,0206,339,5,2,3,126,153
19,Pueyrredon,001,1008E,0207,338,4,1,7,120,141
19,Pueyrredon,001,1008E,0208,338,4,2,5,129,138
19,Pueyrredon,001,1008E,0209,338,1,6,7,117,148
19,Pueyrredon,001,1008E,0210,338,8,5,4,129,135
19,Pueyrredon,001,1008E,0211,338,8,1,5,132,142
19,Pueyrredon,001,1008E,0212,338,0,2,5,141,131
19,Pueyrredon,001,1008E,0213,338,5,0,3,130,142
19,Pueyrredon,001,1008E,0214,338,8,1,5,125,150
19,Pueyrredon,001,1009 ,0215,323,3,2,7,147,112
19,Pueyrredon,001,1009 ,0216,323,5,2,5,163,98
19,Pueyrredon,001,1009 ,0217,323,0,7,12,167,74
19,Pueyrredon,001,1009 ,0218,323,7,1,4,135,102
19,Pueyrredon,001,1009 ,0219,323,3,0,6,149,108
19,Pueyrredon,001,1009 ,0220,323,5,1,5,153,100
19,Pueyrredon,001,1009 ,0221,323,6,1,7,141,98
19,Pueyrredon,001,1009 ,0222,323,1,1,9,170,91
19,Pueyrredon,001,1009 ,0223,323,4,2,13,145,97
19,Pueyrredon,001,1009 ,0224,322,6,1,5,146,99
19,Pueyrredon,001,1009 ,0225,322,6,3,9,157,81
19,Pueyrredon,001,1010 ,0226,337,5,1,2,122,130
19,Pueyrredon,001,1010 ,0227,337,2,5,6,134,126
19,Pueyrredon,001,1010 ,0228,337,3,3,6,125,134
19,Pueyrredon,001,1010 ,0229,337,6,1,10,122,128
19,Pueyrredon,001,1010 ,0230,337,6,0,5,119,139
19,Pueyrredon,001,1010 ,0231,337,2,6,3,134,126
19,Pueyrredon,001,1010 ,0232,337,12,3,8,118,125
19,Pueyrredon,001,1010 ,0233,337,5,2,4,129,133
19,Pueyrredon,001,1010 ,0234,338,10,4,6,118,126
19,Pueyrredon,001,1010 ,0235,337,8,0,3,129,142
19,Pueyrredon,001,1011 ,0236,316,4,2,9,122,107
19,Pueyrredon,001,1011 ,0237,316,0,10,8,128,103
19,Pueyrredon,001,1011 ,0238,316,6,1,9,106,105
19,Pueyrredon,001,1011 ,0239,316,5,4,10,128,104
19,Pueyrredon,001,1011 ,0240,316,3,1,3,104,118
19,Pueyrredon,001,1011 ,0241,316,5,6,15,118,94
19,Pueyrredon,001,1011 ,0242,316,7,1,6,129,94
19,Pueyrredon,001,1011 ,0243,316,0,2,11,113,95
19,Pueyrredon,001,1011 ,0244,316,5,0,11,118,108
19,Pueyrredon,001,1011 ,0245,315,5,1,9,128,101
19,Pueyrredon,001,1012 ,0246,339,2,3,14,141,93
19,Pueyrredon,001,1012 ,0247,339,3,1,4,157,82
19,Pueyrredon,001,1012 ,0248,339,11,0,4,147,88
19,Pueyrredon,001,1012 ,0249,338,1,1,7,145,90
19,Pueyrredon,001,1012 ,0250,338,6,0,14,142,96
19,Pueyrredon,001,1012 ,0251,338,6,0,9,147,89
19,Pueyrredon,001,1012 ,0252,338,4,1,10,149,79
19,Pueyrredon,001,1012 ,0253,338,6,1,14,145,97
19,Pueyrredon,001,1012 ,0254,338,3,2,6,139,95
19,Pueyrredon,001,1013 ,0255,333,4,0,13,163,68
19,Pueyrredon,001,1013 ,0256,333,7,1,15,134,85
19,Pueyrredon,001,1013 ,0257,333,1,5,12,148,91
19,Pueyrredon,001,1013 ,0258,333,4,1,6,156,73
19,Pueyrredon,001,1013 ,0259,332,3,1,5,164,81
19,Pueyrredon,001,1013 ,0260,333,3,4,10,146,76
19,Pueyrredon,001,1013 ,0261,333,7,1,10,165,71
19,Pueyrredon,001,1013 ,0262,333,9,7,8,152,77
19,Pueyrredon,001,1013 ,0263,333,6,4,14,137,85
19,Pueyrredon,001,1013 ,0264,332,1,1,8,150,78
19,Pueyrredon,001,1013 ,0265,332,9,4,7,152,86
19,Pueyrredon,001,1013 ,0266,332,9,3,7,146,77
19,Pueyrredon,001,1013 ,0267,332,5,0,12,146,79
19,Pueyrredon,001,1013 ,0268,332,13,0,10,139,80
19,Pueyrredon,001,1014 ,0269,341,9,2,6,140,93
19,Pueyrredon,001,1014 ,0270,341,5,7,6,139,103
19,Pueyrredon,001,1014 ,0271,341,4,1,10,137,81
19,Pueyrredon,001,1014 ,0272,341,8,8,5,145,85
19,Pueyrredon,001,1014 ,0273,341,9,2,6,149,97
19,Pueyrredon,001,1014 ,0274,341,5,2,7,152,88
19,Pueyrredon,001,1014 ,0275,341,2,1,9,164,101
19,Pueyrredon,001,1014 ,0276,341,4,4,7,163,87
19,Pueyrredon,001,1014 ,0277,341,3,3,8,149,99
19,Pueyrredon,001,1015 ,0278,336,6,6,5,87,187
19,Pueyrredon,001,1015 ,0279,336,8,4,5,83,186
19,Pueyrredon,001,1015 ,0280,336,5,2,5,90,196
19,Pueyrredon,001,1015 ,0281,336,4,2,11,84,179
19,Pueyrredon,001,1015 ,0282,335,7,4,2,99,172
19,Pueyrredon,001,1016 ,0283,320,6,0,7,121,108
19,Pueyrredon,001,1016 ,0284,320,10,2,3,131,104
19,Pueyrredon,001,1016 ,0285,320,4,2,3,116,128
19,Pueyrredon,001,1016 ,0286,320,8,3,0,114,115
19,Pueyrredon,001,1016 ,0287,320,4,1,4,130,117
19,Pueyrredon,001,1016 ,0288,320,10,0,3,123,98
19,Pueyrredon,001,1016 ,0289,319,7,1,5,137,100
19,Pueyrredon,001,1016 ,0290,319,2,0,7,131,115
19,Pueyrredon,001,1017 ,0291,331,2,1,5,147,42
19,Pueyrredon,001,1017 ,0292,331,3,2,6,150,95
19,Pueyrredon,001,1017 ,0293,331,11,5,2,147,88
19,Pueyrredon,001,1017 ,0294,331,8,1,8,158,71
19,Pueyrredon,001,1017 ,0295,330,7,3,15,143,89
19,Pueyrredon,001,1017 ,0296,330,8,1,8,142,99
19,Pueyrredon,001,1017 ,0297,330,3,1,8,132,91
19,Pueyrredon,001,1017 ,0298,330,7,5,7,146,82
19,Pueyrredon,001,1017 ,0299,330,3,5,9,148,85
19,Pueyrredon,001,1017 ,0300,330,4,2,2,139,95
19,Pueyrredon,001,1017 ,0301,330,4,3,8,159,78
19,Pueyrredon,001,1017 ,0302,330,0,0,6,136,99
19,Pueyrredon,001,1017 ,0303,330,5,1,12,131,101
19,Pueyrredon,001,1017 ,0304,330,41,2,7,123,105
19,Pueyrredon,001,1017 ,0305,330,0,0,0,0,0
19,Pueyrredon,001,1017 ,0306,330,4,3,3,141,94
19,Pueyrredon,001,1017 ,0307,330,7,3,3,135,99
19,Pueyrredon,001,1018 ,0308,346,6,1,13,125,116
19,Pueyrredon,001,1018 ,0309,346,6,1,10,135,92
19,Pueyrredon,001,1018 ,0310,346,7,0,9,137,104
19,Pueyrredon,001,1018 ,0311,346,5,2,6,155,108
19,Pueyrredon,001,1018 ,0312,346,3,0,7,144,116
19,Pueyrredon,001,1018 ,0313,346,1,0,7,136,121
19,Pueyrredon,001,1018 ,0314,346,3,0,7,125,116
19,Pueyrredon,001,1018 ,0315,346,0,5,6,159,114
19,Pueyrredon,001,1018 ,0316,346,7,1,6,154,105
19,Pueyrredon,001,1018 ,0317,346,0,1,8,128,117
19,Pueyrredon,001,1018 ,0318,346,10,0,7,146,96
19,Pueyrredon,001,1018 ,0319,346,3,2,5,135,116
19,Pueyrredon,001,1018 ,0320,346,4,1,9,144,105
19,Pueyrredon,001,1018 ,0321,346,0,0,8,140,123
19,Pueyrredon,001,1018 ,0322,346,4,2,14,125,113
19,Pueyrredon,001,1018 ,0323,345,7,2,5,150,99
19,Pueyrredon,001,1018 ,0324,345,5,2,6,152,109
19,Pueyrredon,001,1019 ,0325,331,7,3,7,104,141
19,Pueyrredon,001,1019 ,0326,331,12,0,3,96,148
19,Pueyrredon,001,1019 ,0327,331,3,3,8,103,139
19,Pueyrredon,001,1019 ,0328,331,2,2,4,89,153
19,Pueyrredon,001,1019 ,0329,331,3,2,2,96,163
19,Pueyrredon,001,1019 ,0330,331,6,0,1,87,156
19,Pueyrredon,001,1019 ,0331,331,8,0,5,104,146
19,Pueyrredon,001,1019 ,0332,332,5,2,7,101,132
19,Pueyrredon,001,1019 ,0333,331,5,3,4,107,134
19,Pueyrredon,001,1019 ,0334,331,8,3,1,110,152
19,Pueyrredon,001,1019 ,0335,331,5,4,4,118,133
19,Pueyrredon,001,1020 ,0336,345,6,3,2,87,192
19,Pueyrredon,001,1020 ,0337,345,7,10,4,92,182
19,Pueyrredon,001,1020 ,0338,345,7,6,1,92,199
19,Pueyrredon,001,1020 ,0339,345,8,0,4,81,202
19,Pueyrredon,001,1020 ,0340,345,9,5,5,98,185
19,Pueyrredon,001,1020 ,0341,345,2,5,8,85,189
19,Pueyrredon,001,1020 ,0342,345,4,2,7,102,177
19,Pueyrredon,001,1020 ,0343,345,8,1,6,98,23
19,Pueyrredon,001,1020 ,0344,345,6,5,2,101,83
19,Pueyrredon,001,1020 ,0345,345,8,0,6,94,180
19,Pueyrredon,001,1020 ,0346,345,8,1,5,92,191
19,Pueyrredon,001,1020 ,0347,344,3,1,5,103,179
19,Pueyrredon,001,1020 ,0348,344,4,6,6,103,158
19,Pueyrredon,001,1020 ,0349,344,6,1,4,93,185
19,Pueyrredon,001,1020 ,0350,344,5,0,3,102,182
19,Pueyrredon,001,1020 ,0351,344,2,8,1,106,174
19,Pueyrredon,001,1020 ,0352,344,7,4,7,88,187
19,Pueyrredon,001,1020 ,0353,344,7,2,3,85,196
19,Pueyrredon,001,1020 ,0354,344,7,0,3,107,185
19,Pueyrredon,001,1020 ,0355,344,25,1,4,75,196
19,Pueyrredon,001,1020 ,0356,344,7,5,0,108,163
19,Pueyrredon,001,1020 ,0357,344,3,5,3,108,189
19,Pueyrredon,001,1020 ,0358,344,3,3,1,75,200
19,Pueyrredon,001,1020 ,0359,344,5,3,7,95,174
19,Pueyrredon,001,1020 ,0360,344,4,4,3,92,194
19,Pueyrredon,001,1020 ,0361,344,9,2,2,101,184
19,Pueyrredon,001,1020 ,0362,344,4,0,1,98,185
19,Pueyrredon,001,1020 ,0363,344,6,2,4,102,185
19,Pueyrredon,001,1021 ,0364,346,6,6,3,125,169
19,Pueyrredon,001,1021 ,0365,346,5,1,3,104,193
19,Pueyrredon,001,1021 ,0366,346,10,0,4,113,179
19,Pueyrredon,001,1021 ,0367,346,0,3,2,112,179
19,Pueyrredon,001,1021 ,0368,346,2,8,7,121,157
19,Pueyrredon,001,1021 ,0369,346,7,1,3,111,179
19,Pueyrredon,001,1021 ,0370,346,4,3,2,125,169
19,Pueyrredon,001,1021 ,0371,345,2,4,3,117,180
19,Pueyrredon,001,1021 ,0372,345,1,1,8,119,159
19,Pueyrredon,001,1021 ,0373,346,4,4,1,107,191
19,Pueyrredon,001,1021 ,0374,346,2,4,2,132,152
19,Pueyrredon,001,1021 ,0375,346,2,5,2,118,173
19,Pueyrredon,001,1021 ,0376,346,3,2,0,115,180
19,Pueyrredon,001,1021 ,0377,346,8,0,3,112,179
19,Pueyrredon,001,1021 ,0378,346,3,2,5,118,167
19,Pueyrredon,001,1021 ,0379,346,2,6,3,124,171
19,Pueyrredon,001,1021 ,0380,346,2,5,1,117,167
19,Pueyrredon,001,1021 ,0381,346,2,4,0,127,172
19,Pueyrredon,001,1021 ,0382,345,4,1,5,124,170
19,Pueyrredon,001,1021 ,0383,345,2,2,0,129,155
19,Pueyrredon,001,1022 ,0384,343,4,0,5,114,165
19,Pueyrredon,001,1022 ,0385,343,6,1,3,118,178
19,Pueyrredon,001,1022 ,0386,343,5,1,5,117,169
19,Pueyrredon,001,1022 ,0387,343,8,0,2,107,175
19,Pueyrredon,001,1022 ,0388,343,15,4,2,125,152
19,Pueyrredon,001,1022 ,0389,343,9,1,2,136,154
19,Pueyrredon,001,1022 ,0390,343,2,4,4,143,150
19,Pueyrredon,001,1022 ,0391,343,4,10,10,104,170
19,Pueyrredon,001,1022 ,0392,343,6,6,5,141,129
19,Pueyrredon,001,1022 ,0393,343,2,3,6,118,157
19,Pueyrredon,001,1022 ,0394,343,9,0,12,122,149
19,Pueyrredon,001,1022 ,0395,343,6,4,7,138,133
19,Pueyrredon,001,1022 ,0396,343,0,0,6,125,160
19,Pueyrredon,001,1022 ,0397,343,3,4,2,116,168
19,Pueyrredon,001,1022 ,0398,343,4,3,5,126,149
19,Pueyrredon,001,1022 ,0399,343,6,0,5,129,152
19,Pueyrredon,001,1022 ,0400,343,8,1,2,127,166
19,Pueyrredon,001,1022 ,0401,343,7,5,12,116,156
19,Pueyrredon,001,1022 ,0402,343,3,2,6,138,130
19,Pueyrredon,001,1022 ,0403,343,0,4,3,134,151
19,Pueyrredon,001,1022 ,0404,343,6,1,3,132,149
19,Pueyrredon,001,1022 ,0405,343,10,2,8,125,137
19,Pueyrredon,001,1022 ,0406,343,7,0,7,139,150
19,Pueyrredon,001,1022 ,0407,343,1,2,6,136,149
19,Pueyrredon,001,1022 ,0408,343,5,2,7,133,147
19,Pueyrredon,001,1022 ,0409,343,2,3,3,122,170
19,Pueyrredon,001,1022 ,0410,343,6,3,5,115,166
19,Pueyrredon,001,1022 ,0411,343,2,3,2,125,152
19,Pueyrredon,001,1022 ,0412,343,4,9,7,114,153
19,Pueyrredon,001,1022 ,0413,343,2,0,8,132,168
19,Pueyrredon,001,1022 ,0414,343,9,4,10,122,150
19,Pueyrredon,001,1022 ,0415,343,5,3,1,117,159
19,Pueyrredon,001,1022 ,0416,343,5,3,6,110,161
19,Pueyrredon,001,1022 ,0417,343,8,2,9,128,156
19,Pueyrredon,001,1022 ,0418,343,3,2,6,134,136
19,Pueyrredon,001,1022 ,0419,343,7,3,3,125,148
19,Pueyrredon,001,1022 ,0420,343,10,0,8,119,162
19,Pueyrredon,001,1022 ,0421,343,4,7,3,119,165
19,Pueyrredon,001,1022 ,0422,343,8,1,4,125,148
19,Pueyrredon,001,1022 ,0423,343,5,0,6,141,161
19,Pueyrredon,001,1022 ,0424,342,6,2,2,126,167
19,Pueyrredon,001,1022 ,0425,342,4,4,7,121,151
19,Pueyrredon,001,1022 ,0426,342,4,3,3,122,165
19,Pueyrredon,001,1022 ,0427,342,5,5,3,122,161
19,Pringles,002,0016 ,0533,198,1,1,0,59,110
19,Pringles,002,0016 ,0534,198,4,0,0,61,94
19,Pringles,002,0017 ,0535,290,5,2,3,60,183
19,Pringles,002,0017 ,0536,290,4,2,1,74,169
19,Pringles,002,0017 ,0537,290,2,2,0,89,161
19,Pringles,002,0017 ,0538,289,7,0,1,77,171
19,Pringles,002,0019 ,0560,31,0,0,0,15,5
19,Pringles,002,0020 ,0561,37,0,0,1,5,24
19,Pringles,002,0021 ,0562,278,2,2,2,95,133
19,Pringles,002,0021 ,0563,277,3,0,0,94,155
19,Pringles,002,0022 ,0564,33,0,0,0,13,12
19,Pringles,002,0022A,0565,27,0,1,0,19,5
19,Pringles,002,0023 ,0566,102,0,1,0,22,59
19,Pringles,002,0024 ,0567,321,4,5,6,70,182
19,Pringles,002,0024 ,0568,321,6,4,9,108,145
19,Pringles,002,0024 ,0569,320,1,8,5,67,181
19,Pringles,002,0024 ,0570,320,2,5,9,82,157
19,Pringles,002,0024 ,0571,320,9,3,4,88,163
19,Pringles,002,0024 ,0572,320,2,8,5,101,148
19,Pringles,002,0025 ,0573,225,7,0,1,67,123
19,Pringles,002,0025 ,0574,224,4,5,1,54,130
19,Pringles,002,0026 ,0576,275,1,6,2,94,114
19,Pringles,002,0026A,0577,316,1,4,10,93,165
19,Pringles,002,0027 ,0575,98,2,0,0,25,58
19,Pringles,002,0028 ,0578,30,0,0,0,2,16
19,Pringles,002,1801 ,0539,292,6,2,3,139,104
19,Pringles,002,1801 ,0540,292,6,0,2,94,149
19,Pringles,002,1801 ,0541,291,9,0,2,93,126
19,Pringles,002,1801 ,0542,291,7,0,3,102,132
19,Pringles,002,1801 ,0543,291,12,0,1,95,133
19,Pringles,002,1802 ,0544,327,5,2,1,102,169
19,Pringles,002,1802 ,0545,326,6,3,2,82,180
19,Pringles,002,1802 ,0546,326,8,1,1,94,178
19,Pringles,002,1802 ,0547,326,1,5,0,95,181
19,Pringles,002,1803 ,0548,335,11,0,1,101,183
19,Pringles,002,1803 ,0549,335,4,4,0,107,180
19,Pringles,002,1803 ,0550,335,7,2,3,99,186
19,Pringles,002,1803 ,0551,334,10,5,1,102,166
19,Pringles,002,1803 ,0552,334,3,7,0,111,179
19,Pringles,002,1804 ,0553,301,2,2,0,110,144
19,Pringles,002,1804 ,0554,301,7,1,1,95,160
19,Pringles,002,1804 ,0555,301,8,0,0,111,145
19,Pringles,002,1804 ,0556,301,4,6,1,92,155
19,Pringles,002,1804 ,0557,300,4,0,2,119,26
19,Pringles,002,1804 ,0558,300,8,5,0,103,143
19,Pringles,002,1804 ,0559,300,8,0,2,110,144
19,Pedernera,003,0031 ,0864,22,0,0,0,6,8
19,Pedernera,003,0032 ,0865,125,0,0,0,29,63
19,Pedernera,003,0033 ,0866,12,0,0,0,3,9
19,Pedernera,003,0035 ,0897,8,0,0,0,0,4
19,Pedernera,003,0036 ,0898,200,3,0,0,59,105
19,Pedernera,003,0037 ,0899,60,0,0,0,30,20
19,Pedernera,003,0038 ,0900,190,2,0,0,63,98
19,Pedernera,003,0038 ,0901,189,1,1,0,72,82
19,Pedernera,003,0039 ,0902,197,2,1,0,61,102
19,Pedernera,003,0039 ,0903,197,1,0,0,62,105
19,Pedernera,003,0040 ,0904,240,2,0,2,121,29
19,Pedernera,003,0040 ,0905,239,2,0,1,130,34
19,Pedernera,003,0041 ,0906,276,0,4,5,95,140
19,Pedernera,003,3001A,0579,331,3,3,2,91,165
19,Pedernera,003,3001A,0580,330,11,0,5,80,174
19,Pedernera,003,3001A,0581,330,10,0,2,95,175
19,Pedernera,003,3001A,0582,330,6,0,3,95,166
19,Pedernera,003,3001A,0583,330,5,1,5,75,182
19,Pedernera,003,3001A,0584,330,8,3,5,85,181
19,Pedernera,003,3001A,0585,330,0,3,1,71,190
19,Pedernera,003,3001A,0586,330,3,0,5,84,177
19,Pedernera,003,3001A,0587,330,5,2,4,100,170
19,Pedernera,003,3001A,0588,330,9,3,6,78,176
19,Pedernera,003,3001B,0589,340,4,2,0,125,153
19,Pedernera,003,3001B,0590,340,0,3,1,107,182
19,Pedernera,003,3001B,0591,340,5,2,6,122,161
19,Pedernera,003,3001B,0592,340,4,1,1,129,165
19,Pedernera,003,3001B,0593,340,5,8,4,110,171
19,Pedernera,003,3001B,0594,340,7,2,5,131,160
19,Pedernera,003,3001B,0595,340,6,4,5,119,158
19,Pedernera,003,3001B,0596,340,4,3,2,118,165
19,Pedernera,003,3001B,0597,340,5,6,2,114,171
19,Pedernera,003,3001B,0598,340,1,5,7,119,160
19,Pedernera,003,3001B,0599,340,4,5,9,116,169
19,Pedernera,003,3001B,0600,340,2,4,1,120,159
19,Pedernera,003,3001B,0601,340,2,6,4,135,156
19,Pedernera,003,3001B,0602,340,6,2,3,107,173
19,Pedernera,003,3001B,0603,340,7,0,7,109,170
19,Pedernera,003,3001B,0604,340,6,4,4,102,183
19,Pedernera,003,3001B,0605,340,7,2,4,104,183
19,Pedernera,003,3001B,0606,340,0,3,2,109,189
19,Pedernera,003,3001B,0607,340,5,5,7,115,162
19,Pedernera,003,3001B,0608,340,6,3,2,116,180
19,Pedernera,003,3001B,0609,340,4,2,4,119,171
19,Pedernera,003,3001B,0610,340,1,2,5,119,163
19,Pedernera,003,3001B,0611,339,14,0,4,121,162
19,Pedernera,003,3001B,0612,339,7,5,4,126,153
19,Pedernera,003,3001B,0613,339,7,0,3,117,170
19,Pedernera,003,3001B,0614,339,7,8,4,116,159
19,Pedernera,003,3001B,0615,339,2,12,5,119,164
19,Pedernera,003,3002 ,0616,340,4,1,5,129,141
19,Pedernera,003,3002 ,0617,340,8,0,1,107,150
19,Pedernera,003,3002 ,0618,340,8,6,2,142,131
19,Pedernera,003,3002 ,0619,340,3,0,4,138,149
19,Pedernera,003,3002 ,0620,340,3,0,7,120,163
19,Pedernera,003,3002 ,0621,340,1,3,2,162,127
19,Pedernera,003,3002 ,0622,340,2,1,3,143,122
19,Pedernera,003,3002 ,0623,340,2,7,2,145,117
19,Pedernera,003,3002 ,0624,340,1,0,1,143,137
19,Pedernera,003,3002 ,0625,340,3,5,3,100,152
19,Pedernera,003,3002 ,0626,339,2,3,4,134,131
19,Pedernera,003,3002 ,0627,339,2,2,7,146,128
19,Pedernera,003,3002 ,0628,339,11,9,7,110,136
19,Pedernera,003,3002 ,0629,339,2,5,1,137,155
19,Pedernera,003,3003 ,0630,344,0,2,10,109,163
19,Pedernera,003,3003 ,0631,344,6,1,7,148,127
19,Pedernera,003,3003 ,0632,344,6,2,7,128,139
19,Pedernera,003,3003 ,0633,344,4,3,9,151,120
19,Pedernera,003,3003 ,0634,344,3,11,4,129,136
19,Pedernera,003,3003 ,0635,344,6,2,2,134,149
19,Pedernera,003,3003 ,0636,344,6,2,6,117,146
19,Pedernera,003,3003 ,0637,344,9,0,5,148,121
19,Pedernera,003,3003 ,0638,344,8,2,6,128,143
19,Pedernera,003,3003 ,0639,343,4,0,5,151,125
19,Pedernera,003,3003 ,0640,343,9,2,3,133,151
19,Pedernera,003,3003 ,0641,343,5,0,6,137,131
19,Pedernera,003,3003 ,0642,343,5,1,15,139,142
19,Pedernera,003,3003 ,0643,343,2,11,4,137,143
19,Pedernera,003,3003 ,0644,343,8,0,10,158,121
19,Pedernera,003,3003 ,0645,343,5,5,4,143,123
19,Pedernera,003,3003 ,0646,343,2,3,5,139,132
19,Pedernera,003,3003 ,0647,343,6,9,7,139,129
19,Pedernera,003,3003 ,0648,343,1,1,4,146,137
19,Pedernera,003,3003 ,0649,343,11,3,4,125,149
19,Pedernera,003,3004 ,0650,342,10,1,7,153,113
19,Pedernera,003,3004 ,0651,342,6,1,9,147,127
19,Pedernera,003,3004 ,0652,342,3,1,7,160,118
19,Pedernera,003,3004 ,0653,342,10,4,6,145,130
19,Pedernera,003,3004 ,0654,342,3,1,2,145,138
19,Pedernera,003,3004 ,0655,342,11,3,5,143,126
19,Pedernera,003,3004 ,0656,342,10,1,9,150,118
19,Pedernera,003,3004 ,0657,342,11,4,5,149,127
19,Pedernera,003,3004 ,0658,342,6,1,7,151,132
19,Pedernera,003,3004 ,0659,342,4,5,4,149,137
19,Pedernera,003,3004 ,0660,342,11,5,6,138,131
19,Pedernera,003,3004 ,0661,342,3,3,3,147,138
19,Pedernera,003,3004 ,0662,342,5,0,5,152,109
19,Pedernera,003,3004 ,0663,342,3,8,4,153,120
19,Pedernera,003,3005 ,0664,277,0,2,4,96,139
19,Pedernera,003,3005 ,0665,276,4,0,0,72,148
19,Pedernera,003,3005 ,0666,276,9,0,5,91,135
19,Pedernera,003,3006 ,0667,328,12,3,3,91,161
19,Pedernera,003,3006 ,0668,328,1,5,0,113,164
19,Pedernera,003,3006 ,0669,328,7,10,4,101,153
19,Pedernera,003,3006 ,0670,328,8,0,5,86,171
19,Pedernera,003,3006 ,0671,328,6,8,3,95,163
19,Pedernera,003,3006 ,0672,327,5,2,2,100,170
19,Pedernera,003,3006 ,0673,327,5,2,2,99,171
19,Pedernera,003,3006 ,0674,327,5,9,3,113,144
19,Pedernera,003,3006 ,0675,327,6,2,1,86,182
19,Pedernera,003,3006 ,0676,327,2,2,2,85,184
19,Pedernera,003,3006 ,0677,327,9,2,2,101,172
19,Pedernera,003,3007 ,0678,337,8,4,3,95,157
19,Pedernera,003,3007 ,0679,339,4,3,1,107,178
19,Pedernera,003,3007 ,0680,339,16,3,2,104,148
19,Pedernera,003,3007 ,0681,339,2,4,2,115,162
19,Pedernera,003,3007 ,0682,339,9,3,3,106,176
19,Pedernera,003,3007 ,0683,338,6,5,5,102,167
19,Pedernera,003,3007 ,0684,338,7,2,1,111,167
19,Pedernera,003,3007 ,0685,338,4,4,3,97,170
19,Pedernera,003,3007 ,0686,338,1,10,1,89,167
19,Pedernera,003,3007 ,0687,338,6,2,6,92,181
19,Pedernera,003,3007 ,0688,338,4,2,7,88,190
19,Pedernera,003,3007 ,0689,338,3,5,5,106,167
19,Pedernera,003,3007 ,0690,338,0,4,1,111,149
19,Pedernera,003,3007 ,0691,338,4,4,2,117,147
19,Pedernera,003,3007 ,0692,338,1,5,3,108,144
19,Pedernera,003,3007 ,0693,338,5,0,4,112,159
19,Pedernera,003,3008 ,0694,314,7,4,0,149,91
19,Pedernera,003,3008 ,0695,314,36,5,4,165,48
19,Pedernera,003,3008 ,0696,314,3,3,4,151,84
19,Pedernera,003,3008 ,0697,314,4,2,9,136,101
19,Pedernera,003,3008 ,0698,314,6,0,6,131,98
19,Pedernera,003,3008 ,0699,314,0,2,9,138,105
19,Pedernera,003,3009 ,0700,336,9,2,5,139,106
19,Pedernera,003,3009 ,0701,336,4,0,3,126,112
19,Pedernera,003,3009 ,0702,336,6,0,7,148,106
19,Pedernera,003,3009 ,0703,336,5,2,9,144,107
19,Pedernera,003,3009 ,0704,336,7,1,12,147,103
19,Pedernera,003,3009 ,0705,336,5,0,3,136,119
19,Pedernera,003,3009 ,0706,336,6,3,5,151,104
19,Pedernera,003,3009 ,0707,336,12,1,5,146,110
19,Pedernera,003,3009 ,0708,336,4,2,7,132,112
19,Pedernera,003,3009 ,0709,336,7,0,3,149,105
19,Pedernera,003,3009 ,0710,337,4,1,2,138,116
19,Pedernera,003,3009 ,0711,335,6,4,8,132,116
19,Pedernera,003,3009 ,0712,335,3,4,8,136,107
19,Pedernera,003,3009 ,0713,335,6,4,9,131,105
19,Pedernera,003,3009 ,0714,335,6,0,0,122,125
19,Pedernera,003,3009 ,0715,335,12,0,7,139,102
19,Pedernera,003,3009 ,0716,335,1,3,1,129,138
19,Pedernera,003,3010 ,0717,330,2,2,4,145,105
19,Pedernera,003,3010 ,0718,330,1,0,5,129,97
19,Pedernera,003,3010 ,0719,330,3,2,15,164,86
19,Pedernera,003,3010 ,0720,330,5,1,3,130,99
19,Pedernera,003,3010 ,0721,330,2,4,0,137,117
19,Pedernera,003,3010 ,0722,330,5,0,2,151,105
19,Pedernera,003,3010 ,0723,330,6,0,6,142,96
19,Pedernera,003,3010 ,0724,330,8,0,4,148,107
19,Pedernera,003,3010 ,0725,330,4,0,9,136,113
19,Pedernera,003,3010 ,0726,330,0,3,4,132,114
19,Pedernera,003,3010 ,0727,330,2,0,2,145,101
19,Pedernera,003,3010 ,0728,330,4,2,6,154,95
19,Pedernera,003,3010 ,0729,329,9,0,7,135,104
19,Pedernera,003,3011 ,0730,323,7,0,7,149,97
19,Pedernera,003,3011 ,0731,323,4,2,7,153,97
19,Pedernera,003,3011 ,0732,323,13,1,5,143,86
19,Pedernera,003,3011 ,0733,323,4,1,8,148,90
19,Pedernera,003,3011 ,0734,323,4,2,5,152,80
19,Pedernera,003,3011 ,0735,323,1,4,7,149,100
19,Pedernera,003,3011 ,0736,323,5,2,11,156,88
19,Pedernera,003,3011 ,0737,323,4,1,4,166,90
19,Pedernera,003,3011 ,0738,323,1,1,4,154,89
19,Pedernera,003,3011 ,0739,323,4,3,2,157,90
19,Pedernera,003,3011 ,0740,322,4,0,8,143,108
19,Pedernera,003,3011 ,0741,322,7,1,0,135,97
19,Pedernera,003,3012 ,0742,325,7,1,3,165,68
19,Pedernera,003,3012 ,0743,325,5,0,4,157,69
19,Pedernera,003,3012 ,0744,325,0,3,7,152,73
19,Pedernera,003,3012 ,0745,325,3,3,0,160,86
19,Pedernera,003,3012 ,0746,325,3,2,6,136,88
19,Pedernera,003,3012 ,0747,325,5,4,6,140,82
19,Pedernera,003,3012 ,0748,324,3,2,5,142,94
19,Pedernera,003,3012 ,0749,324,5,2,4,150,76
19,Pedernera,003,3013 ,0750,321,3,2,4,142,102
19,Pedernera,003,3013 ,0751,321,3,0,6,141,92
19,Pedernera,003,3013 ,0752,321,1,0,3,163,86
19,Pedernera,003,3013 ,0753,321,0,1,6,154,76
19,Pedernera,003,3013 ,0754,321,1,3,6,168,91
19,Pedernera,003,3013 ,0755,321,3,1,3,152,103
19,Pedernera,003,3013 ,0756,321,2,1,5,151,86
19,Pedernera,003,3013 ,0757,321,4,2,3,145,89
19,Pedernera,003,3014 ,0758,338,2,2,2,92,157
19,Pedernera,003,3014 ,0759,338,2,0,5,103,159
19,Pedernera,003,3014 ,0760,338,1,5,4,114,145
19,Pedernera,003,3014 ,0761,338,4,0,4,94,166
19,Pedernera,003,3014 ,0762,338,10,0,2,117,153
19,Pedernera,003,3014 ,0763,338,4,0,2,101,174
19,Pedernera,003,3014 ,0764,338,3,1,3,96,169
19,Pedernera,003,3014 ,0765,338,2,1,0,109,164
19,Pedernera,003,3014 ,0766,337,23,0,4,72,192
19,Pedernera,003,3014 ,0767,337,5,3,4,105,153
19,Pedernera,003,3015 ,0768,331,8,0,1,89,190
19,Pedernera,003,3015 ,0769,331,8,7,4,90,180
19,Pedernera,003,3015 ,0770,331,4,2,3,94,185
19,Pedernera,003,3015 ,0771,331,4,8,5,79,188
19,Pedernera,003,3015 ,0772,331,7,0,2,91,197
19,Pedernera,003,3015 ,0773,331,2,6,3,82,193
19,Pedernera,003,3015 ,0774,331,9,5,5,82,199
19,Pedernera,003,3015 ,0775,331,8,1,0,106,164
19,Pedernera,003,3015 ,0776,331,7,0,2,84,189
19,Pedernera,003,3015 ,0777,331,6,7,1,116,152
19,Pedernera,003,3015 ,0778,331,0,4,4,86,196
19,Pedernera,003,3015 ,0779,330,4,3,5,82,195
19,Pedernera,003,3015 ,0780,330,4,2,2,90,184
19,Pedernera,003,3016 ,0781,332,14,4,6,99,164
19,Pedernera,003,3016 ,0782,332,6,5,2,107,162
19,Pedernera,003,3016 ,0783,331,0,1,2,112,147
19,Pedernera,003,3016 ,0784,331,0,3,6,85,181
19,Pedernera,003,3016 ,0785,331,6,3,5,105,167
19,Pedernera,003,3016 ,0786,331,3,0,8,91,169
19,Pedernera,003,3016 ,0787,331,7,4,3,99,163
19,Pedernera,003,3016 ,0788,331,6,0,7,109,160
19,Pedernera,003,3016 ,0789,331,9,1,0,95,162
19,Pedernera,003,3016 ,0790,331,0,0,6,92,171
19,Pedernera,003,3016 ,0791,331,7,1,2,99,169
19,Pedernera,003,3016 ,0792,331,2,4,2,95,174
19,Pedernera,003,3016 ,0793,331,3,5,1,106,157
19,Pedernera,003,3016 ,0794,331,5,7,0,115,163
19,Pedernera,003,3017 ,0795,328,8,5,2,103,159
19,Pedernera,003,3017 ,0796,328,7,3,1,115,152
19,Pedernera,003,3017 ,0797,328,1,0,7,117,171
19,Pedernera,003,3017 ,0798,328,11,4,0,104,158
19,Pedernera,003,3017 ,0799,328,4,7,3,105,168
19,Pedernera,003,3017 ,0800,328,4,3,12,116,138
19,Pedernera,003,3017 ,0801,328,8,4,4,121,146
19,Pedernera,003,3017 ,0802,328,4,5,0,100,178
19,Pedernera,003,3017 ,0803,328,2,4,2,121,168
19,Pedernera,003,3017 ,0804,328,10,1,6,114,151
19,Pedernera,003,3017 ,0805,327,10,7,1,139,132
19,Pedernera,003,3017 ,0806,327,3,7,3,120,152
19,Pedernera,003,3017 ,0807,327,9,1,3,126,141
19,Pedernera,003,3017 ,0808,327,7,4,1,105,198
19,Pedernera,003,3018 ,0809,350,6,9,3,113,170
19,Pedernera,003,3018 ,0810,350,3,1,4,108,197
19,Pedernera,003,3018 ,0811,350,3,2,4,119,173
19,Pedernera,003,3018 ,0812,350,2,5,5,131,167
19,Pedernera,003,3018 ,0813,350,8,8,3,117,169
19,Pedernera,003,3018 ,0814,350,6,12,3,122,162
19,Pedernera,003,3018 ,0815,350,11,0,4,115,168
19,Pedernera,003,3018 ,0816,350,4,4,5,129,166
19,Pedernera,003,3018 ,0817,350,12,2,6,126,159
19,Pedernera,003,3018 ,0818,350,5,5,3,136,152
19,Pedernera,003,3018 ,0819,350,11,11,3,126,167
19,Pedernera,003,3018 ,0820,350,11,4,2,122,163
19,Pedernera,003,3018 ,0821,350,7,12,2,120,156
19,Pedernera,003,3018 ,0822,349,11,0,6,119,169
19,Pedernera,003,3018 ,0823,349,8,5,0,111,185
19,Pedernera,003,3018 ,0824,349,7,8,2,107,174
19,Pedernera,003,3018 ,0825,349,8,1,3,118,159
19,Pedernera,003,3019 ,0826,337,4,0,1,98,199
19,Pedernera,003,3019 ,0827,337,8,2,0,90,189
19,Pedernera,003,3019 ,0828,337,1,5,2,95,196
19,Pedernera,003,3019 ,0829,337,3,7,1,89,194
19,Pedernera,003,3019 ,0830,337,10,1,4,62,222
19,Pedernera,003,3019 ,0831,337,27,5,3,81,177
19,Pedernera,003,3019 ,0832,337,6,1,1,83,197
19,Pedernera,003,3019 ,0833,337,10,3,1,77,211
19,Pedernera,003,3019 ,0834,336,8,0,2,84,201
19,Pedernera,003,3019 ,0835,336,1,3,1,80,197
19,Pedernera,003,3019 ,0836,336,5,8,0,81,200
19,Pedernera,003,3020 ,0837,326,3,2,5,135,143
19,Pedernera,003,3020 ,0838,326,9,0,5,142,132
19,Pedernera,003,3020 ,0839,326,7,0,2,147,136
19,Pedernera,003,3020 ,0840,326,5,3,1,146,133
19,Pedernera,003,3020 ,0841,326,7,1,6,129,147
19,Pedernera,003,3020 ,0842,326,9,0,3,161,122
19,Pedernera,003,3021 ,0843,348,2,0,4,105,172
19,Pedernera,003,3021 ,0844,348,4,1,5,124,164
19,Pedernera,003,3021 ,0845,348,5,0,3,118,176
19,Pedernera,003,3021 ,0846,348,6,1,5,137,154
19,Pedernera,003,3021 ,0847,348,7,5,4,105,179
19,Pedernera,003,3021 ,0848,348,1,4,3,134,149
19,Pedernera,003,3021 ,0849,348,0,2,3,126,158
19,Pedernera,003,3021 ,0850,348,9,6,1,115,159
19,Pedernera,003,3021 ,0851,348,2,6,3,121,164
19,Pedernera,003,3021 ,0852,348,3,4,4,112,163
19,Pedernera,003,3021 ,0853,347,7,4,4,111,180
19,Pedernera,003,3021 ,0854,347,3,1,5,119,163
19,Pedernera,003,3021 ,0855,347,11,0,1,130,158
19,Pedernera,003,3021 ,0856,347,7,3,2,133,152
19,Pedernera,003,3021 ,0857,347,1,2,6,123,174
19,Pedernera,003,3021 ,0858,347,12,3,4,128,157
19,Pedernera,003,3021 ,0859,347,5,2,2,121,167
19,Pedernera,003,3021 ,0860,347,2,3,4,140,156
19,Pedernera,003,3021 ,0861,347,1,1,7,132,154
19,Pedernera,003,3021 ,0862,347,3,2,7,115,184
19,Pedernera,003,3021 ,0863,347,6,3,4,114,171
19,Pedernera,003,3401 ,0867,297,18,0,1,52,174
19,Pedernera,003,3401 ,0868,296,8,3,0,79,146
19,Pedernera,003,3401 ,0869,296,5,5,0,79,152
19,Pedernera,003,3401 ,0870,296,4,0,3,67,167
19,Pedernera,003,3401 ,0871,296,6,4,2,67,163
19,Pedernera,003,3401 ,0872,296,9,7,4,66,154
19,Pedernera,003,3402 ,0873,324,3,3,0,67,196
19,Pedernera,003,3402 ,0874,324,10,0,0,71,180
19,Pedernera,003,3402 ,0875,324,12,3,4,90,151
19,Pedernera,003,3402 ,0876,323,11,3,2,76,162
19,Pedernera,003,3402 ,0877,323,6,3,2,89,159
19,Pedernera,003,3403 ,0878,264,12,0,1,104,97
19,Pedernera,003,3403 ,0879,264,4,0,3,80,113
19,Pedernera,003,3403 ,0880,264,8,4,1,94,88
19,Pedernera,003,3404 ,0881,300,5,2,2,94,143
19,Pedernera,003,3404 ,0882,299,29,0,0,93,134
19,Pedernera,003,3404 ,0883,299,17,0,2,88,130
19,Pedernera,003,3404 ,0884,299,29,0,0,83,132
19,Pedernera,003,3405 ,0885,338,2,4,0,84,199
19,Pedernera,003,3405 ,0886,338,9,6,2,90,183
19,Pedernera,003,3405 ,0887,338,5,9,0,109,156
19,Pedernera,003,3405 ,0888,338,11,0,1,69,199
19,Pedernera,003,3405 ,0889,338,6,0,1,96,174
19,Pedernera,003,3405 ,0890,337,14,0,2,80,196
19,Pedernera,003,3406 ,0891,294,9,5,2,78,141
19,Pedernera,003,3406 ,0892,293,9,1,1,89,108
19,Pedernera,003,3406 ,0893,293,4,0,5,65,146
19,Pedernera,003,3407 ,0894,248,1,3,0,43,139
19,Pedernera,003,3407 ,0895,247,7,4,1,42,134
19,Pedernera,003,3407 ,0896,247,9,5,1,72,108
19,Chacabuco,004,0042 ,0907,345,5,0,8,117,172
19,Chacabuco,004,0042 ,0908,345,2,1,3,129,160
19,Chacabuco,004,0042 ,0909,345,0,0,0,0,0
19,Chacabuco,004,0042 ,0910,345,5,3,6,141,143
19,Chacabuco,004,0042 ,0911,344,0,0,3,121,143
19,Chacabuco,004,0042 ,0912,344,0,7,2,98,180
19,Chacabuco,004,0042 ,0913,344,4,5,3,108,166
19,Chacabuco,004,0042 ,0914,344,4,0,3,117,172
19,Chacabuco,004,0042 ,0915,344,6,5,6,106,177
19,Chacabuco,004,0042 ,0916,344,1,0,5,120,168
19,Chacabuco,004,0042 ,0917,344,1,3,4,108,171
19,Chacabuco,004,0042 ,0918,344,5,0,2,126,182
19,Chacabuco,004,0042 ,0919,344,0,3,2,124,155
19,Chacabuco,004,0042 ,0920,344,1,0,4,102,172
19,Chacabuco,004,0042 ,0921,344,5,4,1,133,141
19,Chacabuco,004,0042 ,0922,344,2,8,3,117,164
19,Chacabuco,004,0043 ,0923,291,3,0,2,54,201
19,Chacabuco,004,0043 ,0924,290,5,2,2,41,208
19,Chacabuco,004,0044 ,0925,269,1,0,1,56,162
19,Chacabuco,004,0045 ,0926,330,1,4,2,86,184
19,Chacabuco,004,0045 ,0927,330,2,1,3,90,194
19,Chacabuco,004,0045 ,0928,330,2,5,1,107,159
19,Chacabuco,004,0045 ,0929,330,4,7,3,95,173
19,Chacabuco,004,0045 ,0930,329,4,8,6,100,150
19,Chacabuco,004,0045 ,0931,329,1,6,3,95,168
19,Chacabuco,004,0045 ,0932,330,6,3,5,104,164
19,Chacabuco,004,0045 ,0933,329,5,5,1,84,176
19,Chacabuco,004,0045 ,0934,329,6,5,3,106,166
19,Chacabuco,004,0045 ,0935,329,1,0,3,92,186
19,Chacabuco,004,0045 ,0936,329,8,0,1,94,172
19,Chacabuco,004,0045 ,0937,329,3,0,2,98,158
19,Chacabuco,004,0045 ,0938,329,0,5,6,99,164
19,Chacabuco,004,0045 ,0939,329,2,6,0,102,159
19,Chacabuco,004,0045 ,0940,329,4,4,2,94,180
19,Chacabuco,004,0046 ,0941,326,1,3,2,94,168
19,Chacabuco,004,0046 ,0942,326,0,7,4,80,177
19,Chacabuco,004,0046 ,0943,326,2,2,5,92,175
19,Chacabuco,004,0046 ,0944,325,1,3,5,88,174
19,Chacabuco,004,0047 ,0945,281,0,0,1,88,164
19,Chacabuco,004,0047 ,0946,281,4,0,6,78,171
19,Chacabuco,004,0048 ,0947,296,3,2,0,80,169
19,Chacabuco,004,0048 ,0948,296,2,1,2,67,166
19,Chacabuco,004,0048 ,0949,296,3,0,4,80,176
19,Chacabuco,004,0049 ,0950,331,5,4,1,75,209
19,Chacabuco,004,0049 ,0951,331,1,2,0,108,177
19,Chacabuco,004,0049 ,0952,331,4,2,0,80,209
19,Chacabuco,004,0049 ,0953,331,3,3,1,79,209
19,Chacabuco,004,0049 ,0954,330,9,0,2,80,194
19,Chacabuco,004,0049 ,0955,330,4,1,2,82,200
19,Chacabuco,004,0049 ,0956,330,4,3,3,90,196
19,Chacabuco,004,0049 ,0957,330,5,4,1,57,214
19,Chacabuco,004,0049 ,0958,330,3,1,1,98,182
19,Chacabuco,004,0049 ,0959,330,3,3,1,79,200
19,Chacabuco,004,0050 ,0960,4,0,0,0,2,2
19,Chacabuco,004,0051 ,0961,296,0,3,3,93,135
19,Chacabuco,004,0051 ,0962,296,1,5,5,79,143
19,Chacabuco,004,0051 ,0963,296,4,0,0,91,139
19,Chacabuco,004,0051 ,0964,295,2,1,4,86,146
19,Chacabuco,004,0051 ,0965,295,6,0,5,79,147
19,San Martín,005,0052 ,0966,317,3,0,0,79,193
19,San Martín,005,0052 ,0967,317,2,0,0,64,212
19,San Martín,005,0052 ,0968,316,1,0,0,78,205
19,San Martín,005,0053 ,0969,270,2,0,0,55,184
19,San Martín,005,0053 ,0970,269,0,1,2,64,171
19,San Martín,005,0054 ,0971,11,0,0,0,1,0
19,San Martín,005,0055 ,0972,330,6,0,0,81,195
19,San Martín,005,0055 ,0973,329,3,1,1,83,183
19,San Martín,005,0056 ,0974,298,4,3,0,50,213
19,San Martín,005,0057 ,0975,253,2,2,0,64,162
19,San Martín,005,0058 ,0976,294,1,3,0,53,205
19,San Martín,005,0058 ,0977,294,0,1,0,28,225
19,San Martín,005,0059 ,0978,50,0,0,1,11,34
19,San Martín,005,0060 ,0979,225,0,1,0,60,144
19,San Martín,005,0060 ,0980,224,0,0,0,49,159
19,San Martín,005,0061 ,0981,337,4,2,1,94,199
19,San Martín,005,0062 ,0982,10,0,0,0,1,3
19,Junín,006,0063 ,0983,350,13,0,1,85,192
19,Junín,006,0063 ,0984,350,12,0,2,103,186
19,Junín,006,0063 ,0985,350,10,0,0,106,170
19,Junín,006,0063 ,0986,350,5,0,2,105,166
19,Junín,006,0063 ,0987,350,11,2,0,129,162
19,Junín,006,0063 ,0988,350,4,3,1,126,170
19,Junín,006,0063 ,0989,350,5,0,4,112,173
19,Junín,006,0063 ,0990,350,12,0,2,101,178
19,Junín,006,0063 ,0991,350,2,2,5,98,183
19,Junín,006,0063 ,0992,350,6,2,3,92,191
19,Junín,006,0063 ,0993,349,12,0,3,97,193
19,Junín,006,0063 ,0994,349,6,0,9,106,167
19,Junín,006,0063 ,0995,349,9,0,5,133,150
19,Junín,006,0063 ,0996,349,6,1,3,127,148
19,Junín,006,0063 ,0997,349,7,0,4,109,164
19,Junín,006,0063 ,0998,349,9,0,4,127,144
19,Junín,006,0064 ,0999,105,0,0,2,32,42
19,Junín,006,0065 ,1000,25,0,0,1,5,9
19,Junín,006,0066 ,1001,280,3,0,1,74,157
19,Junín,006,0066 ,1002,279,1,3,0,64,150
19,Junín,006,0066 ,1003,279,0,0,1,57,149
19,Junín,006,0067 ,1004,49,0,0,0,3,32
19,Junín,006,0068 ,1005,250,1,1,0,20,205
19,Junín,006,0069 ,1006,40,0,0,0,4,26
19,Junín,006,0072 ,1061,326,7,2,3,125,156
19,Junín,006,0072 ,1062,325,6,1,5,150,105
19,Junín,006,0072 ,1063,325,6,3,11,118,112
19,Junín,006,0072 ,1064,325,6,0,6,144,104
19,Junín,006,0072 ,1065,324,14,0,2,138,108
19,Junín,006,0072 ,1066,325,9,3,7,132,103
19,Junín,006,0072 ,1067,325,4,5,8,112,135
19,Junín,006,0073 ,1068,279,6,3,7,74,150
19,Junín,006,0073 ,1069,279,7,1,5,88,125
19,Junín,006,0073 ,1070,279,4,0,8,98,121
19,Junín,006,0073 ,1071,280,3,0,5,99,122
19,Junín,006,0074 ,1072,59,1,0,1,17,34
19,Junín,006,7001 ,1007,327,8,0,2,129,140
19,Junín,006,7001 ,1008,327,8,3,1,143,106
19,Junín,006,7001 ,1009,327,7,5,2,140,105
19,Junín,006,7001 ,1010,327,11,7,2,146,91
19,Junín,006,7001 ,1011,327,12,4,3,125,113
19,Junín,006,7001 ,1012,327,6,1,1,144,116
19,Junín,006,7001 ,1013,327,11,11,5,144,93
19,Junín,006,7001 ,1014,327,8,2,2,135,121
19,Junín,006,7001 ,1015,326,9,3,4,140,103
19,Junín,006,7001 ,1016,326,11,0,2,140,121
19,Junín,006,7001 ,1017,326,8,10,4,129,104
19,Junín,006,7001 ,1018,326,6,5,8,140,93
19,Junín,006,7002 ,1019,319,9,1,3,128,114
19,Junín,006,7002 ,1020,319,11,2,3,105,108
19,Junín,006,7002 ,1021,319,8,4,6,119,115
19,Junín,006,7002 ,1022,319,1,6,3,148,99
19,Junín,006,7002 ,1023,319,10,14,3,128,94
19,Junín,006,7002 ,1024,319,13,3,10,129,95
19,Junín,006,7002 ,1025,319,12,3,4,125,107
19,Junín,006,7002 ,1026,318,5,4,5,129,110
19,Junín,006,7003 ,1027,337,10,5,6,159,94
19,Junín,006,7003 ,1028,337,11,0,4,141,108
19,Junín,006,7003 ,1029,337,13,3,7,138,102
19,Junín,006,7003 ,1030,337,18,8,9,112,101
19,Junín,006,7003 ,1031,337,15,0,5,121,108
19,Junín,006,7003 ,1032,336,0,1,0,119,106
19,Junín,006,7004 ,1033,301,23,0,8,95,105
19,Junín,006,7004 ,1034,301,7,7,6,111,103
19,Junín,006,7004 ,1035,300,15,4,2,116,101
19,Junín,006,7005 ,1036,327,19,0,10,139,90
19,Junín,006,7005 ,1037,327,7,6,4,144,84
19,Junín,006,7005 ,1038,327,20,0,7,164,69
19,Junín,006,7005 ,1039,327,13,8,5,126,83
19,Junín,006,7005 ,1040,326,9,4,7,149,73
19,Junín,006,7005 ,1041,326,9,3,12,155,69
19,Junín,006,7005 ,1042,326,14,4,4,150,71
19,Junín,006,7005 ,1043,326,17,7,10,130,99
19,Junín,006,7005 ,1044,326,13,9,5,123,86
19,Junín,006,7006 ,1045,330,10,3,3,146,97
19,Junín,006,7006 ,1046,330,15,7,7,123,117
19,Junín,006,7006 ,1047,330,5,8,0,149,75
19,Junín,006,7006 ,1048,330,10,2,8,136,81
19,Junín,006,7006 ,1049,330,14,0,7,143,89
19,Junín,006,7006 ,1050,330,12,3,5,154,78
19,Junín,006,7006 ,1051,329,14,5,10,131,107
19,Junín,006,7006 ,1052,329,4,3,4,144,85
19,Junín,006,7007 ,1053,304,11,1,9,134,75
19,Junín,006,7007 ,1054,304,16,2,8,119,60
19,Junín,006,7007 ,1055,304,14,5,5,125,68
19,Junín,006,7007 ,1056,304,13,2,9,126,69
19,Junín,006,7007 ,1057,303,7,6,5,107,103
19,Junín,006,7007 ,1058,303,14,5,0,110,80
19,Junín,006,7008 ,1059,348,13,6,14,129,103
19,Junín,006,7008 ,1060,347,4,1,7,125,113
19,Ayacucho,007,0075 ,1073,343,9,0,1,90,184
19,Ayacucho,007,0075 ,1074,343,7,4,3,77,175
19,Ayacucho,007,0075 ,1075,343,5,5,2,90,174
19,Ayacucho,007,0075 ,1076,343,9,0,0,100,167
19,Ayacucho,007,0075 ,1077,343,8,3,1,79,200
19,Ayacucho,007,0075 ,1078,343,3,3,3,78,198
19,Ayacucho,007,0075 ,1079,343,7,2,1,70,203
19,Ayacucho,007,0075 ,1080,343,12,2,3,70,188
19,Ayacucho,007,0075 ,1081,343,9,3,2,82,190
19,Ayacucho,007,0075 ,1082,342,3,3,3,70,197
19,Ayacucho,007,0075 ,1083,342,0,0,4,91,170
19,Ayacucho,007,0075 ,1084,342,4,2,5,97,180
19,Ayacucho,007,0076 ,1085,60,5,0,2,6,42
19,Ayacucho,007,0077 ,1086,3,0,0,0,0,1
19,Ayacucho,007,0078 ,1087,2,0,0,0,0,0
19,Ayacucho,007,0079 ,1088,18,1,0,0,1,7
19,Ayacucho,007,0080 ,1089,265,2,0,2,65,125
19,Ayacucho,007,0080 ,1090,264,0,2,0,50,158
19,Ayacucho,007,0081 ,1091,350,53,1,0,0,183
19,Ayacucho,007,0081 ,1092,350,35,2,0,71,164
19,Ayacucho,007,0081 ,1093,350,39,0,3,90,163
19,Ayacucho,007,0081 ,1094,350,28,7,3,73,168
19,Ayacucho,007,0081 ,1095,350,39,0,1,87,161
19,Ayacucho,007,0081 ,1096,349,54,5,1,72,159
19,Ayacucho,007,0082 ,1097,337,8,0,2,85,205
19,Ayacucho,007,0082 ,1098,336,18,2,5,70,189
19,Ayacucho,007,0082 ,1099,336,9,0,3,84,189
19,Ayacucho,007,0082 ,1100,336,10,4,3,51,213
19,Ayacucho,007,0082 ,1101,336,11,0,1,62,202
19,Ayacucho,007,0082 ,1102,336,8,4,1,77,172
19,Ayacucho,007,0082 ,1103,336,8,0,4,75,190
19,Ayacucho,007,0082 ,1104,336,6,2,2,92,175
19,Ayacucho,007,0082 ,1105,336,12,5,1,100,162
19,Ayacucho,007,0082 ,1106,336,17,2,1,78,178
19,Ayacucho,007,0082 ,1107,335,6,2,2,92,154
19,Ayacucho,007,0082 ,1108,336,10,5,0,74,185
19,Ayacucho,007,0082 ,1109,336,13,2,2,91,171
19,Ayacucho,007,0082 ,1110,336,6,1,0,85,196
19,Ayacucho,007,0082 ,1111,336,10,2,1,65,192
19,Ayacucho,007,0082 ,1112,336,10,5,0,67,197
19,Ayacucho,007,0082 ,1113,336,11,0,2,70,177
19,Ayacucho,007,0082 ,1114,336,12,2,3,118,148
19,Ayacucho,007,0082 ,1115,336,11,3,2,70,174
19,Ayacucho,007,0082 ,1116,336,10,1,1,99,163
19,Ayacucho,007,0082 ,1117,336,15,4,0,76,187
19,Ayacucho,007,0083 ,1118,343,14,0,2,66,217
19,Ayacucho,007,0083 ,1119,343,9,0,1,85,200
19,Ayacucho,007,0083 ,1120,343,7,1,0,81,207
19,Ayacucho,007,0083 ,1121,343,16,4,2,89,187
19,Ayacucho,007,0083 ,1122,343,9,0,2,78,210
19,Ayacucho,007,0083 ,1123,343,8,0,0,81,216
19,Ayacucho,007,0083 ,1124,343,10,0,0,87,186
19,Ayacucho,007,0083 ,1125,342,21,0,0,63,218
19,Ayacucho,007,0083A,1126,5,0,0,0,1,2
19,Ayacucho,007,0084 ,1127,147,35,0,2,32,65
19,Ayacucho,007,0085 ,1128,46,0,0,1,4,34
19,Ayacucho,007,0086 ,1129,87,0,0,0,11,55
19,Ayacucho,007,0087 ,1130,42,0,0,0,12,23
19,Belgrano,008,0088 ,1131,337,9,0,1,96,211
19,Belgrano,008,0089 ,1132,36,0,0,1,13,10
19,Belgrano,008,0090 ,1133,81,0,0,0,17,38
19,Belgrano,008,0091 ,1134,52,1,0,1,19,24
19,Belgrano,008,0092 ,1135,334,8,0,2,86,175
19,Belgrano,008,0092 ,1136,334,7,0,2,120,136
19,Belgrano,008,0092 ,1137,333,4,0,4,100,161
19,Belgrano,008,0093A,1138,108,0,0,0,36,59
19,Belgrano,008,0093B,1139,54,1,0,0,22,4
19,Belgrano,008,0094 ,1140,21,0,0,1,9,5
19,Belgrano,008,0095 ,1141,7,0,0,0,6,1
19,Belgrano,008,0096 ,1142,138,2,0,2,43,64
19,Belgrano,008,0097 ,1143,85,0,1,0,18,51
19,Belgrano,008,0098 ,1144,254,0,2,0,81,138
19,Belgrano,008,0098 ,1145,254,10,0,1,63,155
19,Belgrano,008,0098 ,1146,253,11,0,0,74,138
19,Belgrano,008,0099 ,1147,77,1,0,0,20,37
19,Belgrano,008,0100 ,1148,320,2,2,0,106,170
19,Belgrano,008,0100 ,1149,319,2,2,5,99,155
19,Belgrano,008,0100 ,1150,319,4,2,0,91,161
19,Gobernador Dupuy,009,0101 ,1151,325,5,2,1,105,158
19,Gobernador Dupuy,009,0101 ,1152,325,3,6,0,103,167
19,Gobernador Dupuy,009,0101 ,1153,324,1,1,0,81,196
19,Gobernador Dupuy,009,0101 ,1154,324,3,2,1,101,175
19,Gobernador Dupuy,009,0101 ,1155,324,3,0,4,95,182
19,Gobernador Dupuy,009,0101 ,1156,324,3,0,3,87,175
19,Gobernador Dupuy,009,0101 ,1157,324,6,0,1,94,184
19,Gobernador Dupuy,009,0101 ,1158,324,3,1,3,93,170
19,Gobernador Dupuy,009,0101 ,1159,324,3,1,2,92,192
19,Gobernador Dupuy,009,0102 ,1160,181,4,0,0,48,102
19,Gobernador Dupuy,009,0102 ,1161,180,0,0,1,39,120
19,Gobernador Dupuy,009,0103 ,1162,22,0,0,0,4,14
19,Gobernador Dupuy,009,0104 ,1163,236,2,2,1,65,122
19,Gobernador Dupuy,009,0104 ,1164,235,1,3,1,71,117
19,Gobernador Dupuy,009,0105 ,1165,266,5,0,2,88,138
19,Gobernador Dupuy,009,0105 ,1166,265,0,0,0,94,122
19,Gobernador Dupuy,009,0105 ,1167,265,2,0,3,62,146
19,Gobernador Dupuy,009,0106 ,1168,223,4,2,0,54,112
19,Gobernador Dupuy,009,0107 ,1169,289,16,0,4,62,168
19,Gobernador Dupuy,009,0107 ,1170,289,2,0,1,73,174
19,Gobernador Dupuy,009,0107 ,1171,289,5,0,1,71,177
19,Gobernador Dupuy,009,0107 ,1172,289,4,0,1,73,177
19,Gobernador Dupuy,009,0108 ,1173,332,5,1,0,125,161
19,Gobernador Dupuy,009,0108 ,1174,332,8,2,0,159,109
19,Gobernador Dupuy,009,0108 ,1175,332,11,0,1,126,155
19,Gobernador Dupuy,009,0108 ,1176,332,10,1,1,106,164
19,Gobernador Dupuy,009,0108 ,1177,332,10,0,1,132,153
19,Gobernador Dupuy,009,0108 ,1178,332,12,3,2,128,154
19,Gobernador Dupuy,009,0108 ,1179,332,0,2,0,126,166
19,Gobernador Dupuy,009,0109 ,1180,33,0,0,0,4,25
19,Gobernador Dupuy,009,0110 ,1181,300,1,0,0,121,134
19,Gobernador Dupuy,009,0110 ,1182,299,4,0,0,124,131
19,Gobernador Dupuy,009,0111 ,1183,235,0,0,1,65,142
19,Gobernador Dupuy,009,0111 ,1184,235,1,0,0,67,134
19,Gobernador Dupuy,009,0111 ,1185,235,0,0,0,35,160
19,Gobernador Dupuy,009,0112 ,1186,11,0,1,0,2,1
19,Gobernador Dupuy,009,0113 ,1187,257,0,3,0,123,105
19,Gobernador Dupuy,009,0114 ,1188,13,0,0,0,2,1
