codprov,depto,coddepto,circuito,mesa,electores,blancos,nulos,0040,0057,0131,0133,0134,0135,0198
19,Pueyrredon,001,0002 ,0413,346,0,0,0,0,36,129,0,33,0
19,Pueyrredon,001,0002 ,0414,345,34,3,5,1,25,144,1,56,2
19,Pueyrredon,001,0002 ,0415,344,0,0,5,0,25,180,0,66,7
19,Pueyrredon,001,0002 ,0416,345,2,4,8,2,32,124,0,61,4
19,Pueyrredon,001,0002 ,0417,345,41,3,6,1,38,114,0,68,1
19,Pueyrredon,001,0002 ,0418,345,47,3,5,0,27,134,0,67,1
19,Pueyrredon,001,0002 ,0419,345,0,0,4,0,24,120,4,80,3
19,Pueyrredon,001,0002 ,0420,343,31,3,0,1,34,116,3,77,6
19,Pueyrredon,001,0002 ,0421,343,0,0,5,0,22,128,0,72,3
19,Pueyrredon,001,0002 ,0422,343,0,0,0,0,0,0,0,0,0
19,Pueyrredon,001,0002 ,0423,344,44,1,5,0,24,123,0,81,3
19,Pueyrredon,001,0002 ,0424,344,38,6,5,0,30,137,0,64,1
19,Pueyrredon,001,0002 ,0425,344,44,0,9,2,28,130,0,44,2
19,Pueyrredon,001,0002 ,0426,344,33,6,1,0,41,124,1,65,0
19,Pueyrredon,001,0002 ,0427,344,0,0,0,0,0,0,0,0,0
19,Pueyrredon,001,0002 ,0428,344,7,0,7,0,33,104,0,25,0
19,Pueyrredon,001,0002 ,0429,344,45,2,0,2,32,139,0,61,0
19,Pueyrredon,001,0002 ,0430,344,0,0,5,0,39,130,0,55,0
19,Pueyrredon,001,0002 ,0431,343,30,7,5,1,39,118,1,66,9
19,Pueyrredon,001,0002 ,0432,344,49,5,10,0,28,122,0,63,1
19,Pueyrredon,001,0002 ,0433,344,33,8,6,1,42,112,0,66,6
19,Pueyrredon,001,0002 ,0434,344,38,3,6,1,36,140,1,51,3
19,Pueyrredon,001,0002 ,0435,344,56,5,5,1,37,123,0,56,4
19,Pueyrredon,001,0002 ,0436,344,9,5,0,5,26,122,1,50,0
19,Pueyrredon,001,0002 ,0437,344,44,0,0,1,28,117,0,86,0
19,Pueyrredon,001,0002 ,0438,343,37,7,5,0,34,132,0,71,4
19,Pueyrredon,001,0002 ,0439,344,44,8,3,1,29,113,0,60,6
19,Pueyrredon,001,0002 ,0440,345,0,0,11,0,43,0,2,71,0
19,Pueyrredon,001,0002 ,0441,343,3,3,8,1,26,117,1,86,2
19,Pueyrredon,001,0002 ,0442,344,46,3,3,1,33,118,1,75,1
19,Pueyrredon,001,0002 ,0443,343,52,6,0,0,39,128,0,43,0
19,Pueyrredon,001,0002 ,0444,343,50,4,0,1,38,116,1,58,0
19,Pueyrredon,001,0002 ,0445,343,1,7,5,0,23,117,1,55,2
19,Pueyrredon,001,0003 ,0446,339,29,7,2,0,21,206,0,16,1
19,Pueyrredon,001,0003 ,0447,341,32,2,0,1,21,198,0,21,3
19,Pueyrredon,001,0003 ,0448,340,41,1,0,0,15,196,0,26,2
19,Pueyrredon,001,0003 ,0449,341,35,12,0,2,0,171,0,31,2
19,Pueyrredon,001,0003 ,0450,341,41,1,1,0,17,178,1,33,0
19,Pueyrredon,001,0003 ,0451,340,36,0,6,1,30,184,0,22,0
19,Pueyrredon,001,0003 ,0452,341,9,7,0,1,24,214,1,21,0
19,Pueyrredon,001,0003 ,0453,340,1,4,2,0,29,200,3,28,2
19,Pueyrredon,001,0003 ,0454,341,27,8,1,0,24,189,2,21,1
19,Pueyrredon,001,0003 ,0455,340,28,2,3,1,22,172,0,32,4
19,Pueyrredon,001,0003 ,0456,341,32,6,1,0,15,177,1,24,2
19,Pueyrredon,001,0003 ,0457,340,34,2,7,1,25,188,1,31,2
19,Pueyrredon,001,0003 ,0458,340,31,13,1,1,25,172,1,22,3
19,Pueyrredon,001,0003 ,0459,338,0,0,2,0,18,187,2,18,2
19,Pueyrredon,001,0003 ,0460,340,3,9,0,0,27,183,0,23,0
19,Pueyrredon,001,0003 ,0461,339,28,5,5,0,18,178,0,24,1
19,Pueyrredon,001,0003 ,0462,339,23,4,0,1,22,193,0,22,3
19,Pueyrredon,001,0003 ,0463,339,29,1,1,2,26,182,1,23,2
19,Pueyrredon,001,0003 ,0464,341,23,0,1,1,18,208,2,21,2
19,Pueyrredon,001,0003 ,0465,340,39,1,0,2,15,185,0,20,4
19,Pueyrredon,001,0003 ,0466,339,23,3,3,0,24,186,0,23,1
19,Pueyrredon,001,0003 ,0467,340,0,0,0,0,0,0,0,0,0
19,Pueyrredon,001,0003 ,0468,340,27,11,3,1,29,179,1,19,4
19,Pueyrredon,001,0003 ,0469,338,0,0,1,0,19,188,0,29,0
19,Pueyrredon,001,0003 ,0470,340,0,0,3,1,25,193,1,18,2
19,Pueyrredon,001,0003 ,0471,341,26,4,3,1,22,182,2,29,1
19,Pueyrredon,001,0003 ,0472,340,41,7,0,1,25,190,2,22,0
19,Pueyrredon,001,0003 ,0473,340,28,3,3,2,16,195,0,28,2
19,Pueyrredon,001,0004 ,0474,346,51,1,2,1,73,129,0,20,4
19,Pueyrredon,001,0004 ,0475,346,39,0,2,1,77,139,0,31,2
19,Pueyrredon,001,0004 ,0476,346,0,0,5,69,0,0,0,0,0
19,Pueyrredon,001,0004 ,0477,345,2,3,0,0,77,139,1,12,1
19,Pueyrredon,001,0004 ,0478,346,30,10,0,0,70,150,1,24,0
19,Pueyrredon,001,0004 ,0479,343,59,1,0,0,63,137,0,16,0
19,Pueyrredon,001,0004A,0480,313,51,0,0,0,14,119,1,52,0
19,Pueyrredon,001,0004A,0481,312,35,0,3,0,31,115,2,55,8
19,Pueyrredon,001,0004A,0482,312,30,1,4,3,30,122,4,39,4
19,Pueyrredon,001,0004A,0483,311,31,2,2,0,31,126,0,38,6
19,Pueyrredon,001,0004A,0484,311,34,0,3,0,20,127,2,43,5
19,Pueyrredon,001,0004A,0485,312,0,0,5,2,19,126,2,46,3
19,Pueyrredon,001,0005 ,0486,27,0,0,0,0,3,5,0,2,0
19,Pueyrredon,001,0006 ,0487,294,17,0,0,0,3,239,0,6,0
19,Pueyrredon,001,0006 ,0488,292,1,0,1,0,2,207,0,11,0
19,Pueyrredon,001,0007 ,0489,90,7,0,0,0,5,62,0,2,0
19,Pueyrredon,001,0008 ,0490,48,0,0,0,0,7,25,0,2,0
19,Pueyrredon,001,0009 ,0491,315,41,0,1,0,12,146,1,8,1
19,Pueyrredon,001,0009 ,0492,313,36,4,2,0,14,165,1,12,2
19,Pueyrredon,001,0010 ,0493,299,2,2,1,4,20,105,0,29,1
19,Pueyrredon,001,0010 ,0494,298,45,0,1,0,25,119,2,37,0
19,Pueyrredon,001,0010 ,0495,298,5,0,0,1,34,101,0,27,0
19,Pueyrredon,001,0011 ,0496,49,0,0,0,0,3,9,1,6,0
19,Pueyrredon,001,0012 ,0497,225,0,0,0,0,4,143,0,3,0
19,Pueyrredon,001,0012 ,0498,223,38,0,0,0,4,141,0,0,0
19,Pueyrredon,001,0013 ,0499,139,0,0,1,0,1,99,0,6,0
19,Pueyrredon,001,0014 ,0500,44,0,0,0,0,0,0,0,0,0
19,Pueyrredon,001,0015 ,0501,203,26,0,0,0,25,125,0,0,0
19,Pueyrredon,001,0015 ,0502,203,0,0,0,0,23,132,0,5,0
19,Pueyrredon,001,1001A,0001,341,47,0,3,8,60,135,0,24,2
19,Pueyrredon,001,1001A,0002,341,42,9,3,8,73,123,0,25,1
19,Pueyrredon,001,1001A,0003,340,48,7,0,13,54,141,0,16,2
19,Pueyrredon,001,1001A,0004,341,48,0,2,66,66,122,1,22,2
19,Pueyrredon,001,1001A,0005,342,40,6,0,11,66,130,0,13,2
19,Pueyrredon,001,1001A,0006,341,0,0,0,0,0,0,0,0,0
19,Pueyrredon,001,1001A,0007,341,42,6,1,6,66,145,0,6,0
19,Pueyrredon,001,1001A,0008,341,0,6,2,6,24,158,0,11,1
19,Pueyrredon,001,1001A,0009,341,45,3,2,9,66,141,0,8,0
19,Pueyrredon,001,1001A,0010,341,37,4,1,10,75,124,0,15,1
19,Pueyrredon,001,1001A,0011,341,43,9,5,5,54,141,1,22,0
19,Pueyrredon,001,1001A,0012,341,0,0,0,14,92,123,2,7,2
19,Pueyrredon,001,1001A,0013,341,46,2,0,10,82,128,0,12,0
19,Pueyrredon,001,1001A,0014,341,31,21,2,5,60,132,3,16,1
19,Pueyrredon,001,1001A,0015,341,43,14,0,5,60,143,0,19,0
19,Pueyrredon,001,1001A,0016,340,51,2,2,0,76,134,0,15,0
19,Pueyrredon,001,1001A,0017,340,55,13,2,12,63,119,0,12,0
19,Pueyrredon,001,1001A,0018,341,46,5,0,12,76,106,1,18,2
19,Pueyrredon,001,1001A,0019,340,47,0,2,7,55,151,0,20,1
19,Pueyrredon,001,1001A,0020,340,4,1,2,4,45,165,1,15,1
19,Pueyrredon,001,1001A,0021,342,62,13,1,5,66,121,1,14,2
19,Pueyrredon,001,1001B,0022,332,0,10,3,0,41,122,0,40,2
19,Pueyrredon,001,1001B,0023,332,41,3,5,1,38,121,1,44,6
19,Pueyrredon,001,1001B,0024,330,0,0,0,2,35,140,0,35,0
19,Pueyrredon,001,1001B,0025,331,0,0,2,2,37,146,0,35,4
19,Pueyrredon,001,1001B,0026,331,63,0,3,3,44,123,0,38,0
19,Pueyrredon,001,1001B,0027,331,51,0,10,2,39,133,0,35,2
19,Pueyrredon,001,1001B,0028,330,31,15,2,0,41,133,0,35,2
19,Pueyrredon,001,1001B,0029,330,25,7,5,2,47,132,0,44,3
19,Pueyrredon,001,1001B,0030,331,46,9,2,0,41,142,1,34,0
19,Pueyrredon,001,1001C,0031,303,53,3,3,1,44,100,0,41,1
19,Pueyrredon,001,1001C,0032,303,25,9,4,1,35,111,0,52,0
19,Pueyrredon,001,1001C,0033,302,33,9,5,8,35,120,1,31,0
19,Pueyrredon,001,1001C,0034,302,0,2,2,7,53,95,0,27,3
19,Pueyrredon,001,1001C,0035,302,35,8,4,1,53,103,1,36,4
19,Pueyrredon,001,1001C,0036,302,60,1,2,2,36,126,1,27,0
19,Pueyrredon,001,1001C,0037,302,34,4,3,4,46,103,4,34,4
19,Pueyrredon,001,1002 ,0038,347,6,7,0,0,62,134,0,23,2
19,Pueyrredon,001,1002 ,0039,349,46,0,8,4,50,135,0,25,1
19,Pueyrredon,001,1002 ,0040,347,45,3,2,2,47,145,0,33,1
19,Pueyrredon,001,1002 ,0041,347,29,4,6,3,68,122,0,40,1
19,Pueyrredon,001,1002 ,0042,345,44,0,1,4,55,149,0,21,3
19,Pueyrredon,001,1002 ,0043,345,52,1,4,5,57,103,0,40,1
19,Pueyrredon,001,1002 ,0044,345,54,0,3,2,54,122,0,34,3
19,Pueyrredon,001,1002 ,0045,345,0,0,1,2,60,146,0,22,0
19,Pueyrredon,001,1002 ,0046,346,44,0,10,3,61,134,1,27,0
19,Pueyrredon,001,1002 ,0047,346,36,5,3,2,51,155,1,18,3
19,Pueyrredon,001,1002 ,0048,346,0,0,2,0,38,149,0,21,0
19,Pueyrredon,001,1002 ,0049,346,41,11,3,3,48,154,0,15,4
19,Pueyrredon,001,1002 ,0050,346,45,2,3,2,62,121,1,36,0
19,Pueyrredon,001,1002 ,0051,346,0,0,0,0,44,138,0,15,0
19,Pueyrredon,001,1002 ,0052,346,47,6,3,3,57,128,0,28,1
19,Pueyrredon,001,1002 ,0053,346,0,0,4,3,62,141,0,24,3
19,Pueyrredon,001,1002 ,0054,346,17,0,4,7,62,122,24,13,4
19,Pueyrredon,001,1003 ,0055,350,33,1,0,0,50,154,0,44,0
19,Pueyrredon,001,1003 ,0056,348,55,8,2,6,41,121,0,39,3
19,Pueyrredon,001,1003 ,0057,347,47,5,1,1,46,155,2,30,0
19,Pueyrredon,001,1003 ,0058,349,51,3,1,7,48,105,1,47,5
19,Pueyrredon,001,1003 ,0059,349,66,0,4,3,53,128,0,33,2
19,Pueyrredon,001,1003 ,0060,349,57,0,2,7,42,142,1,24,0
19,Pueyrredon,001,1003 ,0061,349,52,0,0,0,57,125,0,28,5
19,Pueyrredon,001,1003 ,0062,349,45,1,1,5,60,135,0,30,2
19,Pueyrredon,001,1003 ,0063,349,31,10,3,2,64,111,0,46,0
19,Pueyrredon,001,1003 ,0064,348,27,4,6,3,58,134,0,38,4
19,Pueyrredon,001,1003 ,0065,349,1,3,7,2,50,137,1,33,0
19,Pueyrredon,001,1003 ,0066,349,44,4,1,2,60,130,0,33,4
19,Pueyrredon,001,1003 ,0067,346,60,0,3,1,26,131,0,34,1
19,Pueyrredon,001,1003 ,0068,351,0,5,3,8,51,126,0,29,0
19,Pueyrredon,001,1003 ,0069,349,0,0,2,7,58,126,0,0,0
19,Pueyrredon,001,1003 ,0070,349,40,0,2,5,48,127,0,38,2
19,Pueyrredon,001,1003 ,0071,349,36,3,0,6,55,158,1,25,0
19,Pueyrredon,001,1003 ,0072,349,36,4,3,4,50,152,1,21,2
19,Pueyrredon,001,1004 ,0073,341,49,1,0,2,62,133,3,13,2
19,Pueyrredon,001,1004 ,0074,341,0,0,2,0,7,21,0,0,0
19,Pueyrredon,001,1004 ,0075,340,59,9,1,5,71,120,1,17,2
19,Pueyrredon,001,1004 ,0076,342,62,5,0,3,71,113,0,15,0
19,Pueyrredon,001,1004 ,0077,342,53,1,6,0,77,124,0,9,3
19,Pueyrredon,001,1004 ,0078,342,41,3,2,5,62,118,0,24,1
19,Pueyrredon,001,1004 ,0079,342,43,2,1,2,64,139,1,17,2
19,Pueyrredon,001,1004 ,0080,341,9,0,0,2,82,111,0,21,0
19,Pueyrredon,001,1004 ,0081,341,45,5,0,5,60,130,0,14,3
19,Pueyrredon,001,1004 ,0082,340,33,12,2,3,64,130,0,19,1
19,Pueyrredon,001,1004 ,0083,340,41,8,0,4,75,137,0,16,3
19,Pueyrredon,001,1004 ,0084,341,0,0,0,3,57,139,0,23,0
19,Pueyrredon,001,1004 ,0085,341,36,3,4,4,69,114,0,20,2
19,Pueyrredon,001,1004 ,0086,341,0,0,0,4,75,115,2,25,4
19,Pueyrredon,001,1004 ,0087,341,0,0,0,7,64,147,0,7,0
19,Pueyrredon,001,1004 ,0088,342,0,0,0,4,66,123,0,24,0
19,Pueyrredon,001,1004 ,0089,341,49,1,1,4,72,142,0,0,1
19,Pueyrredon,001,1004 ,0090,340,27,13,2,4,75,123,1,14,3
19,Pueyrredon,001,1004 ,0091,341,0,0,0,7,78,115,0,14,0
19,Pueyrredon,001,1004 ,0092,341,46,4,0,7,58,134,1,25,1
19,Pueyrredon,001,1004 ,0093,341,46,0,2,2,59,117,1,21,3
19,Pueyrredon,001,1004 ,0094,341,44,6,1,2,60,113,1,21,2
19,Pueyrredon,001,1004 ,0095,341,31,6,0,10,60,129,0,24,2
19,Pueyrredon,001,1004 ,0096,341,49,12,1,4,78,110,1,18,2
19,Pueyrredon,001,1005 ,0097,350,44,3,2,6,73,103,0,30,1
19,Pueyrredon,001,1005 ,0098,349,50,0,1,1,72,105,1,36,0
19,Pueyrredon,001,1005 ,0099,349,210,0,4,2,61,117,0,23,0
19,Pueyrredon,001,1005 ,0100,349,42,0,5,3,65,112,0,34,0
19,Pueyrredon,001,1005 ,0101,350,1,7,3,4,57,133,0,31,0
19,Pueyrredon,001,1005 ,0102,350,40,8,2,2,62,103,1,31,6
19,Pueyrredon,001,1005 ,0103,350,44,1,3,4,50,128,1,32,2
19,Pueyrredon,001,1005 ,0104,347,47,1,0,7,50,112,0,30,0
19,Pueyrredon,001,1005 ,0105,348,49,6,3,3,50,114,0,32,0
19,Pueyrredon,001,1005 ,0106,350,44,4,2,2,55,114,0,34,1
19,Pueyrredon,001,1005 ,0107,349,1,5,5,4,63,118,0,37,4
19,Pueyrredon,001,1005 ,0108,349,40,2,4,3,56,107,1,40,3
19,Pueyrredon,001,1005 ,0109,350,0,4,6,2,47,122,1,35,2
19,Pueyrredon,001,1005 ,0110,350,37,2,2,4,55,123,0,30,2
19,Pueyrredon,001,1005 ,0111,349,2,3,1,3,74,102,2,26,1
19,Pueyrredon,001,1005 ,0112,350,38,1,0,7,52,128,1,43,0
19,Pueyrredon,001,1006 ,0113,330,44,0,2,2,62,112,0,26,0
19,Pueyrredon,001,1006 ,0114,330,37,20,2,6,54,93,1,38,1
19,Pueyrredon,001,1006 ,0115,328,0,0,6,1,45,86,1,51,6
19,Pueyrredon,001,1006 ,0116,330,42,4,8,3,42,92,1,44,2
19,Pueyrredon,001,1006 ,0117,329,46,0,3,0,39,117,2,40,4
19,Pueyrredon,001,1006 ,0118,328,46,2,3,4,42,124,0,25,0
19,Pueyrredon,001,1006 ,0119,328,49,3,6,1,45,103,0,36,1
19,Pueyrredon,001,1006 ,0120,329,0,4,6,2,58,107,0,30,0
19,Pueyrredon,001,1006 ,0121,329,50,0,2,3,61,90,0,31,3
19,Pueyrredon,001,1006 ,0122,328,0,0,0,0,0,0,0,0,0
19,Pueyrredon,001,1006 ,0123,329,0,0,2,4,50,107,1,29,0
19,Pueyrredon,001,1006 ,0124,327,0,4,3,2,57,95,1,39,1
19,Pueyrredon,001,1006 ,0125,329,41,0,3,3,55,108,1,34,3
19,Pueyrredon,001,1006 ,0126,329,2,12,2,1,43,122,0,24,2
19,Pueyrredon,001,1006 ,0127,329,41,5,3,5,38,94,0,41,2
19,Pueyrredon,001,1006 ,0128,328,41,4,1,10,54,105,0,25,3
19,Pueyrredon,001,1007 ,0129,346,0,5,4,4,51,131,0,39,1
19,Pueyrredon,001,1007 ,0130,346,55,7,0,6,40,131,1,0,2
19,Pueyrredon,001,1007 ,0131,347,39,2,4,3,52,148,0,30,1
19,Pueyrredon,001,1007 ,0132,347,47,3,3,3,54,126,0,38,3
19,Pueyrredon,001,1007 ,0133,346,7,2,0,4,61,165,0,17,1
19,Pueyrredon,001,1007 ,0134,346,41,2,3,6,42,159,0,31,1
19,Pueyrredon,001,1007 ,0135,345,37,5,1,2,61,129,1,36,0
19,Pueyrredon,001,1007 ,0136,345,43,4,3,4,46,142,0,29,1
19,Pueyrredon,001,1007 ,0137,345,41,3,1,4,43,143,1,37,4
19,Pueyrredon,001,1007 ,0138,346,48,3,3,2,47,128,0,29,3
19,Pueyrredon,001,1007 ,0139,345,50,2,5,0,53,131,1,32,4
19,Pueyrredon,001,1007 ,0140,346,43,4,1,2,53,127,0,32,1
19,Pueyrredon,001,1007 ,0141,344,42,1,4,1,53,131,1,27,1
19,Pueyrredon,001,1007 ,0142,346,42,4,1,4,63,139,1,27,0
19,Pueyrredon,001,1007 ,0143,346,45,6,2,2,65,128,0,34,1
19,Pueyrredon,001,1007 ,0144,345,55,2,3,1,50,120,2,0,1
19,Pueyrredon,001,1007 ,0145,345,50,5,1,2,38,148,0,27,0
19,Pueyrredon,001,1007 ,0146,346,48,5,0,4,38,131,1,40,0
19,Pueyrredon,001,1007 ,0147,346,42,14,0,5,41,121,0,35,0
19,Pueyrredon,001,1007 ,0148,346,38,4,1,2,49,127,0,44,2
19,Pueyrredon,001,1007 ,0149,346,36,7,6,3,49,145,0,26,0
19,Pueyrredon,001,1007 ,0150,346,52,0,2,7,45,132,0,27,4
19,Pueyrredon,001,1007 ,0151,346,0,0,0,1,50,143,1,20,0
19,Pueyrredon,001,1008A,0152,334,26,0,0,4,69,147,0,33,0
19,Pueyrredon,001,1008A,0153,334,56,1,2,3,56,115,3,36,0
19,Pueyrredon,001,1008A,0154,334,59,2,0,0,52,128,1,35,0
19,Pueyrredon,001,1008A,0155,334,5,28,1,7,44,120,0,28,0
19,Pueyrredon,001,1008A,0156,333,0,0,0,2,65,124,0,30,0
19,Pueyrredon,001,1008A,0157,334,0,4,0,5,59,131,2,41,3
19,Pueyrredon,001,1008B,0158,348,61,0,1,6,59,116,0,23,0
19,Pueyrredon,001,1008B,0159,347,0,0,6,5,55,136,0,27,0
19,Pueyrredon,001,1008B,0160,347,50,5,1,3,46,143,0,21,3
19,Pueyrredon,001,1008B,0161,347,37,8,3,6,37,156,4,22,0
19,Pueyrredon,001,1008B,0162,348,49,2,6,3,44,142,1,25,3
19,Pueyrredon,001,1008B,0163,348,33,2,2,2,43,172,2,36,4
19,Pueyrredon,001,1008B,0164,348,4,1,0,5,53,157,2,22,0
19,Pueyrredon,001,1008B,0165,348,3,2,2,3,49,143,0,25,1
19,Pueyrredon,001,1008B,0166,348,0,0,2,8,0,159,0,17,0
19,Pueyrredon,001,1008C,0167,342,37,2,1,8,48,144,2,30,2
19,Pueyrredon,001,1008C,0168,342,1,3,0,2,44,142,0,41,1
19,Pueyrredon,001,1008C,0169,343,0,0,0,5,46,143,1,35,0
19,Pueyrredon,001,1008C,0170,343,39,5,2,4,58,130,2,42,1
19,Pueyrredon,001,1008C,0171,343,31,1,1,4,58,152,0,36,2
19,Pueyrredon,001,1008C,0172,342,5,0,1,0,47,150,0,23,0
19,Pueyrredon,001,1008C,0173,343,0,0,0,4,0,0,0,0,0
19,Pueyrredon,001,1008C,0174,343,0,0,0,0,0,0,0,0,0
19,Pueyrredon,001,1008C,0175,343,4,2,5,2,45,134,0,0,2
19,Pueyrredon,001,1008C,0176,343,51,1,2,3,49,136,1,39,2
19,Pueyrredon,001,1008C,0177,343,3,1,2,0,45,159,0,30,3
19,Pueyrredon,001,1008C,0178,342,36,7,1,4,45,139,1,35,1
19,Pueyrredon,001,1008C,0179,340,0,3,0,7,51,152,1,28,0
19,Pueyrredon,001,1008C,0180,342,36,4,2,3,50,136,1,0,3
19,Pueyrredon,001,1008C,0181,343,0,11,0,4,50,134,1,33,2
19,Pueyrredon,001,1008D,0182,349,50,14,2,0,43,140,0,43,4
19,Pueyrredon,001,1008D,0183,349,190,8,0,0,0,0,0,0,0
19,Pueyrredon,001,1008D,0184,349,43,1,7,6,36,153,2,37,4
19,Pueyrredon,001,1008D,0185,348,41,1,0,0,46,156,0,37,0
19,Pueyrredon,001,1008D,0186,348,2,6,1,6,43,156,1,37,0
19,Pueyrredon,001,1008D,0187,347,46,4,5,4,45,139,21,12,1
19,Pueyrredon,001,1008D,0188,348,46,0,4,2,44,141,1,45,2
19,Pueyrredon,001,1008D,0189,347,46,3,2,5,42,138,0,36,4
19,Pueyrredon,001,1008D,0190,348,53,0,7,4,46,127,0,0,1
19,Pueyrredon,001,1008D,0191,347,45,2,3,2,39,145,1,40,1
19,Pueyrredon,001,1008D,0192,347,49,1,2,3,42,147,0,56,1
19,Pueyrredon,001,1008E,0193,335,57,0,5,0,50,117,1,38,2
19,Pueyrredon,001,1008E,0194,334,42,3,3,5,44,131,0,47,2
19,Pueyrredon,001,1008E,0195,334,39,4,0,2,57,116,0,34,4
19,Pueyrredon,001,1008E,0196,334,42,4,3,5,50,128,0,31,6
19,Pueyrredon,001,1008E,0197,334,61,2,4,2,49,132,0,32,2
19,Pueyrredon,001,1008E,0198,334,0,8,0,0,47,143,2,33,1
19,Pueyrredon,001,1008E,0199,334,0,0,5,7,45,105,0,32,1
19,Pueyrredon,001,1008E,0200,334,47,2,5,0,34,137,2,31,3
19,Pueyrredon,001,1008E,0201,334,31,10,6,3,44,119,0,41,3
19,Pueyrredon,001,1008E,0202,333,0,1,4,2,52,121,0,36,0
19,Pueyrredon,001,1008E,0203,334,0,0,4,3,43,128,0,35,0
19,Pueyrredon,001,1008E,0204,334,0,6,2,2,33,130,3,43,0
19,Pueyrredon,001,1008E,0205,333,0,0,0,0,0,0,0,0,0
19,Pueyrredon,001,1008E,0206,333,0,8,4,2,35,148,2,29,1
19,Pueyrredon,001,1009 ,0207,326,37,2,4,6,38,109,0,53,3
19,Pueyrredon,001,1009 ,0208,326,38,4,3,3,34,111,1,63,2
19,Pueyrredon,001,1009 ,0209,327,21,4,5,2,36,116,0,64,3
19,Pueyrredon,001,1009 ,0210,326,30,12,1,2,41,116,1,45,1
19,Pueyrredon,001,1009 ,0211,326,36,2,2,1,36,119,0,60,2
19,Pueyrredon,001,1009 ,0212,326,68,3,0,1,40,89,3,45,1
19,Pueyrredon,001,1009 ,0213,326,53,5,6,2,29,119,4,45,4
19,Pueyrredon,001,1009 ,0214,324,46,7,2,1,52,108,0,45,4
19,Pueyrredon,001,1009 ,0215,325,0,0,4,3,32,3,1,75,0
19,Pueyrredon,001,1009 ,0216,322,1,16,0,4,42,162,0,51,0
19,Pueyrredon,001,1010 ,0217,327,0,0,1,0,77,0,0,0,0
19,Pueyrredon,001,1010 ,0218,328,44,5,0,1,51,113,3,34,0
19,Pueyrredon,001,1010 ,0219,327,0,0,1,3,42,106,0,39,6
19,Pueyrredon,001,1010 ,0220,326,45,2,4,0,46,117,0,32,2
19,Pueyrredon,001,1010 ,0221,326,32,0,4,2,66,111,0,38,1
19,Pueyrredon,001,1010 ,0222,327,0,0,3,0,59,87,0,90,0
19,Pueyrredon,001,1010 ,0223,327,57,4,0,5,59,87,1,36,7
19,Pueyrredon,001,1010 ,0224,326,0,0,0,0,0,0,0,0,0
19,Pueyrredon,001,1010 ,0225,326,42,4,1,2,58,107,1,34,2
19,Pueyrredon,001,1010 ,0226,327,0,0,3,9,55,128,0,30,1
19,Pueyrredon,001,1010 ,0227,326,0,0,0,7,49,120,1,44,1
19,Pueyrredon,001,1011 ,0228,333,36,0,1,5,52,98,3,44,4
19,Pueyrredon,001,1011 ,0229,334,23,7,5,5,51,92,0,52,4
19,Pueyrredon,001,1011 ,0230,334,50,4,3,0,38,84,0,34,5
19,Pueyrredon,001,1011 ,0231,334,34,8,3,1,38,100,2,47,6
19,Pueyrredon,001,1011 ,0232,333,35,6,4,2,36,104,0,41,3
19,Pueyrredon,001,1011 ,0233,333,44,12,2,4,37,96,0,44,3
19,Pueyrredon,001,1011 ,0234,332,5,4,5,7,39,95,1,59,4
19,Pueyrredon,001,1011 ,0235,331,67,0,5,0,36,83,2,36,7
19,Pueyrredon,001,1011 ,0236,333,0,0,4,6,43,94,0,53,0
19,Pueyrredon,001,1011 ,0237,333,50,9,1,5,41,84,0,50,4
19,Pueyrredon,001,1012 ,0238,317,41,2,4,1,48,100,1,43,4
19,Pueyrredon,001,1012 ,0239,317,44,0,2,1,31,81,1,58,1
19,Pueyrredon,001,1012 ,0240,317,39,1,3,3,43,84,0,56,0
19,Pueyrredon,001,1012 ,0241,317,35,4,1,3,37,100,0,52,3
19,Pueyrredon,001,1012 ,0242,316,0,1,3,3,34,88,1,46,3
19,Pueyrredon,001,1012 ,0243,316,36,1,5,3,28,90,0,64,3
19,Pueyrredon,001,1012 ,0244,316,36,0,3,0,47,101,0,36,3
19,Pueyrredon,001,1012 ,0245,315,30,0,5,3,48,90,0,51,3
19,Pueyrredon,001,1012 ,0246,315,40,1,9,1,34,91,0,43,4
19,Pueyrredon,001,1012 ,0247,316,62,0,3,0,41,79,1,35,1
19,Pueyrredon,001,1013 ,0248,340,32,1,7,1,29,90,0,75,4
19,Pueyrredon,001,1013 ,0249,339,0,0,2,0,38,76,1,65,9
19,Pueyrredon,001,1013 ,0250,339,3,5,5,3,34,90,1,74,5
19,Pueyrredon,001,1013 ,0251,338,0,0,0,1,25,96,0,67,0
19,Pueyrredon,001,1013 ,0252,340,27,8,5,2,29,94,0,68,5
19,Pueyrredon,001,1013 ,0253,337,0,0,0,0,0,0,0,0,0
19,Pueyrredon,001,1013 ,0254,340,51,0,5,1,29,97,0,53,6
19,Pueyrredon,001,1013 ,0255,341,51,4,7,2,48,90,0,46,0
19,Pueyrredon,001,1013 ,0256,339,1,3,4,0,40,88,4,55,6
19,Pueyrredon,001,1013 ,0257,339,35,1,6,3,27,71,1,69,5
19,Pueyrredon,001,1013 ,0258,340,28,6,3,2,49,93,1,64,0
19,Pueyrredon,001,1013 ,0259,338,39,5,8,3,28,85,1,55,6
19,Pueyrredon,001,1013 ,0260,338,42,2,5,2,38,92,0,54,4
19,Pueyrredon,001,1013 ,0261,338,40,2,1,4,32,103,1,47,0
19,Pueyrredon,001,1014 ,0262,320,33,4,3,1,20,107,0,57,2
19,Pueyrredon,001,1014 ,0263,319,39,0,4,1,38,103,0,55,2
19,Pueyrredon,001,1014 ,0264,318,0,0,5,2,28,100,0,52,1
19,Pueyrredon,001,1014 ,0265,319,37,11,11,0,25,98,1,52,0
19,Pueyrredon,001,1014 ,0266,319,45,1,7,2,23,103,0,60,5
19,Pueyrredon,001,1014 ,0267,319,43,1,9,3,37,99,2,41,0
19,Pueyrredon,001,1014 ,0268,318,39,0,3,1,40,91,0,59,4
19,Pueyrredon,001,1014 ,0269,318,2,1,1,0,32,112,0,50,4
19,Pueyrredon,001,1014 ,0270,319,38,2,8,2,29,103,0,54,3
19,Pueyrredon,001,1014 ,0271,319,34,3,0,0,54,109,0,41,1
19,Pueyrredon,001,1015 ,0272,323,3,9,0,10,60,118,0,21,2
19,Pueyrredon,001,1015 ,0273,322,49,1,0,5,58,118,0,29,1
19,Pueyrredon,001,1015 ,0274,322,0,0,0,5,80,94,0,22,0
19,Pueyrredon,001,1015 ,0275,321,47,1,1,3,60,116,0,19,2
19,Pueyrredon,001,1015 ,0276,322,38,5,1,3,65,115,0,17,3
19,Pueyrredon,001,1016 ,0277,335,44,0,2,1,51,101,2,36,6
19,Pueyrredon,001,1016 ,0278,334,0,3,2,4,36,1,0,89,27
19,Pueyrredon,001,1016 ,0279,333,45,5,4,2,54,103,1,36,5
19,Pueyrredon,001,1016 ,0280,333,40,6,0,3,50,113,0,31,1
19,Pueyrredon,001,1016 ,0281,332,0,3,1,4,51,119,0,45,0
19,Pueyrredon,001,1016 ,0282,333,31,2,6,3,44,96,4,50,1
19,Pueyrredon,001,1016 ,0283,332,43,6,4,2,41,120,0,28,3
19,Pueyrredon,001,1016 ,0284,333,36,3,5,3,31,137,0,39,2
19,Pueyrredon,001,1017 ,0285,343,44,1,6,0,39,101,1,58,2
19,Pueyrredon,001,1017 ,0286,342,44,0,4,1,36,109,0,54,3
19,Pueyrredon,001,1017 ,0287,343,46,0,5,0,49,91,0,59,2
19,Pueyrredon,001,1017 ,0288,343,37,1,8,1,39,106,0,42,6
19,Pueyrredon,001,1017 ,0289,342,49,1,5,2,41,76,1,68,5
19,Pueyrredon,001,1017 ,0290,343,46,1,6,5,40,103,0,56,0
19,Pueyrredon,001,1017 ,0291,343,29,0,4,0,41,83,2,67,4
19,Pueyrredon,001,1017 ,0292,342,41,3,2,1,41,88,1,49,4
19,Pueyrredon,001,1017 ,0293,342,34,4,5,0,36,94,0,67,2
19,Pueyrredon,001,1017 ,0294,342,34,2,4,1,53,108,0,48,2
19,Pueyrredon,001,1017 ,0295,342,49,1,3,2,39,73,2,62,1
19,Pueyrredon,001,1017 ,0296,342,0,0,3,1,34,91,0,55,0
19,Pueyrredon,001,1017 ,0297,342,46,2,0,2,45,101,0,50,1
19,Pueyrredon,001,1017 ,0298,342,0,0,5,2,42,96,0,60,3
19,Pueyrredon,001,1017 ,0299,341,53,4,10,3,25,102,1,45,3
19,Pueyrredon,001,1017 ,0300,342,34,3,5,1,52,105,0,53,2
19,Pueyrredon,001,1017 ,0301,340,51,2,6,3,51,82,1,51,4
19,Pueyrredon,001,1018 ,0302,341,29,5,1,1,41,103,1,45,3
19,Pueyrredon,001,1018 ,0303,343,33,3,0,0,0,108,0,59,6
19,Pueyrredon,001,1018 ,0304,343,34,4,4,0,36,122,0,38,2
19,Pueyrredon,001,1018 ,0305,343,38,5,7,2,39,98,1,57,3
19,Pueyrredon,001,1018 ,0306,343,18,1,4,1,41,123,0,50,2
19,Pueyrredon,001,1018 ,0307,343,38,2,4,1,49,101,0,51,0
19,Pueyrredon,001,1018 ,0308,343,37,1,2,3,42,106,0,46,0
19,Pueyrredon,001,1018 ,0309,343,51,0,6,3,48,97,0,41,3
19,Pueyrredon,001,1018 ,0310,343,41,0,1,3,44,108,0,49,3
19,Pueyrredon,001,1018 ,0311,342,58,0,1,4,35,101,1,54,2
19,Pueyrredon,001,1018 ,0312,340,41,0,2,1,48,106,1,39,1
19,Pueyrredon,001,1018 ,0313,343,36,5,4,2,45,104,0,36,3
19,Pueyrredon,001,1018 ,0314,342,35,0,1,1,53,88,0,48,4
19,Pueyrredon,001,1018 ,0315,341,39,0,5,4,0,99,0,58,2
19,Pueyrredon,001,1018 ,0316,342,34,0,5,3,49,109,0,49,3
19,Pueyrredon,001,1018 ,0317,341,40,0,3,1,54,109,0,37,4
19,Pueyrredon,001,1018 ,0318,342,45,2,0,1,39,108,1,54,0
19,Pueyrredon,001,1018 ,0319,343,34,2,1,2,42,102,1,52,4
19,Pueyrredon,001,1019 ,0320,349,53,0,2,1,60,130,0,21,1
19,Pueyrredon,001,1019 ,0321,348,38,0,2,2,70,118,0,32,2
19,Pueyrredon,001,1019 ,0322,348,30,3,1,3,52,120,2,34,0
19,Pueyrredon,001,1019 ,0323,347,59,2,1,0,55,131,0,33,1
19,Pueyrredon,001,1019 ,0324,347,4,7,0,3,72,125,0,15,0
19,Pueyrredon,001,1019 ,0325,347,49,5,6,2,45,121,1,24,2
19,Pueyrredon,001,1019 ,0326,348,4,1,3,1,55,130,1,26,0
19,Pueyrredon,001,1019 ,0327,347,42,1,1,8,53,117,0,27,1
19,Pueyrredon,001,1019 ,0328,347,3,0,2,0,60,114,0,42,0
19,Pueyrredon,001,1019 ,0329,348,70,3,3,3,62,93,2,35,0
19,Pueyrredon,001,1019 ,0330,348,44,4,0,4,70,105,0,34,0
19,Pueyrredon,001,1020 ,0331,350,30,10,0,8,58,150,1,27,2
19,Pueyrredon,001,1020 ,0332,348,56,3,2,1,55,133,0,19,4
19,Pueyrredon,001,1020 ,0333,349,2,1,0,9,72,133,0,26,1
19,Pueyrredon,001,1020 ,0334,348,56,0,0,5,70,135,3,14,2
19,Pueyrredon,001,1020 ,0335,349,3,6,0,9,62,143,0,14,2
19,Pueyrredon,001,1020 ,0336,348,0,4,4,2,52,124,1,12,3
19,Pueyrredon,001,1020 ,0337,349,59,3,0,7,54,125,0,22,2
19,Pueyrredon,001,1020 ,0338,348,37,6,0,3,61,152,1,20,4
19,Pueyrredon,001,1020 ,0339,348,46,6,0,2,63,139,1,19,0
19,Pueyrredon,001,1020 ,0340,349,0,0,0,0,0,0,0,0,0
19,Pueyrredon,001,1020 ,0341,349,52,3,1,5,53,144,0,15,0
19,Pueyrredon,001,1020 ,0342,349,42,3,0,5,52,142,0,27,0
19,Pueyrredon,001,1020 ,0343,349,33,6,1,5,59,147,0,24,1
19,Pueyrredon,001,1020 ,0344,349,25,8,0,11,78,120,1,29,1
19,Pueyrredon,001,1020 ,0345,348,3,1,2,3,82,130,0,15,0
19,Pueyrredon,001,1020 ,0346,349,49,0,0,8,62,114,0,28,1
19,Pueyrredon,001,1020 ,0347,349,0,0,2,2,101,137,2,11,0
19,Pueyrredon,001,1020 ,0348,349,35,8,0,4,76,123,0,24,1
19,Pueyrredon,001,1020 ,0349,349,53,2,5,3,84,112,0,23,2
19,Pueyrredon,001,1020 ,0350,348,50,2,0,7,52,150,0,21,0
19,Pueyrredon,001,1020 ,0351,349,0,5,0,3,72,134,1,18,0
19,Pueyrredon,001,1020 ,0352,349,37,9,0,7,77,132,0,21,0
19,Pueyrredon,001,1020 ,0353,347,6,11,2,5,1,123,0,19,0
19,Pueyrredon,001,1020 ,0354,348,39,6,0,2,56,143,0,16,0
19,Pueyrredon,001,1020 ,0355,349,0,0,2,8,62,141,0,15,1
19,Pueyrredon,001,1020 ,0356,349,0,0,0,4,53,124,0,0,0
19,Pueyrredon,001,1020 ,0357,347,0,0,1,12,59,131,0,24,4
19,Pueyrredon,001,1020 ,0358,345,0,0,3,3,65,134,1,15,2
19,Pueyrredon,001,1021 ,0359,338,45,2,0,4,59,148,1,15,3
19,Pueyrredon,001,1021 ,0360,336,58,14,0,6,50,146,1,10,0
19,Pueyrredon,001,1021 ,0361,337,39,3,1,6,52,159,0,16,1
19,Pueyrredon,001,1021 ,0362,336,3,0,1,0,60,151,0,0,1
19,Pueyrredon,001,1021 ,0363,336,44,0,0,7,55,146,0,28,0
19,Pueyrredon,001,1021 ,0364,337,46,6,1,16,42,132,1,30,1
19,Pueyrredon,001,1021 ,0365,337,0,0,1,9,53,147,1,12,1
19,Pueyrredon,001,1021 ,0366,336,0,0,0,5,66,151,1,10,0
19,Pueyrredon,001,1021 ,0367,337,0,0,1,2,57,167,1,16,3
19,Pueyrredon,001,1021 ,0368,336,5,5,0,5,62,122,0,18,1
19,Pueyrredon,001,1021 ,0369,337,34,0,1,5,74,141,0,20,3
19,Pueyrredon,001,1021 ,0370,337,57,0,0,10,74,123,0,14,2
19,Pueyrredon,001,1021 ,0371,338,44,7,0,5,42,148,1,20,0
19,Pueyrredon,001,1022 ,0372,342,47,7,2,5,56,120,1,28,3
19,Pueyrredon,001,1022 ,0373,342,10,0,0,4,61,91,1,14,0
19,Pueyrredon,001,1022 ,0374,342,81,2,0,6,36,144,0,0,5
19,Pueyrredon,001,1022 ,0375,342,53,4,0,5,46,131,1,34,6
19,Pueyrredon,001,1022 ,0376,341,39,0,7,7,47,142,0,34,4
19,Pueyrredon,001,1022 ,0377,342,43,2,0,0,36,136,0,53,1
19,Pueyrredon,001,1022 ,0378,342,1,0,0,5,70,132,1,29,0
19,Pueyrredon,001,1022 ,0379,341,1,26,1,0,53,136,0,29,2
19,Pueyrredon,001,1022 ,0380,342,38,6,1,6,57,120,1,35,0
19,Pueyrredon,001,1022 ,0381,342,0,0,3,4,51,122,0,31,3
19,Pueyrredon,001,1022 ,0382,341,1,7,1,3,24,110,1,40,6
19,Pueyrredon,001,1022 ,0383,342,0,10,2,5,56,118,0,27,2
19,Pueyrredon,001,1022 ,0384,341,37,7,1,0,47,120,1,41,1
19,Pueyrredon,001,1022 ,0385,342,0,0,0,0,0,0,0,0,0
19,Pueyrredon,001,1022 ,0386,342,41,1,4,4,48,147,10,27,1
19,Pueyrredon,001,1022 ,0387,341,0,0,2,0,54,141,1,24,1
19,Pueyrredon,001,1022 ,0388,342,42,6,3,1,56,133,0,26,5
19,Pueyrredon,001,1022 ,0389,342,36,5,4,0,47,124,2,43,2
19,Pueyrredon,001,1022 ,0390,341,0,0,21,9,44,0,0,0,0
19,Pueyrredon,001,1022 ,0391,342,41,4,4,4,52,125,0,29,1
19,Pueyrredon,001,1022 ,0392,342,0,0,2,7,58,138,0,18,1
19,Pueyrredon,001,1022 ,0393,341,45,0,1,6,52,141,3,31,0
19,Pueyrredon,001,1022 ,0394,340,35,14,3,6,62,121,0,18,1
19,Pueyrredon,001,1022 ,0395,342,27,5,3,9,45,150,1,23,3
19,Pueyrredon,001,1022 ,0396,342,0,0,4,5,48,143,0,31,4
19,Pueyrredon,001,1022 ,0397,341,46,0,1,4,45,137,1,26,8
19,Pueyrredon,001,1022 ,0398,342,0,3,0,5,53,143,2,23,7
19,Pueyrredon,001,1022 ,0399,341,0,0,0,2,51,137,1,38,0
19,Pueyrredon,001,1022 ,0400,342,0,0,0,0,0,0,0,0,0
19,Pueyrredon,001,1022 ,0401,341,67,0,1,9,36,129,1,30,5
19,Pueyrredon,001,1022 ,0402,342,41,3,3,4,58,137,1,24,0
19,Pueyrredon,001,1022 ,0403,342,23,0,2,7,55,123,0,38,3
19,Pueyrredon,001,1022 ,0404,342,40,6,0,9,26,141,0,37,0
19,Pueyrredon,001,1022 ,0405,340,53,2,4,4,41,130,0,44,1
19,Pueyrredon,001,1022 ,0406,342,44,0,3,3,55,140,1,25,2
19,Pueyrredon,001,1022 ,0407,342,44,4,1,6,36,140,1,37,2
19,Pueyrredon,001,1022 ,0408,342,190,3,0,7,51,149,0,30,2
19,Pueyrredon,001,1022 ,0409,341,43,5,0,5,43,125,0,36,3
19,Pueyrredon,001,1022 ,0410,341,39,9,1,4,51,132,1,41,5
19,Pueyrredon,001,1022 ,0411,340,48,9,2,2,45,112,0,41,0
19,Pueyrredon,001,1022 ,0412,340,95,0,4,8,47,84,0,29,1
19,Pringles,002,0016 ,0503,210,5,0,0,12,4,115,0,8,0
19,Pringles,002,0016 ,0504,208,0,0,0,14,6,99,0,11,0
19,Pringles,002,0017 ,0505,288,35,0,0,0,3,191,0,26,0
19,Pringles,002,0017 ,0506,288,23,3,0,0,4,183,1,32,0
19,Pringles,002,0017 ,0507,286,36,3,0,0,3,166,1,26,1
19,Pringles,002,0017 ,0508,287,31,0,0,0,0,186,0,31,0
19,Pringles,002,0019 ,0529,29,1,0,0,0,0,15,0,2,0
19,Pringles,002,0020 ,0530,34,0,3,0,0,0,16,0,2,0
19,Pringles,002,0021 ,0531,279,51,1,0,0,6,177,0,8,0
19,Pringles,002,0021 ,0532,278,39,1,0,0,5,180,0,17,0
19,Pringles,002,0022 ,0533,33,3,0,0,0,0,21,0,0,0
19,Pringles,002,0022A,0534,31,5,0,0,0,3,9,0,5,0
19,Pringles,002,0023 ,0535,114,14,1,0,0,16,39,0,19,0
19,Pringles,002,0024 ,0536,297,35,3,0,0,32,118,1,47,1
19,Pringles,002,0024 ,0537,297,44,2,0,0,32,105,0,47,5
19,Pringles,002,0024 ,0538,297,0,0,0,0,29,95,0,62,0
19,Pringles,002,0024 ,0539,294,27,0,0,0,22,119,0,57,3
19,Pringles,002,0024 ,0540,296,26,8,5,0,16,133,1,56,0
19,Pringles,002,0024 ,0541,296,0,0,0,0,32,111,1,59,0
19,Pringles,002,0025 ,0542,222,25,1,1,1,0,130,0,29,0
19,Pringles,002,0025 ,0543,222,41,0,0,0,15,110,0,17,0
19,Pringles,002,0026 ,0545,276,38,4,2,0,44,122,1,17,0
19,Pringles,002,0026A,0546,260,8,9,0,0,54,134,0,22,0
19,Pringles,002,0027 ,0544,95,11,0,1,0,11,46,0,6,0
19,Pringles,002,0028 ,0547,34,3,0,1,0,1,12,0,0,0
19,Pringles,002,1801 ,0509,284,50,0,1,0,7,115,0,44,0
19,Pringles,002,1801 ,0510,282,48,0,2,0,12,139,0,34,0
19,Pringles,002,1801 ,0511,283,0,3,2,0,6,139,0,26,0
19,Pringles,002,1801 ,0512,283,50,0,0,0,6,146,1,29,2
19,Pringles,002,1801 ,0513,282,45,0,1,0,11,143,0,21,0
19,Pringles,002,1802 ,0514,312,44,0,1,0,14,167,0,25,0
19,Pringles,002,1802 ,0515,313,46,3,0,0,9,180,0,23,0
19,Pringles,002,1802 ,0516,311,40,1,0,0,2,184,0,23,1
19,Pringles,002,1802 ,0517,312,50,0,0,0,9,180,1,23,0
19,Pringles,002,1803 ,0518,328,41,4,2,0,7,194,0,27,0
19,Pringles,002,1803 ,0519,328,45,0,1,0,7,195,0,30,1
19,Pringles,002,1803 ,0520,328,0,2,0,0,9,187,0,28,0
19,Pringles,002,1803 ,0521,328,58,6,0,0,15,174,0,30,0
19,Pringles,002,1803 ,0522,328,44,2,0,0,5,189,2,27,1
19,Pringles,002,1804 ,0523,342,50,2,1,0,11,178,0,43,0
19,Pringles,002,1804 ,0524,342,138,1,2,0,6,0,0,31,0
19,Pringles,002,1804 ,0525,342,44,0,0,0,4,200,0,36,3
19,Pringles,002,1804 ,0526,342,0,0,0,0,5,185,0,33,0
19,Pringles,002,1804 ,0527,341,0,0,0,0,9,178,0,51,0
19,Pringles,002,1804 ,0528,341,55,0,2,0,13,179,0,42,4
19,Pedernera,003,0031 ,0817,19,0,0,0,0,2,7,0,2,0
19,Pedernera,003,0032 ,0818,146,11,0,0,0,13,74,0,8,0
19,Pedernera,003,0033 ,0819,12,0,0,0,0,1,9,0,2,0
19,Pedernera,003,0035 ,0848,5,0,0,0,0,0,1,0,0,0
19,Pedernera,003,0036 ,0849,201,0,0,1,0,6,110,0,15,0
19,Pedernera,003,0037 ,0850,63,8,0,0,0,1,34,0,5,0
19,Pedernera,003,0038 ,0851,193,39,0,0,0,4,86,1,27,1
19,Pedernera,003,0038 ,0852,193,29,0,0,2,11,74,0,29,0
19,Pedernera,003,0039 ,0853,220,15,2,0,0,0,117,0,47,0
19,Pedernera,003,0039 ,0854,220,21,0,0,1,9,121,0,41,0
19,Pedernera,003,0040 ,0855,233,30,4,3,0,1,44,1,65,0
19,Pedernera,003,0040 ,0856,233,12,0,2,0,5,61,1,60,3
19,Pedernera,003,0041 ,0857,287,87,0,0,0,25,92,0,34,0
19,Pedernera,003,3001A,0548,317,0,0,1,3,27,93,1,32,0
19,Pedernera,003,3001A,0549,315,46,0,1,0,32,120,1,40,1
19,Pedernera,003,3001A,0550,317,243,0,1,5,21,139,2,43,0
19,Pedernera,003,3001A,0551,316,81,0,0,5,23,130,0,0,0
19,Pedernera,003,3001A,0552,316,34,0,3,0,32,96,3,48,1
19,Pedernera,003,3001A,0553,315,52,0,0,4,27,123,0,42,4
19,Pedernera,003,3001A,0554,316,0,0,2,2,24,125,0,33,0
19,Pedernera,003,3001A,0555,315,48,0,2,3,32,101,0,27,0
19,Pedernera,003,3001A,0556,316,54,0,1,3,37,119,0,39,1
19,Pedernera,003,3001A,0557,316,0,0,4,2,18,0,0,0,0
19,Pedernera,003,3001B,0558,340,45,11,0,3,20,120,0,42,0
19,Pedernera,003,3001B,0559,340,56,0,1,4,21,132,0,46,2
19,Pedernera,003,3001B,0560,341,0,0,1,2,29,114,0,57,0
19,Pedernera,003,3001B,0561,340,1,4,7,1,29,135,0,37,0
19,Pedernera,003,3001B,0562,339,5,1,3,1,20,131,0,57,6
19,Pedernera,003,3001B,0563,340,58,4,2,4,22,123,1,53,1
19,Pedernera,003,3001B,0564,340,53,4,2,5,20,128,0,51,1
19,Pedernera,003,3001B,0565,340,0,0,1,3,24,122,2,58,6
19,Pedernera,003,3001B,0566,340,58,3,0,3,18,154,0,41,0
19,Pedernera,003,3001B,0567,340,3,0,0,3,25,151,1,41,6
19,Pedernera,003,3001B,0568,340,71,9,1,2,24,144,0,40,1
19,Pedernera,003,3001B,0569,340,1,5,0,3,25,136,1,17,2
19,Pedernera,003,3001B,0570,340,37,6,1,10,25,155,0,34,2
19,Pedernera,003,3001B,0571,340,4,2,0,5,21,141,2,42,0
19,Pedernera,003,3001B,0572,340,69,8,2,4,24,127,0,38,0
19,Pedernera,003,3001B,0573,339,43,0,2,3,21,152,1,52,4
19,Pedernera,003,3001B,0574,339,87,0,3,2,0,143,0,42,2
19,Pedernera,003,3001B,0575,338,42,0,0,2,0,171,0,65,0
19,Pedernera,003,3001B,0576,339,70,9,1,5,20,131,1,51,2
19,Pedernera,003,3001B,0577,339,43,0,2,4,24,136,1,62,1
19,Pedernera,003,3001B,0578,339,70,0,3,4,23,124,0,48,2
19,Pedernera,003,3001B,0579,339,63,0,2,1,15,159,0,40,4
19,Pedernera,003,3002 ,0580,341,53,18,1,5,24,81,2,52,2
19,Pedernera,003,3002 ,0581,341,52,1,3,11,31,97,0,44,1
19,Pedernera,003,3002 ,0582,342,5,2,6,0,31,92,3,62,2
19,Pedernera,003,3002 ,0583,341,196,0,5,3,22,108,0,54,4
19,Pedernera,003,3002 ,0584,341,1,6,4,6,29,121,2,53,0
19,Pedernera,003,3002 ,0585,341,0,6,2,4,17,142,1,54,3
19,Pedernera,003,3002 ,0586,341,0,0,0,2,31,105,0,52,0
19,Pedernera,003,3002 ,0587,341,0,0,5,1,20,119,0,51,1
19,Pedernera,003,3002 ,0588,340,46,1,4,4,20,125,0,52,2
19,Pedernera,003,3002 ,0589,340,3,5,1,7,25,121,0,41,0
19,Pedernera,003,3002 ,0590,340,61,2,0,4,26,107,0,54,1
19,Pedernera,003,3002 ,0591,340,50,6,1,3,34,104,0,59,2
19,Pedernera,003,3002 ,0592,340,0,0,0,3,20,119,0,40,7
19,Pedernera,003,3002 ,0593,340,59,0,6,0,25,130,0,60,2
19,Pedernera,003,3003 ,0594,339,0,0,4,2,17,140,0,19,0
19,Pedernera,003,3003 ,0595,338,8,4,0,5,21,119,1,59,0
19,Pedernera,003,3003 ,0596,339,0,0,2,9,28,99,1,68,3
19,Pedernera,003,3003 ,0597,339,39,4,3,3,15,140,2,59,2
19,Pedernera,003,3003 ,0598,340,57,5,1,5,11,136,3,58,3
19,Pedernera,003,3003 ,0599,339,56,3,0,3,20,120,2,64,1
19,Pedernera,003,3003 ,0600,338,1,4,5,1,26,128,0,36,2
19,Pedernera,003,3003 ,0601,339,0,10,1,3,25,128,1,48,3
19,Pedernera,003,3003 ,0602,339,71,17,0,5,24,113,2,54,3
19,Pedernera,003,3003 ,0603,338,35,1,4,6,25,130,1,67,3
19,Pedernera,003,3003 ,0604,338,50,1,4,5,21,126,1,65,2
19,Pedernera,003,3003 ,0605,338,0,0,0,6,32,92,0,55,7
19,Pedernera,003,3003 ,0606,339,51,14,3,5,24,114,0,64,0
19,Pedernera,003,3003 ,0607,339,0,0,0,0,0,0,0,0,0
19,Pedernera,003,3003 ,0608,338,62,5,3,0,26,106,0,70,0
19,Pedernera,003,3003 ,0609,338,4,10,0,7,30,108,0,67,0
19,Pedernera,003,3003 ,0610,338,0,0,5,7,15,109,1,73,0
19,Pedernera,003,3003 ,0611,338,59,10,4,1,25,108,0,65,3
19,Pedernera,003,3003 ,0612,338,113,0,6,4,23,127,0,61,4
19,Pedernera,003,3003 ,0613,338,60,5,2,5,25,101,1,69,3
19,Pedernera,003,3004 ,0614,350,56,3,4,0,24,121,0,66,1
19,Pedernera,003,3004 ,0615,350,54,2,3,3,32,96,2,85,1
19,Pedernera,003,3004 ,0616,350,0,0,0,0,0,0,0,0,0
19,Pedernera,003,3004 ,0617,350,70,6,2,4,22,114,0,60,4
19,Pedernera,003,3004 ,0618,350,0,0,1,4,31,107,1,84,3
19,Pedernera,003,3004 ,0619,350,53,5,5,5,37,115,1,60,3
19,Pedernera,003,3004 ,0620,350,0,0,4,1,22,100,1,69,0
19,Pedernera,003,3004 ,0621,349,0,0,4,3,21,134,0,57,7
19,Pedernera,003,3004 ,0622,349,60,4,1,3,30,134,1,46,0
19,Pedernera,003,3004 ,0623,348,47,2,2,3,20,136,0,77,0
19,Pedernera,003,3004 ,0624,349,53,4,4,2,26,129,0,65,1
19,Pedernera,003,3004 ,0625,348,62,2,7,1,23,114,1,54,2
19,Pedernera,003,3004 ,0626,349,0,0,4,4,21,132,2,62,3
19,Pedernera,003,3005 ,0627,274,0,0,2,3,27,48,0,30,1
19,Pedernera,003,3005 ,0628,273,80,4,1,7,0,102,0,22,0
19,Pedernera,003,3005 ,0629,272,39,3,3,5,17,99,0,34,0
19,Pedernera,003,3006 ,0630,319,122,20,1,5,34,130,1,27,3
19,Pedernera,003,3006 ,0631,321,0,0,1,2,33,119,1,35,1
19,Pedernera,003,3006 ,0632,320,0,0,1,3,26,122,0,32,0
19,Pedernera,003,3006 ,0633,321,0,0,3,5,36,130,0,26,0
19,Pedernera,003,3006 ,0634,321,37,9,2,6,44,10,0,40,0
19,Pedernera,003,3006 ,0635,321,34,0,0,2,39,110,0,46,1
19,Pedernera,003,3006 ,0636,322,2,0,0,4,0,0,3,0,0
19,Pedernera,003,3006 ,0637,320,0,0,0,0,0,0,0,0,0
19,Pedernera,003,3006 ,0638,318,32,7,2,1,32,138,2,34,1
19,Pedernera,003,3006 ,0639,320,53,0,6,6,26,128,1,23,3
19,Pedernera,003,3007 ,0640,330,4,7,0,3,36,121,0,30,3
19,Pedernera,003,3007 ,0641,332,221,0,0,0,63,118,0,41,0
19,Pedernera,003,3007 ,0642,333,26,12,3,2,44,112,0,37,1
19,Pedernera,003,3007 ,0643,331,0,0,2,2,46,107,1,17,0
19,Pedernera,003,3007 ,0644,331,43,5,1,3,32,109,1,54,1
19,Pedernera,003,3007 ,0645,332,32,13,4,4,34,125,0,40,1
19,Pedernera,003,3007 ,0646,331,0,0,2,0,52,119,1,43,2
19,Pedernera,003,3007 ,0647,330,0,0,3,7,37,116,0,38,0
19,Pedernera,003,3007 ,0648,332,54,0,1,3,51,119,0,22,1
19,Pedernera,003,3007 ,0649,332,51,5,3,2,38,107,2,40,1
19,Pedernera,003,3007 ,0650,332,0,0,0,5,14,126,0,25,0
19,Pedernera,003,3007 ,0651,332,0,10,0,1,38,130,1,32,0
19,Pedernera,003,3007 ,0652,332,3,0,1,2,49,109,2,43,0
19,Pedernera,003,3007 ,0653,331,0,0,3,2,29,123,1,37,5
19,Pedernera,003,3007 ,0654,332,0,0,4,0,33,102,0,49,0
19,Pedernera,003,3007 ,0655,331,0,0,2,5,27,112,0,35,1
19,Pedernera,003,3008 ,0656,324,64,0,2,1,21,81,1,64,2
19,Pedernera,003,3008 ,0657,326,54,4,3,2,13,91,1,65,3
19,Pedernera,003,3008 ,0658,326,132,0,0,0,20,31,0,65,0
19,Pedernera,003,3008 ,0659,326,51,0,2,1,21,94,0,69,8
19,Pedernera,003,3008 ,0660,325,52,2,1,3,25,84,2,67,5
19,Pedernera,003,3008 ,0661,326,0,0,4,6,22,99,2,59,0
19,Pedernera,003,3009 ,0662,342,43,1,7,3,21,118,0,56,5
19,Pedernera,003,3009 ,0663,343,59,3,7,0,27,93,1,58,1
19,Pedernera,003,3009 ,0664,341,52,0,8,0,30,103,0,72,6
19,Pedernera,003,3009 ,0665,343,3,4,1,5,34,88,1,61,2
19,Pedernera,003,3009 ,0666,343,40,2,6,3,32,103,2,74,4
19,Pedernera,003,3009 ,0667,343,0,15,3,3,43,99,0,41,5
19,Pedernera,003,3009 ,0668,343,56,5,3,2,23,102,3,47,3
19,Pedernera,003,3009 ,0669,343,65,1,1,8,24,89,2,61,3
19,Pedernera,003,3009 ,0670,342,49,1,2,2,13,112,0,62,2
19,Pedernera,003,3009 ,0671,342,44,3,3,0,27,116,0,56,2
19,Pedernera,003,3009 ,0672,343,51,0,11,2,25,95,1,68,1
19,Pedernera,003,3009 ,0673,342,53,0,6,3,35,98,1,49,3
19,Pedernera,003,3009 ,0674,342,43,4,2,1,35,91,1,63,3
19,Pedernera,003,3009 ,0675,341,44,2,4,0,29,108,2,54,1
19,Pedernera,003,3009 ,0676,342,43,5,1,3,29,97,4,59,2
19,Pedernera,003,3009 ,0677,342,59,1,1,3,26,101,2,52,2
19,Pedernera,003,3009 ,0678,341,49,0,4,0,36,100,1,66,2
19,Pedernera,003,3010 ,0679,348,0,0,3,3,22,106,0,81,0
19,Pedernera,003,3010 ,0680,347,0,0,4,1,32,63,1,59,5
19,Pedernera,003,3010 ,0681,347,0,0,3,5,6,81,0,77,0
19,Pedernera,003,3010 ,0682,348,50,2,1,1,13,120,0,64,2
19,Pedernera,003,3010 ,0683,348,62,0,0,1,25,110,0,62,2
19,Pedernera,003,3010 ,0684,350,0,0,3,6,20,112,0,61,0
19,Pedernera,003,3010 ,0685,346,0,0,5,2,42,106,0,61,1
19,Pedernera,003,3010 ,0686,347,0,0,0,0,24,107,0,56,0
19,Pedernera,003,3010 ,0687,346,44,0,3,1,22,140,0,51,2
19,Pedernera,003,3010 ,0688,347,0,0,2,2,26,102,0,59,1
19,Pedernera,003,3010 ,0689,347,0,0,1,0,26,118,0,58,2
19,Pedernera,003,3010 ,0690,347,48,0,3,6,24,131,0,56,0
19,Pedernera,003,3010 ,0691,345,2,4,3,1,27,104,0,68,4
19,Pedernera,003,3011 ,0692,331,0,0,2,1,15,99,0,0,3
19,Pedernera,003,3011 ,0693,331,59,0,3,1,26,92,2,75,3
19,Pedernera,003,3011 ,0694,330,38,6,5,4,26,92,1,76,3
19,Pedernera,003,3011 ,0695,331,0,0,0,0,0,0,0,0,0
19,Pedernera,003,3011 ,0696,330,0,0,0,0,17,102,0,59,1
19,Pedernera,003,3011 ,0697,331,53,0,9,1,12,105,1,65,2
19,Pedernera,003,3011 ,0698,330,89,0,7,1,21,95,1,81,3
19,Pedernera,003,3011 ,0699,331,34,2,6,0,25,112,1,66,1
19,Pedernera,003,3011 ,0700,331,35,0,3,3,16,105,1,81,3
19,Pedernera,003,3011 ,0701,329,0,0,1,2,21,95,0,77,1
19,Pedernera,003,3011 ,0702,328,44,2,2,0,24,113,3,59,1
19,Pedernera,003,3011 ,0703,330,0,0,2,0,9,117,1,49,0
19,Pedernera,003,3012 ,0704,347,38,2,11,0,22,92,0,90,1
19,Pedernera,003,3012 ,0705,347,0,0,8,3,22,90,0,87,2
19,Pedernera,003,3012 ,0706,348,51,5,6,3,18,91,1,65,4
19,Pedernera,003,3012 ,0707,347,50,2,7,2,32,86,1,68,0
19,Pedernera,003,3012 ,0708,348,57,0,5,3,28,87,0,75,2
19,Pedernera,003,3012 ,0709,347,38,0,4,1,23,88,0,82,1
19,Pedernera,003,3012 ,0710,346,35,0,3,3,27,96,2,68,3
19,Pedernera,003,3012 ,0711,346,44,3,11,0,12,91,0,77,2
19,Pedernera,003,3013 ,0712,328,53,0,5,1,20,109,2,61,28
19,Pedernera,003,3013 ,0713,328,45,1,1,5,18,104,1,66,3
19,Pedernera,003,3013 ,0714,326,60,0,5,2,17,90,0,58,2
19,Pedernera,003,3013 ,0715,326,55,0,4,3,10,89,0,69,2
19,Pedernera,003,3013 ,0716,327,0,0,6,6,11,106,1,68,0
19,Pedernera,003,3013 ,0717,327,63,3,0,4,21,99,0,62,3
19,Pedernera,003,3013 ,0718,327,0,0,2,1,20,99,1,63,3
19,Pedernera,003,3013 ,0719,327,1,3,4,2,11,104,1,65,1
19,Pedernera,003,3014 ,0720,342,0,0,2,0,19,121,0,44,5
19,Pedernera,003,3014 ,0721,341,0,0,2,3,27,101,42,44,0
19,Pedernera,003,3014 ,0722,341,66,0,0,2,27,132,0,31,0
19,Pedernera,003,3014 ,0723,340,7,0,3,3,22,123,1,35,2
19,Pedernera,003,3014 ,0724,341,2,8,0,7,3,83,0,0,0
19,Pedernera,003,3014 ,0725,341,51,5,3,5,30,117,30,13,0
19,Pedernera,003,3014 ,0726,341,47,0,2,3,24,132,1,43,0
19,Pedernera,003,3014 ,0727,341,53,5,2,3,17,149,1,23,0
19,Pedernera,003,3014 ,0728,340,33,2,1,3,33,136,0,39,0
19,Pedernera,003,3014 ,0729,340,48,2,3,3,38,103,0,44,0
19,Pedernera,003,3015 ,0730,341,3,9,1,7,24,159,0,38,1
19,Pedernera,003,3015 ,0731,341,0,0,0,4,0,126,0,30,2
19,Pedernera,003,3015 ,0732,341,93,5,3,7,28,144,0,2,0
19,Pedernera,003,3015 ,0733,341,1,5,0,12,0,125,0,97,3
19,Pedernera,003,3015 ,0734,341,3,5,1,7,30,146,1,41,4
19,Pedernera,003,3015 ,0735,341,95,0,3,2,39,111,1,29,0
19,Pedernera,003,3015 ,0736,341,50,2,0,2,27,144,0,44,0
19,Pedernera,003,3015 ,0737,339,0,0,2,0,24,142,0,29,0
19,Pedernera,003,3015 ,0738,340,4,4,1,7,37,119,2,46,3
19,Pedernera,003,3015 ,0739,340,3,15,2,5,25,174,0,23,2
19,Pedernera,003,3015 ,0740,339,0,0,3,3,22,155,0,26,1
19,Pedernera,003,3015 ,0741,340,110,2,0,1,31,132,0,0,0
19,Pedernera,003,3016 ,0742,338,0,0,3,2,35,121,0,26,0
19,Pedernera,003,3016 ,0743,338,0,0,0,3,30,122,2,55,0
19,Pedernera,003,3016 ,0744,338,0,0,2,0,28,119,0,45,1
19,Pedernera,003,3016 ,0745,338,53,0,0,2,27,129,0,39,0
19,Pedernera,003,3016 ,0746,338,5,12,0,5,50,113,0,25,0
19,Pedernera,003,3016 ,0747,338,38,0,2,3,38,118,0,23,2
19,Pedernera,003,3016 ,0748,338,7,4,1,4,33,111,1,54,3
19,Pedernera,003,3016 ,0749,338,72,0,3,3,22,132,0,37,2
19,Pedernera,003,3016 ,0750,338,1,1,2,7,28,111,1,50,2
19,Pedernera,003,3016 ,0751,339,71,1,1,2,34,140,0,18,2
19,Pedernera,003,3016 ,0752,337,43,7,6,0,32,128,0,48,3
19,Pedernera,003,3016 ,0753,338,269,11,1,2,25,125,1,6,0
19,Pedernera,003,3016 ,0754,337,0,9,1,9,33,93,0,53,0
19,Pedernera,003,3016 ,0755,337,0,0,0,2,28,124,0,33,0
19,Pedernera,003,3017 ,0756,345,1,0,2,4,46,133,0,54,2
19,Pedernera,003,3017 ,0757,344,49,4,0,2,33,147,0,45,0
19,Pedernera,003,3017 ,0758,344,6,2,0,0,32,142,1,35,1
19,Pedernera,003,3017 ,0759,344,62,2,1,1,22,148,2,44,6
19,Pedernera,003,3017 ,0760,344,54,0,1,1,28,125,1,64,3
19,Pedernera,003,3017 ,0761,343,0,0,1,5,32,132,0,62,0
19,Pedernera,003,3017 ,0762,343,60,0,4,2,23,144,1,54,1
19,Pedernera,003,3017 ,0763,343,51,9,1,2,38,124,1,50,1
19,Pedernera,003,3017 ,0764,343,0,0,2,3,22,119,0,50,0
19,Pedernera,003,3017 ,0765,343,0,0,0,6,26,119,0,43,0
19,Pedernera,003,3017 ,0766,342,46,8,3,6,25,136,1,41,2
19,Pedernera,003,3018 ,0767,344,55,15,6,4,31,131,0,20,2
19,Pedernera,003,3018 ,0768,344,54,6,5,1,23,134,0,45,3
19,Pedernera,003,3018 ,0769,343,0,0,1,1,29,127,0,47,3
19,Pedernera,003,3018 ,0770,343,47,6,4,1,27,139,1,38,1
19,Pedernera,003,3018 ,0771,343,0,0,5,3,44,139,0,26,0
19,Pedernera,003,3018 ,0772,343,2,3,0,3,36,131,0,38,0
19,Pedernera,003,3018 ,0773,343,50,7,0,0,28,122,2,52,0
19,Pedernera,003,3018 ,0774,343,57,0,1,6,29,127,0,52,3
19,Pedernera,003,3018 ,0775,343,0,0,0,0,0,0,0,0,0
19,Pedernera,003,3018 ,0776,343,0,0,1,0,25,125,0,51,0
19,Pedernera,003,3018 ,0777,343,5,0,4,1,32,142,0,44,2
19,Pedernera,003,3018 ,0778,343,0,0,1,2,39,92,1,58,1
19,Pedernera,003,3018 ,0779,343,0,0,0,0,0,0,0,0,0
19,Pedernera,003,3018 ,0780,343,5,1,2,0,21,141,2,32,2
19,Pedernera,003,3018 ,0781,343,0,0,3,4,48,109,0,202,4
19,Pedernera,003,3018 ,0782,343,0,0,3,2,33,98,0,52,0
19,Pedernera,003,3019 ,0783,328,4,0,0,0,44,114,1,50,1
19,Pedernera,003,3019 ,0784,327,44,15,0,3,47,116,1,30,0
19,Pedernera,003,3019 ,0785,327,31,0,0,5,59,108,0,30,1
19,Pedernera,003,3019 ,0786,327,0,0,0,3,40,137,0,28,0
19,Pedernera,003,3019 ,0787,327,0,0,0,0,0,0,0,0,0
19,Pedernera,003,3019 ,0788,327,0,0,0,5,25,123,1,39,0
19,Pedernera,003,3019 ,0789,326,6,0,1,3,36,153,0,20,0
19,Pedernera,003,3019 ,0790,327,0,0,2,5,27,118,1,24,0
19,Pedernera,003,3019 ,0791,327,4,6,0,3,21,0,0,0,2
19,Pedernera,003,3019 ,0792,327,0,0,0,5,33,121,2,31,0
19,Pedernera,003,3020 ,0793,321,0,0,2,2,24,109,0,61,2
19,Pedernera,003,3020 ,0794,322,122,2,0,0,33,87,1,24,0
19,Pedernera,003,3020 ,0795,321,0,0,0,1,0,110,0,74,0
19,Pedernera,003,3020 ,0796,320,0,4,6,1,27,137,0,57,0
19,Pedernera,003,3021 ,0797,347,0,0,0,6,18,124,0,38,2
19,Pedernera,003,3021 ,0798,347,94,0,3,2,23,101,31,17,2
19,Pedernera,003,3021 ,0799,348,0,0,2,8,20,152,0,48,4
19,Pedernera,003,3021 ,0800,346,53,0,0,0,27,142,2,51,4
19,Pedernera,003,3021 ,0801,348,0,0,5,2,23,129,0,30,1
19,Pedernera,003,3021 ,0802,348,0,0,0,4,22,143,0,35,0
19,Pedernera,003,3021 ,0803,348,56,3,0,3,30,130,2,39,5
19,Pedernera,003,3021 ,0804,348,0,0,1,5,24,145,0,48,0
19,Pedernera,003,3021 ,0805,348,70,3,1,2,24,151,0,31,1
19,Pedernera,003,3021 ,0806,348,0,0,0,0,26,141,0,47,3
19,Pedernera,003,3021 ,0807,348,0,0,0,3,23,156,0,0,3
19,Pedernera,003,3021 ,0808,348,65,0,2,0,20,124,0,56,4
19,Pedernera,003,3021 ,0809,347,47,3,2,3,25,142,0,40,5
19,Pedernera,003,3021 ,0810,348,5,0,1,2,21,144,0,53,4
19,Pedernera,003,3021 ,0811,348,0,0,0,4,23,128,0,41,4
19,Pedernera,003,3021 ,0812,347,0,2,0,2,47,125,0,63,0
19,Pedernera,003,3021 ,0813,348,4,1,1,0,20,142,0,38,0
19,Pedernera,003,3021 ,0814,347,42,2,4,2,13,149,0,40,1
19,Pedernera,003,3021 ,0815,347,129,0,0,3,0,156,0,1,0
19,Pedernera,003,3021 ,0816,347,60,2,4,6,23,145,0,47,1
19,Pedernera,003,3401 ,0820,342,0,0,0,0,17,171,0,20,0
19,Pedernera,003,3401 ,0821,342,64,4,0,0,14,150,0,33,0
19,Pedernera,003,3401 ,0822,342,44,4,1,0,20,151,0,41,0
19,Pedernera,003,3401 ,0823,342,72,6,0,2,12,150,0,29,1
19,Pedernera,003,3401 ,0824,341,0,0,0,0,23,147,1,28,0
19,Pedernera,003,3402 ,0825,311,2,1,0,0,7,191,0,21,0
19,Pedernera,003,3402 ,0826,311,63,1,0,0,23,135,1,24,0
19,Pedernera,003,3402 ,0827,311,5,0,0,0,13,127,0,26,0
19,Pedernera,003,3402 ,0828,310,54,3,0,0,9,153,0,29,0
19,Pedernera,003,3402 ,0829,310,50,3,2,0,16,147,0,31,1
19,Pedernera,003,3403 ,0830,273,0,0,1,0,10,108,1,52,1
19,Pedernera,003,3403 ,0831,273,0,0,0,0,12,117,0,33,0
19,Pedernera,003,3403 ,0832,272,0,0,1,0,0,108,0,35,0
19,Pedernera,003,3404 ,0833,302,64,0,0,0,14,128,0,38,0
19,Pedernera,003,3404 ,0834,301,53,3,0,0,16,135,0,45,1
19,Pedernera,003,3404 ,0835,302,68,0,0,0,12,127,0,28,0
19,Pedernera,003,3404 ,0836,302,64,4,0,0,14,108,1,44,0
19,Pedernera,003,3405 ,0837,319,5,5,0,0,7,148,0,2,0
19,Pedernera,003,3405 ,0838,319,2,3,0,0,16,149,1,25,0
19,Pedernera,003,3405 ,0839,317,67,7,0,0,7,146,0,39,0
19,Pedernera,003,3405 ,0840,318,71,7,0,1,14,146,0,4,1
19,Pedernera,003,3405 ,0841,318,89,3,0,0,0,145,0,39,1
19,Pedernera,003,3405 ,0842,318,61,1,0,0,14,156,0,27,0
19,Pedernera,003,3406 ,0843,266,45,2,1,0,19,112,0,31,0
19,Pedernera,003,3406 ,0844,265,0,0,0,0,9,94,0,39,0
19,Pedernera,003,3406 ,0845,265,0,0,0,0,14,85,64,0,0
19,Pedernera,003,3407 ,0846,323,74,0,0,1,34,130,0,26,0
19,Pedernera,003,3407 ,0847,323,0,0,2,0,18,116,0,21,1
19,Chacabuco,004,0042 ,0858,334,58,4,5,0,18,132,0,52,1
19,Chacabuco,004,0042 ,0859,334,58,0,0,0,17,140,0,64,1
19,Chacabuco,004,0042 ,0860,340,59,0,1,0,12,146,0,62,1
19,Chacabuco,004,0042 ,0861,335,54,1,1,2,15,155,1,48,0
19,Chacabuco,004,0042 ,0862,332,69,0,0,2,16,126,2,50,0
19,Chacabuco,004,0042 ,0863,335,64,0,0,0,10,152,0,42,0
19,Chacabuco,004,0042 ,0864,334,57,0,1,0,13,150,1,43,1
19,Chacabuco,004,0042 ,0865,335,43,2,0,0,25,144,0,59,0
19,Chacabuco,004,0042 ,0866,334,1,1,0,0,19,134,0,0,0
19,Chacabuco,004,0042 ,0867,336,40,2,2,1,18,137,1,52,1
19,Chacabuco,004,0042 ,0868,333,56,2,0,0,13,154,0,37,0
19,Chacabuco,004,0042 ,0869,332,48,0,0,0,12,161,0,51,1
19,Chacabuco,004,0042 ,0870,334,48,0,1,0,9,145,0,61,2
19,Chacabuco,004,0042 ,0871,334,31,0,0,0,12,153,0,68,2
19,Chacabuco,004,0042 ,0872,333,52,0,1,0,20,121,0,60,0
19,Chacabuco,004,0042 ,0873,333,1,0,0,0,6,170,0,45,0
19,Chacabuco,004,0043 ,0874,258,0,0,0,0,26,162,1,20,1
19,Chacabuco,004,0043 ,0875,258,0,0,0,0,17,119,0,30,1
19,Chacabuco,004,0044 ,0876,275,33,0,0,0,9,183,0,7,0
19,Chacabuco,004,0045 ,0877,345,109,1,0,0,21,124,1,90,2
19,Chacabuco,004,0045 ,0878,346,144,1,0,1,25,123,1,31,1
19,Chacabuco,004,0045 ,0879,346,0,0,0,1,13,107,0,44,1
19,Chacabuco,004,0045 ,0880,346,106,7,0,0,14,113,0,10,0
19,Chacabuco,004,0045 ,0881,345,79,9,0,0,22,122,2,37,0
19,Chacabuco,004,0045 ,0882,344,81,2,0,0,15,101,0,47,1
19,Chacabuco,004,0045 ,0883,345,106,0,3,0,17,106,0,58,0
19,Chacabuco,004,0045 ,0884,345,98,0,2,1,24,102,2,44,0
19,Chacabuco,004,0045 ,0885,346,118,1,2,2,24,109,0,44,0
19,Chacabuco,004,0045 ,0886,346,110,6,0,1,13,127,0,31,0
19,Chacabuco,004,0045 ,0887,347,95,0,0,1,21,104,0,38,0
19,Chacabuco,004,0045 ,0888,346,93,2,0,0,24,117,1,33,0
19,Chacabuco,004,0045 ,0889,344,109,5,1,1,15,124,0,18,0
19,Chacabuco,004,0045 ,0890,346,118,0,0,0,17,112,0,24,0
19,Chacabuco,004,0046 ,0891,316,147,2,2,0,21,164,0,30,0
19,Chacabuco,004,0046 ,0892,317,20,0,0,1,40,194,0,19,0
19,Chacabuco,004,0046 ,0893,317,37,2,0,0,42,173,0,19,2
19,Chacabuco,004,0046 ,0894,314,40,1,0,0,34,177,0,12,0
19,Chacabuco,004,0047 ,0895,276,36,0,0,0,22,134,0,45,0
19,Chacabuco,004,0047 ,0896,276,39,0,1,1,16,162,1,26,0
19,Chacabuco,004,0048 ,0897,291,0,0,0,0,18,47,0,66,1
19,Chacabuco,004,0048 ,0898,290,0,0,0,0,21,125,0,58,0
19,Chacabuco,004,0048 ,0899,291,0,0,1,0,35,135,0,60,0
19,Chacabuco,004,0049 ,0900,320,68,0,1,2,31,132,1,35,1
19,Chacabuco,004,0049 ,0901,321,10,3,1,0,21,115,0,43,0
19,Chacabuco,004,0049 ,0902,321,71,5,0,0,0,123,0,51,0
19,Chacabuco,004,0049 ,0903,321,64,0,1,0,33,129,1,44,0
19,Chacabuco,004,0049 ,0904,320,54,3,0,0,26,122,0,52,0
19,Chacabuco,004,0049 ,0905,318,85,0,0,0,23,104,0,53,2
19,Chacabuco,004,0049 ,0906,319,0,10,2,0,26,124,0,54,0
19,Chacabuco,004,0049 ,0907,320,52,6,0,0,28,130,0,48,1
19,Chacabuco,004,0049 ,0908,320,1,0,0,0,19,133,0,62,0
19,Chacabuco,004,0049 ,0909,321,0,4,0,1,9,85,0,51,0
19,Chacabuco,004,0050 ,0910,4,0,0,0,0,0,2,0,0,0
19,Chacabuco,004,0051 ,0911,327,89,5,1,0,18,134,0,29,0
19,Chacabuco,004,0051 ,0912,327,58,4,1,0,19,154,0,28,0
19,Chacabuco,004,0051 ,0913,327,93,1,1,0,0,157,0,20,0
19,Chacabuco,004,0051 ,0914,326,277,0,0,2,11,159,0,13,0
19,San Martn,005,0052 ,0915,327,34,0,0,0,74,153,0,3,0
19,San Martn,005,0052 ,0916,327,31,1,0,0,77,160,0,12,0
19,San Martn,005,0052 ,0917,327,24,0,0,0,73,161,0,7,0
19,San Martn,005,0053 ,0918,261,3,1,0,0,2,177,0,4,0
19,San Martn,005,0053 ,0919,262,0,0,0,0,0,0,0,0,0
19,San Martn,005,0054 ,0920,12,0,0,0,0,0,0,0,0,0
19,San Martn,005,0055 ,0921,325,52,5,0,0,41,178,0,6,0
19,San Martn,005,0055 ,0922,325,33,7,0,0,24,196,0,6,0
19,San Martn,005,0056 ,0923,300,0,0,0,0,25,209,0,9,0
19,San Martn,005,0057 ,0924,261,0,0,0,0,11,127,0,4,0
19,San Martn,005,0058 ,0925,307,2,7,0,0,13,158,0,0,0
19,San Martn,005,0058 ,0926,306,1,0,0,0,8,164,0,0,0
19,San Martn,005,0059 ,0927,65,0,0,0,0,7,30,0,4,0
19,San Martn,005,0060 ,0928,216,26,0,0,0,10,158,0,6,0
19,San Martn,005,0060 ,0929,216,27,2,0,1,6,165,0,1,0
19,San Martn,005,0061 ,0930,176,0,0,0,0,5,45,0,11,0
19,San Martn,005,0061 ,0931,176,92,0,0,0,9,48,0,11,0
19,San Martn,005,0062 ,0932,12,0,0,0,0,0,0,0,0,0
19,Junn,006,0063 ,0933,332,67,3,1,0,26,101,0,56,2
19,Junn,006,0063 ,0934,330,54,2,0,0,25,106,1,80,1
19,Junn,006,0063 ,0935,332,0,0,0,0,22,102,0,73,0
19,Junn,006,0063 ,0936,329,68,0,0,0,25,80,1,72,0
19,Junn,006,0063 ,0937,332,63,0,0,0,24,100,0,84,0
19,Junn,006,0063 ,0938,331,85,0,0,0,0,82,0,10,0
19,Junn,006,0063 ,0939,332,49,3,0,0,28,93,0,91,0
19,Junn,006,0063 ,0940,331,58,0,2,0,32,72,0,94,1
19,Junn,006,0063 ,0941,332,59,0,3,2,18,106,0,62,0
19,Junn,006,0063 ,0942,332,52,0,2,0,25,105,0,74,3
19,Junn,006,0063 ,0943,331,64,0,0,0,23,110,0,73,0
19,Junn,006,0063 ,0944,330,3,0,0,0,28,73,0,96,0
19,Junn,006,0063 ,0945,330,61,0,0,0,15,93,0,94,2
19,Junn,006,0063 ,0946,331,65,0,0,0,15,71,0,111,1
19,Junn,006,0063 ,0947,331,196,0,0,0,14,90,0,2,0
19,Junn,006,0063 ,0948,331,79,0,3,0,17,80,0,83,0
19,Junn,006,0064 ,0949,114,16,1,0,0,4,30,2,21,0
19,Junn,006,0065 ,0950,35,0,0,0,0,3,10,1,6,0
19,Junn,006,0066 ,0951,257,0,0,0,0,77,119,0,2,0
19,Junn,006,0066 ,0952,255,6,0,1,0,67,143,1,5,1
19,Junn,006,0066 ,0953,253,0,0,2,0,77,106,0,9,0
19,Junn,006,0067 ,0954,48,1,0,0,0,7,16,0,5,0
19,Junn,006,0068 ,0955,246,10,0,0,0,18,183,0,1,0
19,Junn,006,0069 ,0956,47,1,1,1,0,12,10,1,0,1
19,Junn,006,0072 ,1007,317,48,2,1,0,14,181,1,28,0
19,Junn,006,0072 ,1008,317,38,4,1,0,20,176,1,27,8
19,Junn,006,0072 ,1009,317,35,1,2,0,24,160,1,28,2
19,Junn,006,0072 ,1010,316,52,0,1,0,24,144,0,31,3
19,Junn,006,0072 ,1011,315,35,1,3,0,25,154,2,32,4
19,Junn,006,0072 ,1012,316,47,2,1,0,19,158,1,24,2
19,Junn,006,0073 ,1013,323,227,1,0,0,16,186,0,25,0
19,Junn,006,0073 ,1014,323,44,5,0,0,16,174,0,32,1
19,Junn,006,0073 ,1015,322,33,0,4,0,18,204,0,17,1
19,Junn,006,0074 ,1016,49,10,0,0,0,3,25,0,3,0
19,Junn,006,7001 ,0957,340,104,0,0,0,26,112,0,26,0
19,Junn,006,7001 ,0958,340,0,0,0,0,15,131,1,0,0
19,Junn,006,7001 ,0959,339,103,6,4,2,24,123,0,16,0
19,Junn,006,7001 ,0960,340,4,2,2,0,12,115,2,25,2
19,Junn,006,7001 ,0961,340,0,0,1,0,25,122,0,23,0
19,Junn,006,7001 ,0962,339,115,6,3,0,30,98,1,21,1
19,Junn,006,7001 ,0963,340,96,0,1,0,22,140,0,19,0
19,Junn,006,7001 ,0964,340,0,0,1,0,25,127,2,21,2
19,Junn,006,7001 ,0965,340,85,0,2,0,25,129,1,25,3
19,Junn,006,7001 ,0966,339,89,6,1,0,31,112,0,24,2
19,Junn,006,7002 ,0967,320,101,7,2,0,16,121,0,21,12
19,Junn,006,7002 ,0968,318,95,2,3,0,22,91,1,30,1
19,Junn,006,7002 ,0969,319,91,3,1,0,12,106,4,19,3
19,Junn,006,7002 ,0970,319,75,4,0,1,20,115,3,29,1
19,Junn,006,7002 ,0971,318,92,7,0,0,10,107,0,28,0
19,Junn,006,7002 ,0972,318,96,4,2,1,26,95,0,11,3
19,Junn,006,7002 ,0973,317,0,0,5,0,23,117,9,18,0
19,Junn,006,7003 ,0974,301,97,2,0,0,31,79,1,17,1
19,Junn,006,7003 ,0975,301,0,0,0,0,33,63,2,31,2
19,Junn,006,7003 ,0976,300,0,0,2,0,38,72,2,27,3
19,Junn,006,7003 ,0977,300,98,2,2,1,35,66,0,18,4
19,Junn,006,7003 ,0978,299,0,0,6,0,33,70,0,45,0
19,Junn,006,7003 ,0979,300,102,0,1,0,36,71,0,17,1
19,Junn,006,7004 ,0980,296,98,0,0,1,25,76,2,15,0
19,Junn,006,7004 ,0981,296,104,0,4,0,26,56,0,31,0
19,Junn,006,7004 ,0982,296,97,0,4,0,29,63,1,17,0
19,Junn,006,7005 ,0983,317,69,4,4,0,28,99,1,28,5
19,Junn,006,7005 ,0984,318,2,0,3,0,26,67,1,110,5
19,Junn,006,7005 ,0985,317,73,5,6,0,31,66,0,52,3
19,Junn,006,7005 ,0986,315,70,8,3,1,25,82,0,28,5
19,Junn,006,7005 ,0987,317,73,1,6,1,32,77,0,30,4
19,Junn,006,7005 ,0988,317,45,3,3,0,19,96,0,71,2
19,Junn,006,7005 ,0989,316,87,2,4,0,18,93,0,39,5
19,Junn,006,7005 ,0990,315,71,0,0,0,28,102,2,42,2
19,Junn,006,7005 ,0991,316,78,7,4,0,20,82,0,23,10
19,Junn,006,7006 ,0992,340,94,0,0,0,21,94,2,39,0
19,Junn,006,7006 ,0993,340,84,0,2,0,15,121,0,26,1
19,Junn,006,7006 ,0994,339,84,5,3,0,25,90,0,38,2
19,Junn,006,7006 ,0995,339,0,0,2,0,26,115,0,25,0
19,Junn,006,7006 ,0996,340,84,5,2,0,25,103,1,35,3
19,Junn,006,7006 ,0997,340,101,3,2,0,18,85,1,41,3
19,Junn,006,7006 ,0998,340,94,3,2,0,24,109,1,37,3
19,Junn,006,7006 ,0999,337,84,0,3,0,17,75,0,40,3
19,Junn,006,7007 ,1000,340,71,13,7,0,24,99,0,34,5
19,Junn,006,7007 ,1001,339,25,20,3,0,35,86,3,68,1
19,Junn,006,7007 ,1002,339,61,0,7,0,24,103,1,47,2
19,Junn,006,7007 ,1003,340,2,7,3,0,27,96,0,45,2
19,Junn,006,7007 ,1004,338,82,4,4,1,24,86,2,34,3
19,Junn,006,7008 ,1005,303,86,0,2,0,30,70,0,36,0
19,Junn,006,7008 ,1006,302,91,6,2,0,27,80,1,23,2
19,Ayacucho,007,0075 ,1017,323,45,4,0,0,27,145,0,40,0
19,Ayacucho,007,0075 ,1018,323,0,0,0,0,28,117,0,28,1
19,Ayacucho,007,0075 ,1019,323,56,2,0,1,35,134,1,34,0
19,Ayacucho,007,0075 ,1020,321,69,2,0,0,22,117,0,28,1
19,Ayacucho,007,0075 ,1021,323,55,0,2,0,25,136,0,33,1
19,Ayacucho,007,0075 ,1022,321,0,0,2,0,31,20,16,0,3
19,Ayacucho,007,0075 ,1023,322,0,0,0,0,0,137,2,25,0
19,Ayacucho,007,0075 ,1024,322,0,0,0,0,24,131,0,35,2
19,Ayacucho,007,0075 ,1025,321,2,2,0,0,3,129,0,41,0
19,Ayacucho,007,0075 ,1026,322,47,0,1,1,34,133,1,33,2
19,Ayacucho,007,0075 ,1027,321,57,1,1,0,37,121,1,32,0
19,Ayacucho,007,0075 ,1028,321,0,0,1,0,27,118,1,47,0
19,Ayacucho,007,0076 ,1029,50,0,0,0,0,6,25,0,1,0
19,Ayacucho,007,0077 ,1030,5,1,0,0,0,0,1,0,0,0
19,Ayacucho,007,0078 ,1031,3,0,0,0,0,0,0,0,0,0
19,Ayacucho,007,0079 ,1032,17,0,0,0,0,0,0,0,0,0
19,Ayacucho,007,0080 ,1033,268,0,0,0,0,41,118,0,6,4
19,Ayacucho,007,0080 ,1034,269,0,0,0,0,41,111,0,9,2
19,Ayacucho,007,0081 ,1035,347,35,0,0,0,45,166,0,39,0
19,Ayacucho,007,0081 ,1036,347,0,0,0,0,68,112,0,28,0
19,Ayacucho,007,0081 ,1037,347,43,0,0,0,64,137,0,36,0
19,Ayacucho,007,0081 ,1038,347,0,2,0,0,58,120,0,41,1
19,Ayacucho,007,0081 ,1039,347,33,1,1,2,59,141,0,24,0
19,Ayacucho,007,0081 ,1040,346,38,2,2,0,58,137,0,31,1
19,Ayacucho,007,0082 ,1041,339,0,0,0,0,58,128,0,40,0
19,Ayacucho,007,0082 ,1042,340,68,1,0,1,70,120,0,26,0
19,Ayacucho,007,0082 ,1043,340,52,3,0,0,66,131,0,25,0
19,Ayacucho,007,0082 ,1044,340,0,0,0,0,86,113,0,25,0
19,Ayacucho,007,0082 ,1045,340,53,0,1,1,60,138,0,16,1
19,Ayacucho,007,0082 ,1046,340,49,4,0,0,51,135,0,23,0
19,Ayacucho,007,0082 ,1047,339,58,9,0,0,62,120,1,17,0
19,Ayacucho,007,0082 ,1048,339,57,1,0,0,53,117,0,42,0
19,Ayacucho,007,0082 ,1049,340,56,2,0,0,54,121,0,32,0
19,Ayacucho,007,0082 ,1050,340,41,6,0,0,52,133,0,28,0
19,Ayacucho,007,0082 ,1051,338,45,2,2,0,41,116,0,36,1
19,Ayacucho,007,0082 ,1052,339,0,0,0,0,0,0,0,0,0
19,Ayacucho,007,0082 ,1053,338,57,2,0,1,70,114,0,27,0
19,Ayacucho,007,0082 ,1054,340,0,1,0,0,63,117,0,23,0
19,Ayacucho,007,0082 ,1055,340,0,0,2,0,62,133,0,16,1
19,Ayacucho,007,0082 ,1056,339,55,2,0,1,58,126,2,20,0
19,Ayacucho,007,0082 ,1057,340,36,1,0,0,84,137,0,23,1
19,Ayacucho,007,0082 ,1058,338,49,1,0,1,59,113,0,22,0
19,Ayacucho,007,0082 ,1059,339,67,3,0,0,67,118,0,26,0
19,Ayacucho,007,0082 ,1060,339,0,0,0,1,19,140,0,17,0
19,Ayacucho,007,0083 ,1061,334,0,0,0,0,32,136,0,55,0
19,Ayacucho,007,0083 ,1062,335,34,0,0,0,13,140,0,90,1
19,Ayacucho,007,0083 ,1063,335,0,0,0,0,27,129,0,58,0
19,Ayacucho,007,0083 ,1064,335,0,0,0,0,29,141,0,61,0
19,Ayacucho,007,0083 ,1065,333,5,1,0,0,36,140,0,50,0
19,Ayacucho,007,0083 ,1066,334,3,1,0,0,24,156,0,47,0
19,Ayacucho,007,0083 ,1067,334,48,0,0,0,38,115,0,68,0
19,Ayacucho,007,0083 ,1068,333,2,1,0,0,24,146,0,57,1
19,Ayacucho,007,0083A,1069,7,0,0,0,0,0,4,0,0,0
19,Ayacucho,007,0084 ,1070,156,86,2,1,0,15,35,0,18,1
19,Ayacucho,007,0085 ,1071,51,2,0,0,0,1,26,0,5,0
19,Ayacucho,007,0086 ,1072,89,1,0,0,0,16,36,1,1,0
19,Ayacucho,007,0087 ,1073,36,0,0,0,0,1,9,0,3,0
19,Belgrano,008,0088 ,1074,176,4,0,0,0,13,110,0,5,0
19,Belgrano,008,0088 ,1075,176,0,0,0,0,22,76,0,10,0
19,Belgrano,008,0089 ,1076,31,0,0,1,0,4,6,0,5,0
19,Belgrano,008,0090 ,1077,84,0,0,0,0,5,33,0,5,0
19,Belgrano,008,0091 ,1078,52,0,0,0,0,6,24,0,2,0
19,Belgrano,008,0092 ,1079,319,64,1,1,0,17,174,0,21,0
19,Belgrano,008,0092 ,1080,318,0,0,0,0,0,0,0,0,0
19,Belgrano,008,0092 ,1081,319,52,0,0,0,22,175,0,26,0
19,Belgrano,008,0093 ,1082,39,1,0,0,0,5,22,0,4,0
19,Belgrano,008,0094 ,1083,17,0,0,0,0,2,3,0,1,0
19,Belgrano,008,0095 ,1084,11,0,0,0,0,0,3,0,1,0
19,Belgrano,008,0096 ,1085,135,0,0,1,2,9,62,0,9,1
19,Belgrano,008,0097 ,1086,111,1,0,0,0,5,55,0,4,0
19,Belgrano,008,0098 ,1087,349,0,0,0,0,15,218,1,36,0
19,Belgrano,008,0098 ,1088,349,0,0,0,1,22,220,0,20,0
19,Belgrano,008,0099 ,1089,74,0,0,0,0,3,36,1,3,0
19,Belgrano,008,0100 ,1090,319,0,0,0,0,0,0,0,0,0
19,Belgrano,008,0100 ,1091,320,0,0,0,1,28,190,0,13,1
19,Belgrano,008,0100 ,1092,318,0,2,0,0,33,195,0,15,0
19,Gobernador Dupuy,009,0101 ,1093,347,0,0,0,0,2,209,0,27,0
19,Gobernador Dupuy,009,0101 ,1094,347,59,1,0,0,4,201,0,26,1
19,Gobernador Dupuy,009,0101 ,1095,347,60,3,0,1,3,207,0,29,0
19,Gobernador Dupuy,009,0101 ,1096,347,45,1,0,0,4,202,0,37,0
19,Gobernador Dupuy,009,0101 ,1097,345,52,5,0,0,8,188,1,34,0
19,Gobernador Dupuy,009,0101 ,1098,346,51,0,0,0,3,211,0,33,0
19,Gobernador Dupuy,009,0101 ,1099,346,55,4,0,0,10,199,0,26,0
19,Gobernador Dupuy,009,0101 ,1100,346,54,1,0,0,5,206,1,23,1
19,Gobernador Dupuy,009,0102 ,1101,178,20,0,0,0,3,99,0,9,0
19,Gobernador Dupuy,009,0102 ,1102,177,0,0,0,0,0,0,0,0,0
19,Gobernador Dupuy,009,0103 ,1103,22,3,0,0,0,3,7,0,0,0
19,Gobernador Dupuy,009,0104 ,1104,210,17,1,0,2,2,124,0,20,0
19,Gobernador Dupuy,009,0104 ,1105,209,15,6,0,1,5,134,0,13,0
19,Gobernador Dupuy,009,0105 ,1106,246,25,0,0,0,1,123,0,57,0
19,Gobernador Dupuy,009,0105 ,1107,246,0,0,0,0,2,88,0,78,0
19,Gobernador Dupuy,009,0105 ,1108,245,70,0,0,0,2,74,0,57,0
19,Gobernador Dupuy,009,0106 ,1109,224,0,0,0,0,1,104,0,48,0
19,Gobernador Dupuy,009,0107 ,1110,276,1,4,0,0,1,176,0,40,0
19,Gobernador Dupuy,009,0107 ,1111,275,16,0,0,1,6,159,0,56,0
19,Gobernador Dupuy,009,0107 ,1112,274,16,0,1,0,6,158,0,48,1
19,Gobernador Dupuy,009,0107 ,1113,274,40,0,0,1,3,151,0,50,0
19,Gobernador Dupuy,009,0108 ,1114,325,0,0,2,1,14,104,0,63,3
19,Gobernador Dupuy,009,0108 ,1115,325,3,1,0,1,13,122,0,62,2
19,Gobernador Dupuy,009,0108 ,1116,325,55,2,3,1,10,125,0,54,0
19,Gobernador Dupuy,009,0108 ,1117,325,4,1,1,0,12,136,1,52,1
19,Gobernador Dupuy,009,0108 ,1118,325,0,0,1,0,6,120,0,57,0
19,Gobernador Dupuy,009,0108 ,1119,324,2,2,2,0,10,125,0,46,3
19,Gobernador Dupuy,009,0108 ,1120,324,1,0,0,0,13,142,0,44,0
19,Gobernador Dupuy,009,0109 ,1121,30,0,0,0,0,0,12,0,2,0
19,Gobernador Dupuy,009,0110 ,1122,288,43,0,1,0,1,152,0,46,2
19,Gobernador Dupuy,009,0110 ,1123,287,36,0,0,0,2,168,0,41,0
19,Gobernador Dupuy,009,0111 ,1124,284,1,0,0,0,4,213,0,17,0
19,Gobernador Dupuy,009,0111 ,1125,284,1,1,1,0,3,209,0,18,0
19,Gobernador Dupuy,009,0111 ,1126,284,1,1,0,0,8,195,1,0,0
19,Gobernador Dupuy,009,0112 ,1127,16,0,0,0,0,0,0,0,0,0
19,Gobernador Dupuy,009,0113 ,1128,225,4,0,1,1,0,201,0,2,0
19,Gobernador Dupuy,009,0114 ,1129,10,0,0,0,0,1,1,0,0,0
